"Term","Overlap","P.value","Adjusted.P.value","Old.P.value","Old.Adjusted.P.value","Odds.Ratio","Combined.Score","Genes","db","module"
"Regulation Of Trans-Synaptic Signaling (GO:0099177)","5/36",9.41694230230355e-07,0.000607392778498579,0,0,33.7334465195246,468.071311656587,"NLGN1;NRG3;CACNA1A;GRIK2;LRRC4C","GO_Biological_Process_2023","blue"
"Modulation Of Chemical Synaptic Transmission (GO:0050804)","7/123",2.79372856939386e-06,0.000900977463629521,0,0,12.8372265480163,164.16416621781,"RIMS2;NLGN1;NRG3;CACNA1A;DLGAP1;GRIK2;LRRC4C","GO_Biological_Process_2023","blue"
"Regulation Of Cation Channel Activity (GO:2001257)","5/56",8.81607858139053e-06,0.00173659471672454,0,0,20.484004127967,238.411959648834,"CACNB4;FGF14;PDE4D;CACNA1A;DMD","GO_Biological_Process_2023","blue"
"Regulation Of Voltage-Gated Calcium Channel Activity (GO:1901385)","4/29",1.26933951089874e-05,0.00173659471672454,0,0,33.125,373.465453004315,"CACNB4;PDE4B;CACNA1A;DMD","GO_Biological_Process_2023","blue"
"Positive Regulation Of Cell Junction Assembly (GO:1901890)","5/61",1.34619745482523e-05,0.00173659471672454,0,0,18.6503759398496,209.175931258407,"CNTNAP2;NLGN1;CUX2;IL1RAPL1;NRG1","GO_Biological_Process_2023","blue"
"Regulation Of Calcium Ion Transmembrane Transporter Activity (GO:1901019)","4/32",1.89985082322592e-05,0.00204233963496786,0,0,29.5714285714286,321.47543855231,"CACNB4;PDE4D;CACNA1A;DMD","GO_Biological_Process_2023","blue"
"Positive Regulation Of Cell Projection Organization (GO:0031346)","6/118",2.81637825402125e-05,0.00259509139120529,0,0,11.2773556231003,118.158197087931,"ROBO2;NLGN1;CUX2;LRRC7;MAGI2;IL1RAPL1","GO_Biological_Process_2023","blue"
"Regulation Of Synapse Assembly (GO:0051963)","4/51",0.000122761948530784,0.00989768210029448,0,0,17.6001773049645,158.494233497427,"ROBO2;NLGN1;CUX2;IL1RAPL1","GO_Biological_Process_2023","blue"
"Regulation Of Release Of Sequestered Calcium Ion Into Cytosol By Sarcoplasmic Reticulum (GO:0010880)","3/22",0.000174309995477304,0.0112429947082861,0,0,32.3619099294628,280.081821254999,"PDE4D;DMD;CACNA1C","GO_Biological_Process_2023","blue"
"Positive Regulation Of Excitatory Postsynaptic Potential (GO:2000463)","3/22",0.000174309995477304,0.0112429947082861,0,0,32.3619099294628,280.081821254999,"RIMS2;NLGN1;CUX2","GO_Biological_Process_2023","blue"
"Regulation Of Neuron Projection Development (GO:0010975)","6/174",0.000241201406819266,0.0121600942533877,0,0,7.49696048632219,62.4487681751743,"NLGN1;DCC;LRRC7;MAGI2;IL1RAPL1;LRRC4C","GO_Biological_Process_2023","blue"
"Negative Regulation Of Relaxation Of Muscle (GO:1901078)","2/5",0.000245087170998512,0.0121600942533877,0,0,135.353741496599,1125.31701267514,"PDE4D;PDE4B","GO_Biological_Process_2023","blue"
"Regulation Of Relaxation Of Cardiac Muscle (GO:1901897)","2/5",0.000245087170998512,0.0121600942533877,0,0,135.353741496599,1125.31701267514,"PDE4D;PDE4B","GO_Biological_Process_2023","blue"
"Regulation Of Cardiac Muscle Cell Contraction (GO:0086004)","3/26",0.000290049387363004,0.0133629896320813,0,0,26.7283729269386,217.714875120753,"PDE4D;PDE4B;CACNA1C","GO_Biological_Process_2023","blue"
"Modulation Of Excitatory Postsynaptic Potential (GO:0098815)","3/31",0.000492443679830411,0.0194005672121374,0,0,21.9499263622975,167.173502753114,"RIMS2;NLGN1;CUX2","GO_Biological_Process_2023","blue"
"Anterograde Trans-Synaptic Signaling (GO:0098916)","6/199",0.000493790034487572,0.0194005672121374,0,0,6.51758350788226,49.6209713382103,"NLGN1;CACNB4;DLG2;CACNA1A;DLGAP1;GRIK2","GO_Biological_Process_2023","blue"
"Purine-Containing Compound Metabolic Process (GO:0072521)","2/7",0.00051133277923463,0.0194005672121374,0,0,81.2040816326531,615.404316417306,"MACROD2;FHIT","GO_Biological_Process_2023","blue"
"Positive Regulation Of Synapse Assembly (GO:0051965)","3/32",0.000541421069107827,0.0194009216430305,0,0,21.1919658727337,159.391414042061,"NLGN1;CUX2;IL1RAPL1","GO_Biological_Process_2023","blue"
"Presynaptic Membrane Organization (GO:0097090)","2/9",0.000870867194754317,0.0280854670308267,0,0,57.997084548105,408.648679561366,"NLGN1;IL1RAPL1","GO_Biological_Process_2023","blue"
"Regulation Of Actin Filament-Based Movement (GO:1903115)","2/9",0.000870867194754317,0.0280854670308267,0,0,57.997084548105,408.648679561366,"PDE4D;PDE4B","GO_Biological_Process_2023","blue"
"Positive Regulation Of Neuron Projection Development (GO:0010976)","4/92",0.00117383744593897,0.036053578696697,0,0,9.38068181818182,63.2959350834557,"NLGN1;CUX2;LRRC7;MAGI2","GO_Biological_Process_2023","blue"
"Positive Regulation Of Circadian Rhythm (GO:0042753)","2/11",0.0013218400851343,0.0387539479505284,0,0,45.1043083900227,298.984305122014,"NLGN1;RORA","GO_Biological_Process_2023","blue"
"Nervous System Development (GO:0007399)","8/433",0.00148338910138816,0.0415993900171898,0,0,3.9846547314578,25.9537532337566,"ROBO2;AHI1;NLGN1;MBD5;FGF14;DSCAM;NRG1;MDGA2","GO_Biological_Process_2023","blue"
"Positive Regulation Of Cell Morphogenesis Involved In Differentiation (GO:0010770)","2/12",0.00158104510229119,0.0424905871240757,0,0,40.5918367346939,261.803918893847,"CUX2;IL1RAPL1","GO_Biological_Process_2023","blue"
"Cell-Cell Adhesion Via Plasma-Membrane Adhesion Molecules (GO:0098742)","5/172",0.00173008335333249,0.0446361505159783,0,0,6.21903561298456,39.5504898931464,"ROBO2;NLGN1;DSCAM;IL1RAPL1;LRRC4C","GO_Biological_Process_2023","blue"
"Positive Regulation Of Nervous System Development (GO:0051962)","3/49",0.00189120911437294,0.0469165337988672,0,0,13.3487225459435,83.703684141881,"NLGN1;CUX2;IL1RAPL1","GO_Biological_Process_2023","blue"
"Presynapse Assembly (GO:0099054)","2/15",0.00249083430520832,0.0566742372777607,0,0,31.2197802197802,187.166877082159,"NLGN1;IL1RAPL1","GO_Biological_Process_2023","blue"
"Chemical Synaptic Transmission (GO:0007268)","6/273",0.002501234734145,0.0566742372777607,0,0,4.69352139612718,28.1187495177967,"NLGN1;CACNB4;DLG2;CACNA1A;DLGAP1;GRIK2","GO_Biological_Process_2023","blue"
"Axonogenesis (GO:0007409)","5/188",0.00254814400163575,0.0566742372777607,0,0,5.67069312625827,33.8675910752203,"ROBO2;EPHA6;DSCAM;AUTS2;DCC","GO_Biological_Process_2023","blue"
"Regulation Of Cardiac Muscle Contraction By Regulation Of The Release Of Sequestered Calcium Ion (GO:0010881)","2/16",0.00283741499181759,0.0610044223240783,0,0,28.9883381924198,170.012598917729,"DMD;CACNA1C","GO_Biological_Process_2023","blue"
"Positive Regulation Of Dendrite Morphogenesis (GO:0050775)","2/17",0.00320528834894988,0.0666906769378281,0,0,27.0544217687075,155.372278725068,"CUX2;IL1RAPL1","GO_Biological_Process_2023","blue"
"Neuron Projection Guidance (GO:0097485)","4/124",0.00349019272351665,0.0702509982032207,0,0,6.86805555555556,38.8580732021198,"ROBO2;EPHA6;DSCAM;DCC","GO_Biological_Process_2023","blue"
"Regulation Of Synaptic Vesicle Exocytosis (GO:2000300)","2/18",0.00359423711737408,0.0702509982032207,0,0,25.3622448979592,142.749455625051,"RIMS2;NLGN1","GO_Biological_Process_2023","blue"
"Negative Regulation Of Peptidyl-Serine Phosphorylation (GO:0033137)","2/19",0.00400404563880334,0.0717391510285598,0,0,23.8691476590636,131.768436654952,"PDE4D;DMD","GO_Biological_Process_2023","blue"
"Receptor Clustering (GO:0043113)","2/19",0.00400404563880334,0.0717391510285598,0,0,23.8691476590636,131.768436654952,"NLGN1;MAGI2","GO_Biological_Process_2023","blue"
"Regulation Of Behavior (GO:0050795)","2/19",0.00400404563880334,0.0717391510285598,0,0,23.8691476590636,131.768436654952,"AHI1;MBD5","GO_Biological_Process_2023","blue"
"Synapse Organization (GO:0050808)","4/131",0.00424502160436393,0.0740010522922901,0,0,6.48720472440945,35.4331665017492,"NLGN1;CACNB4;DSCAM;LRRC4C","GO_Biological_Process_2023","blue"
"Regulation Of Cardiac Muscle Contraction By Calcium Ion Signaling (GO:0010882)","2/20",0.00443449984753605,0.075269800043704,0,0,22.5419501133787,122.139959975335,"DMD;CACNA1C","GO_Biological_Process_2023","blue"
"Positive Regulation Of Dendritic Spine Development (GO:0060999)","2/21",0.00488538725831669,0.0807967892721606,0,0,21.3544575725027,113.63788950908,"NLGN1;CUX2","GO_Biological_Process_2023","blue"
"Positive Regulation Of Neurogenesis (GO:0050769)","3/75",0.00631213688567951,0.0987433940405629,0,0,8.51718213058419,43.1419208970586,"ROBO2;CUX2;IL1RAPL1","GO_Biological_Process_2023","blue"
"Regulation Of Ryanodine-Sensitive Calcium-Release Channel Activity (GO:0060314)","2/24",0.00635854736076345,0.0987433940405629,0,0,18.4397031539889,93.2671948534304,"PDE4D;DMD","GO_Biological_Process_2023","blue"
"Axon Guidance (GO:0007411)","4/149",0.0066747485612657,0.0987433940405629,0,0,5.67672413793103,28.4371166854251,"ROBO2;EPHA6;DSCAM;DCC","GO_Biological_Process_2023","blue"
"Positive Regulation Of Synaptic Transmission (GO:0050806)","3/77",0.0067890554235684,0.0987433940405629,0,0,8.28615213151296,41.3681460172482,"RIMS2;NLGN1;GRIK2","GO_Biological_Process_2023","blue"
"Neuron Development (GO:0048666)","4/150",0.00683178162196635,0.0987433940405629,0,0,5.63755707762557,28.1098167729707,"ROBO2;CNTNAP2;NLGN1;DMD","GO_Biological_Process_2023","blue"
"Positive Regulation Of Interleukin-2 Production (GO:0032743)","2/25",0.00688907400282997,0.0987433940405629,0,0,17.6370896184561,87.7942327571282,"PDE4D;PDE4B","GO_Biological_Process_2023","blue"
"Negative Regulation Of Cytoskeleton Organization (GO:0051494)","2/28",0.00859620747114401,0.120533778671476,0,0,15.5996860282575,74.1988795836398,"IQCJ-SCHIP1;SSH2","GO_Biological_Process_2023","blue"
"Cardiac Muscle Cell Action Potential (GO:0086001)","2/29",0.00920309747511436,0.126297827052101,0,0,15.021164021164,70.4224490277819,"DMD;CACNA1C","GO_Biological_Process_2023","blue"
"Regulation Of Dendritic Spine Morphogenesis (GO:0061001)","2/30",0.00982857782071015,0.129376177435878,0,0,14.4839650145773,66.9515638793864,"NLGN1;CUX2","GO_Biological_Process_2023","blue"
"Positive Regulation Of Cell Communication (GO:0010647)","2/30",0.00982857782071015,0.129376177435878,0,0,14.4839650145773,66.9515638793864,"RIMS2;GRIK2","GO_Biological_Process_2023","blue"
"Regulation Of Dendrite Morphogenesis (GO:0048814)","2/31",0.0104724512850622,0.132445707428728,0,0,13.9838142153413,63.7523090878691,"CUX2;IL1RAPL1","GO_Biological_Process_2023","blue"
"Negative Regulation Of Chemotaxis (GO:0050922)","2/31",0.0104724512850622,0.132445707428728,0,0,13.9838142153413,63.7523090878691,"ROBO2;NRG1","GO_Biological_Process_2023","blue"
"Regulation Of Lamellipodium Assembly (GO:0010591)","2/33",0.0118145960439168,0.146546431698583,0,0,13.0803159973667,58.0559303610333,"AUTS2;NRG1","GO_Biological_Process_2023","blue"
"Regulation Of Cardiac Muscle Contraction (GO:0055117)","2/35",0.0132279832722483,0.160982060577362,0,0,12.2863327149041,53.1435584472206,"PDE4D;PDE4B","GO_Biological_Process_2023","blue"
"Positive Regulation Of Signaling (GO:0023056)","2/37",0.0147110875878219,0.166467570072721,0,0,11.5830903790087,48.8708399253876,"RIMS2;GRIK2","GO_Biological_Process_2023","blue"
"Calcium Ion Import Across Plasma Membrane (GO:0098703)","2/37",0.0147110875878219,0.166467570072721,0,0,11.5830903790087,48.8708399253876,"CACNA1A;CACNA1C","GO_Biological_Process_2023","blue"
"Regulation Of Sodium Ion Transmembrane Transporter Activity (GO:2000649)","2/37",0.0147110875878219,0.166467570072721,0,0,11.5830903790087,48.8708399253876,"FGF14;DMD","GO_Biological_Process_2023","blue"
"Muscle Cell Differentiation (GO:0042692)","2/37",0.0147110875878219,0.166467570072721,0,0,11.5830903790087,48.8708399253876,"RORA;DMD","GO_Biological_Process_2023","blue"
"Membrane Assembly (GO:0071709)","2/38",0.0154783132235365,0.172129517744501,0,0,11.2607709750567,46.9384448645158,"NLGN1;IL1RAPL1","GO_Biological_Process_2023","blue"
"Cellular Response To Salt (GO:1902075)","3/109",0.0173780716412014,0.189980613704659,0,0,5.77533553783311,23.4048136142864,"NLGN1;DLG2;CACNA1A","GO_Biological_Process_2023","blue"
"Heart Contraction (GO:0060047)","2/41",0.0178804597481127,0.192214942292212,0,0,10.3929879644165,41.8218699251635,"SGCD;DMD","GO_Biological_Process_2023","blue"
"Regulation Of Neurotransmitter Receptor Activity (GO:0099601)","2/42",0.0187140554000923,0.194686544081605,0,0,10.1326530612245,40.3125617234172,"NLGN1;DLGAP1","GO_Biological_Process_2023","blue"
"Regulation Of Axonogenesis (GO:0050770)","2/42",0.0187140554000923,0.194686544081605,0,0,10.1326530612245,40.3125617234172,"ROBO2;LRRC4C","GO_Biological_Process_2023","blue"
"Regulation Of Interleukin-2 Production (GO:0032663)","2/47",0.0231205576171507,0.195108252054978,0,0,9.00453514739229,33.920382104137,"PDE4D;PDE4B","GO_Biological_Process_2023","blue"
"Positive Regulation Of Gap Junction Assembly (GO:1903598)","1/5",0.0247535287182936,0.195108252054978,0,0,50.2424242424242,185.836036973753,"CNTNAP2","GO_Biological_Process_2023","blue"
"Equilibrioception (GO:0050957)","1/5",0.0247535287182936,0.195108252054978,0,0,50.2424242424242,185.836036973753,"PCDH15","GO_Biological_Process_2023","blue"
"C-terminal Protein Deglutamylation (GO:0035609)","1/5",0.0247535287182936,0.195108252054978,0,0,50.2424242424242,185.836036973753,"AGBL4","GO_Biological_Process_2023","blue"
"Negative Regulation Of Lamellipodium Organization (GO:1902744)","1/5",0.0247535287182936,0.195108252054978,0,0,50.2424242424242,185.836036973753,"NRG1","GO_Biological_Process_2023","blue"
"Regulation Of Growth Hormone Receptor Signaling Pathway (GO:0060398)","1/5",0.0247535287182936,0.195108252054978,0,0,50.2424242424242,185.836036973753,"MBD5","GO_Biological_Process_2023","blue"
"Heme Transport (GO:0015886)","1/5",0.0247535287182936,0.195108252054978,0,0,50.2424242424242,185.836036973753,"NRG1","GO_Biological_Process_2023","blue"
"Activation Of Transmembrane Receptor Protein Tyrosine Kinase Activity (GO:0007171)","1/5",0.0247535287182936,0.195108252054978,0,0,50.2424242424242,185.836036973753,"NRG1","GO_Biological_Process_2023","blue"
"Iron Coordination Entity Transport (GO:1901678)","1/5",0.0247535287182936,0.195108252054978,0,0,50.2424242424242,185.836036973753,"NRG1","GO_Biological_Process_2023","blue"
"Neurotransmitter-Gated Ion Channel Clustering (GO:0072578)","1/5",0.0247535287182936,0.195108252054978,0,0,50.2424242424242,185.836036973753,"NLGN1","GO_Biological_Process_2023","blue"
"Regulation Of Peptidyl-Cysteine S-nitrosylation (GO:2000169)","1/5",0.0247535287182936,0.195108252054978,0,0,50.2424242424242,185.836036973753,"DMD","GO_Biological_Process_2023","blue"
"Regulation Of Voltage-Gated Sodium Channel Activity (GO:1905150)","1/5",0.0247535287182936,0.195108252054978,0,0,50.2424242424242,185.836036973753,"FGF14","GO_Biological_Process_2023","blue"
"Retinal Ganglion Cell Axon Guidance (GO:0031290)","1/5",0.0247535287182936,0.195108252054978,0,0,50.2424242424242,185.836036973753,"ROBO2","GO_Biological_Process_2023","blue"
"Regulation Of Blood Vessel Remodeling (GO:0060312)","1/5",0.0247535287182936,0.195108252054978,0,0,50.2424242424242,185.836036973753,"NRG1","GO_Biological_Process_2023","blue"
"Heterophilic Cell-Cell Adhesion Via Plasma Membrane Cell Adhesion Molecules (GO:0007157)","2/49",0.0249911884332231,0.195108252054978,0,0,8.62049500651324,31.8030058521021,"NLGN1;IL1RAPL1","GO_Biological_Process_2023","blue"
"Plasma Membrane Bounded Cell Projection Morphogenesis (GO:0120039)","2/50",0.0259489619459531,0.195108252054978,0,0,8.44047619047619,30.8214426622313,"CNTNAP2;NLGN1","GO_Biological_Process_2023","blue"
"Regulation Of Release Of Sequestered Calcium Ion Into Cytosol (GO:0051279)","2/51",0.0269214810715392,0.195108252054978,0,0,8.26780508121616,29.8867161104048,"PDE4D;DMD","GO_Biological_Process_2023","blue"
"Cardiac Muscle Tissue Development (GO:0048738)","2/52",0.0279085775805054,0.195108252054978,0,0,8.10204081632653,28.9957554144004,"SGCD;NRG1","GO_Biological_Process_2023","blue"
"Negative Regulation Of Dendritic Spine Development (GO:0061000)","1/6",0.0296309633944118,0.195108252054978,0,0,40.1919191919192,141.432767389918,"NLGN1","GO_Biological_Process_2023","blue"
"Spontaneous Synaptic Transmission (GO:0098814)","1/6",0.0296309633944118,0.195108252054978,0,0,40.1919191919192,141.432767389918,"RIMS2","GO_Biological_Process_2023","blue"
"Positive Regulation Of Immune Response To Tumor Cell (GO:0002839)","1/6",0.0296309633944118,0.195108252054978,0,0,40.1919191919192,141.432767389918,"NRG1","GO_Biological_Process_2023","blue"
"Positive Regulation Of Interleukin-5 Production (GO:0032754)","1/6",0.0296309633944118,0.195108252054978,0,0,40.1919191919192,141.432767389918,"PDE4D","GO_Biological_Process_2023","blue"
"Glomerular Epithelial Cell Development (GO:0072310)","1/6",0.0296309633944118,0.195108252054978,0,0,40.1919191919192,141.432767389918,"MAGI2","GO_Biological_Process_2023","blue"
"Positive Regulation Of Neurotransmitter Secretion (GO:0001956)","1/6",0.0296309633944118,0.195108252054978,0,0,40.1919191919192,141.432767389918,"NLGN1","GO_Biological_Process_2023","blue"
"Adenosine To Inosine Editing (GO:0006382)","1/6",0.0296309633944118,0.195108252054978,0,0,40.1919191919192,141.432767389918,"ADARB2","GO_Biological_Process_2023","blue"
"Neurotransmitter Receptor Transport, Endosome To Postsynaptic Membrane (GO:0098887)","1/6",0.0296309633944118,0.195108252054978,0,0,40.1919191919192,141.432767389918,"LRRC7","GO_Biological_Process_2023","blue"
"Protein Deglutamylation (GO:0035608)","1/6",0.0296309633944118,0.195108252054978,0,0,40.1919191919192,141.432767389918,"AGBL4","GO_Biological_Process_2023","blue"
"Cardiac Muscle Cell Myoblast Differentiation (GO:0060379)","1/6",0.0296309633944118,0.195108252054978,0,0,40.1919191919192,141.432767389918,"NRG1","GO_Biological_Process_2023","blue"
"Regulation Of Skeletal Muscle Contraction (GO:0014819)","1/6",0.0296309633944118,0.195108252054978,0,0,40.1919191919192,141.432767389918,"DMD","GO_Biological_Process_2023","blue"
"Regulation Of Striated Muscle Cell Differentiation (GO:0051153)","1/6",0.0296309633944118,0.195108252054978,0,0,40.1919191919192,141.432767389918,"NRG1","GO_Biological_Process_2023","blue"
"Podocyte Development (GO:0072015)","1/6",0.0296309633944118,0.195108252054978,0,0,40.1919191919192,141.432767389918,"MAGI2","GO_Biological_Process_2023","blue"
"Choline Transport (GO:0015871)","1/6",0.0296309633944118,0.195108252054978,0,0,40.1919191919192,141.432767389918,"SLC44A5","GO_Biological_Process_2023","blue"
"Cytolysis By Host Of Symbiont Cells (GO:0051838)","1/6",0.0296309633944118,0.195108252054978,0,0,40.1919191919192,141.432767389918,"NRG1","GO_Biological_Process_2023","blue"
"ERBB Signaling Pathway (GO:0038127)","2/54",0.029925836282038,0.195108252054978,0,0,7.78963893249608,27.3341007109313,"NRG3;NRG1","GO_Biological_Process_2023","blue"
"Regulation Of Exocytosis (GO:0017157)","2/54",0.029925836282038,0.195108252054978,0,0,7.78963893249608,27.3341007109313,"RIMS2;IL1RAPL1","GO_Biological_Process_2023","blue"
"Negative Regulation Of Neuron Projection Development (GO:0010977)","2/54",0.029925836282038,0.195108252054978,0,0,7.78963893249608,27.3341007109313,"NLGN1;DCC","GO_Biological_Process_2023","blue"
"Cellular Response To Metal Ion (GO:0071248)","3/135",0.0302669636902369,0.195108252054978,0,0,4.63167760074977,16.2002116508999,"NLGN1;DLG2;CACNA1A","GO_Biological_Process_2023","blue"
"Neuron Migration (GO:0001764)","2/55",0.030955668405524,0.195108252054978,0,0,7.64227955333077,26.5584434034501,"AUTS2;DCC","GO_Biological_Process_2023","blue"
"Peptide Metabolic Process (GO:0006518)","2/56",0.0319994177727202,0.195108252054978,0,0,7.50037792894936,25.8165826277711,"IMMP2L;DMD","GO_Biological_Process_2023","blue"
"Positive Regulation Of Type II Interferon Production (GO:0032729)","2/58",0.0341280219187038,0.195108252054978,0,0,7.23177842565598,24.4263185896388,"PDE4D;PDE4B","GO_Biological_Process_2023","blue"
"Muscle Organ Development (GO:0007517)","2/58",0.0341280219187038,0.195108252054978,0,0,7.23177842565598,24.4263185896388,"SGCD;DMD","GO_Biological_Process_2023","blue"
"Regulation Of Collateral Sprouting (GO:0048670)","1/7",0.0344842492004147,0.195108252054978,0,0,33.4915824915825,112.774618360503,"DCC","GO_Biological_Process_2023","blue"
"Ventricular Trabecula Myocardium Morphogenesis (GO:0003222)","1/7",0.0344842492004147,0.195108252054978,0,0,33.4915824915825,112.774618360503,"NRG1","GO_Biological_Process_2023","blue"
"Positive Regulation Of Synaptic Transmission, GABAergic (GO:0032230)","1/7",0.0344842492004147,0.195108252054978,0,0,33.4915824915825,112.774618360503,"NLGN1","GO_Biological_Process_2023","blue"
"Neuron Projection Arborization (GO:0140058)","1/7",0.0344842492004147,0.195108252054978,0,0,33.4915824915825,112.774618360503,"NLGN1","GO_Biological_Process_2023","blue"
"Neurotransmitter Receptor Transport, Endosome To Plasma Membrane (GO:0099639)","1/7",0.0344842492004147,0.195108252054978,0,0,33.4915824915825,112.774618360503,"LRRC7","GO_Biological_Process_2023","blue"
"Postsynaptic Density Organization (GO:0097106)","1/7",0.0344842492004147,0.195108252054978,0,0,33.4915824915825,112.774618360503,"NLGN1","GO_Biological_Process_2023","blue"
"Postsynaptic Membrane Assembly (GO:0097104)","1/7",0.0344842492004147,0.195108252054978,0,0,33.4915824915825,112.774618360503,"NLGN1","GO_Biological_Process_2023","blue"
"Cellular Response To Epinephrine Stimulus (GO:0071872)","1/7",0.0344842492004147,0.195108252054978,0,0,33.4915824915825,112.774618360503,"PDE4B","GO_Biological_Process_2023","blue"
"Cellular Response To Potassium Ion (GO:0035865)","1/7",0.0344842492004147,0.195108252054978,0,0,33.4915824915825,112.774618360503,"DLG2","GO_Biological_Process_2023","blue"
"Response To Epinephrine (GO:0071871)","1/7",0.0344842492004147,0.195108252054978,0,0,33.4915824915825,112.774618360503,"PDE4B","GO_Biological_Process_2023","blue"
"Response To Potassium Ion (GO:0035864)","1/7",0.0344842492004147,0.195108252054978,0,0,33.4915824915825,112.774618360503,"DLG2","GO_Biological_Process_2023","blue"
"Homophilic Cell Adhesion Via Plasma Membrane Adhesion Molecules (GO:0007156)","2/60",0.0363103684614095,0.201820251983444,0,0,6.981703026038,23.1488972243337,"ROBO2;DSCAM","GO_Biological_Process_2023","blue"
"Neuron Projection Morphogenesis (GO:0048812)","3/146",0.0368873028923251,0.201820251983444,0,0,4.27301564414967,14.1004725446185,"CNTNAP2;NLGN1;DCC","GO_Biological_Process_2023","blue"
"Negative Regulation Of Protein Phosphorylation (GO:0001933)","3/149",0.038811618827442,0.201820251983444,0,0,4.18457844937156,13.5958444486809,"PDE4D;DMD;LDLRAD4","GO_Biological_Process_2023","blue"
"Regulation Of Gap Junction Assembly (GO:1903596)","1/8",0.0393135041520565,0.201820251983444,0,0,28.7056277056277,92.8967850071638,"CNTNAP2","GO_Biological_Process_2023","blue"
"Negative Regulation Of Platelet Aggregation (GO:0090331)","1/8",0.0393135041520565,0.201820251983444,0,0,28.7056277056277,92.8967850071638,"PRKG1","GO_Biological_Process_2023","blue"
"Neuronal Ion Channel Clustering (GO:0045161)","1/8",0.0393135041520565,0.201820251983444,0,0,28.7056277056277,92.8967850071638,"CNTNAP2","GO_Biological_Process_2023","blue"
"Presynaptic Membrane Assembly (GO:0097105)","1/8",0.0393135041520565,0.201820251983444,0,0,28.7056277056277,92.8967850071638,"NLGN1","GO_Biological_Process_2023","blue"
"Cardioblast Differentiation (GO:0010002)","1/8",0.0393135041520565,0.201820251983444,0,0,28.7056277056277,92.8967850071638,"NRG1","GO_Biological_Process_2023","blue"
"Detection Of Mechanical Stimulus Involved In Sensory Perception Of Sound (GO:0050910)","1/8",0.0393135041520565,0.201820251983444,0,0,28.7056277056277,92.8967850071638,"COL11A1","GO_Biological_Process_2023","blue"
"Negative Regulation Of cAMP-mediated Signaling (GO:0043951)","1/8",0.0393135041520565,0.201820251983444,0,0,28.7056277056277,92.8967850071638,"PDE4D","GO_Biological_Process_2023","blue"
"Positive Regulation Of Dendritic Spine Morphogenesis (GO:0061003)","1/8",0.0393135041520565,0.201820251983444,0,0,28.7056277056277,92.8967850071638,"CUX2","GO_Biological_Process_2023","blue"
"Positive Regulation Of Hippo Signaling (GO:0035332)","1/9",0.0441188457824273,0.201820251983444,0,0,25.1161616161616,78.3842312444799,"IQCJ-SCHIP1","GO_Biological_Process_2023","blue"
"Excitatory Synapse Assembly (GO:1904861)","1/9",0.0441188457824273,0.201820251983444,0,0,25.1161616161616,78.3842312444799,"NLGN1","GO_Biological_Process_2023","blue"
"Regulation Of High Voltage-Gated Calcium Channel Activity (GO:1901841)","1/9",0.0441188457824273,0.201820251983444,0,0,25.1161616161616,78.3842312444799,"PDE4B","GO_Biological_Process_2023","blue"
"Histone Methylation (GO:0016571)","1/9",0.0441188457824273,0.201820251983444,0,0,25.1161616161616,78.3842312444799,"SMYD3","GO_Biological_Process_2023","blue"
"Positive Regulation Of Sodium Ion Transmembrane Transport (GO:1902307)","1/9",0.0441188457824273,0.201820251983444,0,0,25.1161616161616,78.3842312444799,"DMD","GO_Biological_Process_2023","blue"
"Negative Regulation Of Vascular Endothelial Growth Factor Signaling Pathway (GO:1900747)","1/9",0.0441188457824273,0.201820251983444,0,0,25.1161616161616,78.3842312444799,"NRG1","GO_Biological_Process_2023","blue"
"Nerve Growth Factor Signaling Pathway (GO:0038180)","1/9",0.0441188457824273,0.201820251983444,0,0,25.1161616161616,78.3842312444799,"MAGI2","GO_Biological_Process_2023","blue"
"Positive Regulation Of Tissue Remodeling (GO:0034105)","1/9",0.0441188457824273,0.201820251983444,0,0,25.1161616161616,78.3842312444799,"NRG1","GO_Biological_Process_2023","blue"
"Neurotransmitter Receptor Transport To Postsynaptic Membrane (GO:0098969)","1/9",0.0441188457824273,0.201820251983444,0,0,25.1161616161616,78.3842312444799,"LRRC7","GO_Biological_Process_2023","blue"
"Postsynapse Assembly (GO:0099068)","1/9",0.0441188457824273,0.201820251983444,0,0,25.1161616161616,78.3842312444799,"NLGN1","GO_Biological_Process_2023","blue"
"Nucleoside Metabolic Process (GO:0009116)","1/9",0.0441188457824273,0.201820251983444,0,0,25.1161616161616,78.3842312444799,"MACROD2","GO_Biological_Process_2023","blue"
"Regulation Of Postsynaptic Neurotransmitter Receptor Activity (GO:0098962)","1/9",0.0441188457824273,0.201820251983444,0,0,25.1161616161616,78.3842312444799,"DLGAP1","GO_Biological_Process_2023","blue"
"Calcium Ion Transport Into Cytosol (GO:0060402)","1/9",0.0441188457824273,0.201820251983444,0,0,25.1161616161616,78.3842312444799,"CACNA1C","GO_Biological_Process_2023","blue"
"Protein O-linked Glycosylation Via Threonine (GO:0018243)","1/9",0.0441188457824273,0.201820251983444,0,0,25.1161616161616,78.3842312444799,"GALNTL6","GO_Biological_Process_2023","blue"
"Cell Differentiation In Spinal Cord (GO:0021515)","1/9",0.0441188457824273,0.201820251983444,0,0,25.1161616161616,78.3842312444799,"MDGA2","GO_Biological_Process_2023","blue"
"Negative Regulation Of Cell Adhesion Mediated By Integrin (GO:0033629)","1/9",0.0441188457824273,0.201820251983444,0,0,25.1161616161616,78.3842312444799,"NRG1","GO_Biological_Process_2023","blue"
"Positive Regulation Of Signal Transduction (GO:0009967)","4/266",0.0445567872225837,0.202388223651877,0,0,3.12309160305344,9.71590920091517,"RIMS2;NLGN1;MBD5;CUX2","GO_Biological_Process_2023","blue"
"Regulation Of Heart Contraction (GO:0008016)","2/69",0.0467626402187707,0.206142624116071,0,0,6.04112092598233,18.5019639390654,"PDE4D;CACNA1C","GO_Biological_Process_2023","blue"
"Cellular Response To Calcium Ion (GO:0071277)","2/69",0.0467626402187707,0.206142624116071,0,0,6.04112092598233,18.5019639390654,"NLGN1;CACNA1A","GO_Biological_Process_2023","blue"
"Negative Regulation Of Exocytosis (GO:0045920)","1/10",0.0489003911418305,0.206142624116071,0,0,22.324354657688,67.3742300304506,"IL1RAPL1","GO_Biological_Process_2023","blue"
"Regulation Of Coagulation (GO:0050818)","1/10",0.0489003911418305,0.206142624116071,0,0,22.324354657688,67.3742300304506,"NRG1","GO_Biological_Process_2023","blue"
"Negative Regulation Of Homotypic Cell-Cell Adhesion (GO:0034111)","1/10",0.0489003911418305,0.206142624116071,0,0,22.324354657688,67.3742300304506,"PRKG1","GO_Biological_Process_2023","blue"
"Negative Regulation Of Pathway-Restricted SMAD Protein Phosphorylation (GO:0060394)","1/10",0.0489003911418305,0.206142624116071,0,0,22.324354657688,67.3742300304506,"LDLRAD4","GO_Biological_Process_2023","blue"
"Maintenance Of Synapse Structure (GO:0099558)","1/10",0.0489003911418305,0.206142624116071,0,0,22.324354657688,67.3742300304506,"NLGN1","GO_Biological_Process_2023","blue"
"Mitochondrial Protein Processing (GO:0034982)","1/10",0.0489003911418305,0.206142624116071,0,0,22.324354657688,67.3742300304506,"IMMP2L","GO_Biological_Process_2023","blue"
"Negative Regulation Of Activin Receptor Signaling Pathway (GO:0032926)","1/10",0.0489003911418305,0.206142624116071,0,0,22.324354657688,67.3742300304506,"MAGI2","GO_Biological_Process_2023","blue"
"Response To Sterol (GO:0036314)","1/10",0.0489003911418305,0.206142624116071,0,0,22.324354657688,67.3742300304506,"RORA","GO_Biological_Process_2023","blue"
"Engulfment Of Apoptotic Cell (GO:0043652)","1/10",0.0489003911418305,0.206142624116071,0,0,22.324354657688,67.3742300304506,"XKR6","GO_Biological_Process_2023","blue"
"Synapse Assembly (GO:0007416)","2/71",0.0492185490137595,0.206142624116071,0,0,5.86542443064182,17.6636360143545,"NLGN1;DSCAM","GO_Biological_Process_2023","blue"
"Negative Regulation Of Cell Adhesion (GO:0007162)","2/72",0.0504637828415357,0.206940660901929,0,0,5.78134110787172,17.265971584774,"DSCAM;NRG1","GO_Biological_Process_2023","blue"
"Cellular Response To Oxygen-Containing Compound (GO:1901701)","5/406",0.053067676329484,0.206940660901929,0,0,2.55925974537341,7.51446588015591,"NLGN1;DLG2;PDE4B;CACNA1A;RORA","GO_Biological_Process_2023","blue"
"Negative Regulation Of Fibrinolysis (GO:0051918)","1/11",0.0536582567508638,0.206940660901929,0,0,20.0909090909091,58.7683184218827,"NRG1","GO_Biological_Process_2023","blue"
"Negative Regulation Of Heart Contraction (GO:0045822)","1/11",0.0536582567508638,0.206940660901929,0,0,20.0909090909091,58.7683184218827,"PDE4D","GO_Biological_Process_2023","blue"
"Regulation Of Muscle System Process (GO:0090257)","1/11",0.0536582567508638,0.206940660901929,0,0,20.0909090909091,58.7683184218827,"DMD","GO_Biological_Process_2023","blue"
"Presynapse Organization (GO:0099172)","1/11",0.0536582567508638,0.206940660901929,0,0,20.0909090909091,58.7683184218827,"NLGN1","GO_Biological_Process_2023","blue"
"Podocyte Differentiation (GO:0072112)","1/11",0.0536582567508638,0.206940660901929,0,0,20.0909090909091,58.7683184218827,"MAGI2","GO_Biological_Process_2023","blue"
"Regulation Of Ventricular Cardiac Muscle Cell Action Potential (GO:0098911)","1/11",0.0536582567508638,0.206940660901929,0,0,20.0909090909091,58.7683184218827,"CACNA1C","GO_Biological_Process_2023","blue"
"Positive Regulation Of Behavior (GO:0048520)","1/11",0.0536582567508638,0.206940660901929,0,0,20.0909090909091,58.7683184218827,"NLGN1","GO_Biological_Process_2023","blue"
"Regulation Of Cell Activation (GO:0050865)","1/11",0.0536582567508638,0.206940660901929,0,0,20.0909090909091,58.7683184218827,"NRG1","GO_Biological_Process_2023","blue"
"Regulation Of Cell Communication By Electrical Coupling Involved In Cardiac Conduction (GO:1901844)","1/11",0.0536582567508638,0.206940660901929,0,0,20.0909090909091,58.7683184218827,"PDE4D","GO_Biological_Process_2023","blue"
"Negative Regulation Of Cellular Response To Vascular Endothelial Growth Factor Stimulus (GO:1902548)","1/11",0.0536582567508638,0.206940660901929,0,0,20.0909090909091,58.7683184218827,"NRG1","GO_Biological_Process_2023","blue"
"Generation Of Neurons (GO:0048699)","3/172",0.0552127694919147,0.206940660901929,0,0,3.61087049350332,10.4591067236381,"AUTS2;DCC;IL1RAPL1","GO_Biological_Process_2023","blue"
"C-terminal Protein Amino Acid Modification (GO:0018410)","1/12",0.0583925585800791,0.206940660901929,0,0,18.2635445362718,51.8788186041542,"AGBL4","GO_Biological_Process_2023","blue"
"Synaptic Membrane Adhesion (GO:0099560)","1/12",0.0583925585800791,0.206940660901929,0,0,18.2635445362718,51.8788186041542,"LRRC4C","GO_Biological_Process_2023","blue"
"Eye Photoreceptor Cell Differentiation (GO:0001754)","1/12",0.0583925585800791,0.206940660901929,0,0,18.2635445362718,51.8788186041542,"DSCAM","GO_Biological_Process_2023","blue"
"Positive Regulation Of Nuclear-Transcribed mRNA poly(A) Tail Shortening (GO:0060213)","1/12",0.0583925585800791,0.206940660901929,0,0,18.2635445362718,51.8788186041542,"TNRC6A","GO_Biological_Process_2023","blue"
"Regulation Of Interleukin-5 Production (GO:0032674)","1/12",0.0583925585800791,0.206940660901929,0,0,18.2635445362718,51.8788186041542,"PDE4D","GO_Biological_Process_2023","blue"
"Positive Regulation Of Regulated Secretory Pathway (GO:1903307)","1/12",0.0583925585800791,0.206940660901929,0,0,18.2635445362718,51.8788186041542,"NLGN1","GO_Biological_Process_2023","blue"
"Positive Regulation Of Ruffle Assembly (GO:1900029)","1/12",0.0583925585800791,0.206940660901929,0,0,18.2635445362718,51.8788186041542,"NLGN1","GO_Biological_Process_2023","blue"
"Positive Regulation Of Sodium Ion Transmembrane Transporter Activity (GO:2000651)","1/12",0.0583925585800791,0.206940660901929,0,0,18.2635445362718,51.8788186041542,"DMD","GO_Biological_Process_2023","blue"
"Atrial Cardiac Muscle Cell Action Potential (GO:0086014)","1/12",0.0583925585800791,0.206940660901929,0,0,18.2635445362718,51.8788186041542,"CACNA1C","GO_Biological_Process_2023","blue"
"Nucleotide Metabolic Process (GO:0009117)","1/12",0.0583925585800791,0.206940660901929,0,0,18.2635445362718,51.8788186041542,"FHIT","GO_Biological_Process_2023","blue"
"Quaternary Ammonium Group Transport (GO:0015697)","1/12",0.0583925585800791,0.206940660901929,0,0,18.2635445362718,51.8788186041542,"SLC44A5","GO_Biological_Process_2023","blue"
"Regulation Of Vascular Associated Smooth Muscle Cell Migration (GO:1904752)","1/12",0.0583925585800791,0.206940660901929,0,0,18.2635445362718,51.8788186041542,"PRKG1","GO_Biological_Process_2023","blue"
"Morphogenesis Of A Polarized Epithelium (GO:0001738)","1/12",0.0583925585800791,0.206940660901929,0,0,18.2635445362718,51.8788186041542,"AHI1","GO_Biological_Process_2023","blue"
"Dendrite Self-Avoidance (GO:0070593)","1/12",0.0583925585800791,0.206940660901929,0,0,18.2635445362718,51.8788186041542,"DSCAM","GO_Biological_Process_2023","blue"
"Regulation Of Cell Communication By Electrical Coupling (GO:0010649)","1/12",0.0583925585800791,0.206940660901929,0,0,18.2635445362718,51.8788186041542,"PDE4D","GO_Biological_Process_2023","blue"
"Calcium Ion Transmembrane Transport (GO:0070588)","2/80",0.0608217071927091,0.207661738773597,0,0,5.18628990057561,14.520618689889,"CACNA1A;CACNA1C","GO_Biological_Process_2023","blue"
"Synaptic Vesicle Localization (GO:0097479)","1/13",0.0631034120924419,0.207661738773597,0,0,16.7407407407407,46.2543391597171,"NLGN1","GO_Biological_Process_2023","blue"
"ERBB2 Signaling Pathway (GO:0038128)","1/13",0.0631034120924419,0.207661738773597,0,0,16.7407407407407,46.2543391597171,"NRG1","GO_Biological_Process_2023","blue"
"Negative Regulation Of Secretion (GO:0051048)","1/13",0.0631034120924419,0.207661738773597,0,0,16.7407407407407,46.2543391597171,"NRG1","GO_Biological_Process_2023","blue"
"Neuromuscular Process Controlling Balance (GO:0050885)","1/13",0.0631034120924419,0.207661738773597,0,0,16.7407407407407,46.2543391597171,"PCDH15","GO_Biological_Process_2023","blue"
"Killing By Host Of Symbiont Cells (GO:0051873)","1/13",0.0631034120924419,0.207661738773597,0,0,16.7407407407407,46.2543391597171,"NRG1","GO_Biological_Process_2023","blue"
"Cardiocyte Differentiation (GO:0035051)","1/13",0.0631034120924419,0.207661738773597,0,0,16.7407407407407,46.2543391597171,"NRG1","GO_Biological_Process_2023","blue"
"Membrane Depolarization During Action Potential (GO:0086010)","1/13",0.0631034120924419,0.207661738773597,0,0,16.7407407407407,46.2543391597171,"CACNA1C","GO_Biological_Process_2023","blue"
"Protein Localization To Synapse (GO:0035418)","1/13",0.0631034120924419,0.207661738773597,0,0,16.7407407407407,46.2543391597171,"NLGN1","GO_Biological_Process_2023","blue"
"Regulation Of Short-Term Neuronal Synaptic Plasticity (GO:0048172)","1/13",0.0631034120924419,0.207661738773597,0,0,16.7407407407407,46.2543391597171,"GRIK2","GO_Biological_Process_2023","blue"
"Chondroitin Sulfate Biosynthetic Process (GO:0030206)","1/13",0.0631034120924419,0.207661738773597,0,0,16.7407407407407,46.2543391597171,"CHSY3","GO_Biological_Process_2023","blue"
"Response To Nerve Growth Factor (GO:1990089)","1/13",0.0631034120924419,0.207661738773597,0,0,16.7407407407407,46.2543391597171,"MAGI2","GO_Biological_Process_2023","blue"
"Positive Regulation Of Cyclase Activity (GO:0031281)","1/13",0.0631034120924419,0.207661738773597,0,0,16.7407407407407,46.2543391597171,"CACNA1C","GO_Biological_Process_2023","blue"
"Signal Peptide Processing (GO:0006465)","1/13",0.0631034120924419,0.207661738773597,0,0,16.7407407407407,46.2543391597171,"IMMP2L","GO_Biological_Process_2023","blue"
"RNA Processing (GO:0006396)","3/183",0.0640527712862689,0.209211249993487,0,0,3.38831615120275,9.31125536856977,"SNRPN;ADARB2;RNPC3","GO_Biological_Process_2023","blue"
"Calcium Ion Transmembrane Import Into Cytosol (GO:0097553)","2/83",0.0648783802345316,0.209211249993487,0,0,4.99344923154447,13.6582862458477,"CACNA1A;CACNA1C","GO_Biological_Process_2023","blue"
"Striated Muscle Tissue Development (GO:0014706)","1/14",0.0677909321684321,0.209211249993487,0,0,15.4522144522145,41.5869594433684,"SGCD","GO_Biological_Process_2023","blue"
"Regulation Of Endothelial Cell Chemotaxis (GO:2001026)","1/14",0.0677909321684321,0.209211249993487,0,0,15.4522144522145,41.5869594433684,"NRG1","GO_Biological_Process_2023","blue"
"Positive Regulation Of Lyase Activity (GO:0051349)","1/14",0.0677909321684321,0.209211249993487,0,0,15.4522144522145,41.5869594433684,"CACNA1C","GO_Biological_Process_2023","blue"
"Negative Regulation Of Smooth Muscle Cell Migration (GO:0014912)","1/14",0.0677909321684321,0.209211249993487,0,0,15.4522144522145,41.5869594433684,"PRKG1","GO_Biological_Process_2023","blue"
"Aorta Development (GO:0035904)","1/14",0.0677909321684321,0.209211249993487,0,0,15.4522144522145,41.5869594433684,"ROBO2","GO_Biological_Process_2023","blue"
"Neuron Cell-Cell Adhesion (GO:0007158)","1/14",0.0677909321684321,0.209211249993487,0,0,15.4522144522145,41.5869594433684,"NLGN1","GO_Biological_Process_2023","blue"
"Regulation Of Nuclear-Transcribed mRNA poly(A) Tail Shortening (GO:0060211)","1/14",0.0677909321684321,0.209211249993487,0,0,15.4522144522145,41.5869594433684,"TNRC6A","GO_Biological_Process_2023","blue"
"Calcium Ion-Regulated Exocytosis Of Neurotransmitter (GO:0048791)","1/14",0.0677909321684321,0.209211249993487,0,0,15.4522144522145,41.5869594433684,"RIMS2","GO_Biological_Process_2023","blue"
"miRNA-mediated Gene Silencing By Inhibition Of Translation (GO:0035278)","1/14",0.0677909321684321,0.209211249993487,0,0,15.4522144522145,41.5869594433684,"TNRC6A","GO_Biological_Process_2023","blue"
"Response To Muscle Stretch (GO:0035994)","1/14",0.0677909321684321,0.209211249993487,0,0,15.4522144522145,41.5869594433684,"DMD","GO_Biological_Process_2023","blue"
"Detection Of Mechanical Stimulus Involved In Sensory Perception (GO:0050974)","1/14",0.0677909321684321,0.209211249993487,0,0,15.4522144522145,41.5869594433684,"COL11A1","GO_Biological_Process_2023","blue"
"Regulation Of Type II Interferon Production (GO:0032649)","2/87",0.070424276300901,0.210511826118308,0,0,4.75750300120048,12.6226889889879,"PDE4D;PDE4B","GO_Biological_Process_2023","blue"
"Protein Localization To Membrane (GO:0072657)","3/192",0.0717418991703997,0.210511826118308,0,0,3.22549500900016,8.49814826848241,"NLGN1;MAGI2;KCNIP4","GO_Biological_Process_2023","blue"
"Positive Regulation Of Plasma Membrane Bounded Cell Projection Assembly (GO:0120034)","2/88",0.0718343542729081,0.210511826118308,0,0,4.70194589463692,12.3820687985171,"NLGN1;AUTS2","GO_Biological_Process_2023","blue"
"Stem Cell Development (GO:0048864)","1/15",0.0724552331756038,0.210511826118308,0,0,14.3477633477633,37.6598138369901,"NRG1","GO_Biological_Process_2023","blue"
"Positive Regulation Of Muscle Cell Differentiation (GO:0051149)","1/15",0.0724552331756038,0.210511826118308,0,0,14.3477633477633,37.6598138369901,"NRG1","GO_Biological_Process_2023","blue"
"Negative Regulation Of Platelet Activation (GO:0010544)","1/15",0.0724552331756038,0.210511826118308,0,0,14.3477633477633,37.6598138369901,"PRKG1","GO_Biological_Process_2023","blue"
"Regulation Of Multicellular Organism Growth (GO:0040014)","1/15",0.0724552331756038,0.210511826118308,0,0,14.3477633477633,37.6598138369901,"MBD5","GO_Biological_Process_2023","blue"
"Neurotrophin Signaling Pathway (GO:0038179)","1/15",0.0724552331756038,0.210511826118308,0,0,14.3477633477633,37.6598138369901,"MAGI2","GO_Biological_Process_2023","blue"
"Cellular Response To Sterol (GO:0036315)","1/15",0.0724552331756038,0.210511826118308,0,0,14.3477633477633,37.6598138369901,"RORA","GO_Biological_Process_2023","blue"
"Regulation Of Rac Protein Signal Transduction (GO:0035020)","1/15",0.0724552331756038,0.210511826118308,0,0,14.3477633477633,37.6598138369901,"AUTS2","GO_Biological_Process_2023","blue"
"Regulation Of Activin Receptor Signaling Pathway (GO:0032925)","1/15",0.0724552331756038,0.210511826118308,0,0,14.3477633477633,37.6598138369901,"MAGI2","GO_Biological_Process_2023","blue"
"Retrograde Axonal Transport (GO:0008090)","1/15",0.0724552331756038,0.210511826118308,0,0,14.3477633477633,37.6598138369901,"DLG2","GO_Biological_Process_2023","blue"
"Regulation Of Carbohydrate Metabolic Process (GO:0006109)","1/15",0.0724552331756038,0.210511826118308,0,0,14.3477633477633,37.6598138369901,"RORA","GO_Biological_Process_2023","blue"
"Sensory Perception Of Mechanical Stimulus (GO:0050954)","2/89",0.0732536203857354,0.211877063447531,0,0,4.6476659629369,12.1481976031779,"COL11A1;PCDH15","GO_Biological_Process_2023","blue"
"Regulation Of Fibrinolysis (GO:0051917)","1/16",0.0770964289305897,0.212509387436882,0,0,13.3905723905724,34.3159973270839,"NRG1","GO_Biological_Process_2023","blue"
"Heart Process (GO:0003015)","1/16",0.0770964289305897,0.212509387436882,0,0,13.3905723905724,34.3159973270839,"SGCD","GO_Biological_Process_2023","blue"
"Regulation Of Presynapse Assembly (GO:1905606)","1/16",0.0770964289305897,0.212509387436882,0,0,13.3905723905724,34.3159973270839,"IL1RAPL1","GO_Biological_Process_2023","blue"
"Regulation Of Presynapse Organization (GO:0099174)","1/16",0.0770964289305897,0.212509387436882,0,0,13.3905723905724,34.3159973270839,"IL1RAPL1","GO_Biological_Process_2023","blue"
"Cell Communication By Electrical Coupling Involved In Cardiac Conduction (GO:0086064)","1/16",0.0770964289305897,0.212509387436882,0,0,13.3905723905724,34.3159973270839,"CACNA1C","GO_Biological_Process_2023","blue"
"Membrane Depolarization During Cardiac Muscle Cell Action Potential (GO:0086012)","1/16",0.0770964289305897,0.212509387436882,0,0,13.3905723905724,34.3159973270839,"CACNA1C","GO_Biological_Process_2023","blue"
"Regulation Of Secretion (GO:0051046)","1/16",0.0770964289305897,0.212509387436882,0,0,13.3905723905724,34.3159973270839,"NRG1","GO_Biological_Process_2023","blue"
"Mesonephric Tubule Development (GO:0072164)","1/16",0.0770964289305897,0.212509387436882,0,0,13.3905723905724,34.3159973270839,"ROBO2","GO_Biological_Process_2023","blue"
"Regulation Of Synaptic Transmission, GABAergic (GO:0032228)","1/16",0.0770964289305897,0.212509387436882,0,0,13.3905723905724,34.3159973270839,"NLGN1","GO_Biological_Process_2023","blue"
"Chondroitin Sulfate Metabolic Process (GO:0030204)","1/16",0.0770964289305897,0.212509387436882,0,0,13.3905723905724,34.3159973270839,"CHSY3","GO_Biological_Process_2023","blue"
"Regulation Of NMDA Receptor Activity (GO:2000310)","1/16",0.0770964289305897,0.212509387436882,0,0,13.3905723905724,34.3159973270839,"NLGN1","GO_Biological_Process_2023","blue"
"Sensory Perception Of Sound (GO:0007605)","2/92",0.0775653030615549,0.2127519965384,0,0,4.49206349206349,11.484567093173,"COL11A1;PCDH15","GO_Biological_Process_2023","blue"
"Regulation Of Peptidyl-Serine Phosphorylation (GO:0033135)","2/93",0.0790200821692443,0.2127519965384,0,0,4.44247589145548,11.2752403927723,"PDE4D;DMD","GO_Biological_Process_2023","blue"
"Positive Regulation Of Heart Rate (GO:0010460)","1/17",0.0817146326715557,0.2127519965384,0,0,12.5530303030303,31.4393429542943,"PDE4D","GO_Biological_Process_2023","blue"
"Negative Regulation Of Vascular Associated Smooth Muscle Cell Proliferation (GO:1904706)","1/17",0.0817146326715557,0.2127519965384,0,0,12.5530303030303,31.4393429542943,"PRKG1","GO_Biological_Process_2023","blue"
"Neuron Maturation (GO:0042551)","1/17",0.0817146326715557,0.2127519965384,0,0,12.5530303030303,31.4393429542943,"ADGRB3","GO_Biological_Process_2023","blue"
"Base Conversion Or Substitution Editing (GO:0016553)","1/17",0.0817146326715557,0.2127519965384,0,0,12.5530303030303,31.4393429542943,"ADARB2","GO_Biological_Process_2023","blue"
"Postsynaptic Membrane Organization (GO:0001941)","1/17",0.0817146326715557,0.2127519965384,0,0,12.5530303030303,31.4393429542943,"NLGN1","GO_Biological_Process_2023","blue"
"Regulation Of Adenylate Cyclase Activity (GO:0045761)","1/17",0.0817146326715557,0.2127519965384,0,0,12.5530303030303,31.4393429542943,"CACNA1C","GO_Biological_Process_2023","blue"
"Positive Regulation Of Dendrite Extension (GO:1903861)","1/17",0.0817146326715557,0.2127519965384,0,0,12.5530303030303,31.4393429542943,"RIMS2","GO_Biological_Process_2023","blue"
"T Cell Receptor Signaling Pathway (GO:0050852)","2/95",0.0819552402371427,0.2127519965384,0,0,4.34649989027869,10.873126025504,"PDE4D;PDE4B","GO_Biological_Process_2023","blue"
"Cell Junction Assembly (GO:0034329)","2/95",0.0819552402371427,0.2127519965384,0,0,4.34649989027869,10.873126025504,"NLGN1;DSCAM","GO_Biological_Process_2023","blue"
"Regulation Of Dendrite Extension (GO:1903859)","1/18",0.0863099571505928,0.2127519965384,0,0,11.8140225787285,28.9421143066093,"RIMS2","GO_Biological_Process_2023","blue"
"Negative Regulation Of Nervous System Development (GO:0051961)","1/18",0.0863099571505928,0.2127519965384,0,0,11.8140225787285,28.9421143066093,"ROBO2","GO_Biological_Process_2023","blue"
"Positive Regulation Of Nervous System Process (GO:0031646)","1/18",0.0863099571505928,0.2127519965384,0,0,11.8140225787285,28.9421143066093,"RIMS2","GO_Biological_Process_2023","blue"
"Ureteric Bud Development (GO:0001657)","1/18",0.0863099571505928,0.2127519965384,0,0,11.8140225787285,28.9421143066093,"ROBO2","GO_Biological_Process_2023","blue"
"Heart Trabecula Morphogenesis (GO:0061384)","1/18",0.0863099571505928,0.2127519965384,0,0,11.8140225787285,28.9421143066093,"NRG1","GO_Biological_Process_2023","blue"
"Positive Regulation Of Phosphoprotein Phosphatase Activity (GO:0032516)","1/18",0.0863099571505928,0.2127519965384,0,0,11.8140225787285,28.9421143066093,"MAGI2","GO_Biological_Process_2023","blue"
"Adrenergic Receptor Signaling Pathway (GO:0071875)","1/18",0.0863099571505928,0.2127519965384,0,0,11.8140225787285,28.9421143066093,"PDE4D","GO_Biological_Process_2023","blue"
"Neural Crest Cell Differentiation (GO:0014033)","1/18",0.0863099571505928,0.2127519965384,0,0,11.8140225787285,28.9421143066093,"NRG1","GO_Biological_Process_2023","blue"
"Regulation Of Nervous System Process (GO:0031644)","1/18",0.0863099571505928,0.2127519965384,0,0,11.8140225787285,28.9421143066093,"DLGAP1","GO_Biological_Process_2023","blue"
"Cardiac Muscle Cell Contraction (GO:0086003)","1/18",0.0863099571505928,0.2127519965384,0,0,11.8140225787285,28.9421143066093,"CACNA1C","GO_Biological_Process_2023","blue"
"Cell Junction Maintenance (GO:0034331)","1/18",0.0863099571505928,0.2127519965384,0,0,11.8140225787285,28.9421143066093,"NLGN1","GO_Biological_Process_2023","blue"
"Pulmonary Valve Morphogenesis (GO:0003184)","1/18",0.0863099571505928,0.2127519965384,0,0,11.8140225787285,28.9421143066093,"ROBO2","GO_Biological_Process_2023","blue"
"Myoblast Fusion (GO:0007520)","1/18",0.0863099571505928,0.2127519965384,0,0,11.8140225787285,28.9421143066093,"ADGRB3","GO_Biological_Process_2023","blue"
"ncRNA-mediated Post-Transcriptional Gene Silencing (GO:0035194)","1/18",0.0863099571505928,0.2127519965384,0,0,11.8140225787285,28.9421143066093,"TNRC6A","GO_Biological_Process_2023","blue"
"Regulation Of cAMP-mediated Signaling (GO:0043949)","1/18",0.0863099571505928,0.2127519965384,0,0,11.8140225787285,28.9421143066093,"PDE4D","GO_Biological_Process_2023","blue"
"Positive Regulation Of Focal Adhesion Assembly (GO:0051894)","1/18",0.0863099571505928,0.2127519965384,0,0,11.8140225787285,28.9421143066093,"NRG1","GO_Biological_Process_2023","blue"
"RNA Splicing (GO:0008380)","2/98",0.0864201908419546,0.2127519965384,0,0,4.21003401360544,10.3084111715959,"SNRPN;RNPC3","GO_Biological_Process_2023","blue"
"Insulin Secretion (GO:0030073)","1/19",0.0908825145361798,0.218728439835209,0,0,11.1571268237935,26.7568838212325,"RIMS2","GO_Biological_Process_2023","blue"
"Phosphatidylcholine Biosynthetic Process (GO:0006656)","1/19",0.0908825145361798,0.218728439835209,0,0,11.1571268237935,26.7568838212325,"SLC44A5","GO_Biological_Process_2023","blue"
"Cellular Response To Catecholamine Stimulus (GO:0071870)","1/19",0.0908825145361798,0.218728439835209,0,0,11.1571268237935,26.7568838212325,"PDE4B","GO_Biological_Process_2023","blue"
"Regulation Of Vascular Endothelial Growth Factor Signaling Pathway (GO:1900746)","1/19",0.0908825145361798,0.218728439835209,0,0,11.1571268237935,26.7568838212325,"NRG1","GO_Biological_Process_2023","blue"
"Chondroitin Sulfate Proteoglycan Biosynthetic Process (GO:0050650)","1/19",0.0908825145361798,0.218728439835209,0,0,11.1571268237935,26.7568838212325,"CHSY3","GO_Biological_Process_2023","blue"
"Positive Regulation Of Axon Extension (GO:0045773)","1/19",0.0908825145361798,0.218728439835209,0,0,11.1571268237935,26.7568838212325,"DSCAM","GO_Biological_Process_2023","blue"
"Sensory Perception Of Light Stimulus (GO:0050953)","2/102",0.0924846891098034,0.22175696831161,0,0,4.04081632653061,9.62002061056518,"COL11A1;PCDH15","GO_Biological_Process_2023","blue"
"Inorganic Cation Import Across Plasma Membrane (GO:0098659)","2/103",0.0940199139873013,0.224603127858553,0,0,4.00060618306729,9.45842784039207,"CACNA1A;CACNA1C","GO_Biological_Process_2023","blue"
"Striated Muscle Cell Differentiation (GO:0051146)","1/20",0.0954324164624815,0.224649301526644,0,0,10.5693779904306,24.8310303892707,"NRG1","GO_Biological_Process_2023","blue"
"Pulmonary Valve Development (GO:0003177)","1/20",0.0954324164624815,0.224649301526644,0,0,10.5693779904306,24.8310303892707,"ROBO2","GO_Biological_Process_2023","blue"
"Myoblast Differentiation (GO:0045445)","1/20",0.0954324164624815,0.224649301526644,0,0,10.5693779904306,24.8310303892707,"NRG1","GO_Biological_Process_2023","blue"
"Endothelial Cell Development (GO:0001885)","1/20",0.0954324164624815,0.224649301526644,0,0,10.5693779904306,24.8310303892707,"PDE4D","GO_Biological_Process_2023","blue"
"Response To Calcium Ion (GO:0051592)","2/106",0.0986696402849089,0.231089800182661,0,0,3.88461538461538,8.99668367505838,"NLGN1;CACNA1A","GO_Biological_Process_2023","blue"
"Regulation Of Dendritic Spine Development (GO:0060998)","1/21",0.0999597740324998,0.231089800182661,0,0,10.040404040404,23.1229243332888,"NLGN1","GO_Biological_Process_2023","blue"
"Regulation Of Steroid Metabolic Process (GO:0019218)","1/21",0.0999597740324998,0.231089800182661,0,0,10.040404040404,23.1229243332888,"RORA","GO_Biological_Process_2023","blue"
"Cellular Response To Nerve Growth Factor Stimulus (GO:1990090)","1/21",0.0999597740324998,0.231089800182661,0,0,10.040404040404,23.1229243332888,"MAGI2","GO_Biological_Process_2023","blue"
"Positive Regulation Of Blood Coagulation (GO:0030194)","1/21",0.0999597740324998,0.231089800182661,0,0,10.040404040404,23.1229243332888,"NRG1","GO_Biological_Process_2023","blue"
"Positive Regulation Of Phosphatase Activity (GO:0010922)","1/22",0.104464697819105,0.237252570751137,0,0,9.56180856180856,21.5992275397069,"MAGI2","GO_Biological_Process_2023","blue"
"Positive Regulation Of Receptor Internalization (GO:0002092)","1/22",0.104464697819105,0.237252570751137,0,0,9.56180856180856,21.5992275397069,"MAGI2","GO_Biological_Process_2023","blue"
"Positive Regulation Of Synaptic Transmission, Glutamatergic (GO:0051968)","1/22",0.104464697819105,0.237252570751137,0,0,9.56180856180856,21.5992275397069,"NLGN1","GO_Biological_Process_2023","blue"
"Mammary Gland Development (GO:0030879)","1/22",0.104464697819105,0.237252570751137,0,0,9.56180856180856,21.5992275397069,"NRG1","GO_Biological_Process_2023","blue"
"Negative Regulation Of Axonogenesis (GO:0050771)","1/22",0.104464697819105,0.237252570751137,0,0,9.56180856180856,21.5992275397069,"DCC","GO_Biological_Process_2023","blue"
"Negative Regulation Of Transmembrane Receptor Protein Serine/Threonine Kinase Signaling Pathway (GO:0090101)","2/111",0.10655948968071,0.240654133918634,0,0,3.7054858640704,8.29677502072275,"MAGI2;LDLRAD4","GO_Biological_Process_2023","blue"
"Calcium Ion Transport (GO:0006816)","2/112",0.108157545302071,0.240654133918634,0,0,3.67161410018553,8.16628057590409,"CACNA1A;CACNA1C","GO_Biological_Process_2023","blue"
"Positive Regulation Of Lamellipodium Assembly (GO:0010592)","1/23",0.108947297836033,0.240654133918634,0,0,9.1267217630854,20.2329475165344,"AUTS2","GO_Biological_Process_2023","blue"
"Artery Development (GO:0060840)","1/23",0.108947297836033,0.240654133918634,0,0,9.1267217630854,20.2329475165344,"ROBO2","GO_Biological_Process_2023","blue"
"Axon Extension (GO:0048675)","1/23",0.108947297836033,0.240654133918634,0,0,9.1267217630854,20.2329475165344,"AUTS2","GO_Biological_Process_2023","blue"
"Protein Localization To Cell Junction (GO:1902414)","1/23",0.108947297836033,0.240654133918634,0,0,9.1267217630854,20.2329475165344,"NLGN1","GO_Biological_Process_2023","blue"
"Negative Regulation Of Actin Filament Polymerization (GO:0030837)","1/23",0.108947297836033,0.240654133918634,0,0,9.1267217630854,20.2329475165344,"SSH2","GO_Biological_Process_2023","blue"
"Positive Regulation Of Cell-Substrate Junction Organization (GO:0150117)","1/23",0.108947297836033,0.240654133918634,0,0,9.1267217630854,20.2329475165344,"NRG1","GO_Biological_Process_2023","blue"
"Negative Regulation Of Intracellular Signal Transduction (GO:1902532)","3/231",0.109414519515626,0.240861314292079,0,0,2.66847531199132,5.90429963851239,"PDE4D;MAGI2;RORA","GO_Biological_Process_2023","blue"
"Regulation Of Cytoskeleton Organization (GO:0051493)","2/114",0.111372908000063,0.24301646481648,0,0,3.60568513119534,7.91401436691998,"IQCJ-SCHIP1;NRG1","GO_Biological_Process_2023","blue"
"Acylglycerol Homeostasis (GO:0055090)","1/24",0.113407683581024,0.24301646481648,0,0,8.72946859903382,19.0020116101552,"RORA","GO_Biological_Process_2023","blue"
"Neuromuscular Junction Development (GO:0007528)","1/24",0.113407683581024,0.24301646481648,0,0,8.72946859903382,19.0020116101552,"CACNB4","GO_Biological_Process_2023","blue"
"Positive Regulation Of Vascular Endothelial Growth Factor Production (GO:0010575)","1/24",0.113407683581024,0.24301646481648,0,0,8.72946859903382,19.0020116101552,"RORA","GO_Biological_Process_2023","blue"
"Outflow Tract Septum Morphogenesis (GO:0003148)","1/24",0.113407683581024,0.24301646481648,0,0,8.72946859903382,19.0020116101552,"ROBO2","GO_Biological_Process_2023","blue"
"Regulation Of Ruffle Assembly (GO:1900027)","1/24",0.113407683581024,0.24301646481648,0,0,8.72946859903382,19.0020116101552,"NLGN1","GO_Biological_Process_2023","blue"
"Regulation Of AMPA Receptor Activity (GO:2000311)","1/24",0.113407683581024,0.24301646481648,0,0,8.72946859903382,19.0020116101552,"NLGN1","GO_Biological_Process_2023","blue"
"Negative Regulation Of Cell Junction Assembly (GO:1901889)","1/24",0.113407683581024,0.24301646481648,0,0,8.72946859903382,19.0020116101552,"ROBO2","GO_Biological_Process_2023","blue"
"Regulation Of Hippo Signaling (GO:0035330)","1/25",0.117845964040422,0.245195634858297,0,0,8.36531986531987,17.8882067340701,"IQCJ-SCHIP1","GO_Biological_Process_2023","blue"
"Activation Of Protein Kinase B Activity (GO:0032148)","1/25",0.117845964040422,0.245195634858297,0,0,8.36531986531987,17.8882067340701,"NRG1","GO_Biological_Process_2023","blue"
"Positive Regulation Of Striated Muscle Cell Differentiation (GO:0051155)","1/25",0.117845964040422,0.245195634858297,0,0,8.36531986531987,17.8882067340701,"NRG1","GO_Biological_Process_2023","blue"
"Regulation Of Platelet Aggregation (GO:0090330)","1/25",0.117845964040422,0.245195634858297,0,0,8.36531986531987,17.8882067340701,"PRKG1","GO_Biological_Process_2023","blue"
"Regulation Of Postsynapse Organization (GO:0099175)","1/25",0.117845964040422,0.245195634858297,0,0,8.36531986531987,17.8882067340701,"IL1RAPL1","GO_Biological_Process_2023","blue"
"Peptide Hormone Secretion (GO:0030072)","1/25",0.117845964040422,0.245195634858297,0,0,8.36531986531987,17.8882067340701,"RIMS2","GO_Biological_Process_2023","blue"
"Metanephros Development (GO:0001656)","1/25",0.117845964040422,0.245195634858297,0,0,8.36531986531987,17.8882067340701,"ROBO2","GO_Biological_Process_2023","blue"
"Regulation Of Synapse Organization (GO:0050807)","1/25",0.117845964040422,0.245195634858297,0,0,8.36531986531987,17.8882067340701,"IL1RAPL1","GO_Biological_Process_2023","blue"
"Myotube Differentiation (GO:0014902)","1/25",0.117845964040422,0.245195634858297,0,0,8.36531986531987,17.8882067340701,"ADGRB3","GO_Biological_Process_2023","blue"
"Establishment Or Maintenance Of Apical/Basal Cell Polarity (GO:0035088)","1/26",0.122262247628669,0.246434842876536,0,0,8.03030303030303,16.8763802180029,"DLG2","GO_Biological_Process_2023","blue"
"Wnt Signaling Pathway, Planar Cell Polarity Pathway (GO:0060071)","1/26",0.122262247628669,0.246434842876536,0,0,8.03030303030303,16.8763802180029,"MAGI2","GO_Biological_Process_2023","blue"
"Negative Regulation Of Protein Polymerization (GO:0032272)","1/26",0.122262247628669,0.246434842876536,0,0,8.03030303030303,16.8763802180029,"SSH2","GO_Biological_Process_2023","blue"
"cAMP-mediated Signaling (GO:0019933)","1/26",0.122262247628669,0.246434842876536,0,0,8.03030303030303,16.8763802180029,"PDE4D","GO_Biological_Process_2023","blue"
"Calcium-Ion Regulated Exocytosis (GO:0017156)","1/26",0.122262247628669,0.246434842876536,0,0,8.03030303030303,16.8763802180029,"RIMS2","GO_Biological_Process_2023","blue"
"Camera-Type Eye Development (GO:0043010)","1/26",0.122262247628669,0.246434842876536,0,0,8.03030303030303,16.8763802180029,"CACNA1C","GO_Biological_Process_2023","blue"
"miRNA-mediated Gene Silencing (GO:0035195)","1/26",0.122262247628669,0.246434842876536,0,0,8.03030303030303,16.8763802180029,"TNRC6A","GO_Biological_Process_2023","blue"
"Regulation Of Vascular Endothelial Growth Factor Production (GO:0010574)","1/26",0.122262247628669,0.246434842876536,0,0,8.03030303030303,16.8763802180029,"RORA","GO_Biological_Process_2023","blue"
"Cellular Response To Xenobiotic Stimulus (GO:0071466)","1/26",0.122262247628669,0.246434842876536,0,0,8.03030303030303,16.8763802180029,"PDE4B","GO_Biological_Process_2023","blue"
"Positive Regulation Of Adenylate Cyclase Activity (GO:0045762)","1/26",0.122262247628669,0.246434842876536,0,0,8.03030303030303,16.8763802180029,"CACNA1C","GO_Biological_Process_2023","blue"
"Receptor-Mediated Endocytosis (GO:0006898)","2/122",0.124476246905678,0.246808260680735,0,0,3.36394557823129,7.00925280654715,"MAGI2;LRP1B","GO_Biological_Process_2023","blue"
"Organonitrogen Compound Biosynthetic Process (GO:1901566)","2/123",0.126139752927233,0.246808260680735,0,0,3.33597571259909,6.90668681067367,"SLC44A5;DMD","GO_Biological_Process_2023","blue"
"Synaptic Transmission, Glutamatergic (GO:0035249)","1/27",0.126656642302827,0.246808260680735,0,0,7.72105672105672,15.9538300108164,"GRIK2","GO_Biological_Process_2023","blue"
"Ventricular Septum Morphogenesis (GO:0060412)","1/27",0.126656642302827,0.246808260680735,0,0,7.72105672105672,15.9538300108164,"ROBO2","GO_Biological_Process_2023","blue"
"Cardiac Muscle Cell Differentiation (GO:0055007)","1/27",0.126656642302827,0.246808260680735,0,0,7.72105672105672,15.9538300108164,"NRG1","GO_Biological_Process_2023","blue"
"Peptidyl-Lysine Methylation (GO:0018022)","1/27",0.126656642302827,0.246808260680735,0,0,7.72105672105672,15.9538300108164,"SMYD3","GO_Biological_Process_2023","blue"
"Monoubiquitinated Histone H2A Deubiquitination (GO:0035522)","1/27",0.126656642302827,0.246808260680735,0,0,7.72105672105672,15.9538300108164,"SUPT3H","GO_Biological_Process_2023","blue"
"Monoubiquitinated Histone Deubiquitination (GO:0035521)","1/27",0.126656642302827,0.246808260680735,0,0,7.72105672105672,15.9538300108164,"SUPT3H","GO_Biological_Process_2023","blue"
"Clathrin-Dependent Endocytosis (GO:0072583)","1/27",0.126656642302827,0.246808260680735,0,0,7.72105672105672,15.9538300108164,"MAGI2","GO_Biological_Process_2023","blue"
"Cortical Cytoskeleton Organization (GO:0030865)","1/27",0.126656642302827,0.246808260680735,0,0,7.72105672105672,15.9538300108164,"NLGN1","GO_Biological_Process_2023","blue"
"Positive Regulation Of Filopodium Assembly (GO:0051491)","1/27",0.126656642302827,0.246808260680735,0,0,7.72105672105672,15.9538300108164,"NLGN1","GO_Biological_Process_2023","blue"
"Negative Regulation Of Cell Growth (GO:0030308)","2/125",0.129482770614753,0.25004103470322,0,0,3.28140036502406,6.70786307963644,"DCC;NRG1","GO_Biological_Process_2023","blue"
"Establishment Of Endothelial Barrier (GO:0061028)","1/28",0.131029255394866,0.25004103470322,0,0,7.43471754582866,15.1098341340557,"PDE4D","GO_Biological_Process_2023","blue"
"Regulation Of Glucose Metabolic Process (GO:0010906)","1/28",0.131029255394866,0.25004103470322,0,0,7.43471754582866,15.1098341340557,"RORA","GO_Biological_Process_2023","blue"
"Apoptotic Cell Clearance (GO:0043277)","1/28",0.131029255394866,0.25004103470322,0,0,7.43471754582866,15.1098341340557,"XKR6","GO_Biological_Process_2023","blue"
"Regulation Of Plasma Membrane Bounded Cell Projection Organization (GO:0120035)","1/28",0.131029255394866,0.25004103470322,0,0,7.43471754582866,15.1098341340557,"IL1RAPL1","GO_Biological_Process_2023","blue"
"Regulation Of Platelet Activation (GO:0010543)","1/28",0.131029255394866,0.25004103470322,0,0,7.43471754582866,15.1098341340557,"NRG1","GO_Biological_Process_2023","blue"
"Regulation Of Cardiac Muscle Cell Action Potential (GO:0098901)","1/28",0.131029255394866,0.25004103470322,0,0,7.43471754582866,15.1098341340557,"CACNA1C","GO_Biological_Process_2023","blue"
"Regulation Of Anatomical Structure Morphogenesis (GO:0022603)","2/127",0.132846507942149,0.252370592530737,0,0,3.22857142857143,6.5170680254594,"ADGRB3;LRRC4C","GO_Biological_Process_2023","blue"
"Regulation Of Developmental Growth (GO:0048638)","1/29",0.13538019382269,0.252370592530737,0,0,7.16883116883117,14.3352837783296,"MBD5","GO_Biological_Process_2023","blue"
"Negative Regulation Of Plasma Membrane Bounded Cell Projection Assembly (GO:0120033)","1/29",0.13538019382269,0.252370592530737,0,0,7.16883116883117,14.3352837783296,"NRG1","GO_Biological_Process_2023","blue"
"Maintenance Of Blood-Brain Barrier (GO:0035633)","1/29",0.13538019382269,0.252370592530737,0,0,7.16883116883117,14.3352837783296,"DMD","GO_Biological_Process_2023","blue"
"Regulation Of Striated Muscle Contraction (GO:0006942)","1/29",0.13538019382269,0.252370592530737,0,0,7.16883116883117,14.3352837783296,"DMD","GO_Biological_Process_2023","blue"
"Morphogenesis Of An Epithelium (GO:0002009)","1/29",0.13538019382269,0.252370592530737,0,0,7.16883116883117,14.3352837783296,"AHI1","GO_Biological_Process_2023","blue"
"Defense Response To Fungus (GO:0050832)","1/29",0.13538019382269,0.252370592530737,0,0,7.16883116883117,14.3352837783296,"NRG1","GO_Biological_Process_2023","blue"
"Regulation Of Blood Coagulation (GO:0030193)","1/29",0.13538019382269,0.252370592530737,0,0,7.16883116883117,14.3352837783296,"NRG1","GO_Biological_Process_2023","blue"
"Negative Regulation Of Epithelial To Mesenchymal Transition (GO:0010719)","1/30",0.139709563918842,0.256731249936333,0,0,6.92128178335075,13.6223945108193,"LDLRAD4","GO_Biological_Process_2023","blue"
"Positive Regulation Of Phosphate Metabolic Process (GO:0045937)","1/30",0.139709563918842,0.256731249936333,0,0,6.92128178335075,13.6223945108193,"DSCAM","GO_Biological_Process_2023","blue"
"Regulation Of Potassium Ion Transport (GO:0043266)","1/30",0.139709563918842,0.256731249936333,0,0,6.92128178335075,13.6223945108193,"KCNIP4","GO_Biological_Process_2023","blue"
"Cardiac Muscle Cell Action Potential Involved In Contraction (GO:0086002)","1/30",0.139709563918842,0.256731249936333,0,0,6.92128178335075,13.6223945108193,"CACNA1C","GO_Biological_Process_2023","blue"
"Phagocytosis, Engulfment (GO:0006911)","1/30",0.139709563918842,0.256731249936333,0,0,6.92128178335075,13.6223945108193,"XKR6","GO_Biological_Process_2023","blue"
"Plasma Membrane Bounded Cell Projection Organization (GO:0120036)","2/132",0.141341709574619,0.258031303106516,0,0,3.10361067503925,6.07244658574773,"CNTNAP2;NLGN1","GO_Biological_Process_2023","blue"
"Negative Regulation Of Cell Motility (GO:2000146)","2/133",0.143054753837309,0.258031303106516,0,0,3.07976320299112,5.98868525199053,"MAGI2;LDLRAD4","GO_Biological_Process_2023","blue"
"Negative Regulation Of Developmental Growth (GO:0048640)","1/31",0.144017471501311,0.258031303106516,0,0,6.69023569023569,12.9644769200402,"DCC","GO_Biological_Process_2023","blue"
"Positive Regulation Of Lamellipodium Organization (GO:1902745)","1/31",0.144017471501311,0.258031303106516,0,0,6.69023569023569,12.9644769200402,"AUTS2","GO_Biological_Process_2023","blue"
"Triglyceride Homeostasis (GO:0070328)","1/31",0.144017471501311,0.258031303106516,0,0,6.69023569023569,12.9644769200402,"RORA","GO_Biological_Process_2023","blue"
"Presynaptic Endocytosis (GO:0140238)","1/31",0.144017471501311,0.258031303106516,0,0,6.69023569023569,12.9644769200402,"NLGN1","GO_Biological_Process_2023","blue"
"Organic Cation Transport (GO:0015695)","1/31",0.144017471501311,0.258031303106516,0,0,6.69023569023569,12.9644769200402,"SLC44A5","GO_Biological_Process_2023","blue"
"Central Nervous System Neuron Differentiation (GO:0021953)","1/31",0.144017471501311,0.258031303106516,0,0,6.69023569023569,12.9644769200402,"MDGA2","GO_Biological_Process_2023","blue"
"Endodermal Cell Differentiation (GO:0035987)","1/31",0.144017471501311,0.258031303106516,0,0,6.69023569023569,12.9644769200402,"COL11A1","GO_Biological_Process_2023","blue"
"Antigen Receptor-Mediated Signaling Pathway (GO:0050851)","2/134",0.144772261600204,0.258665121141639,0,0,3.05627705627706,5.90654080920543,"PDE4D;PDE4B","GO_Biological_Process_2023","blue"
"Negative Regulation Of Fat Cell Differentiation (GO:0045599)","1/32",0.148304021933978,0.262071490814838,0,0,6.47409579667644,12.3557529781019,"RORA","GO_Biological_Process_2023","blue"
"Negative Regulation Of Proteasomal Ubiquitin-Dependent Protein Catabolic Process (GO:0032435)","1/32",0.148304021933978,0.262071490814838,0,0,6.47409579667644,12.3557529781019,"FHIT","GO_Biological_Process_2023","blue"
"Histone Lysine Methylation (GO:0034968)","1/32",0.148304021933978,0.262071490814838,0,0,6.47409579667644,12.3557529781019,"SMYD3","GO_Biological_Process_2023","blue"
"Muscle Cell Development (GO:0055001)","1/32",0.148304021933978,0.262071490814838,0,0,6.47409579667644,12.3557529781019,"DMD","GO_Biological_Process_2023","blue"
"Positive Regulation Of Ion Transmembrane Transporter Activity (GO:0032414)","1/33",0.152569319997184,0.262419230395157,0,0,6.27146464646465,11.7912078898077,"DMD","GO_Biological_Process_2023","blue"
"Ventricular Cardiac Muscle Tissue Morphogenesis (GO:0055010)","1/33",0.152569319997184,0.262419230395157,0,0,6.27146464646465,11.7912078898077,"NRG1","GO_Biological_Process_2023","blue"
"Positive Regulation Of Protein Dephosphorylation (GO:0035307)","1/33",0.152569319997184,0.262419230395157,0,0,6.27146464646465,11.7912078898077,"MAGI2","GO_Biological_Process_2023","blue"
"Regulation Of Potassium Ion Transmembrane Transport (GO:1901379)","1/33",0.152569319997184,0.262419230395157,0,0,6.27146464646465,11.7912078898077,"KCNIP4","GO_Biological_Process_2023","blue"
"Cardiac Muscle Contraction (GO:0060048)","1/33",0.152569319997184,0.262419230395157,0,0,6.27146464646465,11.7912078898077,"DMD","GO_Biological_Process_2023","blue"
"Positive Regulation Of Notch Signaling Pathway (GO:0045747)","1/33",0.152569319997184,0.262419230395157,0,0,6.27146464646465,11.7912078898077,"ROBO2","GO_Biological_Process_2023","blue"
"Monoubiquitinated Protein Deubiquitination (GO:0035520)","1/33",0.152569319997184,0.262419230395157,0,0,6.27146464646465,11.7912078898077,"SUPT3H","GO_Biological_Process_2023","blue"
"Negative Regulation Of Blood Vessel Endothelial Cell Migration (GO:0043537)","1/33",0.152569319997184,0.262419230395157,0,0,6.27146464646465,11.7912078898077,"NRG1","GO_Biological_Process_2023","blue"
"Signal Transduction By P53 Class Mediator (GO:0072331)","1/33",0.152569319997184,0.262419230395157,0,0,6.27146464646465,11.7912078898077,"FHIT","GO_Biological_Process_2023","blue"
"Regulation Of Cell Adhesion Mediated By Integrin (GO:0033628)","1/33",0.152569319997184,0.262419230395157,0,0,6.27146464646465,11.7912078898077,"NRG1","GO_Biological_Process_2023","blue"
"Histone Deubiquitination (GO:0016578)","1/34",0.156813470025957,0.265471622484887,0,0,6.08111417202326,11.2664696999635,"SUPT3H","GO_Biological_Process_2023","blue"
"Regulation Of Metal Ion Transport (GO:0010959)","1/34",0.156813470025957,0.265471622484887,0,0,6.08111417202326,11.2664696999635,"NKAIN2","GO_Biological_Process_2023","blue"
"Regulation Of Neuronal Synaptic Plasticity (GO:0048168)","1/34",0.156813470025957,0.265471622484887,0,0,6.08111417202326,11.2664696999635,"GRIK2","GO_Biological_Process_2023","blue"
"Cellular Response To Amyloid-Beta (GO:1904646)","1/34",0.156813470025957,0.265471622484887,0,0,6.08111417202326,11.2664696999635,"CACNA1A","GO_Biological_Process_2023","blue"
"Purine Nucleotide Metabolic Process (GO:0006163)","1/34",0.156813470025957,0.265471622484887,0,0,6.08111417202326,11.2664696999635,"FHIT","GO_Biological_Process_2023","blue"
"Embryonic Limb Morphogenesis (GO:0030326)","1/34",0.156813470025957,0.265471622484887,0,0,6.08111417202326,11.2664696999635,"CACNA1C","GO_Biological_Process_2023","blue"
"Glutamate Receptor Signaling Pathway (GO:0007215)","1/35",0.161036575774195,0.268394292956992,0,0,5.90196078431373,10.7777108251808,"GRIK2","GO_Biological_Process_2023","blue"
"Action Potential (GO:0001508)","1/35",0.161036575774195,0.268394292956992,0,0,5.90196078431373,10.7777108251808,"DMD","GO_Biological_Process_2023","blue"
"Intrinsic Apoptotic Signaling Pathway By P53 Class Mediator (GO:0072332)","1/35",0.161036575774195,0.268394292956992,0,0,5.90196078431373,10.7777108251808,"FHIT","GO_Biological_Process_2023","blue"
"Regulation Of Regulated Secretory Pathway (GO:1903305)","1/35",0.161036575774195,0.268394292956992,0,0,5.90196078431373,10.7777108251808,"RIMS2","GO_Biological_Process_2023","blue"
"Regulation Of Sodium Ion Transport (GO:0002028)","1/35",0.161036575774195,0.268394292956992,0,0,5.90196078431373,10.7777108251808,"NKAIN2","GO_Biological_Process_2023","blue"
"Skeletal Muscle Organ Development (GO:0060538)","1/35",0.161036575774195,0.268394292956992,0,0,5.90196078431373,10.7777108251808,"DMD","GO_Biological_Process_2023","blue"
"Regulation Of Cell Adhesion (GO:0030155)","2/144",0.162174238541576,0.269593772833291,0,0,2.83960908306985,5.16548737879535,"DSCAM;NRG1","GO_Biological_Process_2023","blue"
"Negative Regulation Of Protein Kinase B Signaling (GO:0051898)","1/36",0.165238740567014,0.272508586860801,0,0,5.73304473304473,10.3215669941692,"MAGI2","GO_Biological_Process_2023","blue"
"Histone H3 Acetylation (GO:0043966)","1/36",0.165238740567014,0.272508586860801,0,0,5.73304473304473,10.3215669941692,"SUPT3H","GO_Biological_Process_2023","blue"
"Regulation Of Receptor Internalization (GO:0002090)","1/36",0.165238740567014,0.272508586860801,0,0,5.73304473304473,10.3215669941692,"MAGI2","GO_Biological_Process_2023","blue"
"Central Nervous System Development (GO:0007417)","3/283",0.16874817701987,0.272508586860801,0,0,2.16715758468336,3.85612697682446,"ROBO2;AHI1;CNTNAP2","GO_Biological_Process_2023","blue"
"Negative Regulation Of Endothelial Cell Migration (GO:0010596)","1/37",0.169420067180126,0.272508586860801,0,0,5.57351290684624,9.89507014564132,"NRG1","GO_Biological_Process_2023","blue"
"Synaptic Vesicle Cycle (GO:0099504)","1/37",0.169420067180126,0.272508586860801,0,0,5.57351290684624,9.89507014564132,"NLGN1","GO_Biological_Process_2023","blue"
"Ventricular Septum Development (GO:0003281)","1/37",0.169420067180126,0.272508586860801,0,0,5.57351290684624,9.89507014564132,"ROBO2","GO_Biological_Process_2023","blue"
"Negative Regulation Of Smooth Muscle Cell Proliferation (GO:0048662)","1/37",0.169420067180126,0.272508586860801,0,0,5.57351290684624,9.89507014564132,"PRKG1","GO_Biological_Process_2023","blue"
"Aortic Valve Morphogenesis (GO:0003180)","1/37",0.169420067180126,0.272508586860801,0,0,5.57351290684624,9.89507014564132,"ROBO2","GO_Biological_Process_2023","blue"
"Regulation Of Phosphoprotein Phosphatase Activity (GO:0043666)","1/37",0.169420067180126,0.272508586860801,0,0,5.57351290684624,9.89507014564132,"MAGI2","GO_Biological_Process_2023","blue"
"Regulation Of Vascular Associated Smooth Muscle Cell Proliferation (GO:1904705)","1/37",0.169420067180126,0.272508586860801,0,0,5.57351290684624,9.89507014564132,"PRKG1","GO_Biological_Process_2023","blue"
"Muscle Tissue Development (GO:0060537)","1/37",0.169420067180126,0.272508586860801,0,0,5.57351290684624,9.89507014564132,"DMD","GO_Biological_Process_2023","blue"
"Regulation Of Cellular Component Biogenesis (GO:0044087)","1/37",0.169420067180126,0.272508586860801,0,0,5.57351290684624,9.89507014564132,"NRG1","GO_Biological_Process_2023","blue"
"Transmembrane Receptor Protein Tyrosine Kinase Signaling Pathway (GO:0007169)","3/284",0.169970623012711,0.272714059311439,0,0,2.1593352166416,3.82662198906307,"AHI1;EPHA6;NRG1","GO_Biological_Process_2023","blue"
"Regulation Of Neurotransmitter Secretion (GO:0046928)","1/38",0.173580657931626,0.275762375285464,0,0,5.42260442260442,9.49559255823113,"RIMS2","GO_Biological_Process_2023","blue"
"Calcium-Dependent Cell-Cell Adhesion Via Plasma Membrane Cell Adhesion Molecules (GO:0016339)","1/38",0.173580657931626,0.275762375285464,0,0,5.42260442260442,9.49559255823113,"NLGN1","GO_Biological_Process_2023","blue"
"Positive Regulation Of Axonogenesis (GO:0050772)","1/38",0.173580657931626,0.275762375285464,0,0,5.42260442260442,9.49559255823113,"ROBO2","GO_Biological_Process_2023","blue"
"Response To Peptide (GO:1901652)","1/38",0.173580657931626,0.275762375285464,0,0,5.42260442260442,9.49559255823113,"CACNA1A","GO_Biological_Process_2023","blue"
"Negative Regulation Of Proteasomal Protein Catabolic Process (GO:1901799)","1/39",0.17772061456847,0.277541144951164,0,0,5.27963849016481,9.12080010262218,"FHIT","GO_Biological_Process_2023","blue"
"Negative Regulation Of Transport (GO:0051051)","1/39",0.17772061456847,0.277541144951164,0,0,5.27963849016481,9.12080010262218,"NRG1","GO_Biological_Process_2023","blue"
"Anterograde Axonal Transport (GO:0008089)","1/39",0.17772061456847,0.277541144951164,0,0,5.27963849016481,9.12080010262218,"DLG2","GO_Biological_Process_2023","blue"
"Negative Regulation Of Ubiquitin-Dependent Protein Catabolic Process (GO:2000059)","1/39",0.17772061456847,0.277541144951164,0,0,5.27963849016481,9.12080010262218,"FHIT","GO_Biological_Process_2023","blue"
"Internal Peptidyl-Lysine Acetylation (GO:0018393)","1/39",0.17772061456847,0.277541144951164,0,0,5.27963849016481,9.12080010262218,"SUPT3H","GO_Biological_Process_2023","blue"
"Regulation Of Monoatomic Cation Transmembrane Transport (GO:1904062)","1/39",0.17772061456847,0.277541144951164,0,0,5.27963849016481,9.12080010262218,"KCNIP4","GO_Biological_Process_2023","blue"
"Neuron Projection Extension (GO:1990138)","1/39",0.17772061456847,0.277541144951164,0,0,5.27963849016481,9.12080010262218,"AUTS2","GO_Biological_Process_2023","blue"
"Regulation Of Cellular Component Organization (GO:0051128)","2/153",0.178142688387259,0.277541144951164,0,0,2.66914447898365,4.60472912764016,"NRG3;NRG1","GO_Biological_Process_2023","blue"
"Establishment Or Maintenance Of Epithelial Cell Apical/Basal Polarity (GO:0045197)","1/40",0.181840038445641,0.279254344755805,0,0,5.14400414400414,8.76861291991989,"DLG2","GO_Biological_Process_2023","blue"
"Synaptic Vesicle Endocytosis (GO:0048488)","1/40",0.181840038445641,0.279254344755805,0,0,5.14400414400414,8.76861291991989,"NLGN1","GO_Biological_Process_2023","blue"
"Negative Regulation Of Secretion By Cell (GO:1903531)","1/40",0.181840038445641,0.279254344755805,0,0,5.14400414400414,8.76861291991989,"IL1RAPL1","GO_Biological_Process_2023","blue"
"Aortic Valve Development (GO:0003176)","1/40",0.181840038445641,0.279254344755805,0,0,5.14400414400414,8.76861291991989,"ROBO2","GO_Biological_Process_2023","blue"
"Regulation Of Small Molecule Metabolic Process (GO:0062012)","1/40",0.181840038445641,0.279254344755805,0,0,5.14400414400414,8.76861291991989,"RORA","GO_Biological_Process_2023","blue"
"Cyclic-Nucleotide-Mediated Signaling (GO:0019935)","1/40",0.181840038445641,0.279254344755805,0,0,5.14400414400414,8.76861291991989,"PDE4D","GO_Biological_Process_2023","blue"
"Regulation Of Dendrite Development (GO:0050773)","1/41",0.185939030336605,0.283524053350142,0,0,5.01515151515152,8.43717221072756,"DCC","GO_Biological_Process_2023","blue"
"Synaptic Vesicle Exocytosis (GO:0016079)","1/41",0.185939030336605,0.283524053350142,0,0,5.01515151515152,8.43717221072756,"RIMS2","GO_Biological_Process_2023","blue"
"Regulation Of Heart Rate By Cardiac Conduction (GO:0086091)","1/41",0.185939030336605,0.283524053350142,0,0,5.01515151515152,8.43717221072756,"CACNA1C","GO_Biological_Process_2023","blue"
"Collagen Fibril Organization (GO:0030199)","1/42",0.190017690585897,0.287029064233967,0,0,4.89258438038926,8.12481204328322,"COL11A1","GO_Biological_Process_2023","blue"
"Negative Regulation Of I-kappaB kinase/NF-kappaB Signaling (GO:0043124)","1/42",0.190017690585897,0.287029064233967,0,0,4.89258438038926,8.12481204328322,"RORA","GO_Biological_Process_2023","blue"
"Embryonic Heart Tube Morphogenesis (GO:0003143)","1/42",0.190017690585897,0.287029064233967,0,0,4.89258438038926,8.12481204328322,"AHI1","GO_Biological_Process_2023","blue"
"Skeletal Muscle Tissue Development (GO:0007519)","1/42",0.190017690585897,0.287029064233967,0,0,4.89258438038926,8.12481204328322,"DMD","GO_Biological_Process_2023","blue"
"Regulation Of Filopodium Assembly (GO:0051489)","1/43",0.19407611900782,0.288431098525446,0,0,4.77585377585378,7.83003533696715,"NLGN1","GO_Biological_Process_2023","blue"
"Positive Regulation Of Receptor-Mediated Endocytosis (GO:0048260)","1/43",0.19407611900782,0.288431098525446,0,0,4.77585377585378,7.83003533696715,"MAGI2","GO_Biological_Process_2023","blue"
"Neurotransmitter Secretion (GO:0007269)","1/43",0.19407611900782,0.288431098525446,0,0,4.77585377585378,7.83003533696715,"RIMS2","GO_Biological_Process_2023","blue"
"Learning (GO:0007612)","1/43",0.19407611900782,0.288431098525446,0,0,4.77585377585378,7.83003533696715,"CNTNAP2","GO_Biological_Process_2023","blue"
"Response To Amyloid-Beta (GO:1904645)","1/43",0.19407611900782,0.288431098525446,0,0,4.77585377585378,7.83003533696715,"CACNA1A","GO_Biological_Process_2023","blue"
"Positive Regulation Of Cell-Matrix Adhesion (GO:0001954)","1/43",0.19407611900782,0.288431098525446,0,0,4.77585377585378,7.83003533696715,"NRG1","GO_Biological_Process_2023","blue"
"Ephrin Receptor Signaling Pathway (GO:0048013)","1/43",0.19407611900782,0.288431098525446,0,0,4.77585377585378,7.83003533696715,"EPHA6","GO_Biological_Process_2023","blue"
"Adenylate Cyclase-Modulating G Protein-Coupled Receptor Signaling Pathway (GO:0007188)","2/163",0.196156627809209,0.28952179619437,0,0,2.50209151983775,4.07551129848272,"RIMS2;ADGRB3","GO_Biological_Process_2023","blue"
"Nitrogen Compound Transport (GO:0071705)","2/163",0.196156627809209,0.28952179619437,0,0,2.50209151983775,4.07551129848272,"NRG1;LRP1B","GO_Biological_Process_2023","blue"
"Negative Regulation Of Cell Migration (GO:0030336)","2/163",0.196156627809209,0.28952179619437,0,0,2.50209151983775,4.07551129848272,"MAGI2;LDLRAD4","GO_Biological_Process_2023","blue"
"Synaptic Vesicle Recycling (GO:0036465)","1/44",0.1981144149655,0.290417721938062,0,0,4.6645525017618,7.55149331126355,"NLGN1","GO_Biological_Process_2023","blue"
"Neural Crest Cell Development (GO:0014032)","1/44",0.1981144149655,0.290417721938062,0,0,4.6645525017618,7.55149331126355,"NRG1","GO_Biological_Process_2023","blue"
"Positive Regulation Of Chemotaxis (GO:0050921)","1/44",0.1981144149655,0.290417721938062,0,0,4.6645525017618,7.55149331126355,"DSCAM","GO_Biological_Process_2023","blue"
"Positive Regulation Of mRNA Catabolic Process (GO:0061014)","1/45",0.202132677279174,0.295636228673622,0,0,4.55831037649219,7.28796784173202,"TNRC6A","GO_Biological_Process_2023","blue"
"Cardiac Conduction (GO:0061337)","1/46",0.206131004383124,0.300802031283065,0,0,4.45679012345679,7.03835624820852,"CACNA1C","GO_Biological_Process_2023","blue"
"Brain Development (GO:0007420)","2/169",0.207074000973685,0.30149600593234,0,0,2.4114627887083,3.79727995005478,"ROBO2;CNTNAP2","GO_Biological_Process_2023","blue"
"Regulation Of Wound Healing (GO:0061041)","1/47",0.210109494168341,0.304540727502427,0,0,4.3596837944664,6.80165814675797,"NRG1","GO_Biological_Process_2023","blue"
"Cognition (GO:0050890)","1/47",0.210109494168341,0.304540727502427,0,0,4.3596837944664,6.80165814675797,"CUX2","GO_Biological_Process_2023","blue"
"Heart Development (GO:0007507)","2/171",0.210728128748523,0.304752562876227,0,0,2.38268325081512,3.71028211013766,"SGCD;CACNA1C","GO_Biological_Process_2023","blue"
"Neuron Differentiation (GO:0030182)","2/173",0.21438891828933,0.309353137128899,0,0,2.35457691848669,3.6259626023678,"IL1RAPL1;DMD","GO_Biological_Process_2023","blue"
"Positive Regulation Of Cytokine Production (GO:0001819)","3/320",0.215524998025434,0.31029826724644,0,0,1.91059871865752,2.93215453882833,"PDE4D;PDE4B;RORA","GO_Biological_Process_2023","blue"
"Blood Circulation (GO:0008015)","1/50",0.221926911560385,0.317389928949996,0,0,4.09214594928881,6.16034588762116,"SGCD","GO_Biological_Process_2023","blue"
"Positive Regulation Of Developmental Growth (GO:0048639)","1/50",0.221926911560385,0.317389928949996,0,0,4.09214594928881,6.16034588762116,"RIMS2","GO_Biological_Process_2023","blue"
"Negative Regulation Of Cell Projection Organization (GO:0031345)","1/50",0.221926911560385,0.317389928949996,0,0,4.09214594928881,6.16034588762116,"DCC","GO_Biological_Process_2023","blue"
"SMAD Protein Signal Transduction (GO:0060395)","1/51",0.225827021656465,0.318727415685821,0,0,4.01010101010101,5.96697401593565,"MAGI2","GO_Biological_Process_2023","blue"
"Amide Biosynthetic Process (GO:0043604)","1/51",0.225827021656465,0.318727415685821,0,0,4.01010101010101,5.96697401593565,"DMD","GO_Biological_Process_2023","blue"
"Regulation Of Smoothened Signaling Pathway (GO:0008589)","1/51",0.225827021656465,0.318727415685821,0,0,4.01010101010101,5.96697401593565,"RORA","GO_Biological_Process_2023","blue"
"Regulated Exocytosis (GO:0045055)","1/51",0.225827021656465,0.318727415685821,0,0,4.01010101010101,5.96697401593565,"RIMS2","GO_Biological_Process_2023","blue"
"Positive Regulation Of Ras Protein Signal Transduction (GO:0046579)","1/51",0.225827021656465,0.318727415685821,0,0,4.01010101010101,5.96697401593565,"AUTS2","GO_Biological_Process_2023","blue"
"Sensory Perception (GO:0007600)","1/51",0.225827021656465,0.318727415685821,0,0,4.01010101010101,5.96697401593565,"PCDH15","GO_Biological_Process_2023","blue"
"RNA Splicing, Via Transesterification Reactions With Bulged Adenosine As Nucleophile (GO:0000377)","2/180",0.227247144429194,0.320031458857707,0,0,2.26117862875487,3.35042706699839,"SNRPN;RNPC3","GO_Biological_Process_2023","blue"
"Actin Cytoskeleton Reorganization (GO:0031532)","1/53",0.233569272224541,0.328218258354747,0,0,3.85547785547786,5.60693113764998,"AUTS2","GO_Biological_Process_2023","blue"
"Regulation Of Focal Adhesion Assembly (GO:0051893)","1/54",0.237411602446854,0.331451263156322,0,0,3.78254240518391,5.43914439332398,"NRG1","GO_Biological_Process_2023","blue"
"Regulation Of Lipid Metabolic Process (GO:0019216)","1/54",0.237411602446854,0.331451263156322,0,0,3.78254240518391,5.43914439332398,"RORA","GO_Biological_Process_2023","blue"
"Regulation Of Blood Vessel Endothelial Cell Migration (GO:0043535)","1/54",0.237411602446854,0.331451263156322,0,0,3.78254240518391,5.43914439332398,"NRG1","GO_Biological_Process_2023","blue"
"Phosphatidylcholine Metabolic Process (GO:0046470)","1/55",0.241234861655302,0.335337253809633,0,0,3.71230826786382,5.27884403782842,"SLC44A5","GO_Biological_Process_2023","blue"
"Regulation Of Synaptic Transmission, Glutamatergic (GO:0051966)","1/55",0.241234861655302,0.335337253809633,0,0,3.71230826786382,5.27884403782842,"NLGN1","GO_Biological_Process_2023","blue"
"Cellular Response To Peptide (GO:1901653)","1/56",0.245039143568043,0.339893005594383,0,0,3.64462809917355,5.12557648253206,"CACNA1A","GO_Biological_Process_2023","blue"
"Striated Muscle Contraction (GO:0006941)","1/57",0.248824541413001,0.344403066977222,0,0,3.57936507936508,4.97892289699759,"DMD","GO_Biological_Process_2023","blue"
"Neuron Projection Development (GO:0031175)","2/192",0.249408486067724,0.344472106025015,0,0,2.11707841031149,2.93990892306422,"CNTNAP2;NLGN1","GO_Biological_Process_2023","blue"
"Regulation Of Signal Transduction (GO:0009966)","2/193",0.251259665145857,0.345905075232767,0,0,2.10588738113046,2.90879559265599,"RORA;RGS6","GO_Biological_Process_2023","blue"
"Eye Development (GO:0001654)","1/58",0.252591147960672,0.345905075232767,0,0,3.5163919900762,4.83849599837867,"CACNA1C","GO_Biological_Process_2023","blue"
"Glycosaminoglycan Biosynthetic Process (GO:0006024)","1/58",0.252591147960672,0.345905075232767,0,0,3.5163919900762,4.83849599837867,"CHSY3","GO_Biological_Process_2023","blue"
"Memory (GO:0007613)","1/58",0.252591147960672,0.345905075232767,0,0,3.5163919900762,4.83849599837867,"CUX2","GO_Biological_Process_2023","blue"
"Negative Regulation Of Protein-Containing Complex Assembly (GO:0031333)","1/59",0.256339055642632,0.349553257694498,0,0,3.45559038662487,4.70393718537215,"LDLRAD4","GO_Biological_Process_2023","blue"
"Protein Targeting To Mitochondrion (GO:0006626)","1/59",0.256339055642632,0.349553257694498,0,0,3.45559038662487,4.70393718537215,"IMMP2L","GO_Biological_Process_2023","blue"
"Negative Regulation Of Peptidase Activity (GO:0010466)","1/60",0.260068356267662,0.353145452195036,0,0,3.39684985447697,4.57491398098809,"NRG1","GO_Biological_Process_2023","blue"
"Histone Acetylation (GO:0016573)","1/60",0.260068356267662,0.353145452195036,0,0,3.39684985447697,4.57491398098809,"SUPT3H","GO_Biological_Process_2023","blue"
"Regulation Of Pathway-Restricted SMAD Protein Phosphorylation (GO:0060393)","1/61",0.263779141308675,0.357431819630453,0,0,3.34006734006734,4.45111773409346,"LDLRAD4","GO_Biological_Process_2023","blue"
"Organic Substance Transport (GO:0071702)","2/201",0.266080599970853,0.359794521973166,0,0,2.02040816326531,2.67493152775878,"NRG1;LRP1B","GO_Biological_Process_2023","blue"
"Regulation Of Secretion By Cell (GO:1903530)","1/64",0.274801310842782,0.370809300195804,0,0,3.18053551386885,4.10831982313615,"RIMS2","GO_Biological_Process_2023","blue"
"Negative Regulation Of Cell Differentiation (GO:0045596)","2/207",0.277199672471101,0.373264694663592,0,0,1.96067695370831,2.51558224197517,"RORA;LDLRAD4","GO_Biological_Process_2023","blue"
"Antimicrobial Humoral Immune Response Mediated By Antimicrobial Peptide (GO:0061844)","1/65",0.278438939213788,0.374152324568528,0,0,3.13068181818182,4.00275356439037,"NRG1","GO_Biological_Process_2023","blue"
"Negative Regulation Of Endopeptidase Activity (GO:0010951)","1/66",0.282058502576368,0.377443431870866,0,0,3.08236208236208,3.90116313048372,"NRG1","GO_Biological_Process_2023","blue"
"Peptidyl-Threonine Modification (GO:0018210)","1/66",0.282058502576368,0.377443431870866,0,0,3.08236208236208,3.90116313048372,"GALNTL6","GO_Biological_Process_2023","blue"
"mRNA Splicing, Via Spliceosome (GO:0000398)","2/211",0.284608511779544,0.380067267283242,0,0,1.92276144907724,2.41622026619919,"SNRPN;RNPC3","GO_Biological_Process_2023","blue"
"Protein Secretion (GO:0009306)","1/67",0.285660089808726,0.380683384145926,0,0,3.03550658096113,3.80334608196671,"RIMS2","GO_Biological_Process_2023","blue"
"mRNA Processing (GO:0006397)","2/214",0.290161134004554,0.385090393894933,0,0,1.89526376588371,2.34504563216826,"SNRPN;RNPC3","GO_Biological_Process_2023","blue"
"Regulation Of GTPase Activity (GO:0043087)","2/214",0.290161134004554,0.385090393894933,0,0,1.89526376588371,2.34504563216826,"RGS6;PRKG1","GO_Biological_Process_2023","blue"
"Regulation Of Endopeptidase Activity (GO:0052548)","1/69",0.29280968888067,0.386163293234896,0,0,2.94592988710636,3.61828655610275,"NRG1","GO_Biological_Process_2023","blue"
"Regulation Of Monoatomic Ion Transmembrane Transporter Activity (GO:0032412)","1/69",0.29280968888067,0.386163293234896,0,0,2.94592988710636,3.61828655610275,"NLGN1","GO_Biological_Process_2023","blue"
"Sulfur Compound Biosynthetic Process (GO:0044272)","1/70",0.296357876203525,0.386163293234896,0,0,2.9030888596106,3.53070042231205,"CHSY3","GO_Biological_Process_2023","blue"
"Positive Regulation Of Protein Transport (GO:0051222)","1/70",0.296357876203525,0.386163293234896,0,0,2.9030888596106,3.53070042231205,"FRMD4A","GO_Biological_Process_2023","blue"
"Neutrophil Chemotaxis (GO:0030593)","1/70",0.296357876203525,0.386163293234896,0,0,2.9030888596106,3.53070042231205,"PDE4B","GO_Biological_Process_2023","blue"
"Regulation Of G Protein-Coupled Receptor Signaling Pathway (GO:0008277)","1/70",0.296357876203525,0.386163293234896,0,0,2.9030888596106,3.53070042231205,"RGS6","GO_Biological_Process_2023","blue"
"Regulation Of Actin Filament Polymerization (GO:0030833)","1/70",0.296357876203525,0.386163293234896,0,0,2.9030888596106,3.53070042231205,"SSH2","GO_Biological_Process_2023","blue"
"Regulation Of Actin Filament-Based Process (GO:0032970)","1/70",0.296357876203525,0.386163293234896,0,0,2.9030888596106,3.53070042231205,"NRG1","GO_Biological_Process_2023","blue"
"Sensory Organ Development (GO:0007423)","1/70",0.296357876203525,0.386163293234896,0,0,2.9030888596106,3.53070042231205,"AHI1","GO_Biological_Process_2023","blue"
"Regulation Of Hydrolase Activity (GO:0051336)","1/71",0.299888438313403,0.388409724321576,0,0,2.86147186147186,3.44619860155019,"PRKG1","GO_Biological_Process_2023","blue"
"Negative Regulation Of Supramolecular Fiber Organization (GO:1902904)","1/71",0.299888438313403,0.388409724321576,0,0,2.86147186147186,3.44619860155019,"SSH2","GO_Biological_Process_2023","blue"
"Kidney Development (GO:0001822)","1/71",0.299888438313403,0.388409724321576,0,0,2.86147186147186,3.44619860155019,"ROBO2","GO_Biological_Process_2023","blue"
"Cellular Response To Hypoxia (GO:0071456)","1/72",0.303401461859655,0.391387885798955,0,0,2.82102717313985,3.36463457832852,"RORA","GO_Biological_Process_2023","blue"
"Cholesterol Homeostasis (GO:0042632)","1/72",0.303401461859655,0.391387885798955,0,0,2.82102717313985,3.36463457832852,"RORA","GO_Biological_Process_2023","blue"
"Sterol Homeostasis (GO:0055092)","1/73",0.306897033111884,0.392755131661042,0,0,2.78170594837262,3.28587063696556,"RORA","GO_Biological_Process_2023","blue"
"Granulocyte Chemotaxis (GO:0071621)","1/73",0.306897033111884,0.392755131661042,0,0,2.78170594837262,3.28587063696556,"PDE4B","GO_Biological_Process_2023","blue"
"Positive Regulation Of Secretion By Cell (GO:1903532)","1/73",0.306897033111884,0.392755131661042,0,0,2.78170594837262,3.28587063696556,"FRMD4A","GO_Biological_Process_2023","blue"
"Cellular Response To Decreased Oxygen Levels (GO:0036294)","1/73",0.306897033111884,0.392755131661042,0,0,2.78170594837262,3.28587063696556,"RORA","GO_Biological_Process_2023","blue"
"Gland Development (GO:0048732)","1/74",0.310375237892897,0.396419858298848,0,0,2.74346201743462,3.20977722405069,"NRG1","GO_Biological_Process_2023","blue"
"Regulation Of Fat Cell Differentiation (GO:0045598)","1/75",0.313836161648445,0.399664195331788,0,0,2.70625170625171,3.13623236372496,"RORA","GO_Biological_Process_2023","blue"
"Regulation Of Cell Growth (GO:0001558)","2/227",0.314154646563126,0.399664195331788,0,0,1.78458049886621,2.06631206042599,"NRG3;NRG1","GO_Biological_Process_2023","blue"
"Cellular Response To Lipid (GO:0071396)","2/228",0.315994207705089,0.401213118050752,0,0,1.77659382337006,2.04669186176984,"PDE4B;RORA","GO_Biological_Process_2023","blue"
"Positive Regulation Of Protein Secretion (GO:0050714)","1/76",0.317279889350664,0.402054083754771,0,0,2.67003367003367,3.0651211233087,"FRMD4A","GO_Biological_Process_2023","blue"
"Negative Regulation Of Transforming Growth Factor Beta Receptor Signaling Pathway (GO:0030512)","1/77",0.320706505558706,0.40322747774925,0,0,2.6347687400319,2.99633512170869,"LDLRAD4","GO_Biological_Process_2023","blue"
"Neutrophil Migration (GO:1990266)","1/77",0.320706505558706,0.40322747774925,0,0,2.6347687400319,2.99633512170869,"PDE4B","GO_Biological_Process_2023","blue"
"Cell Morphogenesis Involved In Neuron Differentiation (GO:0048667)","1/77",0.320706505558706,0.40322747774925,0,0,2.6347687400319,2.99633512170869,"DCC","GO_Biological_Process_2023","blue"
"Negative Regulation Of Blood Vessel Morphogenesis (GO:2000181)","1/77",0.320706505558706,0.40322747774925,0,0,2.6347687400319,2.99633512170869,"NRG1","GO_Biological_Process_2023","blue"
"Negative Regulation Of Protein Modification Process (GO:0031400)","1/78",0.324116094429913,0.406721558185396,0,0,2.60041978223796,2.92977207832515,"DMD","GO_Biological_Process_2023","blue"
"Regulation Of Neuron Differentiation (GO:0045664)","1/79",0.32750873980153,0.409385924751912,0,0,2.56695156695157,2.86533539771871,"NLGN1","GO_Biological_Process_2023","blue"
"Positive Regulation Of Endocytosis (GO:0045807)","1/79",0.32750873980153,0.409385924751912,0,0,2.56695156695157,2.86533539771871,"NLGN1","GO_Biological_Process_2023","blue"
"Positive Regulation Of Immune Response (GO:0050778)","1/80",0.330884524972772,0.412008723180382,0,0,2.5343306482547,2.80293378962301,"NRG1","GO_Biological_Process_2023","blue"
"Wound Healing (GO:0042060)","1/80",0.330884524972772,0.412008723180382,0,0,2.5343306482547,2.80293378962301,"NRG1","GO_Biological_Process_2023","blue"
"Activation Of Protein Kinase Activity (GO:0032147)","1/81",0.334243532854352,0.414590535944341,0,0,2.50252525252525,2.74248091594401,"NRG1","GO_Biological_Process_2023","blue"
"Histone Modification (GO:0016570)","1/81",0.334243532854352,0.414590535944341,0,0,2.50252525252525,2.74248091594401,"SUPT3H","GO_Biological_Process_2023","blue"
"Regulation Of Phosphorylation (GO:0042325)","1/82",0.337585846063778,0.417131936228232,0,0,2.47150517520888,2.68389506560141,"DSCAM","GO_Biological_Process_2023","blue"
"Cellular Response To Organic Substance (GO:0071310)","1/82",0.337585846063778,0.417131936228232,0,0,2.47150517520888,2.68389506560141,"ROBO2","GO_Biological_Process_2023","blue"
"Regulation Of Epithelial To Mesenchymal Transition (GO:0010717)","1/83",0.340911546721369,0.420435846338973,0,0,2.44124168514412,2.62709885646942,"LDLRAD4","GO_Biological_Process_2023","blue"
"Establishment Of Protein Localization To Organelle (GO:0072594)","1/85",0.347513436866072,0.426945079578317,0,0,2.38287638287638,2.51858583349566,"LRRC7","GO_Biological_Process_2023","blue"
"Calcium-Mediated Signaling (GO:0019722)","1/85",0.347513436866072,0.426945079578317,0,0,2.38287638287638,2.51858583349566,"CACNA1C","GO_Biological_Process_2023","blue"
"Negative Regulation Of Angiogenesis (GO:0016525)","1/86",0.350789788685405,0.430150976619935,0,0,2.35472370766488,2.46673350535558,"NRG1","GO_Biological_Process_2023","blue"
"Glucose Homeostasis (GO:0042593)","1/87",0.354049852499014,0.433324772033897,0,0,2.3272257458304,2.41639933353241,"MBD5","GO_Biological_Process_2023","blue"
"Regulation Of Vesicle-Mediated Transport (GO:0060627)","1/89",0.360521436424534,0.440409709268608,0,0,2.27410468319559,2.32005037808893,"RIMS2","GO_Biological_Process_2023","blue"
"Regulation Of Peptidyl-Tyrosine Phosphorylation (GO:0050730)","1/90",0.363733115678147,0.443493118359934,0,0,2.24843945068664,2.27392523969427,"NRG1","GO_Biological_Process_2023","blue"
"Regulation Of RNA Metabolic Process (GO:0051252)","1/91",0.366928825262423,0.445704505262265,0,0,2.22334455667789,2.22909720803597,"SUPT3H","GO_Biological_Process_2023","blue"
"Regulation Of Actin Cytoskeleton Organization (GO:0032956)","1/91",0.366928825262423,0.445704505262265,0,0,2.22334455667789,2.22909720803597,"NRG1","GO_Biological_Process_2023","blue"
"Protein O-linked Glycosylation (GO:0006493)","1/93",0.373272649434986,0.451708928490742,0,0,2.1747913921827,2.14313983216348,"GALNTL6","GO_Biological_Process_2023","blue"
"Positive Regulation Of Cellular Component Biogenesis (GO:0044089)","1/93",0.373272649434986,0.451708928490742,0,0,2.1747913921827,2.14313983216348,"NRG1","GO_Biological_Process_2023","blue"
"Cellular Component Assembly (GO:0022607)","2/260",0.374126034355235,0.451893805541436,0,0,1.55370985603544,1.52754934103903,"NLGN1;DMD","GO_Biological_Process_2023","blue"
"Cellular Response To Hormone Stimulus (GO:0032870)","1/94",0.376420920115876,0.45381587565372,0,0,2.15129792549147,2.10191981526176,"ROBO2","GO_Biological_Process_2023","blue"
"Positive Regulation Of Protein-Containing Complex Assembly (GO:0031334)","1/98",0.388858196397513,0.46793570275447,0,0,2.06216807247735,1.94780133547852,"NRG1","GO_Biological_Process_2023","blue"
"Axon Development (GO:0061564)","1/99",0.391928946523868,0.470752645266099,0,0,2.0410224695939,1.91177413897195,"DCC","GO_Biological_Process_2023","blue"
"Antimicrobial Humoral Response (GO:0019730)","1/100",0.394984420817951,0.473540801909997,0,0,2.02030405060708,1.87667852610055,"NRG1","GO_Biological_Process_2023","blue"
"Visual Perception (GO:0007601)","1/101",0.398024694482133,0.47630042289606,0,0,2,1.84248245836996,"COL11A1","GO_Biological_Process_2023","blue"
"Regulation Of Protein Secretion (GO:0050708)","1/102",0.401049842395342,0.478146300083172,0,0,1.98009800980098,1.80915528558786,"FRMD4A","GO_Biological_Process_2023","blue"
"Regulation Of RNA Splicing (GO:0043484)","1/102",0.401049842395342,0.478146300083172,0,0,1.98009800980098,1.80915528558786,"SUPT3H","GO_Biological_Process_2023","blue"
"Intrinsic Apoptotic Signaling Pathway (GO:0097193)","1/105",0.410035274847405,0.487957107521359,0,0,1.92268842268842,1.71409996792236,"FHIT","GO_Biological_Process_2023","blue"
"Monoatomic Cation Transmembrane Transport (GO:0098655)","2/281",0.411218266413723,0.488463686624036,0,0,1.43522785458269,1.27538816976658,"CACNA1A;CACNA1C","GO_Biological_Process_2023","blue"
"Positive Regulation Of Cell Growth (GO:0030307)","1/106",0.413000661133786,0.48967909270458,0,0,1.9042809042809,1.68396719161278,"RIMS2","GO_Biological_Process_2023","blue"
"Regulation Of Cellular Response To Stress (GO:0080135)","1/107",0.41595129052059,0.49104039873124,0,0,1.88622069754145,1.65456849319568,"SUPT3H","GO_Biological_Process_2023","blue"
"Negative Regulation Of Translation (GO:0017148)","1/107",0.41595129052059,0.49104039873124,0,0,1.88622069754145,1.65456849319568,"TNRC6A","GO_Biological_Process_2023","blue"
"Inorganic Cation Transmembrane Transport (GO:0098662)","2/284",0.416432710241842,0.49104039873124,0,0,1.41974236503112,1.24373745840653,"CACNA1A;CACNA1C","GO_Biological_Process_2023","blue"
"Glycerophospholipid Biosynthetic Process (GO:0046474)","1/108",0.41888723576301,0.493033334064127,0,0,1.86849806475975,1.62588017253325,"SLC44A5","GO_Biological_Process_2023","blue"
"Negative Regulation Of Developmental Process (GO:0051093)","1/109",0.421808569139365,0.493768651714865,0,0,1.85110362888141,1.59787949320038,"DCC","GO_Biological_Process_2023","blue"
"Extracellular Structure Organization (GO:0043062)","1/109",0.421808569139365,0.493768651714865,0,0,1.85110362888141,1.59787949320038,"COL11A1","GO_Biological_Process_2023","blue"
"Regulation Of Proteasomal Ubiquitin-Dependent Protein Catabolic Process (GO:0032434)","1/109",0.421808569139365,0.493768651714865,0,0,1.85110362888141,1.59787949320038,"FHIT","GO_Biological_Process_2023","blue"
"External Encapsulating Structure Organization (GO:0045229)","1/110",0.424715362613925,0.495373252958375,0,0,1.83402835696414,1.57054463447437,"COL11A1","GO_Biological_Process_2023","blue"
"Adenylate Cyclase-Activating G Protein-Coupled Receptor Signaling Pathway (GO:0007189)","1/110",0.424715362613925,0.495373252958375,0,0,1.83402835696414,1.57054463447437,"ADGRB3","GO_Biological_Process_2023","blue"
"Negative Regulation Of Inflammatory Response (GO:0050728)","1/111",0.427607687964041,0.496055681181306,0,0,1.81726354453627,1.54385464626272,"RORA","GO_Biological_Process_2023","blue"
"RNA Metabolic Process (GO:0016070)","1/111",0.427607687964041,0.496055681181306,0,0,1.81726354453627,1.54385464626272,"ADARB2","GO_Biological_Process_2023","blue"
"Regulation Of Transforming Growth Factor Beta Receptor Signaling Pathway (GO:0017015)","1/111",0.427607687964041,0.496055681181306,0,0,1.81726354453627,1.54385464626272,"LDLRAD4","GO_Biological_Process_2023","blue"
"Negative Regulation Of Defense Response (GO:0031348)","1/112",0.43048561638067,0.498497706580848,0,0,1.8008008008008,1.51778940882089,"RORA","GO_Biological_Process_2023","blue"
"Positive Regulation Of Cellular Component Organization (GO:0051130)","1/113",0.433349218837219,0.500914419623667,0,0,1.78463203463203,1.4923295915181,"NRG1","GO_Biological_Process_2023","blue"
"Protein Processing (GO:0016485)","1/117",0.444661775482094,0.512155080689197,0,0,1.72274468826193,1.39618351518444,"IMMP2L","GO_Biological_Process_2023","blue"
"Cellular Response To Molecule Of Bacterial Origin (GO:0071219)","1/117",0.444661775482094,0.512155080689197,0,0,1.72274468826193,1.39618351518444,"PDE4B","GO_Biological_Process_2023","blue"
"Regulation Of Protein-Containing Complex Assembly (GO:0043254)","1/119",0.450233917137087,0.517648621307346,0,0,1.69337442218798,1.35129249451638,"NRG1","GO_Biological_Process_2023","blue"
"Negative Regulation Of Growth (GO:0045926)","1/124",0.463923277206856,0.528675819431842,0,0,1.62412745339575,1.2473885010387,"NRG1","GO_Biological_Process_2023","blue"
"Protein Dephosphorylation (GO:0006470)","1/124",0.463923277206856,0.528675819431842,0,0,1.62412745339575,1.2473885010387,"SSH2","GO_Biological_Process_2023","blue"
"Cellular Response To Lipopolysaccharide (GO:0071222)","1/124",0.463923277206856,0.528675819431842,0,0,1.62412745339575,1.2473885010387,"PDE4B","GO_Biological_Process_2023","blue"
"Regulation Of DNA Metabolic Process (GO:0051052)","1/124",0.463923277206856,0.528675819431842,0,0,1.62412745339575,1.2473885010387,"SUPT3H","GO_Biological_Process_2023","blue"
"Enzyme-Linked Receptor Protein Signaling Pathway (GO:0007167)","1/124",0.463923277206856,0.528675819431842,0,0,1.62412745339575,1.2473885010387,"AHI1","GO_Biological_Process_2023","blue"
"Regulation Of Mitotic Cell Cycle (GO:0007346)","1/125",0.46662037707619,0.530811540060216,0,0,1.61094819159335,1.22792793965158,"TTC28","GO_Biological_Process_2023","blue"
"Protein-Containing Complex Organization (GO:0043933)","1/126",0.469304042324134,0.532924484681455,0,0,1.5979797979798,1.20887881651748,"DMD","GO_Biological_Process_2023","blue"
"Regulation Of Response To External Stimulus (GO:0032101)","1/127",0.471974339207137,0.535014848486122,0,0,1.58521725188392,1.19022971699885,"NRG1","GO_Biological_Process_2023","blue"
"Protein Targeting (GO:0006605)","1/129",0.477275091201804,0.538571965824036,0,0,1.5602904040404,1.15408790031601,"NLGN1","GO_Biological_Process_2023","blue"
"Regulation Of DNA Repair (GO:0006282)","1/129",0.477275091201804,0.538571965824036,0,0,1.5602904040404,1.15408790031601,"SUPT3H","GO_Biological_Process_2023","blue"
"Protein Modification Process (GO:0036211)","4/711",0.477617309226897,0.538571965824036,0,0,1.13112918434701,0.835842792934665,"EPHA6;MACROD2;SSH2;PRKG1","GO_Biological_Process_2023","blue"
"Transmembrane Receptor Protein Serine/Threonine Kinase Signaling Pathway (GO:0007178)","1/130",0.479905677193982,0.540207961239299,0,0,1.54811682718659,1.13657427447839,"MAGI2","GO_Biological_Process_2023","blue"
"Circulatory System Development (GO:0072359)","1/132",0.485127594032975,0.545134665768761,0,0,1.52432724188449,1.1026119616962,"CACNA1C","GO_Biological_Process_2023","blue"
"Protein-Containing Complex Assembly (GO:0065003)","2/328",0.490076935611151,0.549738475598595,0,0,1.22536622010767,0.873922474296664,"NRG1;DMD","GO_Biological_Process_2023","blue"
"Regulation Of Protein Kinase B Signaling (GO:0051896)","1/136",0.49541620618668,0.55476293921946,0,0,1.47886270108492,1.03868964279636,"MAGI2","GO_Biological_Process_2023","blue"
"Protein Localization To Plasma Membrane (GO:0072659)","1/137",0.497956392525298,0.556641028039544,0,0,1.46791443850267,1.02349273069514,"KCNIP4","GO_Biological_Process_2023","blue"
"Negative Regulation Of Cellular Process (GO:0048523)","3/537",0.505397087123474,0.563981178537441,0,0,1.12162631761844,0.765409966042434,"DSCAM;MAGI2;NRG1","GO_Biological_Process_2023","blue"
"Protein Localization To Cell Periphery (GO:1990778)","1/142",0.510468659235617,0.568656796557811,0,0,1.41550254316212,0.951820763413215,"KCNIP4","GO_Biological_Process_2023","blue"
"Negative Regulation Of Response To External Stimulus (GO:0032102)","1/146",0.520255772624573,0.578560298866982,0,0,1.37617554858934,0.899240881378034,"RORA","GO_Biological_Process_2023","blue"
"Protein Glycosylation (GO:0006486)","1/147",0.522672127159014,0.579250037830866,0,0,1.36668050366681,0.886703567337748,"GALNTL6","GO_Biological_Process_2023","blue"
"Dephosphorylation (GO:0016311)","1/147",0.522672127159014,0.579250037830866,0,0,1.36668050366681,0.886703567337748,"SSH2","GO_Biological_Process_2023","blue"
"Defense Response To Symbiont (GO:0140546)","1/148",0.525076432202193,0.58091646444325,0,0,1.35731464302893,0.874397623216168,"AGBL4","GO_Biological_Process_2023","blue"
"Protein Localization (GO:0008104)","2/351",0.526234479058159,0.581200751699508,0,0,1.1432664756447,0.73398666696496,"AHI1;DMD","GO_Biological_Process_2023","blue"
"Cellular Response To Organic Cyclic Compound (GO:0071407)","1/152",0.534574342306715,0.589402479979199,0,0,1.32109171182019,0.827379223374853,"RORA","GO_Biological_Process_2023","blue"
"Epithelium Development (GO:0060429)","1/154",0.539252532966754,0.593545876729619,0,0,1.30369049976893,0.805121832204194,"AHI1","GO_Biological_Process_2023","blue"
"Positive Regulation Of Response To External Stimulus (GO:0032103)","1/155",0.54157414062889,0.594073674669446,0,0,1.29515938606848,0.794289267227046,"NRG1","GO_Biological_Process_2023","blue"
"Cellular Response To Growth Factor Stimulus (GO:0071363)","1/155",0.54157414062889,0.594073674669446,0,0,1.29515938606848,0.794289267227046,"MAGI2","GO_Biological_Process_2023","blue"
"Peptide Biosynthetic Process (GO:0043043)","1/158",0.548469701786421,0.600616226913823,0,0,1.27021810461301,0.762922512360618,"DMD","GO_Biological_Process_2023","blue"
"Response To Lipopolysaccharide (GO:0032496)","1/159",0.550745324592532,0.602085990444378,0,0,1.26211481907684,0.75282975911799,"PDE4B","GO_Biological_Process_2023","blue"
"Regulation Of Macromolecule Metabolic Process (GO:0060255)","1/162",0.557504289374834,0.608443767591824,0,0,1.23840893406111,0.723583865255002,"NRG1","GO_Biological_Process_2023","blue"
"Negative Regulation Of Cell Population Proliferation (GO:0008285)","2/379",0.567898224526514,0.6187404642223,0,0,1.05683971201213,0.597973709784798,"MAGI2;NRG1","GO_Biological_Process_2023","blue"
"Positive Regulation Of Hydrolase Activity (GO:0051345)","1/176",0.587738595192884,0.638200999830657,0,0,1.13852813852814,0.60509696073503,"RGS6","GO_Biological_Process_2023","blue"
"Extracellular Matrix Organization (GO:0030198)","1/176",0.587738595192884,0.638200999830657,0,0,1.13852813852814,0.60509696073503,"COL11A1","GO_Biological_Process_2023","blue"
"Positive Regulation Of ERK1 And ERK2 Cascade (GO:0070374)","1/179",0.593946292416423,0.64385774556066,0,0,1.11916922029282,0.583049537879414,"NRG1","GO_Biological_Process_2023","blue"
"Vesicle-Mediated Transport (GO:0016192)","2/411",0.612247498395652,0.662233595795478,0,0,0.972556259667681,0.477154257721564,"AHI1;LRRC7","GO_Biological_Process_2023","blue"
"Defense Response To Virus (GO:0051607)","1/189",0.613977814396427,0.662233595795478,0,0,1.05910165484634,0.516626063848475,"AGBL4","GO_Biological_Process_2023","blue"
"Endocytosis (GO:0006897)","1/189",0.613977814396427,0.662233595795478,0,0,1.05910165484634,0.516626063848475,"LRP1B","GO_Biological_Process_2023","blue"
"Regulation Of Cell Differentiation (GO:0045595)","1/193",0.621713652685644,0.669457939870184,0,0,1.0368265993266,0.492778443916668,"NLGN1","GO_Biological_Process_2023","blue"
"Phosphorylation (GO:0016310)","2/429",0.635650212203609,0.683323978118879,0,0,0.93069827462601,0.421705761421106,"EPHA6;PRKG1","GO_Biological_Process_2023","blue"
"Regulation Of Cell Migration (GO:0030334)","2/434",0.641954504111114,0.688952837190796,0,0,0.919690098261527,0.407641456001602,"MAGI2;LDLRAD4","GO_Biological_Process_2023","blue"
"Regulation Of Angiogenesis (GO:0045765)","1/205",0.644012133765147,0.690013000462657,0,0,0.975242622301446,0.429143531972285,"NRG1","GO_Biological_Process_2023","blue"
"Regulation Of Nucleic Acid-Templated Transcription (GO:1903506)","2/452",0.663948543333866,0.710193715506374,0,0,0.882086167800454,0.361258943520906,"RORA;SUPT3H","GO_Biological_Process_2023","blue"
"Cilium Organization (GO:0044782)","1/228",0.683175898430978,0.729550421337716,0,0,0.875406042806924,0.333532253769872,"AHI1","GO_Biological_Process_2023","blue"
"Negative Regulation Of Multicellular Organismal Process (GO:0051241)","1/231",0.687959009576293,0.7322335993015,0,0,0.863855950812473,0.323104604801154,"LDLRAD4","GO_Biological_Process_2023","blue"
"Positive Regulation Of Phosphorylation (GO:0042327)","1/231",0.687959009576293,0.7322335993015,0,0,0.863855950812473,0.323104604801154,"DSCAM","GO_Biological_Process_2023","blue"
"Regulation Of I-kappaB kinase/NF-kappaB Signaling (GO:0043122)","1/232",0.689537438477132,0.73270452688262,0,0,0.860072587345315,0.319718468488941,"RORA","GO_Biological_Process_2023","blue"
"Positive Regulation Of Developmental Process (GO:0051094)","1/233",0.691107962443606,0.733165519368628,0,0,0.85632183908046,0.316376004340495,"NLGN1","GO_Biological_Process_2023","blue"
"Positive Regulation Of GTPase Activity (GO:0043547)","1/234",0.692670620678898,0.733616667221493,0,0,0.852603286079681,0.313076512912352,"RGS6","GO_Biological_Process_2023","blue"
"Regulation Of Inflammatory Response (GO:0050727)","1/240",0.701883560113874,0.742155567661392,0,0,0.830945437639998,0.294144512073152,"RORA","GO_Biological_Process_2023","blue"
"Cilium Assembly (GO:0060271)","1/243",0.706386958483719,0.745694907073648,0,0,0.820519242006845,0.285205999695782,"AHI1","GO_Biological_Process_2023","blue"
"Regulation Of ERK1 And ERK2 Cascade (GO:0070372)","1/244",0.707873072911603,0.746042699392131,0,0,0.817101051668953,0.282300632023774,"NRG1","GO_Biological_Process_2023","blue"
"Positive Regulation Of Programmed Cell Death (GO:0043068)","1/245",0.709351740244625,0.746381521138308,0,0,0.81371087928465,0.279431381953944,"NRG1","GO_Biological_Process_2023","blue"
"Protein Phosphorylation (GO:0006468)","2/500",0.717355997442551,0.753574296987696,0,0,0.795098762396525,0.264118333470603,"EPHA6;PRKG1","GO_Biological_Process_2023","blue"
"Regulation Of Protein Phosphorylation (GO:0001932)","1/265",0.737416777697141,0.773388327828709,0,0,0.751300887664524,0.228847783739634,"NRG1","GO_Biological_Process_2023","blue"
"Negative Regulation Of Signal Transduction (GO:0009968)","1/267",0.74007117960611,0.774912192931722,0,0,0.745576061365535,0.224425036623886,"NRG1","GO_Biological_Process_2023","blue"
"Positive Regulation Of Intracellular Signal Transduction (GO:1902533)","2/525",0.742271938061471,0.775956888249026,0,0,0.75611659577789,0.225352695027355,"IQCJ-SCHIP1;NLGN1","GO_Biological_Process_2023","blue"
"Positive Regulation Of Apoptotic Process (GO:0043065)","1/270",0.74400305104999,0.776508038717222,0,0,0.737148436033194,0.217982269640814,"NRG1","GO_Biological_Process_2023","blue"
"Plasma Membrane Bounded Cell Projection Assembly (GO:0120031)","1/275",0.750425733287746,0.781946038724711,0,0,0.723512497235125,0.207730993364859,"AHI1","GO_Biological_Process_2023","blue"
"Positive Regulation Of Nucleic Acid-Templated Transcription (GO:1903508)","2/557",0.77143447732575,0.802540706250175,0,0,0.711343997058283,0.184596285196443,"RORA;SUPT3H","GO_Biological_Process_2023","blue"
"Gene Expression (GO:0010467)","1/296",0.775703629009535,0.80544716869434,0,0,0.671289162814587,0.170497212295587,"ADARB2","GO_Biological_Process_2023","blue"
"Regulation Of Intracellular Signal Transduction (GO:1902531)","1/297",0.776841950372789,0.80544716869434,0,0,0.668987168987169,0.168931542358078,"NLGN1","GO_Biological_Process_2023","blue"
"Regulation Of Cell Cycle (GO:0051726)","1/298",0.777974552087712,0.80544716869434,0,0,0.666700676801687,0.167382848459339,"TTC28","GO_Biological_Process_2023","blue"
"Positive Regulation Of MAPK Cascade (GO:0043410)","1/310",0.791129857891819,0.817754420417024,0,0,0.640417116145272,0.150045346926481,"NRG1","GO_Biological_Process_2023","blue"
"Protein Transport (GO:0015031)","1/313",0.794296238079237,0.819713717697773,0,0,0.634162134162134,0.146046773112765,"LRP1B","GO_Biological_Process_2023","blue"
"Supramolecular Fiber Organization (GO:0097435)","1/316",0.797415089775066,0.821617784193159,0,0,0.628026294692961,0.142172542660111,"COL11A1","GO_Biological_Process_2023","blue"
"Organelle Assembly (GO:0070925)","1/322",0.803513022023935,0.826580381507876,0,0,0.616098681519242,0.13477891033833,"AHI1","GO_Biological_Process_2023","blue"
"Intracellular Protein Transport (GO:0006886)","1/325",0.806493484318124,0.828325314307628,0,0,0.610300536226462,0.131250904008978,"NLGN1","GO_Biological_Process_2023","blue"
"Regulation Of Gene Expression (GO:0010468)","4/1127",0.821898962128064,0.842805771975518,0,0,0.696682991985752,0.136645875336997,"CUX2;RORA;NRG1;SUPT3H","GO_Biological_Process_2023","blue"
"Positive Regulation Of Macromolecule Metabolic Process (GO:0010604)","1/364",0.841398644336136,0.861431945391758,0,0,0.54364582463756,0.0938820447069887,"CUX2","GO_Biological_Process_2023","blue"
"Positive Regulation Of Transcription By RNA Polymerase II (GO:0045944)","3/938",0.853820145281257,0.872167828988361,0,0,0.627322344120404,0.0991387047851618,"AHI1;AUTS2;RORA","GO_Biological_Process_2023","blue"
"Negative Regulation Of Programmed Cell Death (GO:0043069)","1/381",0.854589252590146,0.872167828988361,0,0,0.518872939925571,0.0815327527067876,"AHI1","GO_Biological_Process_2023","blue"
"DNA Damage Response (GO:0006974)","1/384",0.856801543526548,0.873044226816151,0,0,0.514729540839201,0.0795509143679763,"MACROD2","GO_Biological_Process_2023","blue"
"Regulation Of Apoptotic Process (GO:0042981)","2/705",0.872030598986579,0.887160467423254,0,0,0.557290910674369,0.0763102707863079,"AHI1;NRG1","GO_Biological_Process_2023","blue"
"Positive Regulation Of DNA-templated Transcription (GO:0045893)","4/1243",0.875725831317487,0.889516789290991,0,0,0.627555824589723,0.0832780479476853,"AHI1;AUTS2;RORA;SUPT3H","GO_Biological_Process_2023","blue"
"Regulation Of Cell Population Proliferation (GO:0042127)","2/766",0.900249165582255,0.912269229969067,0,0,0.511165722833636,0.0537151871691531,"MAGI2;NRG1","GO_Biological_Process_2023","blue"
"Negative Regulation Of Nucleic Acid-Templated Transcription (GO:1903507)","1/456",0.900954262775652,0.912269229969067,0,0,0.431679431679432,0.0450245037640661,"NRG1","GO_Biological_Process_2023","blue"
"Positive Regulation Of Gene Expression (GO:0010628)","1/480",0.912433675715768,0.920911474274652,0,0,0.409544294721748,0.0375305901516706,"CUX2","GO_Biological_Process_2023","blue"
"Negative Regulation Of Apoptotic Process (GO:0043066)","1/482",0.913328576675492,0.920911474274652,0,0,0.407799407799408,0.0369709215269856,"AHI1","GO_Biological_Process_2023","blue"
"Positive Regulation Of Cell Population Proliferation (GO:0008284)","1/483",0.913772625636864,0.920911474274652,0,0,0.406932394484262,0.0366945210923637,"NRG1","GO_Biological_Process_2023","blue"
"Positive Regulation Of Cellular Process (GO:0048522)","1/594",0.951323714577086,0.957260212015944,0,0,0.328870492445535,0.0164109271371001,"NRG1","GO_Biological_Process_2023","blue"
"Negative Regulation Of DNA-templated Transcription (GO:0045892)","2/1025",0.967068949211373,0.971587962992735,0,0,0.376583477965966,0.0126100799836514,"CUX2;NRG1","GO_Biological_Process_2023","blue"
"Regulation Of Transcription By RNA Polymerase II (GO:0006357)","5/2028",0.978783335354663,0.981267787679922,0,0,0.465098732991649,0.00997402983941014,"AHI1;CUX2;AUTS2;RORA;SUPT3H","GO_Biological_Process_2023","blue"
"Negative Regulation Of Transcription By RNA Polymerase II (GO:0000122)","1/763",0.979746442272667,0.981267787679922,0,0,0.253691773376813,0.00519090741423314,"CUX2","GO_Biological_Process_2023","blue"
"Regulation Of DNA-templated Transcription (GO:0006355)","3/1922",0.997277126300792,0.997277126300792,0,0,0.289793330933744,0.000790146862908593,"RORA;NRG1;SUPT3H","GO_Biological_Process_2023","blue"
"Arrhythmogenic right ventricular cardiomyopathy","4/77",0.000601946318497709,0.0343623711102321,0,0,11.3167808219178,83.9178033991571,"SGCD;CACNB4;DMD;CACNA1C","KEGG_2021_Human","blue"
"Hypertrophic cardiomyopathy","4/90",0.00108164904634046,0.0343623711102321,0,0,9.59980620155039,65.5596541713581,"SGCD;CACNB4;DMD;CACNA1C","KEGG_2021_Human","blue"
"Dilated cardiomyopathy","4/96",0.00137449484440929,0.0343623711102321,0,0,8.97101449275362,59.1160161126674,"SGCD;CACNB4;DMD;CACNA1C","KEGG_2021_Human","blue"
"Axon guidance","5/182",0.00221413250963512,0.0386774792254634,0,0,5.86470413321439,35.8503182013232,"ROBO2;EPHA6;DCC;LRRC4C;SSH2","KEGG_2021_Human","blue"
"Glutamatergic synapse","4/114",0.00257849861503089,0.0386774792254634,0,0,7.49621212121212,44.681532028702,"CACNA1A;DLGAP1;CACNA1C;GRIK2","KEGG_2021_Human","blue"
"Spinocerebellar ataxia","4/143",0.00578268220405759,0.0722835275507199,0,0,5.92356115107914,30.523445127792,"DAB1;FGF14;CACNA1A;RORA","KEGG_2021_Human","blue"
"Morphine addiction","3/91",0.0107235720485245,0.11489541480562,0,0,6.96298031865042,31.5792809907681,"PDE4D;PDE4B;CACNA1A","KEGG_2021_Human","blue"
"Type II diabetes mellitus","2/46",0.0222080432575084,0.208200405539141,0,0,9.20964749536178,35.0638977870873,"CACNA1A;CACNA1C","KEGG_2021_Human","blue"
"Purine metabolism","3/129",0.0269470472113718,0.224558726761432,0,0,4.85370643102602,17.5407201351051,"PDE4D;PDE4B;FHIT","KEGG_2021_Human","blue"
"Long-term depression","2/60",0.0363103684614095,0.238528542566196,0,0,6.981703026038,23.1488972243337,"CACNA1A;PRKG1","KEGG_2021_Human","blue"
"Viral myocarditis","2/60",0.0363103684614095,0.238528542566196,0,0,6.981703026038,23.1488972243337,"SGCD;DMD","KEGG_2021_Human","blue"
"Cell adhesion molecules","3/148",0.0381645668105914,0.238528542566196,0,0,4.21365090650551,13.7611423922677,"CNTNAP2;NLGN1;LRRC4C","KEGG_2021_Human","blue"
"ErbB signaling pathway","2/85",0.067632189652766,0.323177736995892,0,0,4.87263339070568,13.1252723836309,"NRG3;NRG1","KEGG_2021_Human","blue"
"Insulin secretion","2/86",0.0690235124413976,0.323177736995892,0,0,4.81438289601555,12.8703286595916,"RIMS2;CACNA1C","KEGG_2021_Human","blue"
"Taste transduction","2/86",0.0690235124413976,0.323177736995892,0,0,4.81438289601555,12.8703286595916,"CACNA1A;CACNA1C","KEGG_2021_Human","blue"
"Cardiac muscle contraction","2/87",0.070424276300901,0.323177736995892,0,0,4.75750300120048,12.6226889889879,"CACNB4;CACNA1C","KEGG_2021_Human","blue"
"GABAergic synapse","2/89",0.0732536203857354,0.323177736995892,0,0,4.6476659629369,12.1481976031779,"CACNA1A;CACNA1C","KEGG_2021_Human","blue"
"Circadian entrainment","2/97",0.0849237360045433,0.35384890001893,0,0,4.25456498388829,10.491764264828,"CACNA1C;PRKG1","KEGG_2021_Human","blue"
"cAMP signaling pathway","3/216",0.0941331217907138,0.357919735856697,0,0,2.85857412516335,6.7549401777521,"PDE4D;PDE4B;CACNA1C","KEGG_2021_Human","blue"
"Parathyroid hormone synthesis, secretion and action","2/106",0.0986696402849089,0.357919735856697,0,0,3.88461538461538,8.99668367505838,"PDE4D;PDE4B","KEGG_2021_Human","blue"
"Protein export","1/23",0.108947297836033,0.357919735856697,0,0,9.1267217630854,20.2329475165344,"IMMP2L","KEGG_2021_Human","blue"
"Serotonergic synapse","2/113",0.109762052329387,0.357919735856697,0,0,3.63835263835264,8.03872336990412,"CACNA1A;CACNA1C","KEGG_2021_Human","blue"
"Cholinergic synapse","2/113",0.109762052329387,0.357919735856697,0,0,3.63835263835264,8.03872336990412,"CACNA1A;CACNA1C","KEGG_2021_Human","blue"
"Dopaminergic synapse","2/132",0.141341709574619,0.41543501394609,0,0,3.10361067503925,6.07244658574773,"CACNA1A;CACNA1C","KEGG_2021_Human","blue"
"Vascular smooth muscle contraction","2/133",0.143054753837309,0.41543501394609,0,0,3.07976320299112,5.98868525199053,"CACNA1C;PRKG1","KEGG_2021_Human","blue"
"Circadian rhythm","1/31",0.144017471501311,0.41543501394609,0,0,6.69023569023569,12.9644769200402,"RORA","KEGG_2021_Human","blue"
"Mucin type O-glycan biosynthesis","1/36",0.165238740567014,0.427346798943282,0,0,5.73304473304473,10.3215669941692,"GALNTL6","KEGG_2021_Human","blue"
"Retrograde endocannabinoid signaling","2/148",0.169239108858938,0.427346798943282,0,0,2.76125244618395,4.90520680248974,"CACNA1A;CACNA1C","KEGG_2021_Human","blue"
"Adrenergic signaling in cardiomyocytes","2/150",0.172791328093857,0.427346798943282,0,0,2.72366243794815,4.7818540898178,"CACNB4;CACNA1C","KEGG_2021_Human","blue"
"Oxytocin signaling pathway","2/154",0.179932321463797,0.427346798943282,0,0,2.65145005370569,4.54769949538142,"CACNB4;CACNA1C","KEGG_2021_Human","blue"
"Nicotine addiction","1/40",0.181840038445641,0.427346798943282,0,0,5.14400414400414,8.76861291991989,"CACNA1A","KEGG_2021_Human","blue"
"MAPK signaling pathway","3/294",0.1823346342158,0.427346798943282,0,0,2.08406844510575,3.54690032572311,"CACNB4;CACNA1A;CACNA1C","KEGG_2021_Human","blue"
"cGMP-PKG signaling pathway","2/167",0.203427034299401,0.462334168862275,0,0,2.44094001236858,3.88706977769903,"CACNA1C;PRKG1","KEGG_2021_Human","blue"
"Other types of O-glycan biosynthesis","1/47",0.210109494168341,0.463476825371341,0,0,4.3596837944664,6.80165814675797,"GALNTL6","KEGG_2021_Human","blue"
"Glycosaminoglycan biosynthesis","1/53",0.233569272224541,0.499107424228414,0,0,3.85547785547786,5.60693113764998,"CHSY3","KEGG_2021_Human","blue"
"Regulation of lipolysis in adipocytes","1/55",0.241234861655302,0.499107424228414,0,0,3.71230826786382,5.27884403782842,"PRKG1","KEGG_2021_Human","blue"
"Lysine degradation","1/63",0.271145528260931,0.499107424228414,0,0,3.23199739328772,4.21807849737542,"SMYD3","KEGG_2021_Human","blue"
"Amyotrophic lateral sclerosis","3/364",0.274150414132869,0.499107424228414,0,0,1.67395836308079,2.16623330412874,"NRG3;DNAH14;NRG1","KEGG_2021_Human","blue"
"GnRH secretion","1/64",0.274801310842782,0.499107424228414,0,0,3.18053551386885,4.10831982313615,"CACNA1C","KEGG_2021_Human","blue"
"Inflammatory bowel disease","1/65",0.278438939213788,0.499107424228414,0,0,3.13068181818182,4.00275356439037,"RORA","KEGG_2021_Human","blue"
"Cortisol synthesis and secretion","1/65",0.278438939213788,0.499107424228414,0,0,3.13068181818182,4.00275356439037,"CACNA1C","KEGG_2021_Human","blue"
"Long-term potentiation","1/67",0.285660089808726,0.499107424228414,0,0,3.03550658096113,3.80334608196671,"CACNA1C","KEGG_2021_Human","blue"
"Amphetamine addiction","1/69",0.29280968888067,0.499107424228414,0,0,2.94592988710636,3.61828655610275,"CACNA1C","KEGG_2021_Human","blue"
"Renin secretion","1/69",0.29280968888067,0.499107424228414,0,0,2.94592988710636,3.61828655610275,"CACNA1C","KEGG_2021_Human","blue"
"Non-small cell lung cancer","1/72",0.303401461859655,0.505669103099425,0,0,2.82102717313985,3.36463457832852,"FHIT","KEGG_2021_Human","blue"
"Synaptic vesicle cycle","1/78",0.324116094429913,0.528088921805257,0,0,2.60041978223796,2.92977207832515,"CACNA1A","KEGG_2021_Human","blue"
"Chemical carcinogenesis","2/239",0.336152241974824,0.528088921805257,0,0,1.69318866787221,1.84589925108394,"CACNA1A;CACNA1C","KEGG_2021_Human","blue"
"Calcium signaling pathway","2/240",0.337976909955364,0.528088921805257,0,0,1.68598868118676,1.8289229230858,"CACNA1A;CACNA1C","KEGG_2021_Human","blue"
"Colorectal cancer","1/86",0.350789788685405,0.528216013351395,0,0,2.35472370766488,2.46673350535558,"DCC","KEGG_2021_Human","blue"
"Gap junction","1/88",0.357293708483398,0.528216013351395,0,0,2.30035992104958,2.36752381170365,"PRKG1","KEGG_2021_Human","blue"
"Small cell lung cancer","1/92",0.370108643786799,0.528216013351395,0,0,2.1988011988012,2.18551754723327,"FHIT","KEGG_2021_Human","blue"
"Salivary secretion","1/93",0.373272649434986,0.528216013351395,0,0,2.1747913921827,2.14313983216348,"PRKG1","KEGG_2021_Human","blue"
"GnRH signaling pathway","1/93",0.373272649434986,0.528216013351395,0,0,2.1747913921827,2.14313983216348,"CACNA1C","KEGG_2021_Human","blue"
"Aldosterone synthesis and secretion","1/98",0.388858196397513,0.530261176905699,0,0,2.06216807247735,1.94780133547852,"CACNA1C","KEGG_2021_Human","blue"
"Choline metabolism in cancer","1/98",0.388858196397513,0.530261176905699,0,0,2.06216807247735,1.94780133547852,"SLC44A5","KEGG_2021_Human","blue"
"Protein digestion and absorption","1/103",0.404059939073185,0.541151704115873,0,0,1.9605862547039,1.77666767339805,"COL11A1","KEGG_2021_Human","blue"
"Th17 cell differentiation","1/107",0.41595129052059,0.547304329632356,0,0,1.88622069754145,1.65456849319568,"RORA","KEGG_2021_Human","blue"
"Growth hormone synthesis, secretion and action","1/119",0.450233917137087,0.582199030780716,0,0,1.69337442218798,1.35129249451638,"CACNA1C","KEGG_2021_Human","blue"
"Platelet activation","1/124",0.463923277206856,0.589732979500241,0,0,1.62412745339575,1.2473885010387,"PRKG1","KEGG_2021_Human","blue"
"Cushing syndrome","1/155",0.54157414062889,0.676967675786113,0,0,1.29515938606848,0.794289267227046,"CACNA1C","KEGG_2021_Human","blue"
"Hippo signaling pathway","1/163",0.559734829149778,0.688198560430055,0,0,1.23070208255393,0.714166728910465,"DLG2","KEGG_2021_Human","blue"
"Tight junction","1/169",0.572886213397628,0.693007516206809,0,0,1.18638768638769,0.660898808403362,"DLG2","KEGG_2021_Human","blue"
"Transcriptional misregulation in cancer","1/192",0.619794203522166,0.737850242288293,0,0,1.04230789571104,0.498606520241977,"SUPT3H","KEGG_2021_Human","blue"
"Rap1 signaling pathway","1/210",0.652914462237456,0.765134135434518,0,0,0.951669808129138,0.405705547236673,"MAGI2","KEGG_2021_Human","blue"
"Regulation of actin cytoskeleton","1/218",0.666701897316833,0.769271419980961,0,0,0.916212819438626,0.371443913003097,"SSH2","KEGG_2021_Human","blue"
"Thermogenesis","1/232",0.689537438477132,0.772921029592558,0,0,0.860072587345315,0.319718468488941,"PRKG1","KEGG_2021_Human","blue"
"Pathways of neurodegeneration","2/475",0.690476119769352,0.772921029592558,0,0,0.83820166544419,0.310448012021707,"DNAH14;CACNA1C","KEGG_2021_Human","blue"
"Prion disease","1/273",0.747876031643983,0.824863270195569,0,0,0.728906714200832,0.211760555666502,"CACNA1C","KEGG_2021_Human","blue"
"Huntington disease","1/306",0.786832843580778,0.855253090848671,0,0,0.648948501407518,0.155578556870031,"DNAH14","KEGG_2021_Human","blue"
"Human papillomavirus infection","1/331",0.812320779437656,0.867805344451321,0,0,0.599020508111417,0.12451238380496,"DLG2","KEGG_2021_Human","blue"
"Neuroactive ligand-receptor interaction","1/341",0.821649292098758,0.867805344451321,0,0,0.581105169340463,0.11415324487441,"GRIK2","KEGG_2021_Human","blue"
"PI3K-Akt signaling pathway","1/354",0.833093130673269,0.867805344451321,0,0,0.559332703808625,0.102139656408443,"MAGI2","KEGG_2021_Human","blue"
"Alzheimer disease","1/369",0.845396615066969,0.868558166164694,0,0,0.536122090469917,0.0900413806333399,"CACNA1C","KEGG_2021_Human","blue"
"Olfactory transduction","1/440",0.892485986178482,0.904546607613326,0,0,0.447780768965279,0.0509325849939241,"PRKG1","KEGG_2021_Human","blue"
"Pathways in cancer","1/531",0.932635084909617,0.932635084909617,0,0,0.369163331427482,0.0257459213365119,"DCC","KEGG_2021_Human","blue"
"Pyruvate Metabolic Process (GO:0006090)","8/50",1.3262323684628e-10,1.28114046793506e-07,0,0,41.1138716356108,935.073701895928,"LDHB;LDHA;PKM;PGAM1;VDAC1;ENO1;ENO2;GAPDH","GO_Biological_Process_2023","turquoise"
"Glycolytic Process (GO:0006096)","6/29",5.80891121708647e-09,2.80570411785276e-06,0,0,55.1628122109158,1046.1005475343,"LDHA;PKM;PGAM1;ENO1;ENO2;GAPDH","GO_Biological_Process_2023","turquoise"
"Carbohydrate Catabolic Process (GO:0016052)","6/41",5.23894695571412e-08,1.68694091973995e-05,0,0,36.2279635258359,607.345876483512,"LDHA;PKM;PGAM1;ENO1;ENO2;GAPDH","GO_Biological_Process_2023","turquoise"
"Proton Transmembrane Transport (GO:1902600)","6/49",1.57763605031626e-07,3.80999106151378e-05,0,0,29.4760019792182,461.658097766667,"ATP6V1A;ATP6V0B;ATP5F1B;ATP6V1B2;ATP6V1E1;ATP1B1","GO_Biological_Process_2023","turquoise"
"Regulation Of Autophagy (GO:0010506)","10/241",3.58931491251314e-07,6.93455641097538e-05,0,0,9.46079846079846,140.399519732489,"ATP6V1A;UCHL1;ATP6V0B;EEF1A2;PSAP;ATP6V1B2;VPS35;VDAC1;ATP6V1E1;GAPDH","GO_Biological_Process_2023","turquoise"
"Regulation Of Macroautophagy (GO:0016241)","7/96",5.23257426857191e-07,8.42444457240078e-05,0,0,16.7545004228585,242.323561204888,"ATP6V1A;UCHL1;ATP6V0B;ATP6V1B2;VPS35;ATP6V1E1;GAPDH","GO_Biological_Process_2023","turquoise"
"Negative Regulation Of Amyloid-Beta Formation (GO:1902430)","4/16",1.02242927484908e-06,0.000141095239929173,0,0,69.0555555555556,952.506005361108,"PRNP;RTN3;RTN1;RTN4","GO_Biological_Process_2023","turquoise"
"Negative Regulation Of Amyloid Precursor Protein Catabolic Process (GO:1902992)","4/18",1.70588085794879e-06,0.000205985113597316,0,0,59.1845238095238,786.055047821626,"PRNP;RTN3;RTN1;RTN4","GO_Biological_Process_2023","turquoise"
"Intermediate Filament Bundle Assembly (GO:0045110)","3/7",4.18353114554638e-06,0.000449032342955312,0,0,153.835051546392,1905.14787385413,"NEFL;NEFM;NEFH","GO_Biological_Process_2023","turquoise"
"Regulation Of Neuron Death (GO:1901214)","5/58",1.04922141105016e-05,0.00101354788307446,0,0,19.7090367428004,225.961683801616,"PRNP;UBB;SNCG;FAIM2;VPS35","GO_Biological_Process_2023","turquoise"
"Gluconeogenesis (GO:0006094)","4/32",1.89985082322592e-05,0.00166841445021476,0,0,29.5714285714286,321.47543855231,"MDH1;PGAM1;ENO1;ENO2","GO_Biological_Process_2023","turquoise"
"Regulation Of Amyloid-Beta Formation (GO:1902003)","4/33",2.15362677384751e-05,0.00173366955294724,0,0,28.5502873563218,306.794883388829,"RTN3;PRNP;RTN1;RTN4","GO_Biological_Process_2023","turquoise"
"ATP Metabolic Process (GO:0046034)","4/34",2.43143847923326e-05,0.00180674582379949,0,0,27.5972222222222,293.205098341509,"HSPA8;ATP5F1A;ATP5F1B;ATP1B1","GO_Biological_Process_2023","turquoise"
"Hexose Biosynthetic Process (GO:0019319)","4/35",2.73467047790359e-05,0.00188692262975348,0,0,26.7056451612903,280.593930904561,"MDH1;PGAM1;ENO1;ENO2","GO_Biological_Process_2023","turquoise"
"Axonal Transport (GO:0098930)","4/39",4.23048246913471e-05,0.00272443071012275,0,0,23.6488095238095,238.157923950891,"DYNC1H1;KIF3A;NEFL;SOD1","GO_Biological_Process_2023","turquoise"
"Retrograde Axonal Transport (GO:0008090)","3/15",5.2826809188519e-05,0.00318941860475683,0,0,51.2577319587629,504.811350131513,"DYNC1H1;NEFL;SOD1","GO_Biological_Process_2023","turquoise"
"Endoplasmic Reticulum Tubular Network Organization (GO:0071786)","3/16",6.4781775896681e-05,0.0036811291480114,0,0,47.3124504361618,456.304276754387,"RTN3;RTN1;RTN4","GO_Biological_Process_2023","turquoise"
"Positive Regulation Of Phosphoprotein Phosphatase Activity (GO:0032516)","3/18",9.37129144180769e-05,0.00486866788119944,0,0,41,380.286256587576,"HSP90AB1;CALM3;CALM1","GO_Biological_Process_2023","turquoise"
"Negative Regulation Of Protein Phosphorylation (GO:0001933)","6/149",0.000103583694241939,0.00486866788119944,0,0,8.81877696771314,80.9134306933582,"PRNP;TERF2IP;CALM3;THY1;CALM1;YWHAG","GO_Biological_Process_2023","turquoise"
"Negative Regulation Of Amide Metabolic Process (GO:0034249)","5/93",0.00010365445103106,0.00486866788119944,0,0,11.8492822966507,108.710621626851,"RTN3;PRNP;RTN1;GAPDH;RTN4","GO_Biological_Process_2023","turquoise"
"RNA-templated DNA Biosynthetic Process (GO:0006278)","3/19",0.000110880634975557,0.00486866788119944,0,0,38.4355670103093,350.034872525707,"HSP90AA1;HSP90AB1;TERF2IP","GO_Biological_Process_2023","turquoise"
"Telomere Maintenance Via Telomerase (GO:0007004)","3/19",0.000110880634975557,0.00486866788119944,0,0,38.4355670103093,350.034872525707,"HSP90AA1;HSP90AB1;TERF2IP","GO_Biological_Process_2023","turquoise"
"Regulation Of Cardiac Muscle Contraction By Calcium Ion Signaling (GO:0010882)","3/20",0.00012997496316054,0.00533249515704005,0,0,36.1728320194057,323.680603886026,"CALM3;ATP1B1;CALM1","GO_Biological_Process_2023","turquoise"
"Neurotransmitter Transport (GO:0006836)","4/52",0.000132484351727703,0.00533249515704005,0,0,17.2326388888889,153.871025679427,"SNAP25;STXBP1;SLC6A3;SLC18A2","GO_Biological_Process_2023","turquoise"
"Cytoskeleton-Dependent Intracellular Transport (GO:0030705)","3/22",0.000174309995477304,0.00647628675504137,0,0,32.3619099294628,280.081821254999,"TUBA1B;TUBA1A;TUBB2A","GO_Biological_Process_2023","turquoise"
"Positive Regulation Of Phosphatase Activity (GO:0010922)","3/22",0.000174309995477304,0.00647628675504137,0,0,32.3619099294628,280.081821254999,"HSP90AB1;CALM3;CALM1","GO_Biological_Process_2023","turquoise"
"Axon Extension (GO:0048675)","3/23",0.000199730291389037,0.00714590598080776,0,0,30.7422680412371,261.879321300189,"HSP90AA1;HSP90AB1;MAP1B","GO_Biological_Process_2023","turquoise"
"Glucose Metabolic Process (GO:0006006)","4/59",0.000216842579171967,0.00748106898143287,0,0,15.0340909090909,126.832686102133,"MDH1;PGAM1;ENO1;ENO2","GO_Biological_Process_2023","turquoise"
"Positive Regulation Of Tau-Protein Kinase Activity (GO:1902949)","2/5",0.000245087170998512,0.00816393817877802,0,0,135.353741496599,1125.31701267514,"HSP90AA1;HSP90AB1","GO_Biological_Process_2023","turquoise"
"Telomere Maintenance Via Telomere Lengthening (GO:0010833)","3/26",0.000290049387363004,0.00933959027308874,0,0,26.7283729269386,217.714875120753,"HSP90AA1;HSP90AB1;TERF2IP","GO_Biological_Process_2023","turquoise"
"Positive Regulation Of Calcium Ion Transmembrane Transporter Activity (GO:1901021)","3/27",0.000325124352919345,0.0101312943522609,0,0,25.6134020618557,205.708988323138,"CALM3;ATP1B1;CALM1","GO_Biological_Process_2023","turquoise"
"Regulation Of Protein Catabolic Process (GO:0042176)","5/122",0.00036883273112096,0.011134138070714,0,0,8.89923526765632,70.3499438099065,"NSF;HSP90AA1;UBB;EEF1A2;VPS35","GO_Biological_Process_2023","turquoise"
"Vacuolar Acidification (GO:0007035)","3/29",0.000403221018968546,0.0118033789188974,0,0,23.6407613005551,184.776798180826,"ATP6V1A;ATP6V0B;ATP6V1B2","GO_Biological_Process_2023","turquoise"
"Neuroepithelial Cell Differentiation (GO:0060563)","2/7",0.00051133277923463,0.013914395851723,0,0,81.2040816326531,615.404316417306,"TUBB2A;MAP1B","GO_Biological_Process_2023","turquoise"
"Positive Regulation Of Ryanodine-Sensitive Calcium-Release Channel Activity (GO:0060316)","2/7",0.00051133277923463,0.013914395851723,0,0,81.2040816326531,615.404316417306,"CALM3;CALM1","GO_Biological_Process_2023","turquoise"
"Monoatomic Cation Transmembrane Transport (GO:0098655)","7/281",0.000527461343707804,0.013914395851723,0,0,5.39133506004238,40.6907508068841,"ATP6V1A;ATP6V0B;ATP5F1B;ATP6V1B2;ATP6V1E1;ATP1B1;SLC6A3","GO_Biological_Process_2023","turquoise"
"Intracellular pH Reduction (GO:0051452)","3/32",0.000541421069107827,0.013914395851723,0,0,21.1919658727337,159.391414042061,"ATP6V1A;ATP6V0B;ATP6V1B2","GO_Biological_Process_2023","turquoise"
"Central Nervous System Development (GO:0007417)","7/283",0.000550136225357108,0.013914395851723,0,0,5.35172198846813,40.1665178763698,"RTN3;NDRG4;RTN1;DNER;TAGLN3;SERPINI1;RTN4","GO_Biological_Process_2023","turquoise"
"Inorganic Cation Transmembrane Transport (GO:0098662)","7/284",0.000561761323206208,0.013914395851723,0,0,5.33212996389892,39.9079720752726,"ATP6V1A;ATP6V0B;ATP5F1B;ATP6V1B2;ATP6V1E1;ATP1B1;SLC6A3","GO_Biological_Process_2023","turquoise"
"Positive Regulation Of Protein Dephosphorylation (GO:0035307)","3/33",0.000593409864284098,0.0139813153389863,0,0,20.4845360824742,152.192426040013,"HSP90AB1;CALM3;CALM1","GO_Biological_Process_2023","turquoise"
"Positive Regulation Of Release Of Sequestered Calcium Ion Into Cytosol (GO:0051281)","3/33",0.000593409864284098,0.0139813153389863,0,0,20.4845360824742,152.192426040013,"CALM3;THY1;CALM1","GO_Biological_Process_2023","turquoise"
"Regulation Of Dendritic Spine Maintenance (GO:1902950)","2/8",0.000679555166686154,0.0155156264484061,0,0,67.6666666666667,493.565548173325,"PRNP;VPS35","GO_Biological_Process_2023","turquoise"
"Platelet Aggregation (GO:0070527)","3/35",0.000706715904482267,0.0155156264484061,0,0,19.2023195876289,139.310558994682,"STXBP1;GNAS;ACTG1","GO_Biological_Process_2023","turquoise"
"Regulation Of Cardiac Muscle Contraction (GO:0055117)","3/35",0.000706715904482267,0.0155156264484061,0,0,19.2023195876289,139.310558994682,"CALM3;ATP1B1;CALM1","GO_Biological_Process_2023","turquoise"
"Positive Regulation Of Protein Kinase Activity (GO:0045860)","5/145",0.000809879310644904,0.0168251542026534,0,0,7.42857142857143,52.8812166673373,"PRNP;HSP90AA1;HSP90AB1;CALM3;CALM1","GO_Biological_Process_2023","turquoise"
"Regulation Of Phosphoprotein Phosphatase Activity (GO:0043666)","3/37",0.000832937363224714,0.0168251542026534,0,0,18.0709520921771,128.133027538084,"HSP90AB1;CALM3;CALM1","GO_Biological_Process_2023","turquoise"
"Golgi Lumen Acidification (GO:0061795)","2/9",0.000870867194754317,0.0168251542026534,0,0,57.997084548105,408.648679561366,"ATP6V1A;ATP6V0B","GO_Biological_Process_2023","turquoise"
"Regulation Of High Voltage-Gated Calcium Channel Activity (GO:1901841)","2/9",0.000870867194754317,0.0168251542026534,0,0,57.997084548105,408.648679561366,"CALM3;CALM1","GO_Biological_Process_2023","turquoise"
"Regulation Of Tau-Protein Kinase Activity (GO:1902947)","2/9",0.000870867194754317,0.0168251542026534,0,0,57.997084548105,408.648679561366,"HSP90AA1;HSP90AB1","GO_Biological_Process_2023","turquoise"
"Dopamine Transport (GO:0015872)","2/9",0.000870867194754317,0.0168251542026534,0,0,57.997084548105,408.648679561366,"SLC18A2;SLC6A3","GO_Biological_Process_2023","turquoise"
"Anterograde Axonal Transport (GO:0008089)","3/39",0.000972629455166433,0.0180684625709764,0,0,17.0652920962199,118.356459198027,"KIF3A;NEFL;SOD1","GO_Biological_Process_2023","turquoise"
"Neuron Projection Extension (GO:1990138)","3/39",0.000972629455166433,0.0180684625709764,0,0,17.0652920962199,118.356459198027,"HSP90AA1;HSP90AB1;MAP1B","GO_Biological_Process_2023","turquoise"
"Protein Transport (GO:0015031)","7/313",0.000993644087189309,0.0181105695891485,0,0,4.81966406634338,33.3237910277652,"NSF;PREPL;KIF3A;STXBP1;CLTC;CANX;VPS35","GO_Biological_Process_2023","turquoise"
"Regulation Of Protein Dephosphorylation (GO:0035304)","3/40",0.00104769503107265,0.0183885458651062,0,0,16.6032320980775,113.917477373754,"YWHAB;CALM3;CALM1","GO_Biological_Process_2023","turquoise"
"Purine Ribonucleoside Triphosphate Biosynthetic Process (GO:0009206)","2/10",0.00108503842061186,0.0183885458651062,0,0,50.7448979591837,346.391771762865,"ATP5F1A;ATP5F1B","GO_Biological_Process_2023","turquoise"
"Monoamine Transport (GO:0015844)","2/10",0.00108503842061186,0.0183885458651062,0,0,50.7448979591837,346.391771762865,"SLC18A2;SLC6A3","GO_Biological_Process_2023","turquoise"
"Negative Regulation Of Activated T Cell Proliferation (GO:0046007)","2/10",0.00108503842061186,0.0183885458651062,0,0,50.7448979591837,346.391771762865,"PRNP;PRKAR1A","GO_Biological_Process_2023","turquoise"
"Substantia Nigra Development (GO:0021762)","3/42",0.00120859060453896,0.0201292848962868,0,0,15.7501982553529,105.814563048524,"CALM3;CALM1;INA","GO_Biological_Process_2023","turquoise"
"Negative Regulation Of Microtubule Polymerization (GO:0031115)","2/11",0.0013218400851343,0.020268214638726,0,0,45.1043083900227,298.984305122014,"STMN2;TUBB4A","GO_Biological_Process_2023","turquoise"
"Negative Regulation Of Nitrogen Compound Metabolic Process (GO:0051172)","2/11",0.0013218400851343,0.020268214638726,0,0,45.1043083900227,298.984305122014,"HSP90AB1;CLTC","GO_Biological_Process_2023","turquoise"
"Neurotransmitter Uptake (GO:0001504)","2/11",0.0013218400851343,0.020268214638726,0,0,45.1043083900227,298.984305122014,"SNAP25;SLC18A2","GO_Biological_Process_2023","turquoise"
"Central Nervous System Neuron Axonogenesis (GO:0021955)","2/11",0.0013218400851343,0.020268214638726,0,0,45.1043083900227,298.984305122014,"HSP90AA1;HSP90AB1","GO_Biological_Process_2023","turquoise"
"Endosomal Lumen Acidification (GO:0048388)","2/11",0.0013218400851343,0.020268214638726,0,0,45.1043083900227,298.984305122014,"ATP6V1A;ATP6V0B","GO_Biological_Process_2023","turquoise"
"Response To Unfolded Protein (GO:0006986)","3/44",0.00138425852269568,0.020893652076938,0,0,14.9803872265527,98.6097568216037,"HSPA8;HSP90AA1;HSP90AB1","GO_Biological_Process_2023","turquoise"
"Homotypic Cell-Cell Adhesion (GO:0034109)","3/46",0.00157518599530849,0.0227953666987058,0,0,14.2821865260129,92.1684043252849,"STXBP1;GNAS;ACTG1","GO_Biological_Process_2023","turquoise"
"Negative Regulation Of Alcohol Biosynthetic Process (GO:1902931)","2/12",0.00158104510229119,0.0227953666987058,0,0,40.5918367346939,261.803918893847,"DKK3;SOD1","GO_Biological_Process_2023","turquoise"
"Regulation Of Cell Communication By Electrical Coupling (GO:0010649)","2/12",0.00158104510229119,0.0227953666987058,0,0,40.5918367346939,261.803918893847,"CALM3;CALM1","GO_Biological_Process_2023","turquoise"
"Generation Of Neurons (GO:0048699)","5/172",0.00173008335333249,0.0245773605782234,0,0,6.21903561298456,39.5504898931464,"RTN3;RTN1;MAP1B;DNER;RTN4","GO_Biological_Process_2023","turquoise"
"Clathrin Coat Assembly (GO:0048268)","2/13",0.00186242805035638,0.0260526366113573,0,0,36.899814471243,231.947593213754,"CALY;CLTC","GO_Biological_Process_2023","turquoise"
"Regulation Of Neuron Apoptotic Process (GO:0043523)","4/105",0.00191135305228501,0.0260526366113573,0,0,8.16790429042904,51.130622502952,"PRNP;UBB;FAIM2;SOD1","GO_Biological_Process_2023","turquoise"
"Protein Localization (GO:0008104)","7/351",0.00191484182133164,0.0260526366113573,0,0,4.27894473618405,26.7781507431704,"NSF;KIF3A;STXBP1;CLTC;CPE;VPS35;ACTB","GO_Biological_Process_2023","turquoise"
"Intracellular Iron Ion Homeostasis (GO:0006879)","3/50",0.00200467613787586,0.0265276321806586,0,0,13.0640491335819,81.1574365484459,"ATP6V1A;SLC22A17;SOD1","GO_Biological_Process_2023","turquoise"
"Positive Regulation Of Transport (GO:0051050)","3/50",0.00200467613787586,0.0265276321806586,0,0,13.0640491335819,81.1574365484459,"DYNC1H1;CALY;ACTB","GO_Biological_Process_2023","turquoise"
"Regulation Of Release Of Sequestered Calcium Ion Into Cytosol (GO:0051279)","3/51",0.00212229630435684,0.0271705083714399,0,0,12.7912371134021,78.733346844315,"CALM3;THY1;CALM1","GO_Biological_Process_2023","turquoise"
"Regulated Exocytosis (GO:0045055)","3/51",0.00212229630435684,0.0271705083714399,0,0,12.7912371134021,78.733346844315,"SNAP25;SYT11;STXBP1","GO_Biological_Process_2023","turquoise"
"Negative Regulation Of Peptidyl-Threonine Phosphorylation (GO:0010801)","2/14",0.00216576516004231,0.0271705083714399,0,0,33.8231292517007,207.504274169846,"CALM3;CALM1","GO_Biological_Process_2023","turquoise"
"Mitochondrion Transport Along Microtubule (GO:0047497)","2/14",0.00216576516004231,0.0271705083714399,0,0,33.8231292517007,207.504274169846,"UBB;NEFL","GO_Biological_Process_2023","turquoise"
"Regulation Of Protein Serine/Threonine Kinase Activity (GO:0071900)","4/112",0.00241823548284816,0.0299489163645042,0,0,7.6358024691358,46.0035500446402,"CALM3;THY1;CALM1;ACTB","GO_Biological_Process_2023","turquoise"
"Intracellular Monoatomic Cation Homeostasis (GO:0030003)","5/190",0.00266720091817454,0.032614127682995,0,0,5.60881934566145,33.2419337722428,"ATP6V1A;PRNP;SLC22A17;ATP1B1;SOD1","GO_Biological_Process_2023","turquoise"
"Regulation Of Cardiac Muscle Contraction By Regulation Of The Release Of Sequestered Calcium Ion (GO:0010881)","2/16",0.00283741499181759,0.0342617860261974,0,0,28.9883381924198,170.012598917729,"CALM3;CALM1","GO_Biological_Process_2023","turquoise"
"Regulation Of Programmed Cell Death (GO:0043067)","5/195",0.00298245401819909,0.0355685256985225,0,0,5.45983379501385,31.7489816809012,"MOAP1;HSP90AA1;BEX1;ACTB;RTN4","GO_Biological_Process_2023","turquoise"
"Memory (GO:0007613)","3/58",0.00306619730639825,0.0361212999753745,0,0,11.1593252108716,64.5825541481917,"PRNP;SYT11;PJA2","GO_Biological_Process_2023","turquoise"
"Central Nervous System Neuron Development (GO:0021954)","2/17",0.00320528834894988,0.0373049222299468,0,0,27.0544217687075,155.372278725068,"HSP90AA1;HSP90AB1","GO_Biological_Process_2023","turquoise"
"Positive Regulation Of Multicellular Organismal Process (GO:0051240)","7/387",0.00329899417725726,0.0379384330384584,0,0,3.8664402942841,22.0933720637719,"DYNC1H1;GNAS;ENO1;GAPDH;ACTB;RTN4;SOD1","GO_Biological_Process_2023","turquoise"
"Lysosomal Lumen Acidification (GO:0007042)","2/18",0.00359423711737408,0.0403724773881786,0,0,25.3622448979592,142.749455625051,"ATP6V1A;ATP6V0B","GO_Biological_Process_2023","turquoise"
"Negative Regulation Of T Cell Receptor Signaling Pathway (GO:0050860)","2/18",0.00359423711737408,0.0403724773881786,0,0,25.3622448979592,142.749455625051,"PRNP;THY1","GO_Biological_Process_2023","turquoise"
"Protein Stabilization (GO:0050821)","5/208",0.00392730924913474,0.0436066751110823,0,0,5.1068187710656,28.2907584939411,"HSP90AA1;HSP90AB1;ATP1B1;GAPDH;RTN4","GO_Biological_Process_2023","turquoise"
"Regulation Of Spindle Organization (GO:0090224)","2/20",0.00443449984753605,0.0481317623901104,0,0,22.5419501133787,122.139959975335,"DYNC1H1;CLTC","GO_Biological_Process_2023","turquoise"
"Long-Term Memory (GO:0007616)","2/20",0.00443449984753605,0.0481317623901104,0,0,22.5419501133787,122.139959975335,"PRNP;PJA2","GO_Biological_Process_2023","turquoise"
"Regulation Of Protein Kinase B Signaling (GO:0051896)","4/136",0.00484706655334842,0.051860264742131,0,0,6.23989898989899,33.2548028088382,"HSP90AA1;HSP90AB1;PPP2R1A;RTN4","GO_Biological_Process_2023","turquoise"
"Chaperone-Mediated Protein Complex Assembly (GO:0051131)","2/21",0.00488538725831669,0.051860264742131,0,0,21.3544575725027,113.63788950908,"HSP90AA1;HSP90AB1","GO_Biological_Process_2023","turquoise"
"Supramolecular Fiber Organization (GO:0097435)","6/316",0.00510901851788735,0.0536446944378172,0,0,4.03363074811256,21.2844528379455,"DYNC1H1;HSP90AB1;STMN2;NEFL;TAGLN3;INA","GO_Biological_Process_2023","turquoise"
"Regulation Of Release Of Sequestered Calcium Ion Into Cytosol By Sarcoplasmic Reticulum (GO:0010880)","2/22",0.00535649695773258,0.0538997506371841,0,0,20.2857142857143,106.083028567318,"CALM3;CALM1","GO_Biological_Process_2023","turquoise"
"Positive Regulation Of Protein Autophosphorylation (GO:0031954)","2/22",0.00535649695773258,0.0538997506371841,0,0,20.2857142857143,106.083028567318,"CALM3;CALM1","GO_Biological_Process_2023","turquoise"
"Natural Killer Cell Mediated Immunity (GO:0002228)","2/22",0.00535649695773258,0.0538997506371841,0,0,20.2857142857143,106.083028567318,"TUBB2A;TUBB4B","GO_Biological_Process_2023","turquoise"
"Negative Regulation Of Axonogenesis (GO:0050771)","2/22",0.00535649695773258,0.0538997506371841,0,0,20.2857142857143,106.083028567318,"THY1;RTN4","GO_Biological_Process_2023","turquoise"
"Negative Regulation Of Supramolecular Fiber Organization (GO:1902904)","3/71",0.00542005642805361,0.0539770567989669,0,0,9.02001212856277,47.0632577361771,"HSPA8;STMN2;TUBB4A","GO_Biological_Process_2023","turquoise"
"Plasma Membrane Organization (GO:0007009)","3/72",0.00563543249072426,0.0555492631228534,0,0,8.88883908561183,46.0324654948436,"NSF;SYT11;ANXA6","GO_Biological_Process_2023","turquoise"
"Cell-Cell Signaling By Wnt (GO:0198738)","2/23",0.00584761959206228,0.0570585911710319,0,0,19.3187560738581,99.3316462237063,"CPE;VPS35","GO_Biological_Process_2023","turquoise"
"Protein-Containing Complex Assembly (GO:0065003)","6/328",0.00610293408024093,0.0579467617971461,0,0,3.88093035549095,19.7888081008097,"HSP90AA1;HSP90AB1;CALY;PPP2R1A;STXBP1;CLTC","GO_Biological_Process_2023","turquoise"
"Regulation Of Microtubule Depolymerization (GO:0031114)","2/24",0.00635854736076345,0.0579467617971461,0,0,18.4397031539889,93.2671948534304,"MAP1B;STMN2","GO_Biological_Process_2023","turquoise"
"Regulation Of Ryanodine-Sensitive Calcium-Release Channel Activity (GO:0060314)","2/24",0.00635854736076345,0.0579467617971461,0,0,18.4397031539889,93.2671948534304,"CALM3;CALM1","GO_Biological_Process_2023","turquoise"
"Regulation Of Supramolecular Fiber Organization (GO:1902903)","2/24",0.00635854736076345,0.0579467617971461,0,0,18.4397031539889,93.2671948534304,"HSPA8;MAP1B","GO_Biological_Process_2023","turquoise"
"Positive Regulation Of Peptidyl-Threonine Phosphorylation (GO:0010800)","2/24",0.00635854736076345,0.0579467617971461,0,0,18.4397031539889,93.2671948534304,"CALM3;CALM1","GO_Biological_Process_2023","turquoise"
"Natural Killer Cell Mediated Cytotoxicity (GO:0042267)","2/24",0.00635854736076345,0.0579467617971461,0,0,18.4397031539889,93.2671948534304,"TUBB2A;TUBB4B","GO_Biological_Process_2023","turquoise"
"Negative Regulation Of Antigen Receptor-Mediated Signaling Pathway (GO:0050858)","2/24",0.00635854736076345,0.0579467617971461,0,0,18.4397031539889,93.2671948534304,"PRNP;THY1","GO_Biological_Process_2023","turquoise"
"ATP Biosynthetic Process (GO:0006754)","2/25",0.00688907400282997,0.0616189396919792,0,0,17.6370896184561,87.7942327571282,"ATP5F1A;ATP5F1B","GO_Biological_Process_2023","turquoise"
"Regulation Of Lysosomal Lumen pH (GO:0035751)","2/25",0.00688907400282997,0.0616189396919792,0,0,17.6370896184561,87.7942327571282,"ATP6V1A;ATP6V0B","GO_Biological_Process_2023","turquoise"
"Negative Regulation Of Protein Modification Process (GO:0031400)","3/78",0.00703533563956652,0.0623498553011125,0,0,8.17525773195876,40.5231982940018,"PRNP;YWHAB;TERF2IP","GO_Biological_Process_2023","turquoise"
"Positive Regulation Of Catabolic Process (GO:0009896)","3/79",0.0072868662544486,0.063991934561794,0,0,8.06728160607705,39.7045922046513,"NSF;HSP90AA1;VPS35","GO_Biological_Process_2023","turquoise"
"Negative Regulation Of Protein Polymerization (GO:0032272)","2/26",0.0074389947886241,0.0647393600523503,0,0,16.9013605442177,82.8338984204336,"STMN2;TUBB4A","GO_Biological_Process_2023","turquoise"
"Regulation Of Microtubule Polymerization Or Depolymerization (GO:0031110)","2/27",0.00800810651058956,0.0672680946889523,0,0,16.2244897959184,78.3204947866311,"MAP1B;STMN2","GO_Biological_Process_2023","turquoise"
"Cell Surface Receptor Signaling Pathway Involved In Cell-Cell Signaling (GO:1905114)","2/27",0.00800810651058956,0.0672680946889523,0,0,16.2244897959184,78.3204947866311,"CPE;VPS35","GO_Biological_Process_2023","turquoise"
"Clathrin-Dependent Endocytosis (GO:0072583)","2/27",0.00800810651058956,0.0672680946889523,0,0,16.2244897959184,78.3204947866311,"CLTC;CANX","GO_Biological_Process_2023","turquoise"
"Positive Regulation Of Nitric Oxide Biosynthetic Process (GO:0045429)","2/27",0.00800810651058956,0.0672680946889523,0,0,16.2244897959184,78.3204947866311,"HSP90AA1;HSP90AB1","GO_Biological_Process_2023","turquoise"
"Golgi To Plasma Membrane Protein Transport (GO:0043001)","2/28",0.00859620747114401,0.0686275736952489,0,0,15.5996860282575,74.1988795836398,"NSF;PREPL","GO_Biological_Process_2023","turquoise"
"Positive Regulation Of Nitric Oxide Metabolic Process (GO:1904407)","2/28",0.00859620747114401,0.0686275736952489,0,0,15.5996860282575,74.1988795836398,"HSP90AA1;HSP90AB1","GO_Biological_Process_2023","turquoise"
"Protein Depolymerization (GO:0051261)","2/28",0.00859620747114401,0.0686275736952489,0,0,15.5996860282575,74.1988795836398,"STMN2;DSTN","GO_Biological_Process_2023","turquoise"
"Protein Insertion Into Mitochondrial Membrane (GO:0051204)","2/28",0.00859620747114401,0.0686275736952489,0,0,15.5996860282575,74.1988795836398,"MOAP1;HSP90AA1","GO_Biological_Process_2023","turquoise"
"Regulation Of Calcium Ion-Dependent Exocytosis (GO:0017158)","2/28",0.00859620747114401,0.0686275736952489,0,0,15.5996860282575,74.1988795836398,"SYT11;STXBP1","GO_Biological_Process_2023","turquoise"
"Regulation Of Cardiac Muscle Cell Action Potential (GO:0098901)","2/28",0.00859620747114401,0.0686275736952489,0,0,15.5996860282575,74.1988795836398,"CALM3;CALM1","GO_Biological_Process_2023","turquoise"
"Regulation Of Apoptotic Process (GO:0042981)","9/705",0.00877812501172556,0.0695054816502204,0,0,2.72887457370216,12.9225649307647,"MOAP1;HSP90AA1;BEX1;UBB;FAIM2;VDAC1;ACTB;RTN4;SOD1","GO_Biological_Process_2023","turquoise"
"Positive Regulation Of Protein Localization (GO:1903829)","3/85",0.00890772751370806,0.0699582502296096,0,0,7.47472969575057,35.2869739274349,"HSP90AB1;SYT11;RTN4","GO_Biological_Process_2023","turquoise"
"Regulation Of Protein Modification By Small Protein Conjugation Or Removal (GO:1903320)","2/29",0.00920309747511436,0.0705570806425434,0,0,15.021164021164,70.4224490277819,"HSP90AA1;HSP90AB1","GO_Biological_Process_2023","turquoise"
"Regulation Of Striated Muscle Contraction (GO:0006942)","2/29",0.00920309747511436,0.0705570806425434,0,0,15.021164021164,70.4224490277819,"CALM3;CALM1","GO_Biological_Process_2023","turquoise"
"Positive Regulation Of Dephosphorylation (GO:0035306)","2/29",0.00920309747511436,0.0705570806425434,0,0,15.021164021164,70.4224490277819,"CALM3;CALM1","GO_Biological_Process_2023","turquoise"
"Negative Regulation Of Peptidyl-Tyrosine Phosphorylation (GO:0050732)","2/30",0.00982857782071015,0.073460076443035,0,0,14.4839650145773,66.9515638793864,"PPP2R1A;THY1","GO_Biological_Process_2023","turquoise"
"Negative Regulation Of Calcium Ion Transmembrane Transporter Activity (GO:1901020)","2/30",0.00982857782071015,0.073460076443035,0,0,14.4839650145773,66.9515638793864,"CALM3;CALM1","GO_Biological_Process_2023","turquoise"
"Regulation Of Cytokine Production (GO:0001817)","4/167",0.00988548635289574,0.073460076443035,0,0,5.04524539877301,23.2923219848272,"SYT11;GAPDH;PLD3;SOD1","GO_Biological_Process_2023","turquoise"
"Cellular Component Assembly (GO:0022607)","5/260",0.00988593161241672,0.073460076443035,0,0,4.0546955624355,18.7190801895339,"RTN3;RTN1;PPP2R1A;NEFH;RTN4","GO_Biological_Process_2023","turquoise"
"Brain Development (GO:0007420)","4/169",0.0102942937098222,0.0754954323982845,0,0,4.98358585858586,22.8057139016992,"RTN3;NDRG4;RTN1;RTN4","GO_Biological_Process_2023","turquoise"
"Negative Regulation Of Microtubule Polymerization Or Depolymerization (GO:0031111)","2/31",0.0104724512850622,0.0754954323982845,0,0,13.9838142153413,63.7523090878691,"STMN2;TUBB4A","GO_Biological_Process_2023","turquoise"
"Regulation Of Protein Autophosphorylation (GO:0031952)","2/31",0.0104724512850622,0.0754954323982845,0,0,13.9838142153413,63.7523090878691,"CALM3;CALM1","GO_Biological_Process_2023","turquoise"
"Presynaptic Endocytosis (GO:0140238)","2/31",0.0104724512850622,0.0754954323982845,0,0,13.9838142153413,63.7523090878691,"CANX;SNCG","GO_Biological_Process_2023","turquoise"
"Positive Regulation Of Neuron Projection Development (GO:0010976)","3/92",0.0110454740818408,0.0784553526695457,0,0,6.88439708096838,31.0192655790006,"NDRG4;STMN2;SERPINI1","GO_Biological_Process_2023","turquoise"
"Positive Regulation Of Protein Catabolic Process (GO:0045732)","3/92",0.0110454740818408,0.0784553526695457,0,0,6.88439708096838,31.0192655790006,"NSF;HSP90AA1;VPS35","GO_Biological_Process_2023","turquoise"
"Purine Ribonucleoside Triphosphate Metabolic Process (GO:0009205)","2/32",0.0111345221222249,0.078510572044301,0,0,13.5170068027211,60.795507674817,"HSPA8;ATP1B1","GO_Biological_Process_2023","turquoise"
"Positive Regulation Of Protein Kinase B Signaling (GO:0051897)","3/93",0.0113729262286274,0.0796104836003919,0,0,6.80756013745704,30.4741766581,"HSP90AA1;HSP90AB1;RTN4","GO_Biological_Process_2023","turquoise"
"Retrograde Transport, Endosome To Golgi (GO:0042147)","3/94",0.0117059445280263,0.0803725336508704,0,0,6.73241191797893,29.9434690042285,"PREPL;CLTC;VPS35","GO_Biological_Process_2023","turquoise"
"Positive Regulation Of Hydrolase Activity (GO:0051345)","4/176",0.0118109810643015,0.0803725336508704,0,0,4.77906976744186,21.2129792328969,"PSAP;CALM3;THY1;CALM1","GO_Biological_Process_2023","turquoise"
"Positive Regulation Of Telomerase Activity (GO:0051973)","2/33",0.0118145960439168,0.0803725336508704,0,0,13.0803159973667,58.0559303610333,"HSP90AA1;HSP90AB1","GO_Biological_Process_2023","turquoise"
"Regulation Of Activated T Cell Proliferation (GO:0046006)","2/33",0.0118145960439168,0.0803725336508704,0,0,13.0803159973667,58.0559303610333,"PRNP;PRKAR1A","GO_Biological_Process_2023","turquoise"
"Regulation Of T Cell Receptor Signaling Pathway (GO:0050856)","2/34",0.0125124802245356,0.0845248664118976,0,0,12.6709183673469,55.5116572102178,"PRNP;THY1","GO_Biological_Process_2023","turquoise"
"Monocarboxylic Acid Metabolic Process (GO:0032787)","3/97",0.0127385466637258,0.0848669076126811,0,0,6.51656064926519,28.4325537727779,"LDHB;LDHA;VDAC1","GO_Biological_Process_2023","turquoise"
"Endosomal Transport (GO:0016197)","4/180",0.012738821536065,0.0848669076126811,0,0,4.66950757575758,20.373533799992,"PREPL;CALY;CLTC;VPS35","GO_Biological_Process_2023","turquoise"
"Regulation Of Regulated Secretory Pathway (GO:1903305)","2/35",0.0132279832722483,0.0875221358972048,0,0,12.2863327149041,53.1435584472206,"PREPL;SYT11","GO_Biological_Process_2023","turquoise"
"Axon Development (GO:0061564)","3/99",0.0134550429542985,0.0884188536996759,0,0,6.38015463917526,27.4882665567256,"MAP1B;NEFH;RTN4","GO_Biological_Process_2023","turquoise"
"Regulation Of Peptidyl-Threonine Phosphorylation (GO:0010799)","2/36",0.0139609152364796,0.090511705492881,0,0,11.9243697478992,50.9348693298221,"CALM3;CALM1","GO_Biological_Process_2023","turquoise"
"Negative Regulation Of T Cell Proliferation (GO:0042130)","2/36",0.0139609152364796,0.090511705492881,0,0,11.9243697478992,50.9348693298221,"PRNP;PRKAR1A","GO_Biological_Process_2023","turquoise"
"Protein Catabolic Process (GO:0030163)","3/102",0.0145721785315227,0.0929555302571633,0,0,6.18587941268354,26.1578642224501,"HSPA8;HSP90AA1;FBXO2","GO_Biological_Process_2023","turquoise"
"Synaptic Vesicle Cycle (GO:0099504)","2/37",0.0147110875878219,0.0929555302571633,0,0,11.5830903790087,48.8708399253876,"SNAP25;SLC18A2","GO_Biological_Process_2023","turquoise"
"Regulation Of Cellular Component Biogenesis (GO:0044087)","2/37",0.0147110875878219,0.0929555302571633,0,0,11.5830903790087,48.8708399253876,"HSPA8;HSP90AA1","GO_Biological_Process_2023","turquoise"
"Axonogenesis (GO:0007409)","4/188",0.0147315237769189,0.0929555302571633,0,0,4.46467391304348,18.8309480754796,"HSP90AA1;HSP90AB1;MAP1B;NEFH","GO_Biological_Process_2023","turquoise"
"Regulation Of Intracellular Transport (GO:0032386)","2/38",0.0154783132235365,0.0929555302571633,0,0,11.2607709750567,46.9384448645158,"DYNC1H1;NEFH","GO_Biological_Process_2023","turquoise"
"Regulation Of Neurotransmitter Secretion (GO:0046928)","2/38",0.0154783132235365,0.0929555302571633,0,0,11.2607709750567,46.9384448645158,"PREPL;SYT11","GO_Biological_Process_2023","turquoise"
"Positive Regulation Of Cation Channel Activity (GO:2001259)","2/38",0.0154783132235365,0.0929555302571633,0,0,11.2607709750567,46.9384448645158,"CALM3;CALM1","GO_Biological_Process_2023","turquoise"
"Signal Release From Synapse (GO:0099643)","2/38",0.0154783132235365,0.0929555302571633,0,0,11.2607709750567,46.9384448645158,"SNAP25;STXBP1","GO_Biological_Process_2023","turquoise"
"Establishment Of Protein Localization To Plasma Membrane (GO:0061951)","2/38",0.0154783132235365,0.0929555302571633,0,0,11.2607709750567,46.9384448645158,"NSF;PREPL","GO_Biological_Process_2023","turquoise"
"Negative Regulation Of MAPK Cascade (GO:0043409)","3/105",0.0157404409875109,0.0929555302571633,0,0,6.00303214069133,24.9217201151844,"UCHL1;PPP2R1A;PEBP1","GO_Biological_Process_2023","turquoise"
"Neuron Projection Development (GO:0031175)","4/192",0.0157977826439019,0.0929555302571633,0,0,4.36879432624113,18.121259458719,"UBB;MAP1B;STMN2;NEFH","GO_Biological_Process_2023","turquoise"
"Protein Localization To Membrane (GO:0072657)","4/192",0.0157977826439019,0.0929555302571633,0,0,4.36879432624113,18.121259458719,"STXBP1;CPE;THY1;ATP1B1","GO_Biological_Process_2023","turquoise"
"Response To Calcium Ion (GO:0051592)","3/106",0.0161412670571554,0.0929555302571633,0,0,5.9444500050045,24.5290365178238,"SYT11;CALM3;CALM1","GO_Biological_Process_2023","turquoise"
"Regulation Of Mitochondrial Membrane Potential (GO:0051881)","2/39",0.0162624064321538,0.0929555302571633,0,0,10.9558742415885,45.1261415257865,"UBB;SOD1","GO_Biological_Process_2023","turquoise"
"Regulation Of Mitotic Spindle Organization (GO:0060236)","2/39",0.0162624064321538,0.0929555302571633,0,0,10.9558742415885,45.1261415257865,"DYNC1H1;CLTC","GO_Biological_Process_2023","turquoise"
"Regulation Of Nitric Oxide Biosynthetic Process (GO:0045428)","2/39",0.0162624064321538,0.0929555302571633,0,0,10.9558742415885,45.1261415257865,"HSP90AA1;HSP90AB1","GO_Biological_Process_2023","turquoise"
"Regulation Of Protein Tyrosine Kinase Activity (GO:0061097)","2/39",0.0162624064321538,0.0929555302571633,0,0,10.9558742415885,45.1261415257865,"PRNP;THY1","GO_Biological_Process_2023","turquoise"
"Retina Homeostasis (GO:0001895)","2/39",0.0162624064321538,0.0929555302571633,0,0,10.9558742415885,45.1261415257865,"ACTG1;SOD1","GO_Biological_Process_2023","turquoise"
"Positive Regulation Of Intrinsic Apoptotic Signaling Pathway (GO:2001244)","2/39",0.0162624064321538,0.0929555302571633,0,0,10.9558742415885,45.1261415257865,"UBB;SOD1","GO_Biological_Process_2023","turquoise"
"Positive Regulation Of Pattern Recognition Receptor Signaling Pathway (GO:0062208)","2/39",0.0162624064321538,0.0929555302571633,0,0,10.9558742415885,45.1261415257865,"RTN4;PJA2","GO_Biological_Process_2023","turquoise"
"Regulation Of Microtubule Polymerization (GO:0031113)","2/40",0.0170631829128301,0.0952776571895602,0,0,10.6670247046187,43.4236674606069,"STMN2;TUBB4A","GO_Biological_Process_2023","turquoise"
"Cellular Response To Heat (GO:0034605)","2/40",0.0170631829128301,0.0952776571895602,0,0,10.6670247046187,43.4236674606069,"HSP90AA1;HSP90AB1","GO_Biological_Process_2023","turquoise"
"Positive Regulation Of Catalytic Activity (GO:0043085)","2/40",0.0170631829128301,0.0952776571895602,0,0,10.6670247046187,43.4236674606069,"YWHAB;SOD1","GO_Biological_Process_2023","turquoise"
"Synaptic Vesicle Endocytosis (GO:0048488)","2/40",0.0170631829128301,0.0952776571895602,0,0,10.6670247046187,43.4236674606069,"CANX;SNCG","GO_Biological_Process_2023","turquoise"
"Vesicle-Mediated Transport (GO:0016192)","6/411",0.0171730601944928,0.0953400928039082,0,0,3.07249802994484,12.487902136128,"NSF;SNAP25;CALY;SYT11;STXBP1;DNER","GO_Biological_Process_2023","turquoise"
"Regulation Of Release Of Cytochrome C From Mitochondria (GO:0090199)","2/41",0.0178804597481127,0.0975848820151238,0,0,10.3929879644165,41.8218699251635,"MOAP1;GHITM","GO_Biological_Process_2023","turquoise"
"Synaptic Vesicle Exocytosis (GO:0016079)","2/41",0.0178804597481127,0.0975848820151238,0,0,10.3929879644165,41.8218699251635,"SNAP25;SYT11","GO_Biological_Process_2023","turquoise"
"Heart Contraction (GO:0060047)","2/41",0.0178804597481127,0.0975848820151238,0,0,10.3929879644165,41.8218699251635,"ATP1B1;SOD1","GO_Biological_Process_2023","turquoise"
"Regulation Of Transforming Growth Factor Beta Receptor Signaling Pathway (GO:0017015)","3/111",0.0182312795363318,0.09894053950616,0,0,5.66781214203895,22.6974140470314,"HSP90AB1;PEG10;DKK3","GO_Biological_Process_2023","turquoise"
"Regulation Of Protein Ubiquitination (GO:0031396)","3/113",0.0191074760635156,0.103116323337185,0,0,5.56419868791003,22.0212934005866,"HSP90AA1;HSP90AB1;UBB","GO_Biological_Process_2023","turquoise"
"Neurotransmitter Secretion (GO:0007269)","2/43",0.0195637897091909,0.10441226993966,0,0,9.88501742160279,38.888398778374,"SNAP25;STXBP1","GO_Biological_Process_2023","turquoise"
"Regulation Of Primary Metabolic Process (GO:0080090)","2/43",0.0195637897091909,0.10441226993966,0,0,9.88501742160279,38.888398778374,"PSAP;VPS35","GO_Biological_Process_2023","turquoise"
"Synaptic Vesicle Recycling (GO:0036465)","2/44",0.0204294838615153,0.108433414341889,0,0,9.6491739552964,37.5427757402553,"CANX;SNCG","GO_Biological_Process_2023","turquoise"
"Regulation Of Telomerase Activity (GO:0051972)","2/45",0.0213109604144822,0.112343424019976,0,0,9.42429995253915,36.2697365803843,"HSP90AA1;HSP90AB1","GO_Biological_Process_2023","turquoise"
"Positive Regulation Of Cell Projection Organization (GO:0031346)","3/118",0.0213987474323764,0.112343424019976,0,0,5.32093231734648,20.4559139962277,"NDRG4;STMN2;SERPINI1","GO_Biological_Process_2023","turquoise"
"Regulation Of Protein Kinase Activity (GO:0045859)","3/119",0.0218742991047355,0.113605230834272,0,0,5.27479559189477,20.1626048968317,"THY1;YWHAG;SOD1","GO_Biological_Process_2023","turquoise"
"Regulation Of Protein-Containing Complex Assembly (GO:0043254)","3/119",0.0218742991047355,0.113605230834272,0,0,5.27479559189477,20.1626048968317,"HSPA8;HSP90AA1;STXBP1","GO_Biological_Process_2023","turquoise"
"Positive Regulation Of Blood Vessel Endothelial Cell Migration (GO:0043536)","2/46",0.0222080432575084,0.114304310099578,0,0,9.20964749536178,35.0638977870873,"ATP5F1A;ATP5F1B","GO_Biological_Process_2023","turquoise"
"Golgi To Plasma Membrane Transport (GO:0006893)","2/47",0.0231205576171507,0.114304310099578,0,0,9.00453514739229,33.920382104137,"NSF;PREPL","GO_Biological_Process_2023","turquoise"
"Regulation Of T Cell Differentiation (GO:0045580)","2/47",0.0231205576171507,0.114304310099578,0,0,9.00453514739229,33.920382104137,"ACTB;SOD1","GO_Biological_Process_2023","turquoise"
"Negative Regulation Of Growth (GO:0045926)","3/124",0.0243385983169026,0.114304310099578,0,0,5.05555082218625,18.7848686370022,"PPP2R1A;ENO1;RTN4","GO_Biological_Process_2023","turquoise"
"Regulation Of Glutamate Receptor Signaling Pathway (GO:1900449)","1/5",0.0247535287182936,0.114304310099578,0,0,50.2424242424242,185.836036973753,"PRNP","GO_Biological_Process_2023","turquoise"
"Regulation Of Hyaluronan Biosynthetic Process (GO:1900125)","1/5",0.0247535287182936,0.114304310099578,0,0,50.2424242424242,185.836036973753,"CLTC","GO_Biological_Process_2023","turquoise"
"Adenylate Cyclase-Activating Dopamine Receptor Signaling Pathway (GO:0007191)","1/5",0.0247535287182936,0.114304310099578,0,0,50.2424242424242,185.836036973753,"GNAS","GO_Biological_Process_2023","turquoise"
"Regulation Of Morphogenesis Of A Branching Structure (GO:0060688)","1/5",0.0247535287182936,0.114304310099578,0,0,50.2424242424242,185.836036973753,"RTN4","GO_Biological_Process_2023","turquoise"
"Neurotransmitter Loading Into Synaptic Vesicle (GO:0098700)","1/5",0.0247535287182936,0.114304310099578,0,0,50.2424242424242,185.836036973753,"SLC18A2","GO_Biological_Process_2023","turquoise"
"Axo-Dendritic Transport (GO:0008088)","1/5",0.0247535287182936,0.114304310099578,0,0,50.2424242424242,185.836036973753,"HSPA8","GO_Biological_Process_2023","turquoise"
"Regulation Of Pentose-Phosphate Shunt (GO:0043456)","1/5",0.0247535287182936,0.114304310099578,0,0,50.2424242424242,185.836036973753,"PGAM1","GO_Biological_Process_2023","turquoise"
"Regulation Of Protein Depolymerization (GO:1901879)","1/5",0.0247535287182936,0.114304310099578,0,0,50.2424242424242,185.836036973753,"MAP1B","GO_Biological_Process_2023","turquoise"
"Plus-End-Directed Organelle Transport Along Microtubule (GO:0072386)","1/5",0.0247535287182936,0.114304310099578,0,0,50.2424242424242,185.836036973753,"KIF3A","GO_Biological_Process_2023","turquoise"
"Detection Of Virus (GO:0009597)","1/5",0.0247535287182936,0.114304310099578,0,0,50.2424242424242,185.836036973753,"SERINC3","GO_Biological_Process_2023","turquoise"
"Establishment Of Mitochondrion Localization, Microtubule-Mediated (GO:0034643)","1/5",0.0247535287182936,0.114304310099578,0,0,50.2424242424242,185.836036973753,"UBB","GO_Biological_Process_2023","turquoise"
"Positive Regulation Of Intrinsic Apoptotic Signaling Pathway By P53 Class Mediator (GO:1902255)","1/5",0.0247535287182936,0.114304310099578,0,0,50.2424242424242,185.836036973753,"UBB","GO_Biological_Process_2023","turquoise"
"Glycolipid Transport (GO:0046836)","1/5",0.0247535287182936,0.114304310099578,0,0,50.2424242424242,185.836036973753,"PSAP","GO_Biological_Process_2023","turquoise"
"Hydrogen Peroxide Biosynthetic Process (GO:0050665)","1/5",0.0247535287182936,0.114304310099578,0,0,50.2424242424242,185.836036973753,"SOD1","GO_Biological_Process_2023","turquoise"
"Positive Regulation Of Toll-Like Receptor 2 Signaling Pathway (GO:0034137)","1/5",0.0247535287182936,0.114304310099578,0,0,50.2424242424242,185.836036973753,"PJA2","GO_Biological_Process_2023","turquoise"
"Iron Coordination Entity Transport (GO:1901678)","1/5",0.0247535287182936,0.114304310099578,0,0,50.2424242424242,185.836036973753,"SLC22A17","GO_Biological_Process_2023","turquoise"
"Protein Targeting To Vacuole Involved In Autophagy (GO:0071211)","1/5",0.0247535287182936,0.114304310099578,0,0,50.2424242424242,185.836036973753,"HSPA8","GO_Biological_Process_2023","turquoise"
"Negative Regulation Of Amyloid Precursor Protein Biosynthetic Process (GO:0042985)","1/5",0.0247535287182936,0.114304310099578,0,0,50.2424242424242,185.836036973753,"ITM2B","GO_Biological_Process_2023","turquoise"
"Negative Regulation Of Cellular Response To Hypoxia (GO:1900038)","1/5",0.0247535287182936,0.114304310099578,0,0,50.2424242424242,185.836036973753,"ENO1","GO_Biological_Process_2023","turquoise"
"Negative Regulation Of Cell Growth (GO:0030308)","3/125",0.0248487630651258,0.114304310099578,0,0,5.0138583741761,18.5259424809443,"PPP2R1A;ENO1;RTN4","GO_Biological_Process_2023","turquoise"
"Cytosolic Transport (GO:0016482)","3/127",0.0258863853847271,0.117684024599956,0,0,4.93249085467243,18.0235095567768,"PREPL;CLTC;VPS35","GO_Biological_Process_2023","turquoise"
"Regulation Of Mitochondrion Organization (GO:0010821)","2/50",0.0259489619459531,0.117684024599956,0,0,8.44047619047619,30.8214426622313,"VPS35;VDAC1","GO_Biological_Process_2023","turquoise"
"Negative Regulation Of Cell Projection Organization (GO:0031345)","2/50",0.0259489619459531,0.117684024599956,0,0,8.44047619047619,30.8214426622313,"PRNP;STMN2","GO_Biological_Process_2023","turquoise"
"Apoptotic Process (GO:0006915)","4/228",0.0275947211658343,0.120955472169242,0,0,3.65997023809524,13.1397718300429,"PPP2R1A;VDAC1;GAPDH;RTN4","GO_Biological_Process_2023","turquoise"
"Regulation Of Proteasomal Protein Catabolic Process (GO:0061136)","2/53",0.0289100845392209,0.120955472169242,0,0,7.94277711084434,28.1457453742055,"HSP90AB1;UBB","GO_Biological_Process_2023","turquoise"
"Endosome Organization (GO:0007032)","2/53",0.0289100845392209,0.120955472169242,0,0,7.94277711084434,28.1457453742055,"ATP6V1A;ATP6V0B","GO_Biological_Process_2023","turquoise"
"Mitochondrial Transport (GO:0006839)","2/53",0.0289100845392209,0.120955472169242,0,0,7.94277711084434,28.1457453742055,"HSP90AA1;VPS35","GO_Biological_Process_2023","turquoise"
"Regulation Of Cortisol Biosynthetic Process (GO:2000064)","1/6",0.0296309633944118,0.120955472169242,0,0,40.1919191919192,141.432767389918,"DKK3","GO_Biological_Process_2023","turquoise"
"Negative Regulation Of Neuron Projection Regeneration (GO:0070571)","1/6",0.0296309633944118,0.120955472169242,0,0,40.1919191919192,141.432767389918,"THY1","GO_Biological_Process_2023","turquoise"
"Auditory Receptor Cell Morphogenesis (GO:0002093)","1/6",0.0296309633944118,0.120955472169242,0,0,40.1919191919192,141.432767389918,"SOD1","GO_Biological_Process_2023","turquoise"
"Auditory Receptor Cell Stereocilium Organization (GO:0060088)","1/6",0.0296309633944118,0.120955472169242,0,0,40.1919191919192,141.432767389918,"SOD1","GO_Biological_Process_2023","turquoise"
"Autophagosome Membrane Docking (GO:0016240)","1/6",0.0296309633944118,0.120955472169242,0,0,40.1919191919192,141.432767389918,"CALM1","GO_Biological_Process_2023","turquoise"
"Norepinephrine Transport (GO:0015874)","1/6",0.0296309633944118,0.120955472169242,0,0,40.1919191919192,141.432767389918,"SLC6A3","GO_Biological_Process_2023","turquoise"
"Catecholamine Uptake (GO:0090493)","1/6",0.0296309633944118,0.120955472169242,0,0,40.1919191919192,141.432767389918,"SLC6A3","GO_Biological_Process_2023","turquoise"
"Clathrin Coat Disassembly (GO:0072318)","1/6",0.0296309633944118,0.120955472169242,0,0,40.1919191919192,141.432767389918,"HSPA8","GO_Biological_Process_2023","turquoise"
"Response To Increased Oxygen Levels (GO:0036296)","1/6",0.0296309633944118,0.120955472169242,0,0,40.1919191919192,141.432767389918,"ATP6V1A","GO_Biological_Process_2023","turquoise"
"Synaptic Transmission, Dopaminergic (GO:0001963)","1/6",0.0296309633944118,0.120955472169242,0,0,40.1919191919192,141.432767389918,"SLC6A3","GO_Biological_Process_2023","turquoise"
"Synaptic Vesicle Docking (GO:0016081)","1/6",0.0296309633944118,0.120955472169242,0,0,40.1919191919192,141.432767389918,"SNAP25","GO_Biological_Process_2023","turquoise"
"Positive Regulation Of Mitophagy (GO:1901526)","1/6",0.0296309633944118,0.120955472169242,0,0,40.1919191919192,141.432767389918,"VDAC1","GO_Biological_Process_2023","turquoise"
"Positive Regulation Of Spindle Assembly (GO:1905832)","1/6",0.0296309633944118,0.120955472169242,0,0,40.1919191919192,141.432767389918,"DYNC1H1","GO_Biological_Process_2023","turquoise"
"Membrane Biogenesis (GO:0044091)","1/6",0.0296309633944118,0.120955472169242,0,0,40.1919191919192,141.432767389918,"SERINC1","GO_Biological_Process_2023","turquoise"
"Mitochondrion-Endoplasmic Reticulum Membrane Tethering (GO:1990456)","1/6",0.0296309633944118,0.120955472169242,0,0,40.1919191919192,141.432767389918,"CALM1","GO_Biological_Process_2023","turquoise"
"Regulation Of Aldosterone Biosynthetic Process (GO:0032347)","1/6",0.0296309633944118,0.120955472169242,0,0,40.1919191919192,141.432767389918,"DKK3","GO_Biological_Process_2023","turquoise"
"Regulation Of Anion Channel Activity (GO:0010359)","1/6",0.0296309633944118,0.120955472169242,0,0,40.1919191919192,141.432767389918,"PRNP","GO_Biological_Process_2023","turquoise"
"Negative Regulation Of Catecholamine Secretion (GO:0033604)","1/6",0.0296309633944118,0.120955472169242,0,0,40.1919191919192,141.432767389918,"SYT11","GO_Biological_Process_2023","turquoise"
"Regulation Of Focal Adhesion Assembly (GO:0051893)","2/54",0.029925836282038,0.120955472169242,0,0,7.78963893249608,27.3341007109313,"THY1;ACTG1","GO_Biological_Process_2023","turquoise"
"Negative Regulation Of Neuron Projection Development (GO:0010977)","2/54",0.029925836282038,0.120955472169242,0,0,7.78963893249608,27.3341007109313,"STMN2;THY1","GO_Biological_Process_2023","turquoise"
"Endoplasmic Reticulum Organization (GO:0007029)","2/54",0.029925836282038,0.120955472169242,0,0,7.78963893249608,27.3341007109313,"RTN3;RTN4","GO_Biological_Process_2023","turquoise"
"Regulation Of Blood Vessel Endothelial Cell Migration (GO:0043535)","2/54",0.029925836282038,0.120955472169242,0,0,7.78963893249608,27.3341007109313,"ATP5F1A;ATP5F1B","GO_Biological_Process_2023","turquoise"
"Neuron Migration (GO:0001764)","2/55",0.030955668405524,0.124079567135835,0,0,7.64227955333077,26.5584434034501,"MAP1B;DNER","GO_Biological_Process_2023","turquoise"
"Purine Ribonucleotide Biosynthetic Process (GO:0009152)","2/55",0.030955668405524,0.124079567135835,0,0,7.64227955333077,26.5584434034501,"ATP5F1A;ATP5F1B","GO_Biological_Process_2023","turquoise"
"Positive Regulation Of Mitochondrion Organization (GO:0010822)","2/58",0.0341280219187038,0.12812224895231,0,0,7.23177842565598,24.4263185896388,"MOAP1;VPS35","GO_Biological_Process_2023","turquoise"
"Regulation Of Chaperone-Mediated Autophagy (GO:1904714)","1/7",0.0344842492004147,0.12812224895231,0,0,33.4915824915825,112.774618360503,"EEF1A2","GO_Biological_Process_2023","turquoise"
"Regulation Of Cyclic-Nucleotide Phosphodiesterase Activity (GO:0051342)","1/7",0.0344842492004147,0.12812224895231,0,0,33.4915824915825,112.774618360503,"CALM3","GO_Biological_Process_2023","turquoise"
"Regulation Of Dopamine Receptor Signaling Pathway (GO:0060159)","1/7",0.0344842492004147,0.12812224895231,0,0,33.4915824915825,112.774618360503,"VPS35","GO_Biological_Process_2023","turquoise"
"Negative Regulation Of Microglial Cell Activation (GO:1903979)","1/7",0.0344842492004147,0.12812224895231,0,0,33.4915824915825,112.774618360503,"SYT11","GO_Biological_Process_2023","turquoise"
"NADH Metabolic Process (GO:0006734)","1/7",0.0344842492004147,0.12812224895231,0,0,33.4915824915825,112.774618360503,"MDH1","GO_Biological_Process_2023","turquoise"
"Regulation Of Mammary Gland Epithelial Cell Proliferation (GO:0033599)","1/7",0.0344842492004147,0.12812224895231,0,0,33.4915824915825,112.774618360503,"RTN4","GO_Biological_Process_2023","turquoise"
"Amine Transport (GO:0015837)","1/7",0.0344842492004147,0.12812224895231,0,0,33.4915824915825,112.774618360503,"SLC18A2","GO_Biological_Process_2023","turquoise"
"Neurotransmitter Receptor Transport, Endosome To Plasma Membrane (GO:0099639)","1/7",0.0344842492004147,0.12812224895231,0,0,33.4915824915825,112.774618360503,"VPS35","GO_Biological_Process_2023","turquoise"
"Catecholamine Transport (GO:0051937)","1/7",0.0344842492004147,0.12812224895231,0,0,33.4915824915825,112.774618360503,"SLC6A3","GO_Biological_Process_2023","turquoise"
"Regulation Of Transforming Growth Factor Beta Activation (GO:1901388)","1/7",0.0344842492004147,0.12812224895231,0,0,33.4915824915825,112.774618360503,"HSP90AB1","GO_Biological_Process_2023","turquoise"
"Dendritic Spine Maintenance (GO:0097062)","1/7",0.0344842492004147,0.12812224895231,0,0,33.4915824915825,112.774618360503,"PRNP","GO_Biological_Process_2023","turquoise"
"Dopamine Uptake (GO:0090494)","1/7",0.0344842492004147,0.12812224895231,0,0,33.4915824915825,112.774618360503,"SLC6A3","GO_Biological_Process_2023","turquoise"
"Positive Regulation Of Plasminogen Activation (GO:0010756)","1/7",0.0344842492004147,0.12812224895231,0,0,33.4915824915825,112.774618360503,"ENO1","GO_Biological_Process_2023","turquoise"
"Lactate Metabolic Process (GO:0006089)","1/7",0.0344842492004147,0.12812224895231,0,0,33.4915824915825,112.774618360503,"LDHB","GO_Biological_Process_2023","turquoise"
"Malate Metabolic Process (GO:0006108)","1/7",0.0344842492004147,0.12812224895231,0,0,33.4915824915825,112.774618360503,"MDH1","GO_Biological_Process_2023","turquoise"
"protein-RNA Complex Disassembly (GO:0032988)","1/7",0.0344842492004147,0.12812224895231,0,0,33.4915824915825,112.774618360503,"KLC1","GO_Biological_Process_2023","turquoise"
"Mitochondrial Outer Membrane Permeabilization (GO:0097345)","1/7",0.0344842492004147,0.12812224895231,0,0,33.4915824915825,112.774618360503,"MOAP1","GO_Biological_Process_2023","turquoise"
"Negative Regulation Of cAMP-dependent Protein Kinase Activity (GO:2000480)","1/7",0.0344842492004147,0.12812224895231,0,0,33.4915824915825,112.774618360503,"PRKAR1A","GO_Biological_Process_2023","turquoise"
"Positive Regulation Of Transferase Activity (GO:0051347)","3/143",0.0350136640194194,0.129590802462679,0,0,4.36524300441826,14.6323682934029,"HSP90AA1;HSP90AB1;SERINC1","GO_Biological_Process_2023","turquoise"
"Regulation Of Cell Death (GO:0010941)","2/59",0.035212556639049,0.1298295027226,0,0,7.10454708199069,23.7743191541034,"SNCG;VPS35","GO_Biological_Process_2023","turquoise"
"Negative Regulation Of Peptidase Activity (GO:0010466)","2/60",0.0363103684614095,0.133368121420995,0,0,6.981703026038,23.1488972243337,"SERPINI1;GAPDH","GO_Biological_Process_2023","turquoise"
"Neuron Projection Morphogenesis (GO:0048812)","3/146",0.0368873028923251,0.13497399467419,0,0,4.27301564414967,14.1004725446185,"UBB;MAP1B;NEFH","GO_Biological_Process_2023","turquoise"
"Positive Regulation Of Organelle Assembly (GO:1902117)","2/61",0.0374213004237331,0.13626818923177,0,0,6.86302317537184,22.5485670061795,"DYNC1H1;MOAP1","GO_Biological_Process_2023","turquoise"
"Negative Regulation Of Protein Metabolic Process (GO:0051248)","3/147",0.0375231245710671,0.13626818923177,0,0,4.24312714776632,13.9293288087839,"PRNP;HSP90AB1;GAPDH","GO_Biological_Process_2023","turquoise"
"Negative Regulation Of Kinase Activity (GO:0033673)","2/62",0.0385451967593686,0.136607356154268,0,0,6.74829931972789,21.9719482594704,"THY1;YWHAG","GO_Biological_Process_2023","turquoise"
"Protein-Containing Complex Disassembly (GO:0032984)","2/62",0.0385451967593686,0.136607356154268,0,0,6.74829931972789,21.9719482594704,"NSF;HSPA8","GO_Biological_Process_2023","turquoise"
"Negative Regulation Of Glycoprotein Biosynthetic Process (GO:0010561)","1/8",0.0393135041520565,0.136607356154268,0,0,28.7056277056277,92.8967850071638,"ITM2B","GO_Biological_Process_2023","turquoise"
"Regulation Of Generation Of Precursor Metabolites And Energy (GO:0043467)","1/8",0.0393135041520565,0.136607356154268,0,0,28.7056277056277,92.8967850071638,"PGAM1","GO_Biological_Process_2023","turquoise"
"Regulation Of Intrinsic Apoptotic Signaling Pathway By P53 Class Mediator (GO:1902253)","1/8",0.0393135041520565,0.136607356154268,0,0,28.7056277056277,92.8967850071638,"UBB","GO_Biological_Process_2023","turquoise"
"Neurotransmitter Reuptake (GO:0098810)","1/8",0.0393135041520565,0.136607356154268,0,0,28.7056277056277,92.8967850071638,"SLC18A2","GO_Biological_Process_2023","turquoise"
"Regulation Of Organ Growth (GO:0046620)","1/8",0.0393135041520565,0.136607356154268,0,0,28.7056277056277,92.8967850071638,"SOD1","GO_Biological_Process_2023","turquoise"
"Regulation Of Vesicle Fusion (GO:0031338)","1/8",0.0393135041520565,0.136607356154268,0,0,28.7056277056277,92.8967850071638,"STXBP1","GO_Biological_Process_2023","turquoise"
"Serotonin Uptake (GO:0051610)","1/8",0.0393135041520565,0.136607356154268,0,0,28.7056277056277,92.8967850071638,"SLC18A2","GO_Biological_Process_2023","turquoise"
"Mitochondrial Fragmentation Involved In Apoptotic Process (GO:0043653)","1/8",0.0393135041520565,0.136607356154268,0,0,28.7056277056277,92.8967850071638,"VPS35","GO_Biological_Process_2023","turquoise"
"Modification-Dependent Macromolecule Catabolic Process (GO:0043632)","1/8",0.0393135041520565,0.136607356154268,0,0,28.7056277056277,92.8967850071638,"UBB","GO_Biological_Process_2023","turquoise"
"Negative Regulation Of Chromosome Organization (GO:2001251)","1/8",0.0393135041520565,0.136607356154268,0,0,28.7056277056277,92.8967850071638,"TERF2IP","GO_Biological_Process_2023","turquoise"
"Response To Metal Ion (GO:0010038)","2/64",0.0408312655246501,0.140436716828704,0,0,6.52995391705069,20.8847984924896,"CALM3;CALM1","GO_Biological_Process_2023","turquoise"
"Positive Regulation Of Type I Interferon Production (GO:0032481)","2/64",0.0408312655246501,0.140436716828704,0,0,6.52995391705069,20.8847984924896,"HSP90AA1;GAPDH","GO_Biological_Process_2023","turquoise"
"Positive Regulation Of Protein Phosphorylation (GO:0001934)","5/377",0.040851674357004,0.140436716828704,0,0,2.76287492925863,8.83514208907401,"PRNP;HSP90AA1;HSP90AB1;CALM3;CALM1","GO_Biological_Process_2023","turquoise"
"Positive Regulation Of DNA Biosynthetic Process (GO:2000573)","2/65",0.041993132410768,0.140656122197442,0,0,6.42597991577583,20.3719576107223,"HSP90AA1;HSP90AB1","GO_Biological_Process_2023","turquoise"
"Regulation Of Cell-Matrix Adhesion (GO:0001952)","2/65",0.041993132410768,0.140656122197442,0,0,6.42597991577583,20.3719576107223,"THY1;ACTG1","GO_Biological_Process_2023","turquoise"
"Negative Regulation Of Endopeptidase Activity (GO:0010951)","2/66",0.043167352566795,0.140656122197442,0,0,6.32525510204082,19.8781944931298,"SERPINI1;GAPDH","GO_Biological_Process_2023","turquoise"
"Regulation Of Endocytosis (GO:0030100)","2/66",0.043167352566795,0.140656122197442,0,0,6.32525510204082,19.8781944931298,"CALY;SYT11","GO_Biological_Process_2023","turquoise"
"Cellular Response To Type II Interferon (GO:0071346)","2/66",0.043167352566795,0.140656122197442,0,0,6.32525510204082,19.8781944931298,"CALM1;GAPDH","GO_Biological_Process_2023","turquoise"
"Regulation Of Protein Phosphorylation (GO:0001932)","4/265",0.0440496935246858,0.140656122197442,0,0,3.13521711366539,9.78951755526381,"PRNP;HSP90AA1;TERF2IP;SOD1","GO_Biological_Process_2023","turquoise"
"SNARE Complex Assembly (GO:0035493)","1/9",0.0441188457824273,0.140656122197442,0,0,25.1161616161616,78.3842312444799,"STXBP1","GO_Biological_Process_2023","turquoise"
"Negative Regulation Of Protein Maturation (GO:1903318)","1/9",0.0441188457824273,0.140656122197442,0,0,25.1161616161616,78.3842312444799,"PRNP","GO_Biological_Process_2023","turquoise"
"Negative Regulation Of Transforming Growth Factor Beta Production (GO:0071635)","1/9",0.0441188457824273,0.140656122197442,0,0,25.1161616161616,78.3842312444799,"HSP90AB1","GO_Biological_Process_2023","turquoise"
"Negative Regulation Of Tyrosine Phosphorylation Of STAT Protein (GO:0042532)","1/9",0.0441188457824273,0.140656122197442,0,0,25.1161616161616,78.3842312444799,"PPP2R1A","GO_Biological_Process_2023","turquoise"
"Regulation Of Sequestering Of Calcium Ion (GO:0051282)","1/9",0.0441188457824273,0.140656122197442,0,0,25.1161616161616,78.3842312444799,"ANXA6","GO_Biological_Process_2023","turquoise"
"Regulation Of Store-Operated Calcium Entry (GO:2001256)","1/9",0.0441188457824273,0.140656122197442,0,0,25.1161616161616,78.3842312444799,"SARAF","GO_Biological_Process_2023","turquoise"
"Positive Regulation Of ATP Metabolic Process (GO:1903580)","1/9",0.0441188457824273,0.140656122197442,0,0,25.1161616161616,78.3842312444799,"ENO1","GO_Biological_Process_2023","turquoise"
"Regulation Of Transmembrane Transporter Activity (GO:0022898)","1/9",0.0441188457824273,0.140656122197442,0,0,25.1161616161616,78.3842312444799,"ACTB","GO_Biological_Process_2023","turquoise"
"Cellular Response To Oxygen Levels (GO:0071453)","1/9",0.0441188457824273,0.140656122197442,0,0,25.1161616161616,78.3842312444799,"ATP6V1A","GO_Biological_Process_2023","turquoise"
"Serotonin Transport (GO:0006837)","1/9",0.0441188457824273,0.140656122197442,0,0,25.1161616161616,78.3842312444799,"SLC18A2","GO_Biological_Process_2023","turquoise"
"Synaptic Vesicle Fusion To Presynaptic Active Zone Membrane (GO:0031629)","1/9",0.0441188457824273,0.140656122197442,0,0,25.1161616161616,78.3842312444799,"SNAP25","GO_Biological_Process_2023","turquoise"
"Transferrin Transport (GO:0033572)","1/9",0.0441188457824273,0.140656122197442,0,0,25.1161616161616,78.3842312444799,"CLTC","GO_Biological_Process_2023","turquoise"
"Positive Regulation Of Receptor Recycling (GO:0001921)","1/9",0.0441188457824273,0.140656122197442,0,0,25.1161616161616,78.3842312444799,"NSF","GO_Biological_Process_2023","turquoise"
"Positive Regulation Of Sodium Ion Transmembrane Transport (GO:1902307)","1/9",0.0441188457824273,0.140656122197442,0,0,25.1161616161616,78.3842312444799,"ATP1B1","GO_Biological_Process_2023","turquoise"
"Myelin Maintenance (GO:0043217)","1/9",0.0441188457824273,0.140656122197442,0,0,25.1161616161616,78.3842312444799,"SOD1","GO_Biological_Process_2023","turquoise"
"Regulation Of Cellular Extravasation (GO:0002691)","1/9",0.0441188457824273,0.140656122197442,0,0,25.1161616161616,78.3842312444799,"THY1","GO_Biological_Process_2023","turquoise"
"Negative Regulation Of Signal Transduction (GO:0009968)","4/267",0.04506717027246,0.143206863431567,0,0,3.11105830164766,9.64304013658143,"NDRG4;YWHAB;FAIM2;DKK3","GO_Biological_Process_2023","turquoise"
"Intermediate Filament Organization (GO:0045109)","2/68",0.0455522545652316,0.144017615375025,0,0,6.13296227581942,18.9440774902941,"NEFL;INA","GO_Biological_Process_2023","turquoise"
"Regulation Of Endopeptidase Activity (GO:0052548)","2/69",0.0467626402187707,0.144017615375025,0,0,6.04112092598233,18.5019639390654,"SERPINI1;GAPDH","GO_Biological_Process_2023","turquoise"
"Regulation Of Heart Contraction (GO:0008016)","2/69",0.0467626402187707,0.144017615375025,0,0,6.04112092598233,18.5019639390654,"CALM3;CALM1","GO_Biological_Process_2023","turquoise"
"Positive Regulation Of Intracellular Signal Transduction (GO:1902533)","6/525",0.0480852991933407,0.144017615375025,0,0,2.38359365391711,7.23367943785841,"HSP90AA1;HSP90AB1;TERF2IP;GAPDH;RTN4;SOD1","GO_Biological_Process_2023","turquoise"
"Chemical Synaptic Transmission (GO:0007268)","4/273",0.0481984952597617,0.144017615375025,0,0,3.04073729863693,9.22081533499915,"SNAP25;STXBP1;SNCG;SLC18A2","GO_Biological_Process_2023","turquoise"
"Nitrogen Compound Transport (GO:0071705)","3/163",0.0484525934448119,0.144017615375025,0,0,3.81572164948454,11.5508358689141,"KIF3A;SLC6A3;SLC18A2","GO_Biological_Process_2023","turquoise"
"Negative Regulation Of Dephosphorylation (GO:0035305)","1/10",0.0489003911418305,0.144017615375025,0,0,22.324354657688,67.3742300304506,"YWHAB","GO_Biological_Process_2023","turquoise"
"Negative Regulation Of Interleukin-17 Production (GO:0032700)","1/10",0.0489003911418305,0.144017615375025,0,0,22.324354657688,67.3742300304506,"PRNP","GO_Biological_Process_2023","turquoise"
"L-serine Metabolic Process (GO:0006563)","1/10",0.0489003911418305,0.144017615375025,0,0,22.324354657688,67.3742300304506,"SERINC3","GO_Biological_Process_2023","turquoise"
"Actin Filament Depolymerization (GO:0030042)","1/10",0.0489003911418305,0.144017615375025,0,0,22.324354657688,67.3742300304506,"DSTN","GO_Biological_Process_2023","turquoise"
"Neuron Projection Fasciculation (GO:0106030)","1/10",0.0489003911418305,0.144017615375025,0,0,22.324354657688,67.3742300304506,"RTN4","GO_Biological_Process_2023","turquoise"
"Neuron Projection Maintenance (GO:1990535)","1/10",0.0489003911418305,0.144017615375025,0,0,22.324354657688,67.3742300304506,"PRNP","GO_Biological_Process_2023","turquoise"
"Nuclear Pore Complex Assembly (GO:0051292)","1/10",0.0489003911418305,0.144017615375025,0,0,22.324354657688,67.3742300304506,"RTN4","GO_Biological_Process_2023","turquoise"
"Cardiac Muscle Cell Membrane Repolarization (GO:0099622)","1/10",0.0489003911418305,0.144017615375025,0,0,22.324354657688,67.3742300304506,"ATP1B1","GO_Biological_Process_2023","turquoise"
"Cellular Response To Increased Oxygen Levels (GO:0036295)","1/10",0.0489003911418305,0.144017615375025,0,0,22.324354657688,67.3742300304506,"ATP6V1A","GO_Biological_Process_2023","turquoise"
"Regulation Of Toll-Like Receptor 2 Signaling Pathway (GO:0034135)","1/10",0.0489003911418305,0.144017615375025,0,0,22.324354657688,67.3742300304506,"PJA2","GO_Biological_Process_2023","turquoise"
"Regulation Of Toll-Like Receptor 9 Signaling Pathway (GO:0034163)","1/10",0.0489003911418305,0.144017615375025,0,0,22.324354657688,67.3742300304506,"RTN4","GO_Biological_Process_2023","turquoise"
"Removal Of Superoxide Radicals (GO:0019430)","1/10",0.0489003911418305,0.144017615375025,0,0,22.324354657688,67.3742300304506,"SOD1","GO_Biological_Process_2023","turquoise"
"Serine Family Amino Acid Biosynthetic Process (GO:0009070)","1/10",0.0489003911418305,0.144017615375025,0,0,22.324354657688,67.3742300304506,"SERINC3","GO_Biological_Process_2023","turquoise"
"Positive Regulation Of Protein Depolymerization (GO:1901881)","1/10",0.0489003911418305,0.144017615375025,0,0,22.324354657688,67.3742300304506,"STMN2","GO_Biological_Process_2023","turquoise"
"Protein Localization To Endosome (GO:0036010)","1/10",0.0489003911418305,0.144017615375025,0,0,22.324354657688,67.3742300304506,"VPS35","GO_Biological_Process_2023","turquoise"
"Microtubule Anchoring At Centrosome (GO:0034454)","1/10",0.0489003911418305,0.144017615375025,0,0,22.324354657688,67.3742300304506,"KIF3A","GO_Biological_Process_2023","turquoise"
"Regulation Of Amyloid Precursor Protein Biosynthetic Process (GO:0042984)","1/10",0.0489003911418305,0.144017615375025,0,0,22.324354657688,67.3742300304506,"ITM2B","GO_Biological_Process_2023","turquoise"
"Regulation Of Calcium Ion Import Across Plasma Membrane (GO:1905664)","1/10",0.0489003911418305,0.144017615375025,0,0,22.324354657688,67.3742300304506,"PRNP","GO_Biological_Process_2023","turquoise"
"Regulation Of Double-Strand Break Repair Via Homologous Recombination (GO:0010569)","2/71",0.0492185490137595,0.144514037529762,0,0,5.86542443064182,17.6636360143545,"TERF2IP;ACTB","GO_Biological_Process_2023","turquoise"
"Regulation Of Cellular Localization (GO:0060341)","2/72",0.0504637828415357,0.147674860459642,0,0,5.78134110787172,17.265971584774,"HSP90AA1;HSP90AB1","GO_Biological_Process_2023","turquoise"
"Ubiquitin-Dependent ERAD Pathway (GO:0030433)","2/73",0.051720345286075,0.147674860459642,0,0,5.699626329405,16.8817463030563,"FBXO2;CANX","GO_Biological_Process_2023","turquoise"
"Negative Regulation Of Cellular Process (GO:0048523)","6/537",0.052584234605988,0.147674860459642,0,0,2.32828464959731,6.85758741039365,"PPP2R1A;ANXA6;VPS35;ENO1;ACTB;RTN4","GO_Biological_Process_2023","turquoise"
"Gland Development (GO:0048732)","2/74",0.0529880944930012,0.147674860459642,0,0,5.62018140589569,16.5103396024628,"DKK3;SOD1","GO_Biological_Process_2023","turquoise"
"P-body Assembly (GO:0033962)","1/11",0.0536582567508638,0.147674860459642,0,0,20.0909090909091,58.7683184218827,"DYNC1H1","GO_Biological_Process_2023","turquoise"
"Negative Regulation Of Platelet-Derived Growth Factor Receptor Signaling Pathway (GO:0010642)","1/11",0.0536582567508638,0.147674860459642,0,0,20.0909090909091,58.7683184218827,"NDRG4","GO_Biological_Process_2023","turquoise"
"Negative Regulation Of Reactive Oxygen Species Biosynthetic Process (GO:1903427)","1/11",0.0536582567508638,0.147674860459642,0,0,20.0909090909091,58.7683184218827,"SLC18A2","GO_Biological_Process_2023","turquoise"
"Negative Regulation Of Release Of Sequestered Calcium Ion Into Cytosol (GO:0051280)","1/11",0.0536582567508638,0.147674860459642,0,0,20.0909090909091,58.7683184218827,"CALM3","GO_Biological_Process_2023","turquoise"
"Regulation Of Lipid Kinase Activity (GO:0043550)","1/11",0.0536582567508638,0.147674860459642,0,0,20.0909090909091,58.7683184218827,"EEF1A2","GO_Biological_Process_2023","turquoise"
"Negative Regulation Of Ryanodine-Sensitive Calcium-Release Channel Activity (GO:0060315)","1/11",0.0536582567508638,0.147674860459642,0,0,20.0909090909091,58.7683184218827,"CALM3","GO_Biological_Process_2023","turquoise"
"Regulation Of Microtubule-Based Movement (GO:0060632)","1/11",0.0536582567508638,0.147674860459642,0,0,20.0909090909091,58.7683184218827,"NEFH","GO_Biological_Process_2023","turquoise"
"Cell Differentiation In Hindbrain (GO:0021533)","1/11",0.0536582567508638,0.147674860459642,0,0,20.0909090909091,58.7683184218827,"FAIM2","GO_Biological_Process_2023","turquoise"
"Cellular Response To Superoxide (GO:0071451)","1/11",0.0536582567508638,0.147674860459642,0,0,20.0909090909091,58.7683184218827,"SOD1","GO_Biological_Process_2023","turquoise"
"Endoplasmic Reticulum Membrane Organization (GO:0090158)","1/11",0.0536582567508638,0.147674860459642,0,0,20.0909090909091,58.7683184218827,"RTN4","GO_Biological_Process_2023","turquoise"
"Telomere Maintenance In Response To DNA Damage (GO:0043247)","1/11",0.0536582567508638,0.147674860459642,0,0,20.0909090909091,58.7683184218827,"TERF2IP","GO_Biological_Process_2023","turquoise"
"Positive Regulation Of Muscle Contraction (GO:0045933)","1/11",0.0536582567508638,0.147674860459642,0,0,20.0909090909091,58.7683184218827,"ENO1","GO_Biological_Process_2023","turquoise"
"Inner Ear Receptor Cell Stereocilium Organization (GO:0060122)","1/11",0.0536582567508638,0.147674860459642,0,0,20.0909090909091,58.7683184218827,"SOD1","GO_Biological_Process_2023","turquoise"
"Intracellular Copper Ion Homeostasis (GO:0006878)","1/11",0.0536582567508638,0.147674860459642,0,0,20.0909090909091,58.7683184218827,"PRNP","GO_Biological_Process_2023","turquoise"
"Regulation Of Amyloid Precursor Protein Catabolic Process (GO:1902991)","1/11",0.0536582567508638,0.147674860459642,0,0,20.0909090909091,58.7683184218827,"PRNP","GO_Biological_Process_2023","turquoise"
"Negative Regulation Of calcineurin-NFAT Signaling Cascade (GO:0070885)","1/11",0.0536582567508638,0.147674860459642,0,0,20.0909090909091,58.7683184218827,"PRNP","GO_Biological_Process_2023","turquoise"
"Negative Regulation Of Calcineurin-Mediated Signaling (GO:0106057)","1/11",0.0536582567508638,0.147674860459642,0,0,20.0909090909091,58.7683184218827,"PRNP","GO_Biological_Process_2023","turquoise"
"Regulation Of Cell Communication By Electrical Coupling Involved In Cardiac Conduction (GO:1901844)","1/11",0.0536582567508638,0.147674860459642,0,0,20.0909090909091,58.7683184218827,"CALM3","GO_Biological_Process_2023","turquoise"
"Negative Regulation Of Phosphorylation (GO:0042326)","2/75",0.0542668897312266,0.148925612160127,0,0,5.54291305563321,16.1511673406941,"PRNP;TERF2IP","GO_Biological_Process_2023","turquoise"
"Wnt Signaling Pathway (GO:0016055)","2/76",0.0555565913641186,0.151225768333395,0,0,5.46773303916161,15.8036792136142,"CPE;VPS35","GO_Biological_Process_2023","turquoise"
"Neuron Differentiation (GO:0030182)","3/173",0.0559904463785373,0.151225768333395,0,0,3.58944815039418,10.3468506419933,"RTN3;RTN1;RTN4","GO_Biological_Process_2023","turquoise"
"Regulation Of Neuron Projection Development (GO:0010975)","3/174",0.0567733697817361,0.151225768333395,0,0,3.56827636100561,10.2362712387518,"NDRG4;STMN2;SERPINI1","GO_Biological_Process_2023","turquoise"
"Cell Morphogenesis Involved In Neuron Differentiation (GO:0048667)","2/77",0.0568570608364097,0.151225768333395,0,0,5.39455782312925,15.4673563823572,"MAP1B;NEFH","GO_Biological_Process_2023","turquoise"
"Negative Regulation Of Voltage-Gated Calcium Channel Activity (GO:1901386)","1/12",0.0583925585800791,0.151225768333395,0,0,18.2635445362718,51.8788186041542,"CALM3","GO_Biological_Process_2023","turquoise"
"Axonal Fasciculation (GO:0007413)","1/12",0.0583925585800791,0.151225768333395,0,0,18.2635445362718,51.8788186041542,"RTN4","GO_Biological_Process_2023","turquoise"
"Axonal Transport Of Mitochondrion (GO:0019896)","1/12",0.0583925585800791,0.151225768333395,0,0,18.2635445362718,51.8788186041542,"NEFL","GO_Biological_Process_2023","turquoise"
"Regulation Of Platelet-Derived Growth Factor Receptor Signaling Pathway (GO:0010640)","1/12",0.0583925585800791,0.151225768333395,0,0,18.2635445362718,51.8788186041542,"NDRG4","GO_Biological_Process_2023","turquoise"
"Cell Projection Assembly (GO:0030031)","1/12",0.0583925585800791,0.151225768333395,0,0,18.2635445362718,51.8788186041542,"NEFH","GO_Biological_Process_2023","turquoise"
"Cellular Component Maintenance (GO:0043954)","1/12",0.0583925585800791,0.151225768333395,0,0,18.2635445362718,51.8788186041542,"PRNP","GO_Biological_Process_2023","turquoise"
"Relaxation Of Cardiac Muscle (GO:0055119)","1/12",0.0583925585800791,0.151225768333395,0,0,18.2635445362718,51.8788186041542,"ATP1B1","GO_Biological_Process_2023","turquoise"
"Detection Of Calcium Ion (GO:0005513)","1/12",0.0583925585800791,0.151225768333395,0,0,18.2635445362718,51.8788186041542,"CALM3","GO_Biological_Process_2023","turquoise"
"Positive Regulation Of Cellular Extravasation (GO:0002693)","1/12",0.0583925585800791,0.151225768333395,0,0,18.2635445362718,51.8788186041542,"THY1","GO_Biological_Process_2023","turquoise"
"Sodium Ion Export Across Plasma Membrane (GO:0036376)","1/12",0.0583925585800791,0.151225768333395,0,0,18.2635445362718,51.8788186041542,"ATP1B1","GO_Biological_Process_2023","turquoise"
"Positive Regulation Of Protein Localization To Cell Surface (GO:2000010)","1/12",0.0583925585800791,0.151225768333395,0,0,18.2635445362718,51.8788186041542,"HSP90AB1","GO_Biological_Process_2023","turquoise"
"Positive Regulation Of Sodium Ion Transmembrane Transporter Activity (GO:2000651)","1/12",0.0583925585800791,0.151225768333395,0,0,18.2635445362718,51.8788186041542,"ATP1B1","GO_Biological_Process_2023","turquoise"
"Microtubule Anchoring At Microtubule Organizing Center (GO:0072393)","1/12",0.0583925585800791,0.151225768333395,0,0,18.2635445362718,51.8788186041542,"KIF3A","GO_Biological_Process_2023","turquoise"
"Morphogenesis Of A Polarized Epithelium (GO:0001738)","1/12",0.0583925585800791,0.151225768333395,0,0,18.2635445362718,51.8788186041542,"ACTG1","GO_Biological_Process_2023","turquoise"
"Myelination In Peripheral Nervous System (GO:0022011)","1/12",0.0583925585800791,0.151225768333395,0,0,18.2635445362718,51.8788186041542,"SOD1","GO_Biological_Process_2023","turquoise"
"Regulation Of SNARE Complex Assembly (GO:0035542)","1/12",0.0583925585800791,0.151225768333395,0,0,18.2635445362718,51.8788186041542,"STXBP1","GO_Biological_Process_2023","turquoise"
"Regulation Of T Cell Differentiation In Thymus (GO:0033081)","1/12",0.0583925585800791,0.151225768333395,0,0,18.2635445362718,51.8788186041542,"SOD1","GO_Biological_Process_2023","turquoise"
"Vesicle Fusion (GO:0006906)","2/79",0.0594897545967717,0.153245607841284,0,0,5.25390935595017,14.8262756693766,"SYT11;STXBP1","GO_Biological_Process_2023","turquoise"
"Negative Regulation Of Cellular Component Organization (GO:0051129)","2/79",0.0594897545967717,0.153245607841284,0,0,5.25390935595017,14.8262756693766,"HSPA8;SYT11","GO_Biological_Process_2023","turquoise"
"Regulation Of Cytokinesis (GO:0032465)","2/80",0.0608217071927091,0.154323787547592,0,0,5.18628990057561,14.520618689889,"CALM3;CALM1","GO_Biological_Process_2023","turquoise"
"Negative Regulation Of Protein Serine/Threonine Kinase Activity (GO:0071901)","2/80",0.0608217071927091,0.154323787547592,0,0,5.18628990057561,14.520618689889,"UCHL1;PRKAR1A","GO_Biological_Process_2023","turquoise"
"Regulation Of Protein Localization To Plasma Membrane (GO:1903076)","2/80",0.0608217071927091,0.154323787547592,0,0,5.18628990057561,14.520618689889,"CLTC;ACTB","GO_Biological_Process_2023","turquoise"
"Response To Type II Interferon (GO:0034341)","2/80",0.0608217071927091,0.154323787547592,0,0,5.18628990057561,14.520618689889,"CALM1;GAPDH","GO_Biological_Process_2023","turquoise"
"Wound Healing (GO:0042060)","2/80",0.0608217071927091,0.154323787547592,0,0,5.18628990057561,14.520618689889,"SYT11;ANXA6","GO_Biological_Process_2023","turquoise"
"Macromolecule Modification (GO:0043412)","2/81",0.0621638842786596,0.154323787547592,0,0,5.12038233014725,14.2243252686936,"FBXO2;CPE","GO_Biological_Process_2023","turquoise"
"Negative Regulation Of Neuroinflammatory Response (GO:0150079)","1/13",0.0631034120924419,0.154323787547592,0,0,16.7407407407407,46.2543391597171,"SYT11","GO_Biological_Process_2023","turquoise"
"Regulation Of Nitrogen Compound Metabolic Process (GO:0051171)","1/13",0.0631034120924419,0.154323787547592,0,0,16.7407407407407,46.2543391597171,"VPS35","GO_Biological_Process_2023","turquoise"
"Relaxation Of Muscle (GO:0090075)","1/13",0.0631034120924419,0.154323787547592,0,0,16.7407407407407,46.2543391597171,"ATP1B1","GO_Biological_Process_2023","turquoise"
"Cotranslational Protein Targeting To Membrane (GO:0006613)","1/13",0.0631034120924419,0.154323787547592,0,0,16.7407407407407,46.2543391597171,"SRP14","GO_Biological_Process_2023","turquoise"
"Cytoplasmic Sequestering Of Protein (GO:0051220)","1/13",0.0631034120924419,0.154323787547592,0,0,16.7407407407407,46.2543391597171,"YWHAB","GO_Biological_Process_2023","turquoise"
"Response To Nerve Growth Factor (GO:1990089)","1/13",0.0631034120924419,0.154323787547592,0,0,16.7407407407407,46.2543391597171,"STMN2","GO_Biological_Process_2023","turquoise"
"Eye Photoreceptor Cell Development (GO:0042462)","1/13",0.0631034120924419,0.154323787547592,0,0,16.7407407407407,46.2543391597171,"THY1","GO_Biological_Process_2023","turquoise"
"Thymus Development (GO:0048538)","1/13",0.0631034120924419,0.154323787547592,0,0,16.7407407407407,46.2543391597171,"SOD1","GO_Biological_Process_2023","turquoise"
"Positive Regulation Of Potassium Ion Transmembrane Transporter Activity (GO:1901018)","1/13",0.0631034120924419,0.154323787547592,0,0,16.7407407407407,46.2543391597171,"ATP1B1","GO_Biological_Process_2023","turquoise"
"Positive Regulation Of Superoxide Anion Generation (GO:0032930)","1/13",0.0631034120924419,0.154323787547592,0,0,16.7407407407407,46.2543391597171,"SOD1","GO_Biological_Process_2023","turquoise"
"Intracellular Potassium Ion Homeostasis (GO:0030007)","1/13",0.0631034120924419,0.154323787547592,0,0,16.7407407407407,46.2543391597171,"ATP1B1","GO_Biological_Process_2023","turquoise"
"Killing By Host Of Symbiont Cells (GO:0051873)","1/13",0.0631034120924419,0.154323787547592,0,0,16.7407407407407,46.2543391597171,"GAPDH","GO_Biological_Process_2023","turquoise"
"Negative Regulation Of NLRP3 Inflammasome Complex Assembly (GO:1900226)","1/13",0.0631034120924419,0.154323787547592,0,0,16.7407407407407,46.2543391597171,"HSPA8","GO_Biological_Process_2023","turquoise"
"Regulation Of cAMP-dependent Protein Kinase Activity (GO:2000479)","1/13",0.0631034120924419,0.154323787547592,0,0,16.7407407407407,46.2543391597171,"PRKAR1A","GO_Biological_Process_2023","turquoise"
"Sodium Ion Transmembrane Transport (GO:0035725)","2/82",0.0635161526621472,0.154550638467592,0,0,5.05612244897959,13.9370045076699,"ATP1B1;SLC6A3","GO_Biological_Process_2023","turquoise"
"Negative Regulation Of Apoptotic Signaling Pathway (GO:2001234)","2/82",0.0635161526621472,0.154550638467592,0,0,5.05612244897959,13.9370045076699,"FAIM2;GHITM","GO_Biological_Process_2023","turquoise"
"Regulation Of Cell Division (GO:0051302)","2/83",0.0648783802345316,0.156291266049416,0,0,4.99344923154447,13.6582862458477,"CALM3;CALM1","GO_Biological_Process_2023","turquoise"
"Purine Ribonucleotide Metabolic Process (GO:0009150)","2/84",0.0662504359060044,0.156291266049416,0,0,4.93230462916874,13.3878197311643,"HSPA8;ATP1B1","GO_Biological_Process_2023","turquoise"
"Calcium-Mediated Signaling (GO:0019722)","2/85",0.067632189652766,0.156291266049416,0,0,4.87263339070568,13.1252723836309,"PRNP;ATP1B1","GO_Biological_Process_2023","turquoise"
"Positive Regulation Of Endothelial Cell Migration (GO:0010595)","2/85",0.067632189652766,0.156291266049416,0,0,4.87263339070568,13.1252723836309,"ATP5F1A;ATP5F1B","GO_Biological_Process_2023","turquoise"
"Regulation Of Leukocyte Activation (GO:0002694)","1/14",0.0677909321684321,0.156291266049416,0,0,15.4522144522145,41.5869594433684,"PJA2","GO_Biological_Process_2023","turquoise"
"Negative Regulation Of Smooth Muscle Cell Migration (GO:0014912)","1/14",0.0677909321684321,0.156291266049416,0,0,15.4522144522145,41.5869594433684,"NDRG4","GO_Biological_Process_2023","turquoise"
"Regulation Of Microglial Cell Activation (GO:1903978)","1/14",0.0677909321684321,0.156291266049416,0,0,15.4522144522145,41.5869594433684,"SYT11","GO_Biological_Process_2023","turquoise"
"Nuclear Pore Organization (GO:0006999)","1/14",0.0677909321684321,0.156291266049416,0,0,15.4522144522145,41.5869594433684,"RTN4","GO_Biological_Process_2023","turquoise"
"Calcium Ion-Regulated Exocytosis Of Neurotransmitter (GO:0048791)","1/14",0.0677909321684321,0.156291266049416,0,0,15.4522144522145,41.5869594433684,"SYT11","GO_Biological_Process_2023","turquoise"
"Regulation Of Superoxide Anion Generation (GO:0032928)","1/14",0.0677909321684321,0.156291266049416,0,0,15.4522144522145,41.5869594433684,"SOD1","GO_Biological_Process_2023","turquoise"
"Ceramide Transport (GO:0035627)","1/14",0.0677909321684321,0.156291266049416,0,0,15.4522144522145,41.5869594433684,"PSAP","GO_Biological_Process_2023","turquoise"
"Copper Ion Homeostasis (GO:0055070)","1/14",0.0677909321684321,0.156291266049416,0,0,15.4522144522145,41.5869594433684,"PRNP","GO_Biological_Process_2023","turquoise"
"Positive Regulation Of Cytoplasmic Translation (GO:2000767)","1/14",0.0677909321684321,0.156291266049416,0,0,15.4522144522145,41.5869594433684,"PKM","GO_Biological_Process_2023","turquoise"
"Positive Regulation Of Heterotypic Cell-Cell Adhesion (GO:0034116)","1/14",0.0677909321684321,0.156291266049416,0,0,15.4522144522145,41.5869594433684,"THY1","GO_Biological_Process_2023","turquoise"
"Establishment Of Spindle Localization (GO:0051293)","1/14",0.0677909321684321,0.156291266049416,0,0,15.4522144522145,41.5869594433684,"DYNC1H1","GO_Biological_Process_2023","turquoise"
"Synaptic Vesicle Membrane Organization (GO:0048499)","1/14",0.0677909321684321,0.156291266049416,0,0,15.4522144522145,41.5869594433684,"SNAP25","GO_Biological_Process_2023","turquoise"
"Telomere Capping (GO:0016233)","1/14",0.0677909321684321,0.156291266049416,0,0,15.4522144522145,41.5869594433684,"TERF2IP","GO_Biological_Process_2023","turquoise"
"Membrane Repolarization During Cardiac Muscle Cell Action Potential (GO:0086013)","1/14",0.0677909321684321,0.156291266049416,0,0,15.4522144522145,41.5869594433684,"ATP1B1","GO_Biological_Process_2023","turquoise"
"Protein Localization To Vacuole (GO:0072665)","1/14",0.0677909321684321,0.156291266049416,0,0,15.4522144522145,41.5869594433684,"RTN4","GO_Biological_Process_2023","turquoise"
"Mitochondrial Calcium Ion Transmembrane Transport (GO:0006851)","1/14",0.0677909321684321,0.156291266049416,0,0,15.4522144522145,41.5869594433684,"GHITM","GO_Biological_Process_2023","turquoise"
"Regulation Of ATP Biosynthetic Process (GO:2001169)","1/14",0.0677909321684321,0.156291266049416,0,0,15.4522144522145,41.5869594433684,"ENO1","GO_Biological_Process_2023","turquoise"
"Regulation Of Carbohydrate Catabolic Process (GO:0043470)","1/14",0.0677909321684321,0.156291266049416,0,0,15.4522144522145,41.5869594433684,"PGAM1","GO_Biological_Process_2023","turquoise"
"Exocytosis (GO:0006887)","2/86",0.0690235124413976,0.158754078615215,0,0,4.81438289601555,12.8703286595916,"NSF;SNAP25","GO_Biological_Process_2023","turquoise"
"Negative Regulation Of Neuron Death (GO:1901215)","2/88",0.0718343542729081,0.160530416068741,0,0,4.70194589463692,12.3820687985171,"VPS35;SOD1","GO_Biological_Process_2023","turquoise"
"Negative Regulation Of Protein Kinase Activity (GO:0006469)","2/88",0.0718343542729081,0.160530416068741,0,0,4.70194589463692,12.3820687985171,"THY1;YWHAG","GO_Biological_Process_2023","turquoise"
"Regulation Of Cholesterol Biosynthetic Process (GO:0045540)","1/15",0.0724552331756038,0.160530416068741,0,0,14.3477633477633,37.6598138369901,"SOD1","GO_Biological_Process_2023","turquoise"
"Negative Regulation Of Macrophage Activation (GO:0043031)","1/15",0.0724552331756038,0.160530416068741,0,0,14.3477633477633,37.6598138369901,"SYT11","GO_Biological_Process_2023","turquoise"
"Negative Regulation Of Phagocytosis (GO:0050765)","1/15",0.0724552331756038,0.160530416068741,0,0,14.3477633477633,37.6598138369901,"SYT11","GO_Biological_Process_2023","turquoise"
"T Cell Homeostasis (GO:0043029)","1/15",0.0724552331756038,0.160530416068741,0,0,14.3477633477633,37.6598138369901,"PPP2R1A","GO_Biological_Process_2023","turquoise"
"Negative Regulation Of Protein Processing (GO:0010955)","1/15",0.0724552331756038,0.160530416068741,0,0,14.3477633477633,37.6598138369901,"PRNP","GO_Biological_Process_2023","turquoise"
"Negative Regulation Of Synaptic Transmission (GO:0050805)","1/15",0.0724552331756038,0.160530416068741,0,0,14.3477633477633,37.6598138369901,"STXBP1","GO_Biological_Process_2023","turquoise"
"Negative Regulation Of Telomere Maintenance (GO:0032205)","1/15",0.0724552331756038,0.160530416068741,0,0,14.3477633477633,37.6598138369901,"TERF2IP","GO_Biological_Process_2023","turquoise"
"Regulation Of Multicellular Organism Growth (GO:0040014)","1/15",0.0724552331756038,0.160530416068741,0,0,14.3477633477633,37.6598138369901,"SOD1","GO_Biological_Process_2023","turquoise"
"Vasodilation (GO:0042311)","1/15",0.0724552331756038,0.160530416068741,0,0,14.3477633477633,37.6598138369901,"SOD1","GO_Biological_Process_2023","turquoise"
"Positive Regulation Of Sprouting Angiogenesis (GO:1903672)","1/15",0.0724552331756038,0.160530416068741,0,0,14.3477633477633,37.6598138369901,"PKM","GO_Biological_Process_2023","turquoise"
"Protein Localization To Cell-Cell Junction (GO:0150105)","1/15",0.0724552331756038,0.160530416068741,0,0,14.3477633477633,37.6598138369901,"ACTG1","GO_Biological_Process_2023","turquoise"
"Protein Localization To Chromosome, Telomeric Region (GO:0070198)","1/15",0.0724552331756038,0.160530416068741,0,0,14.3477633477633,37.6598138369901,"TERF2IP","GO_Biological_Process_2023","turquoise"
"Membrane Repolarization During Action Potential (GO:0086011)","1/15",0.0724552331756038,0.160530416068741,0,0,14.3477633477633,37.6598138369901,"ATP1B1","GO_Biological_Process_2023","turquoise"
"Regulation Of Signal Transduction (GO:0009966)","3/193",0.0726209025072876,0.160530416068741,0,0,3.20835594139989,8.41392142994221,"PRNP;PPP2R1A;YWHAG","GO_Biological_Process_2023","turquoise"
"Regulation Of Cell Differentiation (GO:0045595)","3/193",0.0726209025072876,0.160530416068741,0,0,3.20835594139989,8.41392142994221,"HSP90AB1;PPP2R1A;YWHAG","GO_Biological_Process_2023","turquoise"
"ERAD Pathway (GO:0036503)","2/89",0.0732536203857354,0.160824993846865,0,0,4.6476659629369,12.1481976031779,"FBXO2;CANX","GO_Biological_Process_2023","turquoise"
"Sodium Ion Transport (GO:0006814)","2/89",0.0732536203857354,0.160824993846865,0,0,4.6476659629369,12.1481976031779,"ATP1B1;SLC6A3","GO_Biological_Process_2023","turquoise"
"Positive Regulation Of Peptidyl-Serine Phosphorylation (GO:0033138)","2/89",0.0732536203857354,0.160824993846865,0,0,4.6476659629369,12.1481976031779,"HSP90AA1;HSP90AB1","GO_Biological_Process_2023","turquoise"
"Positive Regulation Of Protein Metabolic Process (GO:0051247)","3/196",0.0752869536183819,0.162609498574126,0,0,3.1580043801079,8.16801543267454,"NSF;HSP90AA1;VPS35","GO_Biological_Process_2023","turquoise"
"Proteasome-Mediated Ubiquitin-Dependent Protein Catabolic Process (GO:0043161)","4/319",0.0760848763441237,0.162609498574126,0,0,2.59060846560847,6.67316328878813,"UCHL1;FBXO2;CANX;PJA2","GO_Biological_Process_2023","turquoise"
"Negative Regulation Of Receptor Signaling Pathway Via JAK-STAT (GO:0046426)","1/16",0.0770964289305897,0.162609498574126,0,0,13.3905723905724,34.3159973270839,"PPP2R1A","GO_Biological_Process_2023","turquoise"
"Negative Regulation Of Release Of Cytochrome C From Mitochondria (GO:0090201)","1/16",0.0770964289305897,0.162609498574126,0,0,13.3905723905724,34.3159973270839,"GHITM","GO_Biological_Process_2023","turquoise"
"Neuron Projection Organization (GO:0106027)","1/16",0.0770964289305897,0.162609498574126,0,0,13.3905723905724,34.3159973270839,"PRNP","GO_Biological_Process_2023","turquoise"
"Nuclear Migration (GO:0007097)","1/16",0.0770964289305897,0.162609498574126,0,0,13.3905723905724,34.3159973270839,"DYNC1H1","GO_Biological_Process_2023","turquoise"
"Regulation Of Plasminogen Activation (GO:0010755)","1/16",0.0770964289305897,0.162609498574126,0,0,13.3905723905724,34.3159973270839,"ENO1","GO_Biological_Process_2023","turquoise"
"Regulation Of Presynapse Assembly (GO:1905606)","1/16",0.0770964289305897,0.162609498574126,0,0,13.3905723905724,34.3159973270839,"VPS35","GO_Biological_Process_2023","turquoise"
"Regulation Of Presynapse Organization (GO:0099174)","1/16",0.0770964289305897,0.162609498574126,0,0,13.3905723905724,34.3159973270839,"VPS35","GO_Biological_Process_2023","turquoise"
"Regulation Of Protein Kinase A Signaling (GO:0010738)","1/16",0.0770964289305897,0.162609498574126,0,0,13.3905723905724,34.3159973270839,"PJA2","GO_Biological_Process_2023","turquoise"
"Cell Communication By Electrical Coupling Involved In Cardiac Conduction (GO:0086064)","1/16",0.0770964289305897,0.162609498574126,0,0,13.3905723905724,34.3159973270839,"ATP1B1","GO_Biological_Process_2023","turquoise"
"Regulation Of Synaptic Transmission, GABAergic (GO:0032228)","1/16",0.0770964289305897,0.162609498574126,0,0,13.3905723905724,34.3159973270839,"STXBP1","GO_Biological_Process_2023","turquoise"
"Positive Regulation Of Autophagosome Assembly (GO:2000786)","1/16",0.0770964289305897,0.162609498574126,0,0,13.3905723905724,34.3159973270839,"MOAP1","GO_Biological_Process_2023","turquoise"
"Establishment Of Protein Localization To Endoplasmic Reticulum (GO:0072599)","1/16",0.0770964289305897,0.162609498574126,0,0,13.3905723905724,34.3159973270839,"SRP14","GO_Biological_Process_2023","turquoise"
"Extrinsic Apoptotic Signaling Pathway In Absence Of Ligand (GO:0097192)","1/16",0.0770964289305897,0.162609498574126,0,0,13.3905723905724,34.3159973270839,"MOAP1","GO_Biological_Process_2023","turquoise"
"Glycoprotein Catabolic Process (GO:0006516)","1/16",0.0770964289305897,0.162609498574126,0,0,13.3905723905724,34.3159973270839,"FBXO2","GO_Biological_Process_2023","turquoise"
"Heart Process (GO:0003015)","1/16",0.0770964289305897,0.162609498574126,0,0,13.3905723905724,34.3159973270839,"SOD1","GO_Biological_Process_2023","turquoise"
"Negative Regulation Of Biosynthetic Process (GO:0009890)","1/16",0.0770964289305897,0.162609498574126,0,0,13.3905723905724,34.3159973270839,"SLC18A2","GO_Biological_Process_2023","turquoise"
"Anterograde Trans-Synaptic Signaling (GO:0098916)","3/199",0.0779961129096355,0.164148682071259,0,0,3.10919419314117,7.93185376487499,"SNAP25;SNCG;SLC18A2","GO_Biological_Process_2023","turquoise"
"Regulation Of Peptidyl-Serine Phosphorylation (GO:0033135)","2/93",0.0790200821692443,0.165942172555413,0,0,4.44247589145548,11.2752403927723,"HSP90AA1;HSP90AB1","GO_Biological_Process_2023","turquoise"
"Organic Substance Transport (GO:0071702)","3/201",0.0798258760090027,0.167270707645763,0,0,3.07747578881599,7.77957433172407,"KIF3A;SLC6A3;SLC18A2","GO_Biological_Process_2023","turquoise"
"Intracellular Protein Transport (GO:0006886)","4/325",0.0802161095507327,0.167724592696987,0,0,2.54140706126687,6.41204858842278,"NSF;STXBP1;CLTC;VPS35","GO_Biological_Process_2023","turquoise"
"Sphingolipid Metabolic Process (GO:0006665)","2/94",0.0804834345723508,0.167920081634753,0,0,4.39396628216504,11.0714939664066,"PPP2R1A;SERINC1","GO_Biological_Process_2023","turquoise"
"Nicotinamide Nucleotide Metabolic Process (GO:0046496)","1/17",0.0817146326715557,0.167949649278134,0,0,12.5530303030303,31.4393429542943,"MDH1","GO_Biological_Process_2023","turquoise"
"Carbohydrate Derivative Catabolic Process (GO:1901136)","1/17",0.0817146326715557,0.167949649278134,0,0,12.5530303030303,31.4393429542943,"FBXO2","GO_Biological_Process_2023","turquoise"
"Regulation Of Receptor Recycling (GO:0001919)","1/17",0.0817146326715557,0.167949649278134,0,0,12.5530303030303,31.4393429542943,"NSF","GO_Biological_Process_2023","turquoise"
"Embryonic Heart Tube Development (GO:0035050)","1/17",0.0817146326715557,0.167949649278134,0,0,12.5530303030303,31.4393429542943,"NDRG4","GO_Biological_Process_2023","turquoise"
"Positive Regulation Of Potassium Ion Transmembrane Transport (GO:1901381)","1/17",0.0817146326715557,0.167949649278134,0,0,12.5530303030303,31.4393429542943,"ATP1B1","GO_Biological_Process_2023","turquoise"
"Membrane Lipid Metabolic Process (GO:0006643)","1/17",0.0817146326715557,0.167949649278134,0,0,12.5530303030303,31.4393429542943,"SERINC1","GO_Biological_Process_2023","turquoise"
"Microtubule Depolymerization (GO:0007019)","1/17",0.0817146326715557,0.167949649278134,0,0,12.5530303030303,31.4393429542943,"STMN2","GO_Biological_Process_2023","turquoise"
"Regulation Of MAPK Cascade (GO:0043408)","3/204",0.0826055607007255,0.169420321946711,0,0,3.03108170487767,7.55854261202274,"PPP2R1A;PEBP1;SOD1","GO_Biological_Process_2023","turquoise"
"Regulation Of Protein Metabolic Process (GO:0051246)","2/96",0.0834353800745876,0.170759697356042,0,0,4.30004342162397,10.6799440491835,"HSP90AB1;VPS35","GO_Biological_Process_2023","turquoise"
"Regulation Of Protein Localization (GO:0032880)","2/97",0.0849237360045433,0.172127637841914,0,0,4.25456498388829,10.491764264828,"HSP90AA1;HSP90AB1","GO_Biological_Process_2023","turquoise"
"Regulation Of Oxidative Stress-Induced Intrinsic Apoptotic Signaling Pathway (GO:1902175)","1/18",0.0863099571505928,0.172127637841914,0,0,11.8140225787285,28.9421143066093,"SOD1","GO_Biological_Process_2023","turquoise"
"Regulation Of Synaptic Vesicle Exocytosis (GO:2000300)","1/18",0.0863099571505928,0.172127637841914,0,0,11.8140225787285,28.9421143066093,"PREPL","GO_Biological_Process_2023","turquoise"
"Response To Axon Injury (GO:0048678)","1/18",0.0863099571505928,0.172127637841914,0,0,11.8140225787285,28.9421143066093,"SOD1","GO_Biological_Process_2023","turquoise"
"Response To Ethanol (GO:0045471)","1/18",0.0863099571505928,0.172127637841914,0,0,11.8140225787285,28.9421143066093,"SOD1","GO_Biological_Process_2023","turquoise"
"Positive Regulation Of Cyclin-Dependent Protein Kinase Activity (GO:1904031)","1/18",0.0863099571505928,0.172127637841914,0,0,11.8140225787285,28.9421143066093,"HSP90AB1","GO_Biological_Process_2023","turquoise"
"Positive Regulation Of Focal Adhesion Assembly (GO:0051894)","1/18",0.0863099571505928,0.172127637841914,0,0,11.8140225787285,28.9421143066093,"THY1","GO_Biological_Process_2023","turquoise"
"Establishment Of Vesicle Localization (GO:0051650)","1/18",0.0863099571505928,0.172127637841914,0,0,11.8140225787285,28.9421143066093,"SYT11","GO_Biological_Process_2023","turquoise"
"Vesicle-Mediated Transport In Synapse (GO:0099003)","1/18",0.0863099571505928,0.172127637841914,0,0,11.8140225787285,28.9421143066093,"SNAP25","GO_Biological_Process_2023","turquoise"
"Intracellular Sodium Ion Homeostasis (GO:0006883)","1/18",0.0863099571505928,0.172127637841914,0,0,11.8140225787285,28.9421143066093,"ATP1B1","GO_Biological_Process_2023","turquoise"
"Membrane Repolarization (GO:0086009)","1/18",0.0863099571505928,0.172127637841914,0,0,11.8140225787285,28.9421143066093,"ATP1B1","GO_Biological_Process_2023","turquoise"
"Negative Regulation Of Macromolecule Biosynthetic Process (GO:0010558)","2/98",0.0864201908419546,0.172127637841914,0,0,4.21003401360544,10.3084111715959,"CLTC;GAPDH","GO_Biological_Process_2023","turquoise"
"Positive Regulation Of Cold-Induced Thermogenesis (GO:0120162)","2/98",0.0864201908419546,0.172127637841914,0,0,4.21003401360544,10.3084111715959,"DYNC1H1;GNAS","GO_Biological_Process_2023","turquoise"
"Regulation Of Organelle Organization (GO:0033043)","2/100",0.0894369333512962,0.177001026294253,0,0,4.12369845897543,9.95552171579456,"SYT11;VPS35","GO_Biological_Process_2023","turquoise"
"NADP Metabolic Process (GO:0006739)","1/19",0.0908825145361798,0.177001026294253,0,0,11.1571268237935,26.7568838212325,"MDH1","GO_Biological_Process_2023","turquoise"
"Negative Regulation Of Protein Dephosphorylation (GO:0035308)","1/19",0.0908825145361798,0.177001026294253,0,0,11.1571268237935,26.7568838212325,"YWHAB","GO_Biological_Process_2023","turquoise"
"Neuron Apoptotic Process (GO:0051402)","1/19",0.0908825145361798,0.177001026294253,0,0,11.1571268237935,26.7568838212325,"GAPDH","GO_Biological_Process_2023","turquoise"
"Regulation Of Smooth Muscle Cell Migration (GO:0014910)","1/19",0.0908825145361798,0.177001026294253,0,0,11.1571268237935,26.7568838212325,"NDRG4","GO_Biological_Process_2023","turquoise"
"Pore Complex Assembly (GO:0046931)","1/19",0.0908825145361798,0.177001026294253,0,0,11.1571268237935,26.7568838212325,"RTN4","GO_Biological_Process_2023","turquoise"
"Positive Regulation Of Mitochondrial Fission (GO:0090141)","1/19",0.0908825145361798,0.177001026294253,0,0,11.1571268237935,26.7568838212325,"VPS35","GO_Biological_Process_2023","turquoise"
"Heme Biosynthetic Process (GO:0006783)","1/19",0.0908825145361798,0.177001026294253,0,0,11.1571268237935,26.7568838212325,"PGRMC1","GO_Biological_Process_2023","turquoise"
"Receptor Clustering (GO:0043113)","1/19",0.0908825145361798,0.177001026294253,0,0,11.1571268237935,26.7568838212325,"THY1","GO_Biological_Process_2023","turquoise"
"Regulation Of Autophagy Of Mitochondrion (GO:1903146)","1/19",0.0908825145361798,0.177001026294253,0,0,11.1571268237935,26.7568838212325,"VDAC1","GO_Biological_Process_2023","turquoise"
"Negative Regulation Of Calcium Ion Transmembrane Transport (GO:1903170)","1/19",0.0908825145361798,0.177001026294253,0,0,11.1571268237935,26.7568838212325,"VDAC1","GO_Biological_Process_2023","turquoise"
"Negative Regulation Of Microtubule Depolymerization (GO:0007026)","1/20",0.0954324164624815,0.181471878548734,0,0,10.5693779904306,24.8310303892707,"STMN2","GO_Biological_Process_2023","turquoise"
"Negative Regulation Of Protein Localization To Cell Periphery (GO:1904376)","1/20",0.0954324164624815,0.181471878548734,0,0,10.5693779904306,24.8310303892707,"CLTC","GO_Biological_Process_2023","turquoise"
"Negative Regulation Of Protein Localization To Plasma Membrane (GO:1903077)","1/20",0.0954324164624815,0.181471878548734,0,0,10.5693779904306,24.8310303892707,"CLTC","GO_Biological_Process_2023","turquoise"
"Calcium-Mediated Signaling Using Intracellular Calcium Source (GO:0035584)","1/20",0.0954324164624815,0.181471878548734,0,0,10.5693779904306,24.8310303892707,"PRNP","GO_Biological_Process_2023","turquoise"
"Regulation Of Protein Localization To Cell Periphery (GO:1904375)","1/20",0.0954324164624815,0.181471878548734,0,0,10.5693779904306,24.8310303892707,"ACTB","GO_Biological_Process_2023","turquoise"
"Cell Projection Organization (GO:0030030)","1/20",0.0954324164624815,0.181471878548734,0,0,10.5693779904306,24.8310303892707,"NEFH","GO_Biological_Process_2023","turquoise"
"Peripheral Nervous System Development (GO:0007422)","1/20",0.0954324164624815,0.181471878548734,0,0,10.5693779904306,24.8310303892707,"SERPINI1","GO_Biological_Process_2023","turquoise"
"Cellular Response To Copper Ion (GO:0071280)","1/20",0.0954324164624815,0.181471878548734,0,0,10.5693779904306,24.8310303892707,"PRNP","GO_Biological_Process_2023","turquoise"
"Phosphatidylserine Metabolic Process (GO:0006658)","1/20",0.0954324164624815,0.181471878548734,0,0,10.5693779904306,24.8310303892707,"SERINC1","GO_Biological_Process_2023","turquoise"
"Striated Muscle Cell Differentiation (GO:0051146)","1/20",0.0954324164624815,0.181471878548734,0,0,10.5693779904306,24.8310303892707,"PLD3","GO_Biological_Process_2023","turquoise"
"Positive Regulation Of Protein Processing (GO:0010954)","1/20",0.0954324164624815,0.181471878548734,0,0,10.5693779904306,24.8310303892707,"ENO1","GO_Biological_Process_2023","turquoise"
"Regulation Of Calcium Ion Transmembrane Transport (GO:1903169)","1/20",0.0954324164624815,0.181471878548734,0,0,10.5693779904306,24.8310303892707,"PRNP","GO_Biological_Process_2023","turquoise"
"Lysosomal Transport (GO:0007041)","2/105",0.0971124998083677,0.184303879793484,0,0,3.92252823459481,9.1468854610462,"PSAP;VPS35","GO_Biological_Process_2023","turquoise"
"Negative Regulation Of Interleukin-2 Production (GO:0032703)","1/21",0.0999597740324998,0.18641147049304,0,0,10.040404040404,23.1229243332888,"PRNP","GO_Biological_Process_2023","turquoise"
"Negative Regulation Of Reactive Oxygen Species Metabolic Process (GO:2000378)","1/21",0.0999597740324998,0.18641147049304,0,0,10.040404040404,23.1229243332888,"SLC18A2","GO_Biological_Process_2023","turquoise"
"Plasma Membrane Repair (GO:0001778)","1/21",0.0999597740324998,0.18641147049304,0,0,10.040404040404,23.1229243332888,"SYT11","GO_Biological_Process_2023","turquoise"
"Porphyrin-Containing Compound Biosynthetic Process (GO:0006779)","1/21",0.0999597740324998,0.18641147049304,0,0,10.040404040404,23.1229243332888,"PGRMC1","GO_Biological_Process_2023","turquoise"
"Cellular Response To Nerve Growth Factor Stimulus (GO:1990090)","1/21",0.0999597740324998,0.18641147049304,0,0,10.040404040404,23.1229243332888,"STMN2","GO_Biological_Process_2023","turquoise"
"Focal Adhesion Assembly (GO:0048041)","1/21",0.0999597740324998,0.18641147049304,0,0,10.040404040404,23.1229243332888,"THY1","GO_Biological_Process_2023","turquoise"
"Positive Regulation Of Signal Transduction By P53 Class Mediator (GO:1901798)","1/21",0.0999597740324998,0.18641147049304,0,0,10.040404040404,23.1229243332888,"UBB","GO_Biological_Process_2023","turquoise"
"Positive Regulation Of Vacuole Organization (GO:0044090)","1/21",0.0999597740324998,0.18641147049304,0,0,10.040404040404,23.1229243332888,"MOAP1","GO_Biological_Process_2023","turquoise"
"Mitochondrial Calcium Ion Homeostasis (GO:0051560)","1/21",0.0999597740324998,0.18641147049304,0,0,10.040404040404,23.1229243332888,"ANXA6","GO_Biological_Process_2023","turquoise"
"Positive Regulation Of T Cell Activation (GO:0050870)","2/107",0.10023386700467,0.186562457661872,0,0,3.84742468415938,8.85003537243058,"THY1;ACTB","GO_Biological_Process_2023","turquoise"
"Positive Regulation Of Metabolic Process (GO:0009893)","2/108",0.101805071977306,0.189122499096303,0,0,3.81093569503273,8.70682707358352,"DYNC1H1;GNAS","GO_Biological_Process_2023","turquoise"
"Positive Regulation Of Protein Modification Process (GO:0031401)","3/225",0.103190270060158,0.191122913055408,0,0,2.74143215380329,6.22628783300974,"HSP90AA1;CALM3;CALM1","GO_Biological_Process_2023","turquoise"
"Regulation Of Dopamine Secretion (GO:0014059)","1/22",0.104464697819105,0.191122913055408,0,0,9.56180856180856,21.5992275397069,"SYT11","GO_Biological_Process_2023","turquoise"
"NAD Metabolic Process (GO:0019674)","1/22",0.104464697819105,0.191122913055408,0,0,9.56180856180856,21.5992275397069,"MDH1","GO_Biological_Process_2023","turquoise"
"Placenta Development (GO:0001890)","1/22",0.104464697819105,0.191122913055408,0,0,9.56180856180856,21.5992275397069,"SOD1","GO_Biological_Process_2023","turquoise"
"Cellular Response To Interferon-Beta (GO:0035458)","1/22",0.104464697819105,0.191122913055408,0,0,9.56180856180856,21.5992275397069,"CALM1","GO_Biological_Process_2023","turquoise"
"Vesicle Transport Along Microtubule (GO:0047496)","1/22",0.104464697819105,0.191122913055408,0,0,9.56180856180856,21.5992275397069,"KIF3A","GO_Biological_Process_2023","turquoise"
"Negative Regulation Of G Protein-Coupled Receptor Signaling Pathway (GO:0045744)","1/22",0.104464697819105,0.191122913055408,0,0,9.56180856180856,21.5992275397069,"YWHAB","GO_Biological_Process_2023","turquoise"
"Negative Regulation Of Cell Communication (GO:0010648)","1/22",0.104464697819105,0.191122913055408,0,0,9.56180856180856,21.5992275397069,"HSP90AB1","GO_Biological_Process_2023","turquoise"
"Regulation Of Cell Growth (GO:0001558)","3/227",0.105248833967214,0.192193522896652,0,0,2.71667893961708,6.11640671972785,"PPP2R1A;ENO1;RTN4","GO_Biological_Process_2023","turquoise"
"Regulation Of Cellular Response To Transforming Growth Factor Beta Stimulus (GO:1903844)","1/23",0.108947297836033,0.195256196121721,0,0,9.1267217630854,20.2329475165344,"DKK3","GO_Biological_Process_2023","turquoise"
"Negative Regulation Of Extrinsic Apoptotic Signaling Pathway Via Death Domain Receptors (GO:1902042)","1/23",0.108947297836033,0.195256196121721,0,0,9.1267217630854,20.2329475165344,"FAIM2","GO_Biological_Process_2023","turquoise"
"Negative Regulation Of Protein Depolymerization (GO:1901880)","1/23",0.108947297836033,0.195256196121721,0,0,9.1267217630854,20.2329475165344,"STMN2","GO_Biological_Process_2023","turquoise"
"Negative Regulation Of Protein Tyrosine Kinase Activity (GO:0061099)","1/23",0.108947297836033,0.195256196121721,0,0,9.1267217630854,20.2329475165344,"THY1","GO_Biological_Process_2023","turquoise"
"Positive Regulation Of Cell-Substrate Junction Organization (GO:0150117)","1/23",0.108947297836033,0.195256196121721,0,0,9.1267217630854,20.2329475165344,"THY1","GO_Biological_Process_2023","turquoise"
"Positive Regulation Of Neuron Apoptotic Process (GO:0043525)","1/23",0.108947297836033,0.195256196121721,0,0,9.1267217630854,20.2329475165344,"PRNP","GO_Biological_Process_2023","turquoise"
"Positive Regulation Of Protein Targeting To Membrane (GO:0090314)","1/23",0.108947297836033,0.195256196121721,0,0,9.1267217630854,20.2329475165344,"PRNP","GO_Biological_Process_2023","turquoise"
"Potassium Ion Homeostasis (GO:0055075)","1/23",0.108947297836033,0.195256196121721,0,0,9.1267217630854,20.2329475165344,"ATP1B1","GO_Biological_Process_2023","turquoise"
"Protein Localization To Cell Junction (GO:1902414)","1/23",0.108947297836033,0.195256196121721,0,0,9.1267217630854,20.2329475165344,"KIF3A","GO_Biological_Process_2023","turquoise"
"Protein Targeting To ER (GO:0045047)","1/23",0.108947297836033,0.195256196121721,0,0,9.1267217630854,20.2329475165344,"SRP14","GO_Biological_Process_2023","turquoise"
"Positive Regulation Of Developmental Process (GO:0051094)","3/233",0.111521243396595,0.198823634009563,0,0,2.64500224114747,5.80191869874108,"HSP90AB1;VPS35;RTN4","GO_Biological_Process_2023","turquoise"
"Regulation Of Cytoplasmic Translation (GO:2000765)","1/24",0.113407683581024,0.198823634009563,0,0,8.72946859903382,19.0020116101552,"PKM","GO_Biological_Process_2023","turquoise"
"Regulation Of Heterotypic Cell-Cell Adhesion (GO:0034114)","1/24",0.113407683581024,0.198823634009563,0,0,8.72946859903382,19.0020116101552,"THY1","GO_Biological_Process_2023","turquoise"
"Regulation Of Proteolysis Involved In Protein Catabolic Process (GO:1903050)","1/24",0.113407683581024,0.198823634009563,0,0,8.72946859903382,19.0020116101552,"UBB","GO_Biological_Process_2023","turquoise"
"Positive Regulation Of ERBB Signaling Pathway (GO:1901186)","1/24",0.113407683581024,0.198823634009563,0,0,8.72946859903382,19.0020116101552,"RTN4","GO_Biological_Process_2023","turquoise"
"Response To Copper Ion (GO:0046688)","1/24",0.113407683581024,0.198823634009563,0,0,8.72946859903382,19.0020116101552,"PRNP","GO_Biological_Process_2023","turquoise"
"Positive Regulation Of Cellular Response To Transforming Growth Factor Beta Stimulus (GO:1903846)","1/24",0.113407683581024,0.198823634009563,0,0,8.72946859903382,19.0020116101552,"HSP90AB1","GO_Biological_Process_2023","turquoise"
"Stress Granule Assembly (GO:0034063)","1/24",0.113407683581024,0.198823634009563,0,0,8.72946859903382,19.0020116101552,"DYNC1H1","GO_Biological_Process_2023","turquoise"
"Positive Regulation Of Lipid Metabolic Process (GO:0045834)","1/24",0.113407683581024,0.198823634009563,0,0,8.72946859903382,19.0020116101552,"EEF1A2","GO_Biological_Process_2023","turquoise"
"Positive Regulation Of p38MAPK Cascade (GO:1900745)","1/24",0.113407683581024,0.198823634009563,0,0,8.72946859903382,19.0020116101552,"PJA2","GO_Biological_Process_2023","turquoise"
"Iron Ion Transport (GO:0006826)","1/24",0.113407683581024,0.198823634009563,0,0,8.72946859903382,19.0020116101552,"CLTC","GO_Biological_Process_2023","turquoise"
"Positive Regulation Of Transforming Growth Factor Beta Receptor Signaling Pathway (GO:0030511)","1/24",0.113407683581024,0.198823634009563,0,0,8.72946859903382,19.0020116101552,"HSP90AB1","GO_Biological_Process_2023","turquoise"
"Positive Regulation Of Protein Serine/Threonine Kinase Activity (GO:0071902)","2/117",0.11624255158408,0.203284287969727,0,0,3.51109139307897,7.55613660564706,"CALM3;CALM1","GO_Biological_Process_2023","turquoise"
"Negative Regulation Of Protein Localization To Membrane (GO:1905476)","1/25",0.117845964040422,0.203284287969727,0,0,8.36531986531987,17.8882067340701,"CLTC","GO_Biological_Process_2023","turquoise"
"Negative Regulation Of Proteolysis Involved In Protein Catabolic Process (GO:1903051)","1/25",0.117845964040422,0.203284287969727,0,0,8.36531986531987,17.8882067340701,"HSP90AB1","GO_Biological_Process_2023","turquoise"
"Regulation Of Postsynapse Organization (GO:0099175)","1/25",0.117845964040422,0.203284287969727,0,0,8.36531986531987,17.8882067340701,"VPS35","GO_Biological_Process_2023","turquoise"
"Regulation Of Protein Processing (GO:0070613)","1/25",0.117845964040422,0.203284287969727,0,0,8.36531986531987,17.8882067340701,"PRNP","GO_Biological_Process_2023","turquoise"
"Cellular Response To Steroid Hormone Stimulus (GO:0071383)","1/25",0.117845964040422,0.203284287969727,0,0,8.36531986531987,17.8882067340701,"HSPA8","GO_Biological_Process_2023","turquoise"
"Sodium Ion Homeostasis (GO:0055078)","1/25",0.117845964040422,0.203284287969727,0,0,8.36531986531987,17.8882067340701,"ATP1B1","GO_Biological_Process_2023","turquoise"
"Positive Regulation Of Release Of Cytochrome C From Mitochondria (GO:0090200)","1/25",0.117845964040422,0.203284287969727,0,0,8.36531986531987,17.8882067340701,"MOAP1","GO_Biological_Process_2023","turquoise"
"Myotube Differentiation (GO:0014902)","1/25",0.117845964040422,0.203284287969727,0,0,8.36531986531987,17.8882067340701,"PLD3","GO_Biological_Process_2023","turquoise"
"Regulation Of Potassium Ion Transmembrane Transporter Activity (GO:1901016)","1/26",0.122262247628669,0.208298644108103,0,0,8.03030303030303,16.8763802180029,"ATP1B1","GO_Biological_Process_2023","turquoise"
"Calcium-Ion Regulated Exocytosis (GO:0017156)","1/26",0.122262247628669,0.208298644108103,0,0,8.03030303030303,16.8763802180029,"SYT11","GO_Biological_Process_2023","turquoise"
"Organelle Membrane Fusion (GO:0090174)","1/26",0.122262247628669,0.208298644108103,0,0,8.03030303030303,16.8763802180029,"SYT11","GO_Biological_Process_2023","turquoise"
"Regulation Of Reactive Oxygen Species Biosynthetic Process (GO:1903426)","1/26",0.122262247628669,0.208298644108103,0,0,8.03030303030303,16.8763802180029,"SLC18A2","GO_Biological_Process_2023","turquoise"
"Dendritic Spine Organization (GO:0097061)","1/26",0.122262247628669,0.208298644108103,0,0,8.03030303030303,16.8763802180029,"PRNP","GO_Biological_Process_2023","turquoise"
"Positive Regulation Of Microtubule Polymerization Or Depolymerization (GO:0031112)","1/26",0.122262247628669,0.208298644108103,0,0,8.03030303030303,16.8763802180029,"STMN2","GO_Biological_Process_2023","turquoise"
"Protein Targeting To Lysosome (GO:0006622)","1/26",0.122262247628669,0.208298644108103,0,0,8.03030303030303,16.8763802180029,"HSPA8","GO_Biological_Process_2023","turquoise"
"Receptor-Mediated Endocytosis (GO:0006898)","2/122",0.124476246905678,0.211697279068459,0,0,3.36394557823129,7.00925280654715,"CLTC;CANX","GO_Biological_Process_2023","turquoise"
"Negative Regulation Of Neurogenesis (GO:0050768)","1/27",0.126656642302827,0.213525857704242,0,0,7.72105672105672,15.9538300108164,"THY1","GO_Biological_Process_2023","turquoise"
"Regulation Of Mitochondrial Fission (GO:0090140)","1/27",0.126656642302827,0.213525857704242,0,0,7.72105672105672,15.9538300108164,"VPS35","GO_Biological_Process_2023","turquoise"
"Chaperone Cofactor-Dependent Protein Refolding (GO:0051085)","1/27",0.126656642302827,0.213525857704242,0,0,7.72105672105672,15.9538300108164,"HSPA8","GO_Biological_Process_2023","turquoise"
"Microtubule Polymerization Or Depolymerization (GO:0031109)","1/27",0.126656642302827,0.213525857704242,0,0,7.72105672105672,15.9538300108164,"STMN2","GO_Biological_Process_2023","turquoise"
"Regulation Of Catecholamine Secretion (GO:0050433)","1/27",0.126656642302827,0.213525857704242,0,0,7.72105672105672,15.9538300108164,"SYT11","GO_Biological_Process_2023","turquoise"
"Regulation Of DNA Metabolic Process (GO:0051052)","2/124",0.127808625420924,0.215092564732774,0,0,3.3084643693543,6.80624319809133,"PPP2R1A;TERF2IP","GO_Biological_Process_2023","turquoise"
"Negative Regulation Of Signaling (GO:0023057)","1/28",0.131029255394866,0.217108508939006,0,0,7.43471754582866,15.1098341340557,"HSP90AB1","GO_Biological_Process_2023","turquoise"
"Negative Regulation Of Type II Interferon Production (GO:0032689)","1/28",0.131029255394866,0.217108508939006,0,0,7.43471754582866,15.1098341340557,"PRNP","GO_Biological_Process_2023","turquoise"
"Regulation Of Plasma Membrane Bounded Cell Projection Organization (GO:0120035)","1/28",0.131029255394866,0.217108508939006,0,0,7.43471754582866,15.1098341340557,"VPS35","GO_Biological_Process_2023","turquoise"
"Regulation Of Protein Targeting To Membrane (GO:0090313)","1/28",0.131029255394866,0.217108508939006,0,0,7.43471754582866,15.1098341340557,"PRNP","GO_Biological_Process_2023","turquoise"
"Regulation Of Protein Transport (GO:0051223)","1/28",0.131029255394866,0.217108508939006,0,0,7.43471754582866,15.1098341340557,"HSPA8","GO_Biological_Process_2023","turquoise"
"Cell-Substrate Junction Assembly (GO:0007044)","1/28",0.131029255394866,0.217108508939006,0,0,7.43471754582866,15.1098341340557,"THY1","GO_Biological_Process_2023","turquoise"
"Positive Regulation Of Defense Response To Virus By Host (GO:0002230)","1/28",0.131029255394866,0.217108508939006,0,0,7.43471754582866,15.1098341340557,"HSP90AA1","GO_Biological_Process_2023","turquoise"
"Membrane Fusion (GO:0061025)","1/28",0.131029255394866,0.217108508939006,0,0,7.43471754582866,15.1098341340557,"NSF","GO_Biological_Process_2023","turquoise"
"Negative Regulation Of Cation Channel Activity (GO:2001258)","1/28",0.131029255394866,0.217108508939006,0,0,7.43471754582866,15.1098341340557,"CALM3","GO_Biological_Process_2023","turquoise"
"Regulation Of Developmental Growth (GO:0048638)","1/29",0.13538019382269,0.220535020628531,0,0,7.16883116883117,14.3352837783296,"SOD1","GO_Biological_Process_2023","turquoise"
"Regulation Of Muscle Contraction (GO:0006937)","1/29",0.13538019382269,0.220535020628531,0,0,7.16883116883117,14.3352837783296,"ENO1","GO_Biological_Process_2023","turquoise"
"Cardiac Muscle Cell Action Potential (GO:0086001)","1/29",0.13538019382269,0.220535020628531,0,0,7.16883116883117,14.3352837783296,"ATP1B1","GO_Biological_Process_2023","turquoise"
"Regulation Of Spindle Assembly (GO:0090169)","1/29",0.13538019382269,0.220535020628531,0,0,7.16883116883117,14.3352837783296,"DYNC1H1","GO_Biological_Process_2023","turquoise"
"Response To Alcohol (GO:0097305)","1/29",0.13538019382269,0.220535020628531,0,0,7.16883116883117,14.3352837783296,"SOD1","GO_Biological_Process_2023","turquoise"
"Response To Interferon-Beta (GO:0035456)","1/29",0.13538019382269,0.220535020628531,0,0,7.16883116883117,14.3352837783296,"CALM1","GO_Biological_Process_2023","turquoise"
"Defense Response To Fungus (GO:0050832)","1/29",0.13538019382269,0.220535020628531,0,0,7.16883116883117,14.3352837783296,"GAPDH","GO_Biological_Process_2023","turquoise"
"Response To Steroid Hormone (GO:0048545)","1/29",0.13538019382269,0.220535020628531,0,0,7.16883116883117,14.3352837783296,"HSPA8","GO_Biological_Process_2023","turquoise"
"Maintenance Of Blood-Brain Barrier (GO:0035633)","1/29",0.13538019382269,0.220535020628531,0,0,7.16883116883117,14.3352837783296,"ACTG1","GO_Biological_Process_2023","turquoise"
"Morphogenesis Of An Epithelium (GO:0002009)","1/29",0.13538019382269,0.220535020628531,0,0,7.16883116883117,14.3352837783296,"ACTG1","GO_Biological_Process_2023","turquoise"
"Regulation Of Cell Cycle Process (GO:0010564)","2/130",0.137929359831855,0.224309362958875,0,0,3.15242346938776,6.24499379784287,"CALM3;CALM1","GO_Biological_Process_2023","turquoise"
"Synapse Organization (GO:0050808)","2/131",0.139633215691308,0.224932397909335,0,0,3.12782787533618,6.15786790988172,"DNER;SNCG","GO_Biological_Process_2023","turquoise"
"Nucleic Acid Metabolic Process (GO:0090304)","1/30",0.139709563918842,0.224932397909335,0,0,6.92128178335075,13.6223945108193,"DDX24","GO_Biological_Process_2023","turquoise"
"Extrinsic Apoptotic Signaling Pathway Via Death Domain Receptors (GO:0008625)","1/30",0.139709563918842,0.224932397909335,0,0,6.92128178335075,13.6223945108193,"MOAP1","GO_Biological_Process_2023","turquoise"
"Positive Regulation Of Lipid Kinase Activity (GO:0090218)","1/30",0.139709563918842,0.224932397909335,0,0,6.92128178335075,13.6223945108193,"EEF1A2","GO_Biological_Process_2023","turquoise"
"Negative Regulation Of Axon Extension (GO:0030517)","1/30",0.139709563918842,0.224932397909335,0,0,6.92128178335075,13.6223945108193,"RTN4","GO_Biological_Process_2023","turquoise"
"Negative Regulation Of Carbohydrate Metabolic Process (GO:0045912)","1/30",0.139709563918842,0.224932397909335,0,0,6.92128178335075,13.6223945108193,"CLTC","GO_Biological_Process_2023","turquoise"
"Plasma Membrane Bounded Cell Projection Organization (GO:0120036)","2/132",0.141341709574619,0.227181516554212,0,0,3.10361067503925,6.07244658574773,"MAP1B;STMN2","GO_Biological_Process_2023","turquoise"
"Negative Regulation Of Developmental Growth (GO:0048640)","1/31",0.144017471501311,0.228441506519321,0,0,6.69023569023569,12.9644769200402,"RTN4","GO_Biological_Process_2023","turquoise"
"Regulation Of Extrinsic Apoptotic Signaling Pathway Via Death Domain Receptors (GO:1902041)","1/31",0.144017471501311,0.228441506519321,0,0,6.69023569023569,12.9644769200402,"FAIM2","GO_Biological_Process_2023","turquoise"
"Regulation Of Macrophage Activation (GO:0043030)","1/31",0.144017471501311,0.228441506519321,0,0,6.69023569023569,12.9644769200402,"PJA2","GO_Biological_Process_2023","turquoise"
"Organic Cation Transport (GO:0015695)","1/31",0.144017471501311,0.228441506519321,0,0,6.69023569023569,12.9644769200402,"SLC6A3","GO_Biological_Process_2023","turquoise"
"Regulation Of Protein Localization To Cell Surface (GO:2000008)","1/31",0.144017471501311,0.228441506519321,0,0,6.69023569023569,12.9644769200402,"HSP90AB1","GO_Biological_Process_2023","turquoise"
"Regulation Of Transmembrane Receptor Protein Serine/Threonine Kinase Signaling Pathway (GO:0090092)","1/31",0.144017471501311,0.228441506519321,0,0,6.69023569023569,12.9644769200402,"DKK3","GO_Biological_Process_2023","turquoise"
"Central Nervous System Neuron Differentiation (GO:0021953)","1/31",0.144017471501311,0.228441506519321,0,0,6.69023569023569,12.9644769200402,"FAIM2","GO_Biological_Process_2023","turquoise"
"Positive Regulation Of Leukocyte Migration (GO:0002687)","1/31",0.144017471501311,0.228441506519321,0,0,6.69023569023569,12.9644769200402,"THY1","GO_Biological_Process_2023","turquoise"
"Cellular Response To Metal Ion (GO:0071248)","2/135",0.146494146719129,0.231989091361768,0,0,3.03314408470155,5.82597157350083,"PRNP;SYT11","GO_Biological_Process_2023","turquoise"
"'De Novo' Post-Translational Protein Folding (GO:0051084)","1/32",0.148304021933978,0.232945829574346,0,0,6.47409579667644,12.3557529781019,"HSPA8","GO_Biological_Process_2023","turquoise"
"Negative Regulation Of Proteasomal Ubiquitin-Dependent Protein Catabolic Process (GO:0032435)","1/32",0.148304021933978,0.232945829574346,0,0,6.47409579667644,12.3557529781019,"HSP90AB1","GO_Biological_Process_2023","turquoise"
"Regulation Of Transmembrane Transport (GO:0034762)","1/32",0.148304021933978,0.232945829574346,0,0,6.47409579667644,12.3557529781019,"ACTB","GO_Biological_Process_2023","turquoise"
"Mitochondrial Membrane Organization (GO:0007006)","1/32",0.148304021933978,0.232945829574346,0,0,6.47409579667644,12.3557529781019,"GHITM","GO_Biological_Process_2023","turquoise"
"Regulation Of Calcium Ion Transmembrane Transporter Activity (GO:1901019)","1/32",0.148304021933978,0.232945829574346,0,0,6.47409579667644,12.3557529781019,"CALM1","GO_Biological_Process_2023","turquoise"
"Potassium Ion Transmembrane Transport (GO:0071805)","2/137",0.149950708084332,0.234768855768986,0,0,2.98790627362056,5.66939873017379,"GHITM;ATP1B1","GO_Biological_Process_2023","turquoise"
"Protein Localization To Plasma Membrane (GO:0072659)","2/137",0.149950708084332,0.234768855768986,0,0,2.98790627362056,5.66939873017379,"STXBP1;ATP1B1","GO_Biological_Process_2023","turquoise"
"Negative Regulation Of Endocytosis (GO:0045806)","1/33",0.152569319997184,0.235811140987648,0,0,6.27146464646465,11.7912078898077,"SYT11","GO_Biological_Process_2023","turquoise"
"Cardiac Muscle Contraction (GO:0060048)","1/33",0.152569319997184,0.235811140987648,0,0,6.27146464646465,11.7912078898077,"ATP1B1","GO_Biological_Process_2023","turquoise"
"Regulation Of Protein Polymerization (GO:0032271)","1/33",0.152569319997184,0.235811140987648,0,0,6.27146464646465,11.7912078898077,"HSP90AA1","GO_Biological_Process_2023","turquoise"
"Regulation Of Sprouting Angiogenesis (GO:1903670)","1/33",0.152569319997184,0.235811140987648,0,0,6.27146464646465,11.7912078898077,"PKM","GO_Biological_Process_2023","turquoise"
"Positive Regulation Of Chromosome Organization (GO:2001252)","1/33",0.152569319997184,0.235811140987648,0,0,6.27146464646465,11.7912078898077,"TERF2IP","GO_Biological_Process_2023","turquoise"
"Positive Regulation Of Ion Transmembrane Transporter Activity (GO:0032414)","1/33",0.152569319997184,0.235811140987648,0,0,6.27146464646465,11.7912078898077,"ATP1B1","GO_Biological_Process_2023","turquoise"
"intra-Golgi Vesicle-Mediated Transport (GO:0006891)","1/33",0.152569319997184,0.235811140987648,0,0,6.27146464646465,11.7912078898077,"NSF","GO_Biological_Process_2023","turquoise"
"Regulation Of NLRP3 Inflammasome Complex Assembly (GO:1900225)","1/33",0.152569319997184,0.235811140987648,0,0,6.27146464646465,11.7912078898077,"HSPA8","GO_Biological_Process_2023","turquoise"
"Positive Regulation Of Apoptotic Process (GO:0043065)","3/270",0.153105703772365,0.236262156300487,0,0,2.27418047028843,4.26778784074879,"PRNP;MOAP1;SOD1","GO_Biological_Process_2023","turquoise"
"Intracellular Calcium Ion Homeostasis (GO:0006874)","2/139",0.1534237633251,0.236375367419532,0,0,2.94398927454193,5.51865948464525,"ANXA6;ATP1B1","GO_Biological_Process_2023","turquoise"
"Negative Regulation Of Interleukin-6 Production (GO:0032715)","1/34",0.156813470025957,0.238178949756406,0,0,6.08111417202326,11.2664696999635,"SYT11","GO_Biological_Process_2023","turquoise"
"Regulation Of Interleukin-17 Production (GO:0032660)","1/34",0.156813470025957,0.238178949756406,0,0,6.08111417202326,11.2664696999635,"PRNP","GO_Biological_Process_2023","turquoise"
"Apoptotic Mitochondrial Changes (GO:0008637)","1/34",0.156813470025957,0.238178949756406,0,0,6.08111417202326,11.2664696999635,"VPS35","GO_Biological_Process_2023","turquoise"
"Cellular Response To Amyloid-Beta (GO:1904646)","1/34",0.156813470025957,0.238178949756406,0,0,6.08111417202326,11.2664696999635,"PRNP","GO_Biological_Process_2023","turquoise"
"Superoxide Metabolic Process (GO:0006801)","1/34",0.156813470025957,0.238178949756406,0,0,6.08111417202326,11.2664696999635,"SOD1","GO_Biological_Process_2023","turquoise"
"Positive Regulation Of Neuron Death (GO:1901216)","1/34",0.156813470025957,0.238178949756406,0,0,6.08111417202326,11.2664696999635,"PRNP","GO_Biological_Process_2023","turquoise"
"Inner Mitochondrial Membrane Organization (GO:0007007)","1/34",0.156813470025957,0.238178949756406,0,0,6.08111417202326,11.2664696999635,"GHITM","GO_Biological_Process_2023","turquoise"
"Purine Nucleotide Metabolic Process (GO:0006163)","1/34",0.156813470025957,0.238178949756406,0,0,6.08111417202326,11.2664696999635,"MDH1","GO_Biological_Process_2023","turquoise"
"Regulation Of calcineurin-NFAT Signaling Cascade (GO:0070884)","1/34",0.156813470025957,0.238178949756406,0,0,6.08111417202326,11.2664696999635,"PRNP","GO_Biological_Process_2023","turquoise"
"Protein Localization To Cell Periphery (GO:1990778)","2/142",0.158662824856746,0.240609558573967,0,0,2.88046647230321,5.30286367253092,"STXBP1;ATP1B1","GO_Biological_Process_2023","turquoise"
"Regulation Of Axon Extension (GO:0030516)","1/35",0.161036575774195,0.243826539495098,0,0,5.90196078431373,10.7777108251808,"RTN4","GO_Biological_Process_2023","turquoise"
"Actin Filament Organization (GO:0007015)","2/144",0.162174238541576,0.245164811316374,0,0,2.83960908306985,5.16548737879535,"DSTN;TAGLN3","GO_Biological_Process_2023","turquoise"
"Negative Regulation Of Protein Kinase B Signaling (GO:0051898)","1/36",0.165238740567014,0.24863025449803,0,0,5.73304473304473,10.3215669941692,"PPP2R1A","GO_Biological_Process_2023","turquoise"
"Positive Regulation Of Interferon-Beta Production (GO:0032728)","1/36",0.165238740567014,0.24863025449803,0,0,5.73304473304473,10.3215669941692,"HSP90AA1","GO_Biological_Process_2023","turquoise"
"Protein Destabilization (GO:0031648)","1/36",0.165238740567014,0.24863025449803,0,0,5.73304473304473,10.3215669941692,"PRNP","GO_Biological_Process_2023","turquoise"
"Regulation Of Cold-Induced Thermogenesis (GO:0120161)","2/146",0.165699874581937,0.248936359014232,0,0,2.79988662131519,5.03301210512649,"DYNC1H1;GNAS","GO_Biological_Process_2023","turquoise"
"Negative Regulation Of Endothelial Cell Proliferation (GO:0001937)","1/37",0.169420067180126,0.252561396444447,0,0,5.57351290684624,9.89507014564132,"ATP5F1A","GO_Biological_Process_2023","turquoise"
"Regulation Of Defense Response To Virus By Host (GO:0050691)","1/37",0.169420067180126,0.252561396444447,0,0,5.57351290684624,9.89507014564132,"HSP90AA1","GO_Biological_Process_2023","turquoise"
"Negative Regulation Of Smooth Muscle Cell Proliferation (GO:0048662)","1/37",0.169420067180126,0.252561396444447,0,0,5.57351290684624,9.89507014564132,"NDRG4","GO_Biological_Process_2023","turquoise"
"Regulation Of p38MAPK Cascade (GO:1900744)","1/37",0.169420067180126,0.252561396444447,0,0,5.57351290684624,9.89507014564132,"PJA2","GO_Biological_Process_2023","turquoise"
"Positive Regulation Of Signaling (GO:0023056)","1/37",0.169420067180126,0.252561396444447,0,0,5.57351290684624,9.89507014564132,"NSF","GO_Biological_Process_2023","turquoise"
"Nervous System Development (GO:0007399)","4/433",0.171598017810261,0.255413998774595,0,0,1.89112276612277,3.33329420397076,"DNER;TAGLN3;SERPINI1;ITM2B","GO_Biological_Process_2023","turquoise"
"Neuron Development (GO:0048666)","2/150",0.172791328093857,0.255608102990778,0,0,2.72366243794815,4.7818540898178,"MAP1B;STMN2","GO_Biological_Process_2023","turquoise"
"protein-RNA Complex Assembly (GO:0022618)","2/150",0.172791328093857,0.255608102990778,0,0,2.72366243794815,4.7818540898178,"HSP90AA1;HSP90AB1","GO_Biological_Process_2023","turquoise"
"Regulation Of Telomere Maintenance (GO:0032204)","1/38",0.173580657931626,0.255608102990778,0,0,5.42260442260442,9.49559255823113,"TERF2IP","GO_Biological_Process_2023","turquoise"
"Response To Peptide (GO:1901652)","1/38",0.173580657931626,0.255608102990778,0,0,5.42260442260442,9.49559255823113,"PRNP","GO_Biological_Process_2023","turquoise"
"Heart Looping (GO:0001947)","1/38",0.173580657931626,0.255608102990778,0,0,5.42260442260442,9.49559255823113,"NDRG4","GO_Biological_Process_2023","turquoise"
"Positive Regulation Of Protein Tyrosine Kinase Activity (GO:0061098)","1/38",0.173580657931626,0.255608102990778,0,0,5.42260442260442,9.49559255823113,"PRNP","GO_Biological_Process_2023","turquoise"
"Import Into Cell (GO:0098657)","1/38",0.173580657931626,0.255608102990778,0,0,5.42260442260442,9.49559255823113,"SNAP25","GO_Biological_Process_2023","turquoise"
"Cellular Response To Organic Cyclic Compound (GO:0071407)","2/152",0.176355929682795,0.257774945455169,0,0,2.68707482993197,4.66274928128808,"HSPA8;ACTB","GO_Biological_Process_2023","turquoise"
"Negative Regulation Of Mitochondrion Organization (GO:0010823)","1/39",0.17772061456847,0.257774945455169,0,0,5.27963849016481,9.12080010262218,"GHITM","GO_Biological_Process_2023","turquoise"
"RNA Transport (GO:0050658)","1/39",0.17772061456847,0.257774945455169,0,0,5.27963849016481,9.12080010262218,"PEG10","GO_Biological_Process_2023","turquoise"
"Negative Regulation Of Proteasomal Protein Catabolic Process (GO:1901799)","1/39",0.17772061456847,0.257774945455169,0,0,5.27963849016481,9.12080010262218,"HSP90AB1","GO_Biological_Process_2023","turquoise"
"Negative Regulation Of Transport (GO:0051051)","1/39",0.17772061456847,0.257774945455169,0,0,5.27963849016481,9.12080010262218,"SYT11","GO_Biological_Process_2023","turquoise"
"Negative Regulation Of Ubiquitin-Dependent Protein Catabolic Process (GO:2000059)","1/39",0.17772061456847,0.257774945455169,0,0,5.27963849016481,9.12080010262218,"HSP90AB1","GO_Biological_Process_2023","turquoise"
"Organelle Transport Along Microtubule (GO:0072384)","1/39",0.17772061456847,0.257774945455169,0,0,5.27963849016481,9.12080010262218,"UBB","GO_Biological_Process_2023","turquoise"
"Positive Regulation Of ATP-dependent Activity (GO:0032781)","1/39",0.17772061456847,0.257774945455169,0,0,5.27963849016481,9.12080010262218,"ATP1B1","GO_Biological_Process_2023","turquoise"
"Release Of Sequestered Calcium Ion Into Cytosol (GO:0051209)","1/39",0.17772061456847,0.257774945455169,0,0,5.27963849016481,9.12080010262218,"GHITM","GO_Biological_Process_2023","turquoise"
"Positive Regulation Of Intracellular Transport (GO:0032388)","1/39",0.17772061456847,0.257774945455169,0,0,5.27963849016481,9.12080010262218,"DYNC1H1","GO_Biological_Process_2023","turquoise"
"Regulation Of Cellular Component Organization (GO:0051128)","2/153",0.178142688387259,0.25799975559534,0,0,2.66914447898365,4.60472912764016,"HSPA8;HSP90AA1","GO_Biological_Process_2023","turquoise"
"Epithelium Development (GO:0060429)","2/154",0.179932321463797,0.260201530739562,0,0,2.65145005370569,4.54769949538142,"NDRG4;VDAC1","GO_Biological_Process_2023","turquoise"
"Regulation Of Glycolytic Process (GO:0006110)","1/40",0.181840038445641,0.260619402282624,0,0,5.14400414400414,8.76861291991989,"PGAM1","GO_Biological_Process_2023","turquoise"
"Negative Regulation Of Secretion By Cell (GO:1903531)","1/40",0.181840038445641,0.260619402282624,0,0,5.14400414400414,8.76861291991989,"SYT11","GO_Biological_Process_2023","turquoise"
"Regulation Of Microtubule Cytoskeleton Organization (GO:0070507)","1/40",0.181840038445641,0.260619402282624,0,0,5.14400414400414,8.76861291991989,"STMN2","GO_Biological_Process_2023","turquoise"
"Regulation Of Small Molecule Metabolic Process (GO:0062012)","1/40",0.181840038445641,0.260619402282624,0,0,5.14400414400414,8.76861291991989,"PGAM1","GO_Biological_Process_2023","turquoise"
"Protein Localization To Chromosome (GO:0034502)","1/40",0.181840038445641,0.260619402282624,0,0,5.14400414400414,8.76861291991989,"TERF2IP","GO_Biological_Process_2023","turquoise"
"Regulation Of Autophagosome Assembly (GO:2000785)","1/40",0.181840038445641,0.260619402282624,0,0,5.14400414400414,8.76861291991989,"MOAP1","GO_Biological_Process_2023","turquoise"
"Negative Regulation Of Proteolysis (GO:0045861)","1/41",0.185939030336605,0.264921981276048,0,0,5.01515151515152,8.43717221072756,"PRNP","GO_Biological_Process_2023","turquoise"
"Protein Localization To Lysosome (GO:0061462)","1/41",0.185939030336605,0.264921981276048,0,0,5.01515151515152,8.43717221072756,"RTN4","GO_Biological_Process_2023","turquoise"
"Negative Regulation Of DNA Recombination (GO:0045910)","1/41",0.185939030336605,0.264921981276048,0,0,5.01515151515152,8.43717221072756,"TERF2IP","GO_Biological_Process_2023","turquoise"
"Regulation Of Amide Metabolic Process (GO:0034248)","1/41",0.185939030336605,0.264921981276048,0,0,5.01515151515152,8.43717221072756,"PGAM1","GO_Biological_Process_2023","turquoise"
"Regulation Of Cell Cycle (GO:0051726)","3/298",0.187347769872187,0.266536002498575,0,0,2.0553905294426,3.44234474513738,"BEX1;HSP90AB1;ACTB","GO_Biological_Process_2023","turquoise"
"Cardiac Ventricle Morphogenesis (GO:0003208)","1/42",0.190017690585897,0.267186447024712,0,0,4.89258438038926,8.12481204328322,"CPE","GO_Biological_Process_2023","turquoise"
"Positive Regulation Of Calcium Ion Transmembrane Transport (GO:1904427)","1/42",0.190017690585897,0.267186447024712,0,0,4.89258438038926,8.12481204328322,"THY1","GO_Biological_Process_2023","turquoise"
"Determination Of Heart Left/Right Asymmetry (GO:0061371)","1/42",0.190017690585897,0.267186447024712,0,0,4.89258438038926,8.12481204328322,"NDRG4","GO_Biological_Process_2023","turquoise"
"Embryonic Heart Tube Morphogenesis (GO:0003143)","1/42",0.190017690585897,0.267186447024712,0,0,4.89258438038926,8.12481204328322,"NDRG4","GO_Biological_Process_2023","turquoise"
"Translational Elongation (GO:0006414)","1/42",0.190017690585897,0.267186447024712,0,0,4.89258438038926,8.12481204328322,"EEF1A2","GO_Biological_Process_2023","turquoise"
"Potassium Ion Import Across Plasma Membrane (GO:1990573)","1/42",0.190017690585897,0.267186447024712,0,0,4.89258438038926,8.12481204328322,"ATP1B1","GO_Biological_Process_2023","turquoise"
"Monoatomic Cation Transport (GO:0006812)","1/42",0.190017690585897,0.267186447024712,0,0,4.89258438038926,8.12481204328322,"ATP1B1","GO_Biological_Process_2023","turquoise"
"Regulation Of Axonogenesis (GO:0050770)","1/42",0.190017690585897,0.267186447024712,0,0,4.89258438038926,8.12481204328322,"THY1","GO_Biological_Process_2023","turquoise"
"Regulation Of Chromosome Organization (GO:0033044)","1/43",0.19407611900782,0.270904186668867,0,0,4.77585377585378,7.83003533696715,"TERF2IP","GO_Biological_Process_2023","turquoise"
"SCF-dependent Proteasomal Ubiquitin-Dependent Protein Catabolic Process (GO:0031146)","1/43",0.19407611900782,0.270904186668867,0,0,4.77585377585378,7.83003533696715,"FBXO2","GO_Biological_Process_2023","turquoise"
"Response To Amyloid-Beta (GO:1904645)","1/43",0.19407611900782,0.270904186668867,0,0,4.77585377585378,7.83003533696715,"PRNP","GO_Biological_Process_2023","turquoise"
"Positive Regulation Of Cell-Matrix Adhesion (GO:0001954)","1/43",0.19407611900782,0.270904186668867,0,0,4.77585377585378,7.83003533696715,"THY1","GO_Biological_Process_2023","turquoise"
"Learning (GO:0007612)","1/43",0.19407611900782,0.270904186668867,0,0,4.77585377585378,7.83003533696715,"SYT11","GO_Biological_Process_2023","turquoise"
"Regulation Of Macromolecule Metabolic Process (GO:0060255)","2/162",0.194344307827666,0.270904186668867,0,0,2.51785714285714,4.12456198860435,"VPS35;ATP1B1","GO_Biological_Process_2023","turquoise"
"Adenylate Cyclase-Modulating G Protein-Coupled Receptor Signaling Pathway (GO:0007188)","2/163",0.196156627809209,0.272643600667188,0,0,2.50209151983775,4.07551129848272,"PSAP;GNAS","GO_Biological_Process_2023","turquoise"
"Negative Regulation Of Cell Migration (GO:0030336)","2/163",0.196156627809209,0.272643600667188,0,0,2.50209151983775,4.07551129848272,"NDRG4;THY1","GO_Biological_Process_2023","turquoise"
"Autophagosome Maturation (GO:0097352)","1/44",0.1981144149655,0.273007881393256,0,0,4.6645525017618,7.55149331126355,"CALM1","GO_Biological_Process_2023","turquoise"
"Bone Development (GO:0060348)","1/44",0.1981144149655,0.273007881393256,0,0,4.6645525017618,7.55149331126355,"GNAS","GO_Biological_Process_2023","turquoise"
"Regulation Of Transport (GO:0051049)","1/44",0.1981144149655,0.273007881393256,0,0,4.6645525017618,7.55149331126355,"ACTG1","GO_Biological_Process_2023","turquoise"
"Positive Regulation Of Leukocyte Cell-Cell Adhesion (GO:1903039)","1/44",0.1981144149655,0.273007881393256,0,0,4.6645525017618,7.55149331126355,"THY1","GO_Biological_Process_2023","turquoise"
"Regulation Of DNA Recombination (GO:0000018)","1/44",0.1981144149655,0.273007881393256,0,0,4.6645525017618,7.55149331126355,"TERF2IP","GO_Biological_Process_2023","turquoise"
"Regulation Of Cell-Substrate Adhesion (GO:0010810)","1/44",0.1981144149655,0.273007881393256,0,0,4.6645525017618,7.55149331126355,"THY1","GO_Biological_Process_2023","turquoise"
"Regulation Of Cellular Metabolic Process (GO:0031323)","1/45",0.202132677279174,0.277358190698413,0,0,4.55831037649219,7.28796784173202,"PGAM1","GO_Biological_Process_2023","turquoise"
"Establishment Of Protein Localization To Extracellular Region (GO:0035592)","1/45",0.202132677279174,0.277358190698413,0,0,4.55831037649219,7.28796784173202,"CANX","GO_Biological_Process_2023","turquoise"
"Regulation Of Apoptotic Signaling Pathway (GO:2001233)","1/45",0.202132677279174,0.277358190698413,0,0,4.55831037649219,7.28796784173202,"FAIM2","GO_Biological_Process_2023","turquoise"
"Regulation Of Cytokine Production Involved In Inflammatory Response (GO:1900015)","1/46",0.206131004383124,0.281246539878669,0,0,4.45679012345679,7.03835624820852,"PLD3","GO_Biological_Process_2023","turquoise"
"Response To Hydrogen Peroxide (GO:0042542)","1/46",0.206131004383124,0.281246539878669,0,0,4.45679012345679,7.03835624820852,"SOD1","GO_Biological_Process_2023","turquoise"
"Positive Regulation Of Cell-Cell Adhesion (GO:0022409)","1/46",0.206131004383124,0.281246539878669,0,0,4.45679012345679,7.03835624820852,"THY1","GO_Biological_Process_2023","turquoise"
"Vacuolar Transport (GO:0007034)","1/46",0.206131004383124,0.281246539878669,0,0,4.45679012345679,7.03835624820852,"PSAP","GO_Biological_Process_2023","turquoise"
"Regulation Of Interleukin-2 Production (GO:0032663)","1/47",0.210109494168341,0.285465219924919,0,0,4.3596837944664,6.80165814675797,"PRNP","GO_Biological_Process_2023","turquoise"
"Negative Regulation Of Tumor Necrosis Factor Production (GO:0032720)","1/47",0.210109494168341,0.285465219924919,0,0,4.3596837944664,6.80165814675797,"SYT11","GO_Biological_Process_2023","turquoise"
"Positive Regulation Of Lymphocyte Activation (GO:0051251)","1/47",0.210109494168341,0.285465219924919,0,0,4.3596837944664,6.80165814675797,"THY1","GO_Biological_Process_2023","turquoise"
"Cytoplasmic Microtubule Organization (GO:0031122)","1/48",0.214068244088033,0.290027943603142,0,0,4.26670964968837,6.57696403663591,"DYNC1H1","GO_Biological_Process_2023","turquoise"
"Positive Regulation Of Reactive Oxygen Species Metabolic Process (GO:2000379)","1/48",0.214068244088033,0.290027943603142,0,0,4.26670964968837,6.57696403663591,"SOD1","GO_Biological_Process_2023","turquoise"
"Positive Regulation Of Cellular Biosynthetic Process (GO:0031328)","2/174",0.216221657628596,0.292535183850453,0,0,2.34076886568581,3.58477329939303,"HSP90AA1;HSP90AB1","GO_Biological_Process_2023","turquoise"
"Negative Regulation Of Tumor Necrosis Factor Superfamily Cytokine Production (GO:1903556)","1/49",0.21800735103248,0.29296520078432,0,0,4.17760942760943,6.36344537186664,"SYT11","GO_Biological_Process_2023","turquoise"
"Intrinsic Apoptotic Signaling Pathway In Response To DNA Damage (GO:0008630)","1/49",0.21800735103248,0.29296520078432,0,0,4.17760942760943,6.36344537186664,"MOAP1","GO_Biological_Process_2023","turquoise"
"Negative Regulation Of DNA Metabolic Process (GO:0051053)","1/49",0.21800735103248,0.29296520078432,0,0,4.17760942760943,6.36344537186664,"TERF2IP","GO_Biological_Process_2023","turquoise"
"Regulation Of Cell Communication (GO:0010646)","1/49",0.21800735103248,0.29296520078432,0,0,4.17760942760943,6.36344537186664,"YWHAG","GO_Biological_Process_2023","turquoise"
"Positive Regulation Of I-kappaB kinase/NF-kappaB Signaling (GO:0043123)","2/175",0.218055879258723,0.29296520078432,0,0,2.32712044355314,3.54421356288015,"TERF2IP;GAPDH","GO_Biological_Process_2023","turquoise"
"Positive Regulation Of Gene Expression (GO:0010628)","4/480",0.219401380463062,0.294363518787941,0,0,1.70028011204482,2.57907403522525,"VPS35;GAPDH;ACTG1;SOD1","GO_Biological_Process_2023","turquoise"
"Regulation Of Epithelial Cell Migration (GO:0010632)","1/50",0.221926911560385,0.29529117984481,0,0,4.09214594928881,6.16034588762116,"RTN4","GO_Biological_Process_2023","turquoise"
"Regulation Of Interferon-Beta Production (GO:0032648)","1/50",0.221926911560385,0.29529117984481,0,0,4.09214594928881,6.16034588762116,"HSP90AA1","GO_Biological_Process_2023","turquoise"
"Blood Circulation (GO:0008015)","1/50",0.221926911560385,0.29529117984481,0,0,4.09214594928881,6.16034588762116,"SOD1","GO_Biological_Process_2023","turquoise"
"Plasma Membrane Bounded Cell Projection Morphogenesis (GO:0120039)","1/50",0.221926911560385,0.29529117984481,0,0,4.09214594928881,6.16034588762116,"UBB","GO_Biological_Process_2023","turquoise"
"Positive Regulation Of Cell Death (GO:0010942)","1/50",0.221926911560385,0.29529117984481,0,0,4.09214594928881,6.16034588762116,"PRNP","GO_Biological_Process_2023","turquoise"
"Dicarboxylic Acid Metabolic Process (GO:0043648)","1/50",0.221926911560385,0.29529117984481,0,0,4.09214594928881,6.16034588762116,"MDH1","GO_Biological_Process_2023","turquoise"
"Negative Regulation Of Cytokine Production (GO:0001818)","2/178",0.223566841614148,0.29706405639514,0,0,2.28710575139147,3.42618697401597,"PRNP;SYT11","GO_Biological_Process_2023","turquoise"
"Regulation Of Synapse Assembly (GO:0051963)","1/51",0.225827021656465,0.298425311792265,0,0,4.01010101010101,5.96697401593565,"VPS35","GO_Biological_Process_2023","turquoise"
"Sensory Perception (GO:0007600)","1/51",0.225827021656465,0.298425311792265,0,0,4.01010101010101,5.96697401593565,"GNAS","GO_Biological_Process_2023","turquoise"
"Receptor Internalization (GO:0031623)","1/51",0.225827021656465,0.298425311792265,0,0,4.01010101010101,5.96697401593565,"CLTC","GO_Biological_Process_2023","turquoise"
"Negative Regulation Of MAP Kinase Activity (GO:0043407)","1/51",0.225827021656465,0.298425311792265,0,0,4.01010101010101,5.96697401593565,"UCHL1","GO_Biological_Process_2023","turquoise"
"Negative Regulation Of Response To Stimulus (GO:0048585)","1/52",0.229707776816989,0.3019016495309,0,0,3.93127351950881,5.78269622196604,"THY1","GO_Biological_Process_2023","turquoise"
"Adenylate Cyclase-Inhibiting G Protein-Coupled Receptor Signaling Pathway (GO:0007193)","1/52",0.229707776816989,0.3019016495309,0,0,3.93127351950881,5.78269622196604,"PSAP","GO_Biological_Process_2023","turquoise"
"Regulation Of Peptide Hormone Secretion (GO:0090276)","1/52",0.229707776816989,0.3019016495309,0,0,3.93127351950881,5.78269622196604,"SNAP25","GO_Biological_Process_2023","turquoise"
"Positive Regulation Of Telomere Maintenance (GO:0032206)","1/52",0.229707776816989,0.3019016495309,0,0,3.93127351950881,5.78269622196604,"TERF2IP","GO_Biological_Process_2023","turquoise"
"Regulation Of Cyclin-Dependent Protein Kinase Activity (GO:1904029)","1/53",0.233569272224541,0.30408075063195,0,0,3.85547785547786,5.60693113764998,"HSP90AB1","GO_Biological_Process_2023","turquoise"
"Actin Polymerization Or Depolymerization (GO:0008154)","1/53",0.233569272224541,0.30408075063195,0,0,3.85547785547786,5.60693113764998,"DSTN","GO_Biological_Process_2023","turquoise"
"Carboxylic Acid Transport (GO:0046942)","1/53",0.233569272224541,0.30408075063195,0,0,3.85547785547786,5.60693113764998,"PSAP","GO_Biological_Process_2023","turquoise"
"Regulation Of Receptor Signaling Pathway Via JAK-STAT (GO:0046425)","1/53",0.233569272224541,0.30408075063195,0,0,3.85547785547786,5.60693113764998,"CALM1","GO_Biological_Process_2023","turquoise"
"Positive Regulation Of NIK/NF-kappaB Signaling (GO:1901224)","1/53",0.233569272224541,0.30408075063195,0,0,3.85547785547786,5.60693113764998,"TERF2IP","GO_Biological_Process_2023","turquoise"
"Glycoprotein Metabolic Process (GO:0009100)","1/53",0.233569272224541,0.30408075063195,0,0,3.85547785547786,5.60693113764998,"FBXO2","GO_Biological_Process_2023","turquoise"
"Proton Motive Force-Driven Mitochondrial ATP Synthesis (GO:0042776)","1/53",0.233569272224541,0.30408075063195,0,0,3.85547785547786,5.60693113764998,"ATP5F1B","GO_Biological_Process_2023","turquoise"
"Negative Regulation Of Gene Expression (GO:0010629)","3/336",0.23655820974643,0.306603753962113,0,0,1.81731215751834,2.61976627900037,"PRKAR1A;SYT11;GAPDH","GO_Biological_Process_2023","turquoise"
"Regulation Of Exocytosis (GO:0017157)","1/54",0.237411602446854,0.306603753962113,0,0,3.78254240518391,5.43914439332398,"NSF","GO_Biological_Process_2023","turquoise"
"Negative Regulation Of Protein Catabolic Process (GO:0042177)","1/54",0.237411602446854,0.306603753962113,0,0,3.78254240518391,5.43914439332398,"HSP90AB1","GO_Biological_Process_2023","turquoise"
"Regulation Of Lipid Metabolic Process (GO:0019216)","1/54",0.237411602446854,0.306603753962113,0,0,3.78254240518391,5.43914439332398,"PSAP","GO_Biological_Process_2023","turquoise"
"Organelle Disassembly (GO:1903008)","1/54",0.237411602446854,0.306603753962113,0,0,3.78254240518391,5.43914439332398,"KLC1","GO_Biological_Process_2023","turquoise"
"Regulation Of Smooth Muscle Cell Proliferation (GO:0048660)","1/54",0.237411602446854,0.306603753962113,0,0,3.78254240518391,5.43914439332398,"NDRG4","GO_Biological_Process_2023","turquoise"
"Negative Regulation Of Macromolecule Metabolic Process (GO:0010605)","2/186",0.238313406174166,0.307357477121822,0,0,2.18677905944987,3.13620994728774,"HSP90AB1;PRKAR1A","GO_Biological_Process_2023","turquoise"
"Ceramide Metabolic Process (GO:0006672)","1/55",0.241234861655302,0.310710501812029,0,0,3.71230826786382,5.27884403782842,"PPP2R1A","GO_Biological_Process_2023","turquoise"
"Endocytosis (GO:0006897)","2/189",0.243858065056649,0.313520281704278,0,0,2.1513696387646,3.03594597725027,"CLTC;DNER","GO_Biological_Process_2023","turquoise"
"Peptide Metabolic Process (GO:0006518)","1/56",0.245039143568043,0.313520281704278,0,0,3.64462809917355,5.12557648253206,"CPE","GO_Biological_Process_2023","turquoise"
"Cellular Response To Peptide (GO:1901653)","1/56",0.245039143568043,0.313520281704278,0,0,3.64462809917355,5.12557648253206,"PRNP","GO_Biological_Process_2023","turquoise"
"Positive Regulation Of Cellular Metabolic Process (GO:0031325)","1/56",0.245039143568043,0.313520281704278,0,0,3.64462809917355,5.12557648253206,"GHITM","GO_Biological_Process_2023","turquoise"
"Regulation Of Cation Channel Activity (GO:2001257)","1/56",0.245039143568043,0.313520281704278,0,0,3.64462809917355,5.12557648253206,"CALM1","GO_Biological_Process_2023","turquoise"
"Striated Muscle Contraction (GO:0006941)","1/57",0.248824541413001,0.317103571246647,0,0,3.57936507936508,4.97892289699759,"ATP1B1","GO_Biological_Process_2023","turquoise"
"Monoatomic Anion Transport (GO:0006820)","1/57",0.248824541413001,0.317103571246647,0,0,3.57936507936508,4.97892289699759,"VDAC1","GO_Biological_Process_2023","turquoise"
"Regulation Of Calcium Ion Transport (GO:0051924)","1/57",0.248824541413001,0.317103571246647,0,0,3.57936507936508,4.97892289699759,"SARAF","GO_Biological_Process_2023","turquoise"
"Regulation Of Phagocytosis (GO:0050764)","1/58",0.252591147960672,0.321056643328959,0,0,3.5163919900762,4.83849599837867,"SYT11","GO_Biological_Process_2023","turquoise"
"mRNA Transport (GO:0051028)","1/58",0.252591147960672,0.321056643328959,0,0,3.5163919900762,4.83849599837867,"PEG10","GO_Biological_Process_2023","turquoise"
"Negative Regulation Of Protein-Containing Complex Assembly (GO:0031333)","1/59",0.256339055642632,0.324114565118825,0,0,3.45559038662487,4.70393718537215,"HSPA8","GO_Biological_Process_2023","turquoise"
"Regulation Of Type I Interferon Production (GO:0032479)","1/59",0.256339055642632,0.324114565118825,0,0,3.45559038662487,4.70393718537215,"GAPDH","GO_Biological_Process_2023","turquoise"
"Microtubule Cytoskeleton Organization Involved In Mitosis (GO:1902850)","1/59",0.256339055642632,0.324114565118825,0,0,3.45559038662487,4.70393718537215,"DYNC1H1","GO_Biological_Process_2023","turquoise"
"Protein Targeting To Mitochondrion (GO:0006626)","1/59",0.256339055642632,0.324114565118825,0,0,3.45559038662487,4.70393718537215,"HSP90AA1","GO_Biological_Process_2023","turquoise"
"Proton Motive Force-Driven ATP Synthesis (GO:0015986)","1/60",0.260068356267662,0.328400042032106,0,0,3.39684985447697,4.57491398098809,"ATP5F1B","GO_Biological_Process_2023","turquoise"
"Negative Regulation Of Intrinsic Apoptotic Signaling Pathway (GO:2001243)","1/61",0.263779141308675,0.332217275755124,0,0,3.34006734006734,4.45111773409346,"ENO1","GO_Biological_Process_2023","turquoise"
"Positive Regulation Of Cell Junction Assembly (GO:1901890)","1/61",0.263779141308675,0.332217275755124,0,0,3.34006734006734,4.45111773409346,"THY1","GO_Biological_Process_2023","turquoise"
"Cell Junction Organization (GO:0034330)","1/62",0.267471501800711,0.335555156804528,0,0,3.28514654744163,4.33226156152993,"SNCG","GO_Biological_Process_2023","turquoise"
"Glycerophospholipid Metabolic Process (GO:0006650)","1/62",0.267471501800711,0.335555156804528,0,0,3.28514654744163,4.33226156152993,"SERINC1","GO_Biological_Process_2023","turquoise"
"Regulation Of T Cell Activation (GO:0050863)","1/62",0.267471501800711,0.335555156804528,0,0,3.28514654744163,4.33226156152993,"THY1","GO_Biological_Process_2023","turquoise"
"Oxidative Phosphorylation (GO:0006119)","1/63",0.271145528260931,0.338844217723234,0,0,3.23199739328772,4.21807849737542,"ATP5F1B","GO_Biological_Process_2023","turquoise"
"Telomere Organization (GO:0032200)","1/63",0.271145528260931,0.338844217723234,0,0,3.23199739328772,4.21807849737542,"TERF2IP","GO_Biological_Process_2023","turquoise"
"Regulation Of Cellular Catabolic Process (GO:0031329)","1/63",0.271145528260931,0.338844217723234,0,0,3.23199739328772,4.21807849737542,"PSAP","GO_Biological_Process_2023","turquoise"
"Positive Regulation Of Macromolecule Metabolic Process (GO:0010604)","3/364",0.274150414132869,0.340330854197599,0,0,1.67395836308079,2.16623330412874,"NSF;VPS35;ACTG1","GO_Biological_Process_2023","turquoise"
"Protein Modification By Small Protein Conjugation (GO:0032446)","3/364",0.274150414132869,0.340330854197599,0,0,1.67395836308079,2.16623330412874,"UBB;FBXO2;PJA2","GO_Biological_Process_2023","turquoise"
"Regulation Of Secretion By Cell (GO:1903530)","1/64",0.274801310842782,0.340330854197599,0,0,3.18053551386885,4.10831982313615,"NSF","GO_Biological_Process_2023","turquoise"
"Cellular Response To Virus (GO:0098586)","1/64",0.274801310842782,0.340330854197599,0,0,3.18053551386885,4.10831982313615,"HSP90AA1","GO_Biological_Process_2023","turquoise"
"Endocytic Recycling (GO:0032456)","1/64",0.274801310842782,0.340330854197599,0,0,3.18053551386885,4.10831982313615,"VPS35","GO_Biological_Process_2023","turquoise"
"Positive Regulation Of Macroautophagy (GO:0016239)","1/64",0.274801310842782,0.340330854197599,0,0,3.18053551386885,4.10831982313615,"MOAP1","GO_Biological_Process_2023","turquoise"
"Negative Regulation Of Cell Death (GO:0060548)","1/64",0.274801310842782,0.340330854197599,0,0,3.18053551386885,4.10831982313615,"VPS35","GO_Biological_Process_2023","turquoise"
"Antimicrobial Humoral Immune Response Mediated By Antimicrobial Peptide (GO:0061844)","1/65",0.278438939213788,0.34395398373468,0,0,3.13068181818182,4.00275356439037,"GAPDH","GO_Biological_Process_2023","turquoise"
"Regulation Of Tyrosine Phosphorylation Of STAT Protein (GO:0042509)","1/65",0.278438939213788,0.34395398373468,0,0,3.13068181818182,4.00275356439037,"PPP2R1A","GO_Biological_Process_2023","turquoise"
"Response To Reactive Oxygen Species (GO:0000302)","1/66",0.282058502576368,0.347980221569313,0,0,3.08236208236208,3.90116313048372,"SOD1","GO_Biological_Process_2023","turquoise"
"Extrinsic Apoptotic Signaling Pathway (GO:0097191)","1/67",0.285660089808726,0.351525664656343,0,0,3.03550658096113,3.80334608196671,"MOAP1","GO_Biological_Process_2023","turquoise"
"Protein Secretion (GO:0009306)","1/67",0.285660089808726,0.351525664656343,0,0,3.03550658096113,3.80334608196671,"CANX","GO_Biological_Process_2023","turquoise"
"Neuropeptide Signaling Pathway (GO:0007218)","1/68",0.289243789255229,0.355031131411119,0,0,2.99004975124378,3.70911301693322,"CPE","GO_Biological_Process_2023","turquoise"
"Telomere Maintenance (GO:0000723)","1/68",0.289243789255229,0.355031131411119,0,0,2.99004975124378,3.70911301693322,"TERF2IP","GO_Biological_Process_2023","turquoise"
"Regulation Of GTPase Activity (GO:0043087)","2/214",0.290161134004554,0.355705146508121,0,0,1.89526376588371,2.34504563216826,"THY1;SOD1","GO_Biological_Process_2023","turquoise"
"Cellular Response To Calcium Ion (GO:0071277)","1/69",0.29280968888067,0.358497033534508,0,0,2.94592988710636,3.61828655610275,"SYT11","GO_Biological_Process_2023","turquoise"
"Negative Regulation Of Epithelial Cell Proliferation (GO:0050680)","1/70",0.296357876203525,0.361010981604798,0,0,2.9030888596106,3.53070042231205,"ATP5F1A","GO_Biological_Process_2023","turquoise"
"Negative Regulation Of Extrinsic Apoptotic Signaling Pathway (GO:2001237)","1/70",0.296357876203525,0.361010981604798,0,0,2.9030888596106,3.53070042231205,"FAIM2","GO_Biological_Process_2023","turquoise"
"Positive Regulation Of Protein Polymerization (GO:0032273)","1/70",0.296357876203525,0.361010981604798,0,0,2.9030888596106,3.53070042231205,"HSP90AA1","GO_Biological_Process_2023","turquoise"
"Regulation Of G Protein-Coupled Receptor Signaling Pathway (GO:0008277)","1/70",0.296357876203525,0.361010981604798,0,0,2.9030888596106,3.53070042231205,"YWHAB","GO_Biological_Process_2023","turquoise"
"Regulation Of Hydrolase Activity (GO:0051336)","1/71",0.299888438313403,0.363934964083853,0,0,2.86147186147186,3.44619860155019,"SOD1","GO_Biological_Process_2023","turquoise"
"Cell-Cell Junction Assembly (GO:0007043)","1/71",0.299888438313403,0.363934964083853,0,0,2.86147186147186,3.44619860155019,"ACTG1","GO_Biological_Process_2023","turquoise"
"Synapse Assembly (GO:0007416)","1/71",0.299888438313403,0.363934964083853,0,0,2.86147186147186,3.44619860155019,"DNER","GO_Biological_Process_2023","turquoise"
"Proteasomal Protein Catabolic Process (GO:0010498)","2/220",0.301251238358975,0.365130108224304,0,0,1.84253885040255,2.21069779738564,"UCHL1;PJA2","GO_Biological_Process_2023","turquoise"
"Second-Messenger-Mediated Signaling (GO:0019932)","1/72",0.303401461859655,0.366815784926692,0,0,2.82102717313985,3.36463457832852,"PPP2R1A","GO_Biological_Process_2023","turquoise"
"Protein Targeting To Membrane (GO:0006612)","1/72",0.303401461859655,0.366815784926692,0,0,2.82102717313985,3.36463457832852,"SRP14","GO_Biological_Process_2023","turquoise"
"Negative Regulation Of Neuron Apoptotic Process (GO:0043524)","1/74",0.310375237892897,0.374778099755673,0,0,2.74346201743462,3.20977722405069,"SOD1","GO_Biological_Process_2023","turquoise"
"Regulation Of Stress Fiber Assembly (GO:0051492)","1/75",0.313836161648445,0.378012134853364,0,0,2.70625170625171,3.13623236372496,"ACTG1","GO_Biological_Process_2023","turquoise"
"Regulation Of DNA Replication (GO:0006275)","1/75",0.313836161648445,0.378012134853364,0,0,2.70625170625171,3.13623236372496,"PPP2R1A","GO_Biological_Process_2023","turquoise"
"Negative Regulation Of Transforming Growth Factor Beta Receptor Signaling Pathway (GO:0030512)","1/77",0.320706505558706,0.384370328002121,0,0,2.6347687400319,2.99633512170869,"PEG10","GO_Biological_Process_2023","turquoise"
"Positive Regulation Of JNK Cascade (GO:0046330)","1/77",0.320706505558706,0.384370328002121,0,0,2.6347687400319,2.99633512170869,"PJA2","GO_Biological_Process_2023","turquoise"
"Embryonic Organ Development (GO:0048568)","1/77",0.320706505558706,0.384370328002121,0,0,2.6347687400319,2.99633512170869,"NDRG4","GO_Biological_Process_2023","turquoise"
"Positive Regulation Of Response To Stimulus (GO:0048584)","1/77",0.320706505558706,0.384370328002121,0,0,2.6347687400319,2.99633512170869,"VDAC1","GO_Biological_Process_2023","turquoise"
"Negative Regulation Of Intracellular Signal Transduction (GO:1902532)","2/231",0.321506425753241,0.384851557964846,0,0,1.75305231262811,1.98925463460844,"PPP2R1A;PEBP1","GO_Biological_Process_2023","turquoise"
"Regulation Of I-kappaB kinase/NF-kappaB Signaling (GO:0043122)","2/232",0.323341560498189,0.386538453357155,0,0,1.74534161490683,1.97057105906791,"TERF2IP;GAPDH","GO_Biological_Process_2023","turquoise"
"Cellular Response To Nutrient Levels (GO:0031669)","1/78",0.324116094429913,0.386538453357155,0,0,2.60041978223796,2.92977207832515,"HSPA8","GO_Biological_Process_2023","turquoise"
"Proteolysis Involved In Protein Catabolic Process (GO:0051603)","1/78",0.324116094429913,0.386538453357155,0,0,2.60041978223796,2.92977207832515,"UBB","GO_Biological_Process_2023","turquoise"
"Regulation Of Neuron Differentiation (GO:0045664)","1/79",0.32750873980153,0.387712552265046,0,0,2.56695156695157,2.86533539771871,"YWHAG","GO_Biological_Process_2023","turquoise"
"Response To Insulin (GO:0032868)","1/79",0.32750873980153,0.387712552265046,0,0,2.56695156695157,2.86533539771871,"PKM","GO_Biological_Process_2023","turquoise"
"Positive Regulation Of Cytoskeleton Organization (GO:0051495)","1/79",0.32750873980153,0.387712552265046,0,0,2.56695156695157,2.86533539771871,"DYNC1H1","GO_Biological_Process_2023","turquoise"
"Positive Regulation Of Endocytosis (GO:0045807)","1/79",0.32750873980153,0.387712552265046,0,0,2.56695156695157,2.86533539771871,"CALY","GO_Biological_Process_2023","turquoise"
"Positive Regulation Of Protein Localization To Membrane (GO:1905477)","1/79",0.32750873980153,0.387712552265046,0,0,2.56695156695157,2.86533539771871,"PRNP","GO_Biological_Process_2023","turquoise"
"Positive Regulation Of Protein Modification By Small Protein Conjugation Or Removal (GO:1903322)","1/79",0.32750873980153,0.387712552265046,0,0,2.56695156695157,2.86533539771871,"UBB","GO_Biological_Process_2023","turquoise"
"Calcium Ion Transmembrane Transport (GO:0070588)","1/80",0.330884524972772,0.391229438339899,0,0,2.5343306482547,2.80293378962301,"GHITM","GO_Biological_Process_2023","turquoise"
"Vesicle-Mediated Transport To The Plasma Membrane (GO:0098876)","1/83",0.340911546721369,0.402100798696999,0,0,2.44124168514412,2.62709885646942,"VPS35","GO_Biological_Process_2023","turquoise"
"Regulation Of NIK/NF-kappaB Signaling (GO:1901222)","1/83",0.340911546721369,0.402100798696999,0,0,2.44124168514412,2.62709885646942,"TERF2IP","GO_Biological_Process_2023","turquoise"
"Positive Regulation Of Protein Ubiquitination (GO:0031398)","1/84",0.344220716526821,0.405508795323059,0,0,2.41170743580382,2.57201895784243,"UBB","GO_Biological_Process_2023","turquoise"
"Positive Regulation Of Programmed Cell Death (GO:0043068)","2/245",0.347077845012811,0.407400461180371,0,0,1.65087763500462,1.74696892731275,"MOAP1;SOD1","GO_Biological_Process_2023","turquoise"
"Regulation Of Kinase Activity (GO:0043549)","1/85",0.347513436866072,0.407400461180371,0,0,2.38287638287638,2.51858583349566,"SOD1","GO_Biological_Process_2023","turquoise"
"Integrin-Mediated Signaling Pathway (GO:0007229)","1/85",0.347513436866072,0.407400461180371,0,0,2.38287638287638,2.51858583349566,"THY1","GO_Biological_Process_2023","turquoise"
"Mitotic Spindle Organization (GO:0007052)","1/85",0.347513436866072,0.407400461180371,0,0,2.38287638287638,2.51858583349566,"DYNC1H1","GO_Biological_Process_2023","turquoise"
"Positive Regulation Of DNA-binding Transcription Factor Activity (GO:0051091)","2/246",0.348893339322039,0.408522382769805,0,0,1.6440281030445,1.73114354350853,"BEX1;TERF2IP","GO_Biological_Process_2023","turquoise"
"Regulation Of Insulin Secretion (GO:0050796)","1/87",0.354049852499014,0.413557626981919,0,0,2.3272257458304,2.41639933353241,"SNAP25","GO_Biological_Process_2023","turquoise"
"Regulation Of Type II Interferon Production (GO:0032649)","1/87",0.354049852499014,0.413557626981919,0,0,2.3272257458304,2.41639933353241,"PRNP","GO_Biological_Process_2023","turquoise"
"Regulation Of Double-Strand Break Repair (GO:2000779)","1/88",0.357293708483398,0.416842659897298,0,0,2.30035992104958,2.36752381170365,"TERF2IP","GO_Biological_Process_2023","turquoise"
"Cellular Response To Peptide Hormone Stimulus (GO:0071375)","1/89",0.360521436424534,0.418586187002524,0,0,2.27410468319559,2.32005037808893,"PKM","GO_Biological_Process_2023","turquoise"
"Positive Regulation Of DNA Repair (GO:0045739)","1/89",0.360521436424534,0.418586187002524,0,0,2.27410468319559,2.32005037808893,"ACTB","GO_Biological_Process_2023","turquoise"
"Regulation Of Vesicle-Mediated Transport (GO:0060627)","1/89",0.360521436424534,0.418586187002524,0,0,2.27410468319559,2.32005037808893,"NSF","GO_Biological_Process_2023","turquoise"
"Sensory Perception Of Mechanical Stimulus (GO:0050954)","1/89",0.360521436424534,0.418586187002524,0,0,2.27410468319559,2.32005037808893,"SOD1","GO_Biological_Process_2023","turquoise"
"Regulation Of Peptidyl-Tyrosine Phosphorylation (GO:0050730)","1/90",0.363733115678147,0.42180815095449,0,0,2.24843945068664,2.27392523969427,"PRNP","GO_Biological_Process_2023","turquoise"
"Protein Ubiquitination (GO:0016567)","3/434",0.369825263536433,0.428173592692273,0,0,1.39706269285048,1.38969269203565,"UBB;FBXO2;PJA2","GO_Biological_Process_2023","turquoise"
"Sensory Perception Of Sound (GO:0007605)","1/92",0.370108643786799,0.428173592692273,0,0,2.1988011988012,2.18551754723327,"SOD1","GO_Biological_Process_2023","turquoise"
"Regulation Of Endothelial Cell Proliferation (GO:0001936)","1/93",0.373272649434986,0.431317439418895,0,0,2.1747913921827,2.14313983216348,"ATP5F1A","GO_Biological_Process_2023","turquoise"
"Cellular Response To Hormone Stimulus (GO:0032870)","1/94",0.376420920115876,0.433917194310187,0,0,2.15129792549147,2.10191981526176,"HSPA8","GO_Biological_Process_2023","turquoise"
"Vesicle Organization (GO:0016050)","1/94",0.376420920115876,0.433917194310187,0,0,2.15129792549147,2.10191981526176,"SYT11","GO_Biological_Process_2023","turquoise"
"T Cell Receptor Signaling Pathway (GO:0050852)","1/95",0.379553533216983,0.435449778013783,0,0,2.12830431979368,2.06181530451832,"THY1","GO_Biological_Process_2023","turquoise"
"Cell Junction Assembly (GO:0034329)","1/95",0.379553533216983,0.435449778013783,0,0,2.12830431979368,2.06181530451832,"DNER","GO_Biological_Process_2023","turquoise"
"Positive Regulation Of Epithelial Cell Migration (GO:0010634)","1/95",0.379553533216983,0.435449778013783,0,0,2.12830431979368,2.06181530451832,"RTN4","GO_Biological_Process_2023","turquoise"
"Positive Regulation Of Transmembrane Receptor Protein Serine/Threonine Kinase Signaling Pathway (GO:0090100)","1/95",0.379553533216983,0.435449778013783,0,0,2.12830431979368,2.06181530451832,"HSP90AB1","GO_Biological_Process_2023","turquoise"
"Positive Regulation Of Supramolecular Fiber Organization (GO:1902905)","1/96",0.382670565880735,0.438505061258352,0,0,2.10579479000532,2.02278604662789,"STMN2","GO_Biological_Process_2023","turquoise"
"RNA Splicing (GO:0008380)","1/98",0.388858196397513,0.444540849372778,0,0,2.06216807247735,1.94780133547852,"PPP2R1A","GO_Biological_Process_2023","turquoise"
"Positive Regulation Of Protein-Containing Complex Assembly (GO:0031334)","1/98",0.388858196397513,0.444540849372778,0,0,2.06216807247735,1.94780133547852,"HSP90AA1","GO_Biological_Process_2023","turquoise"
"Cellular Response To Insulin Stimulus (GO:0032869)","1/99",0.391928946523868,0.447521704896048,0,0,2.0410224695939,1.91177413897195,"PKM","GO_Biological_Process_2023","turquoise"
"Antimicrobial Humoral Response (GO:0019730)","1/100",0.394984420817951,0.449946875601581,0,0,2.02030405060708,1.87667852610055,"GAPDH","GO_Biological_Process_2023","turquoise"
"Protein Complex Oligomerization (GO:0051259)","1/100",0.394984420817951,0.449946875601581,0,0,2.02030405060708,1.87667852610055,"PEG10","GO_Biological_Process_2023","turquoise"
"Negative Regulation Of Nucleic Acid-Templated Transcription (GO:1903507)","3/456",0.399675686196134,0.454754667686061,0,0,1.32771215948658,1.21764727142249,"HSPA8;ENO1;DKK3","GO_Biological_Process_2023","turquoise"
"Calcium Ion Homeostasis (GO:0055074)","1/102",0.401049842395342,0.455245767043362,0,0,1.98009800980098,1.80915528558786,"ATP1B1","GO_Biological_Process_2023","turquoise"
"Regulation Of Protein Secretion (GO:0050708)","1/102",0.401049842395342,0.455245767043362,0,0,1.98009800980098,1.80915528558786,"SNAP25","GO_Biological_Process_2023","turquoise"
"Inorganic Cation Import Across Plasma Membrane (GO:0098659)","1/103",0.404059939073185,0.458124297118189,0,0,1.9605862547039,1.77666767339805,"ATP1B1","GO_Biological_Process_2023","turquoise"
"Positive Regulation Of Kinase Activity (GO:0033674)","1/104",0.407055058636552,0.460979116814665,0,0,1.94145336863783,1.74499153520703,"EEF1A2","GO_Biological_Process_2023","turquoise"
"Cellular Response To Organonitrogen Compound (GO:0071417)","1/105",0.410035274847405,0.462726723717983,0,0,1.92268842268842,1.71409996792236,"ACTB","GO_Biological_Process_2023","turquoise"
"Positive Regulation Of Stress-Activated MAPK Cascade (GO:0032874)","1/105",0.410035274847405,0.462726723717983,0,0,1.92268842268842,1.71409996792236,"PJA2","GO_Biological_Process_2023","turquoise"
"Intrinsic Apoptotic Signaling Pathway (GO:0097193)","1/105",0.410035274847405,0.462726723717983,0,0,1.92268842268842,1.71409996792236,"MOAP1","GO_Biological_Process_2023","turquoise"
"Positive Regulation Of Cell Differentiation (GO:0045597)","2/283",0.414697062220494,0.467441496038503,0,0,1.42486745587915,1.25417830284191,"HSP90AB1;ACTB","GO_Biological_Process_2023","turquoise"
"Negative Regulation Of Translation (GO:0017148)","1/107",0.41595129052059,0.46776361658078,0,0,1.88622069754145,1.65456849319568,"GAPDH","GO_Biological_Process_2023","turquoise"
"Monoatomic Ion Transport (GO:0006811)","1/107",0.41595129052059,0.46776361658078,0,0,1.88622069754145,1.65456849319568,"VDAC1","GO_Biological_Process_2023","turquoise"
"Positive Regulation Of DNA Metabolic Process (GO:0051054)","1/108",0.41888723576301,0.469971045002401,0,0,1.86849806475975,1.62588017253325,"TERF2IP","GO_Biological_Process_2023","turquoise"
"Positive Regulation Of Translation (GO:0045727)","1/108",0.41888723576301,0.469971045002401,0,0,1.86849806475975,1.62588017253325,"PKM","GO_Biological_Process_2023","turquoise"
"Negative Regulation Of Developmental Process (GO:0051093)","1/109",0.421808569139365,0.470516256106959,0,0,1.85110362888141,1.59787949320038,"THY1","GO_Biological_Process_2023","turquoise"
"Regulation Of Proteasomal Ubiquitin-Dependent Protein Catabolic Process (GO:0032434)","1/109",0.421808569139365,0.470516256106959,0,0,1.85110362888141,1.59787949320038,"HSP90AB1","GO_Biological_Process_2023","turquoise"
"Cell-Matrix Adhesion (GO:0007160)","1/109",0.421808569139365,0.470516256106959,0,0,1.85110362888141,1.59787949320038,"THY1","GO_Biological_Process_2023","turquoise"
"Cellular Response To Salt (GO:1902075)","1/109",0.421808569139365,0.470516256106959,0,0,1.85110362888141,1.59787949320038,"SYT11","GO_Biological_Process_2023","turquoise"
"Regulation Of Wnt Signaling Pathway (GO:0030111)","1/109",0.421808569139365,0.470516256106959,0,0,1.85110362888141,1.59787949320038,"PPP2R1A","GO_Biological_Process_2023","turquoise"
"Adenylate Cyclase-Activating G Protein-Coupled Receptor Signaling Pathway (GO:0007189)","1/110",0.424715362613925,0.472123176392464,0,0,1.83402835696414,1.57054463447437,"GNAS","GO_Biological_Process_2023","turquoise"
"Sensory Perception Of Chemical Stimulus (GO:0007606)","1/110",0.424715362613925,0.472123176392464,0,0,1.83402835696414,1.57054463447437,"GNAS","GO_Biological_Process_2023","turquoise"
"Regulation Of JNK Cascade (GO:0046328)","1/110",0.424715362613925,0.472123176392464,0,0,1.83402835696414,1.57054463447437,"PJA2","GO_Biological_Process_2023","turquoise"
"Negative Regulation Of Inflammatory Response (GO:0050728)","1/111",0.427607687964041,0.473160396991138,0,0,1.81726354453627,1.54385464626272,"VPS35","GO_Biological_Process_2023","turquoise"
"RNA Metabolic Process (GO:0016070)","1/111",0.427607687964041,0.473160396991138,0,0,1.81726354453627,1.54385464626272,"DDX24","GO_Biological_Process_2023","turquoise"
"Negative Regulation Of Transmembrane Receptor Protein Serine/Threonine Kinase Signaling Pathway (GO:0090101)","1/111",0.427607687964041,0.473160396991138,0,0,1.81726354453627,1.54385464626272,"PEG10","GO_Biological_Process_2023","turquoise"
"Cytoskeleton Organization (GO:0007010)","1/111",0.427607687964041,0.473160396991138,0,0,1.81726354453627,1.54385464626272,"THY1","GO_Biological_Process_2023","turquoise"
"Protein Deubiquitination (GO:0016579)","1/112",0.43048561638067,0.47525612048426,0,0,1.8008008008008,1.51778940882089,"UCHL1","GO_Biological_Process_2023","turquoise"
"Negative Regulation Of Defense Response (GO:0031348)","1/112",0.43048561638067,0.47525612048426,0,0,1.8008008008008,1.51778940882089,"VPS35","GO_Biological_Process_2023","turquoise"
"Positive Regulation Of Cellular Component Organization (GO:0051130)","1/113",0.433349218837219,0.477871398854741,0,0,1.78463203463203,1.4923295915181,"CALY","GO_Biological_Process_2023","turquoise"
"Negative Regulation Of Apoptotic Process (GO:0043066)","3/482",0.434456884498751,0.478283557997017,0,0,1.25396552095216,1.04537910221471,"FAIM2;VDAC1;SOD1","GO_Biological_Process_2023","turquoise"
"Regulation Of Interleukin-6 Production (GO:0032675)","1/114",0.436198565833718,0.478283557997017,0,0,1.76874944131581,1.46745661650072,"SYT11","GO_Biological_Process_2023","turquoise"
"Protein Modification By Small Protein Removal (GO:0070646)","1/114",0.436198565833718,0.478283557997017,0,0,1.76874944131581,1.46745661650072,"UCHL1","GO_Biological_Process_2023","turquoise"
"Regulation Of MAP Kinase Activity (GO:0043405)","1/114",0.436198565833718,0.478283557997017,0,0,1.76874944131581,1.46745661650072,"UCHL1","GO_Biological_Process_2023","turquoise"
"Negative Regulation Of Canonical Wnt Signaling Pathway (GO:0090090)","1/114",0.436198565833718,0.478283557997017,0,0,1.76874944131581,1.46745661650072,"DKK3","GO_Biological_Process_2023","turquoise"
"Protein Maturation (GO:0051604)","1/117",0.444661775482094,0.486458975215971,0,0,1.72274468826193,1.39618351518444,"CPE","GO_Biological_Process_2023","turquoise"
"Protein Processing (GO:0016485)","1/117",0.444661775482094,0.486458975215971,0,0,1.72274468826193,1.39618351518444,"CPE","GO_Biological_Process_2023","turquoise"
"Positive Regulation Of Cell Cycle Process (GO:0090068)","1/118",0.447454800068397,0.488960788310035,0,0,1.70793404126737,1.37348597340122,"DYNC1H1","GO_Biological_Process_2023","turquoise"
"Positive Regulation Of Angiogenesis (GO:0045766)","1/119",0.450233917137087,0.491441767180142,0,0,1.69337442218798,1.35129249451638,"PKM","GO_Biological_Process_2023","turquoise"
"Cellular Response To Cytokine Stimulus (GO:0071345)","2/308",0.45729190962662,0.498582375507127,0,0,1.30678938241963,1.02247558127408,"CALM1;GAPDH","GO_Biological_Process_2023","turquoise"
"Positive Regulation Of MAPK Cascade (GO:0043410)","2/310",0.460624189973071,0.501649343307764,0,0,1.29817121653856,1.00630698380262,"NDRG4;SOD1","GO_Biological_Process_2023","turquoise"
"Positive Regulation Of Epithelial Cell Proliferation (GO:0050679)","1/123",0.461212676190375,0.501724600450341,0,0,1.63752276867031,1.26727232996582,"RTN4","GO_Biological_Process_2023","turquoise"
"Protein Dephosphorylation (GO:0006470)","1/124",0.463923277206856,0.504105608303513,0,0,1.62412745339575,1.2473885010387,"PPP2R1A","GO_Biological_Process_2023","turquoise"
"Cellular Response To Starvation (GO:0009267)","1/126",0.469304042324134,0.50823733731515,0,0,1.5979797979798,1.20887881651748,"HSPA8","GO_Biological_Process_2023","turquoise"
"Positive Regulation Of Intracellular Protein Transport (GO:0090316)","1/126",0.469304042324134,0.50823733731515,0,0,1.5979797979798,1.20887881651748,"PRNP","GO_Biological_Process_2023","turquoise"
"Protein-Containing Complex Organization (GO:0043933)","1/126",0.469304042324134,0.50823733731515,0,0,1.5979797979798,1.20887881651748,"PPP2R1A","GO_Biological_Process_2023","turquoise"
"Regulation Of Tumor Necrosis Factor Production (GO:0032680)","1/127",0.471974339207137,0.510556787988907,0,0,1.58521725188392,1.19022971699885,"SYT11","GO_Biological_Process_2023","turquoise"
"Positive Regulation Of Cytokine Production (GO:0001819)","2/320",0.47710815744461,0.513988559755788,0,0,1.25670645616737,0.929977944288716,"GAPDH;SOD1","GO_Biological_Process_2023","turquoise"
"Protein Homooligomerization (GO:0051260)","1/129",0.477275091201804,0.513988559755788,0,0,1.5602904040404,1.15408790031601,"PEG10","GO_Biological_Process_2023","turquoise"
"Protein Targeting (GO:0006605)","1/129",0.477275091201804,0.513988559755788,0,0,1.5602904040404,1.15408790031601,"SRP14","GO_Biological_Process_2023","turquoise"
"Regulation Of DNA Repair (GO:0006282)","1/129",0.477275091201804,0.513988559755788,0,0,1.5602904040404,1.15408790031601,"ACTB","GO_Biological_Process_2023","turquoise"
"Positive Regulation Of Peptidyl-Tyrosine Phosphorylation (GO:0050731)","1/130",0.479905677193982,0.516245973462569,0,0,1.54811682718659,1.13657427447839,"PRNP","GO_Biological_Process_2023","turquoise"
"Epithelial Cell Differentiation (GO:0030855)","1/132",0.485127594032975,0.521282820729537,0,0,1.52432724188449,1.1026119616962,"VDAC1","GO_Biological_Process_2023","turquoise"
"Negative Regulation Of Cell Motility (GO:2000146)","1/133",0.487719053875974,0.523485117826879,0,0,1.51270278543006,1.0861444222602,"THY1","GO_Biological_Process_2023","turquoise"
"Antigen Receptor-Mediated Signaling Pathway (GO:0050851)","1/134",0.490297600070642,0.525668681096826,0,0,1.50125313283208,1.07000724904239,"THY1","GO_Biological_Process_2023","turquoise"
"Non-Membrane-Bounded Organelle Assembly (GO:0140694)","1/135",0.492863296366116,0.527703553107592,0,0,1.48997437057139,1.05419178131578,"DYNC1H1","GO_Biological_Process_2023","turquoise"
"Proteolysis (GO:0006508)","2/330",0.493288103991879,0.527703553107592,0,0,1.21777003484321,0.860551669771124,"FBXO2;CPE","GO_Biological_Process_2023","turquoise"
"Regulation Of Gene Expression (GO:0010468)","6/1127",0.497430707417987,0.530933637063397,0,0,1.06927705126502,0.746675110223309,"PPP2R1A;PRKAR1A;TERF2IP;VPS35;ATP1B1;ACTG1","GO_Biological_Process_2023","turquoise"
"Protein Localization To Organelle (GO:0033365)","1/137",0.497956392525298,0.530933637063397,0,0,1.46791443850267,1.02349273069514,"VPS35","GO_Biological_Process_2023","turquoise"
"Negative Regulation Of Cellular Biosynthetic Process (GO:0031327)","1/137",0.497956392525298,0.530933637063397,0,0,1.46791443850267,1.02349273069514,"GAPDH","GO_Biological_Process_2023","turquoise"
"Negative Regulation Of Wnt Signaling Pathway (GO:0030178)","1/140",0.505501237241334,0.538383897657253,0,0,1.43601482450403,0.979656196045578,"DKK3","GO_Biological_Process_2023","turquoise"
"Regulation Of Cell Adhesion (GO:0030155)","1/144",0.515386675547343,0.548307850857636,0,0,1.39556403192767,0.925032639771104,"PPP2R1A","GO_Biological_Process_2023","turquoise"
"Negative Regulation Of Response To External Stimulus (GO:0032102)","1/146",0.520255772624573,0.552879071898061,0,0,1.37617554858934,0.899240881378034,"VPS35","GO_Biological_Process_2023","turquoise"
"Dephosphorylation (GO:0016311)","1/147",0.522672127159014,0.554836565753415,0,0,1.36668050366681,0.886703567337748,"PPP2R1A","GO_Biological_Process_2023","turquoise"
"Defense Response To Symbiont (GO:0140546)","1/148",0.525076432202193,0.556776985189153,0,0,1.35731464302893,0.874397623216168,"SERINC3","GO_Biological_Process_2023","turquoise"
"Skeletal System Development (GO:0001501)","1/149",0.527468747150282,0.558088510128338,0,0,1.34807534807535,0.862317510620557,"GNAS","GO_Biological_Process_2023","turquoise"
"Negative Regulation Of DNA-binding Transcription Factor Activity (GO:0043433)","1/149",0.527468747150282,0.558088510128338,0,0,1.34807534807535,0.862317510620557,"PRNP","GO_Biological_Process_2023","turquoise"
"Positive Regulation Of NF-kappaB Transcription Factor Activity (GO:0051092)","1/152",0.534574342306715,0.564987762219132,0,0,1.32109171182019,0.827379223374853,"TERF2IP","GO_Biological_Process_2023","turquoise"
"Cellular Response To Growth Factor Stimulus (GO:0071363)","1/155",0.54157414062889,0.5717602402705,0,0,1.29515938606848,0.794289267227046,"STMN2","GO_Biological_Process_2023","turquoise"
"Peptide Biosynthetic Process (GO:0043043)","1/158",0.548469701786421,0.57840800428568,0,0,1.27021810461301,0.762922512360618,"EEF1A2","GO_Biological_Process_2023","turquoise"
"Ubiquitin-Dependent Protein Catabolic Process (GO:0006511)","2/367",0.550365270449262,0.579774101694642,0,0,1.0922560805144,0.652265942059725,"UCHL1;PJA2","GO_Biological_Process_2023","turquoise"
"Membrane Organization (GO:0061024)","1/167",0.568546217907677,0.598274124726379,0,0,1.20080321285141,0.678060757672765,"HSPA8","GO_Biological_Process_2023","turquoise"
"Negative Regulation Of Programmed Cell Death (GO:0043069)","2/381",0.570772805092844,0.599963579673218,0,0,1.05115502665446,0.589449937321065,"FAIM2;VDAC1","GO_Biological_Process_2023","turquoise"
"Positive Regulation Of Cellular Process (GO:0048522)","3/594",0.573906946992501,0.602602294342126,0,0,1.01046627243707,0.561099804641665,"DYNC1H1;HSP90AB1;ACTB","GO_Biological_Process_2023","turquoise"
"Heart Development (GO:0007507)","1/171",0.577182984911913,0.605384107953212,0,0,1.17231134878194,0.644297547374328,"NDRG4","GO_Biological_Process_2023","turquoise"
"Positive Regulation Of ERK1 And ERK2 Cascade (GO:0070374)","1/179",0.593946292416423,0.622290800948226,0,0,1.11916922029282,0.583049537879414,"NDRG4","GO_Biological_Process_2023","turquoise"
"RNA Splicing, Via Transesterification Reactions With Bulged Adenosine As Nucleophile (GO:0000377)","1/180",0.595994889569521,0.62376063198717,0,0,1.11286044805598,0.57593108520923,"HSPA8","GO_Biological_Process_2023","turquoise"
"RNA Processing (GO:0006396)","1/183",0.6020794872594,0.628766253721709,0,0,1.09435009435009,0.555235815206858,"PPP2R1A","GO_Biological_Process_2023","turquoise"
"Macromolecule Biosynthetic Process (GO:0009059)","1/183",0.6020794872594,0.628766253721709,0,0,1.09435009435009,0.555235815206858,"EEF1A2","GO_Biological_Process_2023","turquoise"
"Phosphate-Containing Compound Metabolic Process (GO:0006796)","1/184",0.604087456347206,0.630181946902161,0,0,1.0883148424132,0.548550182326374,"PPA1","GO_Biological_Process_2023","turquoise"
"Cellular Response To Oxygen-Containing Compound (GO:1901701)","2/406",0.605549591898324,0.631025788321231,0,0,0.984845423317842,0.494016996124165,"SYT11;ACTB","GO_Biological_Process_2023","turquoise"
"Defense Response To Virus (GO:0051607)","1/189",0.613977814396427,0.639119147313522,0,0,1.05910165484634,0.516626063848475,"SERINC3","GO_Biological_Process_2023","turquoise"
"Modification-Dependent Protein Catabolic Process (GO:0019941)","1/192",0.619794203522166,0.644479225621542,0,0,1.04230789571104,0.498606520241977,"UBB","GO_Biological_Process_2023","turquoise"
"Organelle Organization (GO:0006996)","2/418",0.621480406996526,0.645537713073811,0,0,0.955847723704867,0.454649824189377,"KIF3A;THY1","GO_Biological_Process_2023","turquoise"
"Golgi Vesicle Transport (GO:0048193)","1/197",0.62929598455177,0.652953728331911,0,0,1.01546072974644,0.470314261452597,"NSF","GO_Biological_Process_2023","turquoise"
"Regulation Of Translation (GO:0006417)","1/202",0.638562619762378,0.661857822629246,0,0,0.989949243680587,0.44402741371685,"GAPDH","GO_Biological_Process_2023","turquoise"
"Regulation Of Cell Migration (GO:0030334)","2/434",0.641954504111114,0.664660290430156,0,0,0.919690098261527,0.407641456001602,"THY1;ACTG1","GO_Biological_Process_2023","turquoise"
"Regulation Of Canonical Wnt Signaling Pathway (GO:0060828)","1/207",0.647599871163211,0.669071096838141,0,0,0.965676179268412,0.419569165053442,"DKK3","GO_Biological_Process_2023","turquoise"
"Negative Regulation Of Cell Differentiation (GO:0045596)","1/207",0.647599871163211,0.669071096838141,0,0,0.965676179268412,0.419569165053442,"ACTB","GO_Biological_Process_2023","turquoise"
"mRNA Splicing, Via Spliceosome (GO:0000398)","1/211",0.654668298556741,0.675651256843816,0,0,0.947089947089947,0.401212480953937,"HSPA8","GO_Biological_Process_2023","turquoise"
"mRNA Processing (GO:0006397)","1/214",0.659877336669453,0.680300434602659,0,0,0.93360838431261,0.388102232835037,"HSPA8","GO_Biological_Process_2023","turquoise"
"Regulation Of Nucleic Acid-Templated Transcription (GO:1903506)","2/452",0.663948543333866,0.68376790283637,0,0,0.882086167800454,0.361258943520906,"PPP2R1A;TERF2IP","GO_Biological_Process_2023","turquoise"
"Cellular Response To Lipid (GO:0071396)","1/228",0.683175898430978,0.70207225306843,0,0,0.875406042806924,0.333532253769872,"HSPA8","GO_Biological_Process_2023","turquoise"
"Cilium Organization (GO:0044782)","1/228",0.683175898430978,0.70207225306843,0,0,0.875406042806924,0.333532253769872,"KIF3A","GO_Biological_Process_2023","turquoise"
"Negative Regulation Of Multicellular Organismal Process (GO:0051241)","1/231",0.687959009576293,0.70548662765467,0,0,0.863855950812473,0.323104604801154,"SYT11","GO_Biological_Process_2023","turquoise"
"Positive Regulation Of Phosphorylation (GO:0042327)","1/231",0.687959009576293,0.70548662765467,0,0,0.863855950812473,0.323104604801154,"HSP90AA1","GO_Biological_Process_2023","turquoise"
"Positive Regulation Of GTPase Activity (GO:0043547)","1/234",0.692670620678898,0.70881336819472,0,0,0.852603286079681,0.313076512912352,"THY1","GO_Biological_Process_2023","turquoise"
"Translation (GO:0006412)","1/234",0.692670620678898,0.70881336819472,0,0,0.852603286079681,0.313076512912352,"EEF1A2","GO_Biological_Process_2023","turquoise"
"Protein Modification Process (GO:0036211)","3/711",0.694981085527683,0.710425109650521,0,0,0.838371483487681,0.305058775678831,"PPP2R1A;FBXO2;CPE","GO_Biological_Process_2023","turquoise"
"Inflammatory Response (GO:0006954)","1/236",0.695772495721961,0.710482273644201,0,0,0.845261121856867,0.306603718804295,"PJA2","GO_Biological_Process_2023","turquoise"
"Regulation Of Inflammatory Response (GO:0050727)","1/240",0.701883560113874,0.715965701235483,0,0,0.830945437639998,0.294144512073152,"VPS35","GO_Biological_Process_2023","turquoise"
"Cilium Assembly (GO:0060271)","1/243",0.706386958483719,0.71979936908784,0,0,0.820519242006845,0.285205999695782,"KIF3A","GO_Biological_Process_2023","turquoise"
"Regulation Of ERK1 And ERK2 Cascade (GO:0070372)","1/244",0.707873072911603,0.720553623216659,0,0,0.817101051668953,0.282300632023774,"NDRG4","GO_Biological_Process_2023","turquoise"
"Positive Regulation Of Signal Transduction (GO:0009967)","1/266",0.738747316125365,0.751189376186424,0,0,0.748427672955975,0.226623407850818,"VPS35","GO_Biological_Process_2023","turquoise"
"Positive Regulation Of Cell Migration (GO:0030335)","1/272",0.746591527340346,0.758367418938774,0,0,0.731633679973163,0.213810476284462,"RTN4","GO_Biological_Process_2023","turquoise"
"Plasma Membrane Bounded Cell Projection Assembly (GO:0120031)","1/275",0.750425733287746,0.761461405836095,0,0,0.723512497235125,0.207730993364859,"KIF3A","GO_Biological_Process_2023","turquoise"
"DNA Metabolic Process (GO:0006259)","1/288",0.766387690368496,0.776842086984226,0,0,0.690282617111885,0.183661503836082,"TERF2IP","GO_Biological_Process_2023","turquoise"
"Gene Expression (GO:0010467)","1/296",0.775703629009535,0.785460907361857,0,0,0.671289162814587,0.170497212295587,"EEF1A2","GO_Biological_Process_2023","turquoise"
"Regulation Of Intracellular Signal Transduction (GO:1902531)","1/297",0.776841950372789,0.785789868125774,0,0,0.668987168987169,0.168931542358078,"PJA2","GO_Biological_Process_2023","turquoise"
"Organelle Assembly (GO:0070925)","1/322",0.803513022023935,0.811917969953056,0,0,0.616098681519242,0.13477891033833,"KIF3A","GO_Biological_Process_2023","turquoise"
"Negative Regulation Of Cell Population Proliferation (GO:0008285)","1/379",0.853095628148946,0.861118471046899,0,0,0.521671743893966,0.0828851002051982,"NDRG4","GO_Biological_Process_2023","turquoise"
"DNA Damage Response (GO:0006974)","1/384",0.856801543526548,0.863353942073631,0,0,0.514729540839201,0.0795509143679763,"MOAP1","GO_Biological_Process_2023","turquoise"
"Regulation Of DNA-templated Transcription (GO:0006355)","7/1922",0.85709775408759,0.863353942073631,0,0,0.706898003874337,0.109006005980816,"HSPA8;PPP2R1A;PRKAR1A;TERF2IP;ENO1;ACTB;DKK3","GO_Biological_Process_2023","turquoise"
"Negative Regulation Of DNA-templated Transcription (GO:0045892)","3/1025",0.892400455531302,0.897977958378373,0,0,0.571287348437468,0.0650355265414706,"HSPA8;ENO1;DKK3","GO_Biological_Process_2023","turquoise"
"Positive Regulation Of Cell Population Proliferation (GO:0008284)","1/483",0.913772625636864,0.918526905687003,0,0,0.406932394484262,0.0366945210923637,"ACTB","GO_Biological_Process_2023","turquoise"
"Negative Regulation Of Transcription By RNA Polymerase II (GO:0000122)","1/763",0.979746442272667,0.983113784002421,0,0,0.253691773376813,0.00519090741423314,"ENO1","GO_Biological_Process_2023","turquoise"
"Regulation Of Cell Population Proliferation (GO:0042127)","1/766",0.980060635604898,0.983113784002421,0,0,0.252657291872978,0.00508872912159621,"ACTB","GO_Biological_Process_2023","turquoise"
"Positive Regulation Of DNA-templated Transcription (GO:0045893)","2/1243",0.987679591019632,0.98972871880183,0,0,0.306846026081666,0.0038039500619099,"BEX1;ACTB","GO_Biological_Process_2023","turquoise"
"Positive Regulation Of Transcription By RNA Polymerase II (GO:0045944)","1/938",0.991896648771657,0.99292452094655,0,0,0.204424177743281,0.00166326907709515,"BEX1","GO_Biological_Process_2023","turquoise"
"Regulation Of Transcription By RNA Polymerase II (GO:0006357)","4/2028",0.99310317588521,0.99310317588521,0,0,0.368000658761528,0.00254682846178867,"BEX1;PRKAR1A;ENO1;ACTB","GO_Biological_Process_2023","turquoise"
"Parkinson disease","18/249",3.44333020522453e-16,5.64706153656822e-14,0,0,18.6908457396262,665.486112185189,"TUBB;KLC1;TUBB4B;TUBB4A;TUBA4A;SLC6A3;UCHL1;TUBA1B;ATP5F1A;TUBA1A;TUBB2A;ATP5F1B;UBB;GNAS;VDAC1;CALM3;CALM1;SLC18A2","KEGG_2021_Human","turquoise"
"Phagosome","15/152",1.17406203765187e-15,9.6273087087453e-14,0,0,25.4568484328038,875.163346396778,"ATP6V1A;DYNC1H1;ATP6V0B;TUBB;TUBB4B;TUBB4A;ACTB;TUBA4A;ACTG1;TUBA1B;TUBA1A;TUBB2A;CANX;ATP6V1B2;ATP6V1E1","KEGG_2021_Human","turquoise"
"Pathways of neurodegeneration","21/475",1.80345101038697e-14,9.85886552344877e-13,0,0,11.3858807784531,360.323153595132,"PRNP;TUBB;KLC1;TUBB4B;TUBB4A;TUBA4A;SLC6A3;SOD1;UCHL1;TUBA1B;ATP5F1A;TUBA1A;TUBB2A;ATP5F1B;UBB;NEFL;VDAC1;CALM3;NEFM;CALM1;NEFH","KEGG_2021_Human","turquoise"
"Amyotrophic lateral sclerosis","17/364",3.06323021124375e-12,1.25592438660994e-10,0,0,11.541300649283,305.977782295036,"TUBB;KLC1;TUBB4B;TUBB4A;ACTB;TUBA4A;ACTG1;SOD1;TUBA1B;ATP5F1A;TUBA1A;TUBB2A;ATP5F1B;NEFL;VDAC1;NEFM;NEFH","KEGG_2021_Human","turquoise"
"Synaptic vesicle cycle","10/78",5.85098057783954e-12,1.91912162953137e-10,0,0,32.4052287581699,838.142182649014,"NSF;ATP6V1A;SNAP25;ATP6V0B;STXBP1;CLTC;ATP6V1B2;ATP6V1E1;SLC6A3;SLC18A2","KEGG_2021_Human","turquoise"
"Salmonella infection","14/249",2.5455435999843e-11,6.95781917329042e-10,0,0,13.62246412667,332.307640454481,"DYNC1H1;HSP90AA1;HSP90AB1;TUBB;KLC1;TUBB4B;TUBB4A;ACTB;TUBA4A;ACTG1;TUBA1B;TUBA1A;TUBB2A;GAPDH","KEGG_2021_Human","turquoise"
"Alzheimer disease","16/369",4.29491734935564e-11,1.00623777899189e-09,0,0,10.5474167003912,251.777423197975,"RTN3;TUBB;KLC1;TUBB4B;TUBB4A;TUBA4A;RTN4;TUBA1B;ATP5F1A;TUBA1A;TUBB2A;ATP5F1B;VDAC1;CALM3;CALM1;GAPDH","KEGG_2021_Human","turquoise"
"Prion disease","14/273",8.65966375044202e-11,1.77523106884061e-09,0,0,12.3450659962288,286.032217909388,"HSPA8;PRNP;TUBB;KLC1;TUBB4B;TUBB4A;TUBA4A;SOD1;TUBA1B;ATP5F1A;TUBA1A;TUBB2A;ATP5F1B;VDAC1","KEGG_2021_Human","turquoise"
"Huntington disease","13/306",4.21726057083002e-09,7.68478592906803e-08,0,0,9.99925463889216,192.826427131931,"TUBB;CLTC;KLC1;TUBB4B;TUBB4A;TUBA4A;SOD1;TUBA1B;ATP5F1A;TUBA1A;TUBB2A;ATP5F1B;VDAC1","KEGG_2021_Human","turquoise"
"Vibrio cholerae infection","7/50",5.28801869278834e-09,8.67235065617288e-08,0,0,34.7584396099025,662.420162016135,"ATP6V1A;ATP6V0B;ATP6V1B2;GNAS;ATP6V1E1;ACTB;ACTG1","KEGG_2021_Human","turquoise"
"Gap junction","8/88",1.3590129609675e-08,2.02616477816972e-07,0,0,21.5434782608696,390.236886370605,"TUBA1B;TUBA1A;TUBB2A;TUBB;GNAS;TUBB4B;TUBB4A;TUBA4A","KEGG_2021_Human","turquoise"
"Glycolysis / Gluconeogenesis","7/67",4.29612224856582e-08,5.87136707303995e-07,0,0,24.8888888888889,422.189424054984,"LDHB;LDHA;PKM;PGAM1;ENO1;ENO2;GAPDH","KEGG_2021_Human","turquoise"
"Pathogenic Escherichia coli infection","10/197",5.48719796023146e-08,6.92231127290738e-07,0,0,11.7130124777184,195.821223224122,"TUBA1B;TUBA1A;TUBB2A;TUBB;TUBB4B;GAPDH;TUBB4A;ACTB;TUBA4A;ACTG1","KEGG_2021_Human","turquoise"
"Glucagon signaling pathway","7/107",1.09464168346166e-06,1.28229454348365e-05,0,0,14.9032258064516,204.548018284474,"LDHB;LDHA;PKM;PGAM1;GNAS;CALM3;CALM1","KEGG_2021_Human","turquoise"
"Gastric acid secretion","6/76",2.21232864587357e-06,2.41881265282177e-05,0,0,18.0820668693009,235.454999261592,"GNAS;CALM3;ATP1B1;CALM1;ACTB;ACTG1","KEGG_2021_Human","turquoise"
"Dopaminergic synapse","7/132",4.46896894427512e-06,4.53229009158542e-05,0,0,11.9075268817204,146.681117547252,"CALY;PPP2R1A;GNAS;CALM3;CALM1;SLC6A3;SLC18A2","KEGG_2021_Human","turquoise"
"Oxidative phosphorylation","7/133",4.69810558274099e-06,4.53229009158542e-05,0,0,11.8124253285544,144.918982430899,"ATP6V1A;ATP6V0B;ATP5F1A;ATP5F1B;PPA1;ATP6V1B2;ATP6V1E1","KEGG_2021_Human","turquoise"
"Amphetamine addiction","5/69",2.46401341307612e-05,0.000224498999858046,0,0,16.3125,173.094122978528,"GNAS;CALM3;CALM1;SLC6A3;SLC18A2","KEGG_2021_Human","turquoise"
"Estrogen signaling pathway","6/137",6.50841903218112e-05,0.000561779326988265,0,0,9.63245086892967,92.8551781720776,"HSPA8;HSP90AA1;HSP90AB1;GNAS;CALM3;CALM1","KEGG_2021_Human","turquoise"
"Fluid shear stress and atherosclerosis","6/139",7.05436726691599e-05,0.000578458115887111,0,0,9.48664213725804,90.6854548787715,"HSP90AA1;HSP90AB1;CALM3;CALM1;ACTB;ACTG1","KEGG_2021_Human","turquoise"
"Pyruvate metabolism","4/47",8.8972206754983e-05,0.000694830567038915,0,0,19.2412790697674,179.46699877969,"LDHB;LDHA;PKM;MDH1","KEGG_2021_Human","turquoise"
"Tight junction","6/169",0.000206049540677144,0.00153600566686599,0,0,7.72888656833312,65.5981049408093,"TUBA1B;TUBA1A;PPP2R1A;ACTB;TUBA4A;ACTG1","KEGG_2021_Human","turquoise"
"HIF-1 signaling pathway","5/109",0.000218780856966239,0.00156000263228101,0,0,10.0182186234818,84.4279361785275,"LDHB;LDHA;ENO1;ENO2;GAPDH","KEGG_2021_Human","turquoise"
"Collecting duct acid secretion","3/27",0.000325124352919345,0.00222168307828219,0,0,25.6134020618557,205.708988323138,"ATP6V1A;ATP6V1B2;ATP6V1E1","KEGG_2021_Human","turquoise"
"Central carbon metabolism in cancer","4/70",0.000418878457303702,0.00264215642299258,0,0,12.5214646464646,97.3910724894486,"LDHB;LDHA;PKM;PGAM1","KEGG_2021_Human","turquoise"
"Epithelial cell signaling in Helicobacter pylori infection","4/70",0.000418878457303702,0.00264215642299258,0,0,12.5214646464646,97.3910724894486,"ATP6V1A;ATP6V0B;ATP6V1B2;ATP6V1E1","KEGG_2021_Human","turquoise"
"Oocyte meiosis","5/129",0.000476442969144215,0.00289394988665375,0,0,8.39388794567063,64.2062131469312,"PPP2R1A;YWHAB;CALM3;CALM1;YWHAG","KEGG_2021_Human","turquoise"
"Antigen processing and presentation","4/78",0.000632069499906534,0.00370212135659541,0,0,11.1632882882883,82.2344882230014,"HSPA8;HSP90AA1;HSP90AB1;CANX","KEGG_2021_Human","turquoise"
"Apoptosis","5/142",0.000737034689114077,0.0041680582418865,0,0,7.59239339223972,54.7629890360232,"TUBA1B;TUBA1A;ACTB;TUBA4A;ACTG1","KEGG_2021_Human","turquoise"
"Adrenergic signaling in cardiomyocytes","5/150",0.000943057893910248,0.00515538315337602,0,0,7.17059891107078,49.9531375212897,"PPP2R1A;GNAS;CALM3;ATP1B1;CALM1","KEGG_2021_Human","turquoise"
"Oxytocin signaling pathway","5/154",0.00106081991515856,0.00561207955116144,0,0,6.97668668315083,47.7813259349216,"GNAS;CALM3;CALM1;ACTB;ACTG1","KEGG_2021_Human","turquoise"
"Salivary secretion","4/93",0.00122193577671577,0.00607265052670868,0,0,9.2748127340824,62.2091274454542,"GNAS;CALM3;ATP1B1;CALM1","KEGG_2021_Human","turquoise"
"Rheumatoid arthritis","4/93",0.00122193577671577,0.00607265052670868,0,0,9.2748127340824,62.2091274454542,"ATP6V1A;ATP6V0B;ATP6V1B2;ATP6V1E1","KEGG_2021_Human","turquoise"
"Hippo signaling pathway","5/163",0.00136535948691573,0.00630606660339145,0,0,6.57628247834777,43.3793788845622,"PPP2R1A;YWHAB;ACTB;YWHAG;ACTG1","KEGG_2021_Human","turquoise"
"Human papillomavirus infection","7/331",0.00137165803971956,0.00630606660339145,0,0,4.54772335059073,29.9773872846916,"ATP6V1A;ATP6V0B;PKM;PPP2R1A;GNAS;ATP6V1B2;ATP6V1E1","KEGG_2021_Human","turquoise"
"Vasopressin-regulated water reabsorption","3/44",0.00138425852269568,0.00630606660339145,0,0,14.9803872265527,98.6097568216037,"NSF;DYNC1H1;GNAS","KEGG_2021_Human","turquoise"
"Aldosterone synthesis and secretion","4/98",0.00148329347522836,0.00657459810641758,0,0,8.77925531914894,57.1835947353171,"GNAS;CALM3;ATP1B1;CALM1","KEGG_2021_Human","turquoise"
"Protein processing in endoplasmic reticulum","5/171",0.00168637773102487,0.00727805126021259,0,0,6.2568167406468,39.9508535939048,"HSPA8;HSP90AA1;HSP90AB1;FBXO2;CANX","KEGG_2021_Human","turquoise"
"Cocaine addiction","3/49",0.00189120911437294,0.00795277678864519,0,0,13.3487225459435,83.703684141881,"GNAS;SLC6A3;SLC18A2","KEGG_2021_Human","turquoise"
"Cysteine and methionine metabolism","3/50",0.00200467613787586,0.00821917216529101,0,0,13.0640491335819,81.1574365484459,"LDHB;LDHA;MDH1","KEGG_2021_Human","turquoise"
"Endocrine and other factor-regulated calcium reabsorption","3/53",0.00237020480089914,0.00948081920359658,0,0,12.2783505154639,74.219914290735,"CLTC;GNAS;ATP1B1","KEGG_2021_Human","turquoise"
"Alcoholism","5/186",0.00243299780421939,0.00950027714028522,0,0,5.73393428322187,34.5104353037335,"GNAS;CALM3;CALM1;SLC6A3;SLC18A2","KEGG_2021_Human","turquoise"
"Rap1 signaling pathway","5/210",0.00408967740913205,0.0155978394208757,0,0,5.05648267008986,27.8070604623259,"GNAS;CALM3;CALM1;ACTB;ACTG1","KEGG_2021_Human","turquoise"
"Lipid and atherosclerosis","5/215",0.00451654780481118,0.0168344054542962,0,0,4.93483709273183,26.6481565073989,"HSPA8;HSP90AA1;HSP90AB1;CALM3;CALM1","KEGG_2021_Human","turquoise"
"Renin secretion","3/69",0.00500440096029744,0.0182382612775285,0,0,9.29428303655108,49.2358840662501,"GNAS;CALM3;CALM1","KEGG_2021_Human","turquoise"
"Proximal tubule bicarbonate reclamation","2/23",0.00584761959206228,0.0208480350673525,0,0,19.3187560738581,99.3316462237063,"MDH1;ATP1B1","KEGG_2021_Human","turquoise"
"Thermogenesis","5/232",0.0062058463325811,0.0215664676927383,0,0,4.5613262230466,23.1818616580654,"ATP5F1A;ATP5F1B;GNAS;ACTB;ACTG1","KEGG_2021_Human","turquoise"
"Thyroid hormone synthesis","3/75",0.00631213688567951,0.0215664676927383,0,0,8.51718213058419,43.1419208970586,"CANX;GNAS;ATP1B1","KEGG_2021_Human","turquoise"
"Bacterial invasion of epithelial cells","3/77",0.0067890554235684,0.0227225528462289,0,0,8.28615213151296,41.3681460172482,"CLTC;ACTB;ACTG1","KEGG_2021_Human","turquoise"
"Phototransduction","2/28",0.00859620747114401,0.0281955605053524,0,0,15.5996860282575,74.1988795836398,"CALM3;CALM1","KEGG_2021_Human","turquoise"
"Insulin secretion","3/86",0.00919670427931818,0.0295737157217291,0,0,7.38430008694572,34.6243191824314,"SNAP25;GNAS;ATP1B1","KEGG_2021_Human","turquoise"
"cGMP-PKG signaling pathway","4/167",0.00988548635289574,0.0311773031129789,0,0,5.04524539877301,23.2923219848272,"VDAC1;CALM3;ATP1B1;CALM1","KEGG_2021_Human","turquoise"
"GnRH signaling pathway","3/93",0.0113729262286274,0.0351916962546207,0,0,6.80756013745704,30.4741766581,"GNAS;CALM3;CALM1","KEGG_2021_Human","turquoise"
"Dilated cardiomyopathy","3/96",0.0123887403730049,0.0373057438009113,0,0,6.58696375124709,28.9231421305268,"GNAS;ACTB;ACTG1","KEGG_2021_Human","turquoise"
"Propanoate metabolism","2/34",0.0125124802245356,0.0373057438009113,0,0,12.6709183673469,55.5116572102178,"LDHB;LDHA","KEGG_2021_Human","turquoise"
"Circadian entrainment","3/97",0.0127385466637258,0.0373057438009113,0,0,6.51656064926519,28.4325537727779,"GNAS;CALM3;CALM1","KEGG_2021_Human","turquoise"
"Inflammatory mediator regulation of TRP channels","3/98",0.0130939766052085,0.0376738976009509,0,0,6.44763971785133,27.954405817651,"GNAS;CALM3;CALM1","KEGG_2021_Human","turquoise"
"Melanogenesis","3/101",0.0141941327321631,0.0401351339323232,0,0,6.24931622133389,26.590381744701,"GNAS;CALM3;CALM1","KEGG_2021_Human","turquoise"
"Diabetic cardiomyopathy","4/203",0.0189765687901939,0.0527484285015559,0,0,4.125,16.3537699150151,"ATP5F1A;ATP5F1B;VDAC1;GAPDH","KEGG_2021_Human","turquoise"
"Leukocyte transendothelial migration","3/114",0.0195542061325189,0.0534481634288849,0,0,5.51379214265812,21.6943728553258,"THY1;ACTB;ACTG1","KEGG_2021_Human","turquoise"
"Thyroid hormone signaling pathway","3/121",0.0228427106038633,0.0613995642665472,0,0,5.18486807618382,19.5942553564973,"ATP1B1;ACTB;ACTG1","KEGG_2021_Human","turquoise"
"cAMP signaling pathway","4/216",0.0232120303934508,0.0613995642665472,0,0,3.86949685534591,14.5612439613615,"GNAS;CALM3;ATP1B1;CALM1","KEGG_2021_Human","turquoise"
"Platelet activation","3/124",0.0243385983169026,0.063357621015429,0,0,5.05555082218625,18.7848686370022,"GNAS;ACTB;ACTG1","KEGG_2021_Human","turquoise"
"Lysosome","3/128",0.0264138379001086,0.0676854596190284,0,0,4.89278350515464,17.7797257078047,"ATP6V0B;PSAP;CLTC","KEGG_2021_Human","turquoise"
"Vascular smooth muscle contraction","3/133",0.0291373737153464,0.0735158352202585,0,0,4.70340999206979,16.6300047845661,"GNAS;CALM3;CALM1","KEGG_2021_Human","turquoise"
"Insulin signaling pathway","3/137",0.0314194441411022,0.0780725581687994,0,0,4.56208647484228,15.7863171072755,"PRKAR1A;CALM3;CALM1","KEGG_2021_Human","turquoise"
"Calcium signaling pathway","4/240",0.0324409620221396,0.0784146051332913,0,0,3.47175141242938,11.9023213054845,"GNAS;VDAC1;CALM3;CALM1","KEGG_2021_Human","turquoise"
"PI3K-Akt signaling pathway","5/354",0.0325133728601452,0.0784146051332913,0,0,2.94842406876791,10.1016069109064,"HSP90AA1;HSP90AB1;PPP2R1A;YWHAB;YWHAG","KEGG_2021_Human","turquoise"
"Legionellosis","2/57",0.0330569224942901,0.0785700766530953,0,0,7.36363636363636,25.1064969666325,"HSPA8;EEF1A2","KEGG_2021_Human","turquoise"
"Shigellosis","4/246",0.0350399519708803,0.0820936017603482,0,0,3.38464187327824,11.3428365304725,"UBB;VDAC1;ACTB;ACTG1","KEGG_2021_Human","turquoise"
"Viral myocarditis","2/60",0.0363103684614095,0.0827069503843217,0,0,6.981703026038,23.1488972243337,"ACTB;ACTG1","KEGG_2021_Human","turquoise"
"Long-term depression","2/60",0.0363103684614095,0.0827069503843217,0,0,6.981703026038,23.1488972243337,"PPP2R1A;GNAS","KEGG_2021_Human","turquoise"
"mTOR signaling pathway","3/154",0.0421306259009563,0.0946496253117376,0,0,4.04499214856285,12.8104106369815,"ATP6V1A;ATP6V1B2;ATP6V1E1","KEGG_2021_Human","turquoise"
"Cellular senescence","3/156",0.0434970843589143,0.0957107801692888,0,0,3.99171214877704,12.5142625552587,"VDAC1;CALM3;CALM1","KEGG_2021_Human","turquoise"
"Hepatitis C","3/157",0.0441885885751987,0.0957107801692888,0,0,3.96559110992101,12.3698235390424,"PPP2R1A;YWHAB;YWHAG","KEGG_2021_Human","turquoise"
"Long-term potentiation","2/67",0.0443537761760119,0.0957107801692888,0,0,6.2276295133438,19.4025373950964,"CALM3;CALM1","KEGG_2021_Human","turquoise"
"Necroptosis","3/159",0.0455880793261004,0.0970966884348112,0,0,3.91435368754956,12.0879509101259,"HSP90AA1;HSP90AB1;VDAC1","KEGG_2021_Human","turquoise"
"Adherens junction","2/71",0.0492185490137595,0.103485154336623,0,0,5.86542443064182,17.6636360143545,"ACTB;ACTG1","KEGG_2021_Human","turquoise"
"Glioma","2/75",0.0542668897312266,0.11248495041624,0,0,5.54291305563321,16.1511673406941,"CALM3;CALM1","KEGG_2021_Human","turquoise"
"Influenza A","3/172",0.0552127694919147,0.11248495041624,0,0,3.61087049350332,10.4591067236381,"VDAC1;ACTB;ACTG1","KEGG_2021_Human","turquoise"
"Pertussis","2/76",0.0555565913641186,0.11248495041624,0,0,5.46773303916161,15.8036792136142,"CALM3;CALM1","KEGG_2021_Human","turquoise"
"Arrhythmogenic right ventricular cardiomyopathy","2/77",0.0568570608364097,0.113714121672819,0,0,5.39455782312925,15.4673563823572,"ACTB;ACTG1","KEGG_2021_Human","turquoise"
"RNA degradation","2/79",0.0594897545967717,0.117546021130971,0,0,5.25390935595017,14.8262756693766,"ENO1;ENO2","KEGG_2021_Human","turquoise"
"Tuberculosis","3/180",0.0615800766393562,0.120227768676838,0,0,3.44626943910536,9.60618964872885,"ATP6V0B;CALM3;CALM1","KEGG_2021_Human","turquoise"
"NOD-like receptor signaling pathway","3/181",0.0623992161372964,0.120393781723725,0,0,3.42673462295842,9.50645598260032,"HSP90AA1;HSP90AB1;VDAC1","KEGG_2021_Human","turquoise"
"Neutrophil extracellular trap formation","3/189",0.0691342274417198,0.131837363958628,0,0,3.27801795809777,8.75789807945467,"VDAC1;ACTB;ACTG1","KEGG_2021_Human","turquoise"
"Kaposi sarcoma-associated herpesvirus infection","3/193",0.0726209025072876,0.136894574841324,0,0,3.20835594139989,8.41392142994221,"UBB;CALM3;CALM1","KEGG_2021_Human","turquoise"
"Bile secretion","2/90",0.0746819496854828,0.13761617694853,0,0,4.59461966604824,11.9208181587653,"GNAS;ATP1B1","KEGG_2021_Human","turquoise"
"Hypertrophic cardiomyopathy","2/90",0.0746819496854828,0.13761617694853,0,0,4.59461966604824,11.9208181587653,"ACTB;ACTG1","KEGG_2021_Human","turquoise"
"IL-17 signaling pathway","2/94",0.0804834345723508,0.146658702998506,0,0,4.39396628216504,11.0714939664066,"HSP90AA1;HSP90AB1","KEGG_2021_Human","turquoise"
"Viral carcinogenesis","3/203",0.0816743571184012,0.147193346894701,0,0,3.04639175257732,7.63125762325125,"PKM;YWHAB;YWHAG","KEGG_2021_Human","turquoise"
"Phosphatidylinositol signaling system","2/97",0.0849237360045433,0.149757986072528,0,0,4.25456498388829,10.491764264828,"CALM3;CALM1","KEGG_2021_Human","turquoise"
"Prostate cancer","2/97",0.0849237360045433,0.149757986072528,0,0,4.25456498388829,10.491764264828,"HSP90AA1;HSP90AB1","KEGG_2021_Human","turquoise"
"Progesterone-mediated oocyte maturation","2/100",0.0894369333512962,0.156038904995878,0,0,4.12369845897543,9.95552171579456,"HSP90AA1;HSP90AB1","KEGG_2021_Human","turquoise"
"Chagas disease","2/102",0.0924846891098034,0.156365866123791,0,0,4.04081632653061,9.62002061056518,"PPP2R1A;GNAS","KEGG_2021_Human","turquoise"
"Longevity regulating pathway","2/102",0.0924846891098034,0.156365866123791,0,0,4.04081632653061,9.62002061056518,"HSPA8;SOD1","KEGG_2021_Human","turquoise"
"Pancreatic secretion","2/102",0.0924846891098034,0.156365866123791,0,0,4.04081632653061,9.62002061056518,"GNAS;ATP1B1","KEGG_2021_Human","turquoise"
"C-type lectin receptor signaling pathway","2/104",0.0955625544444408,0.159921009478452,0,0,3.96118447378952,9.30075904717404,"CALM3;CALM1","KEGG_2021_Human","turquoise"
"Th17 cell differentiation","2/107",0.10023386700467,0.166043981704707,0,0,3.84742468415938,8.85003537243058,"HSP90AA1;HSP90AB1","KEGG_2021_Human","turquoise"
"Human cytomegalovirus infection","3/225",0.103190270060158,0.169232042898659,0,0,2.74143215380329,6.22628783300974,"GNAS;CALM3;CALM1","KEGG_2021_Human","turquoise"
"Protein export","1/23",0.108947297836033,0.176480162568818,0,0,9.1267217630854,20.2329475165344,"SRP14","KEGG_2021_Human","turquoise"
"Serotonergic synapse","2/113",0.109762052329387,0.176480162568818,0,0,3.63835263835264,8.03872336990412,"GNAS;SLC18A2","KEGG_2021_Human","turquoise"
"Chemical carcinogenesis","3/239",0.117934535861387,0.18777926098318,0,0,2.57697012056614,5.50859727258369,"HSP90AA1;HSP90AB1;GNAS","KEGG_2021_Human","turquoise"
"Neurotrophin signaling pathway","2/119",0.119518877292295,0.188472075730158,0,0,3.45072387929531,7.33030700433838,"CALM3;CALM1","KEGG_2021_Human","turquoise"
"Pathways in cancer","5/531",0.127312915849141,0.197741646877656,0,0,1.93856313788273,3.99558667112627,"HSP90AA1;HSP90AB1;GNAS;CALM3;CALM1","KEGG_2021_Human","turquoise"
"Cell cycle","2/124",0.127808625420924,0.197741646877656,0,0,3.3084643693543,6.80624319809133,"YWHAB;YWHAG","KEGG_2021_Human","turquoise"
"Endocytosis","3/252",0.132287323844681,0.202758141219885,0,0,2.44081480561421,4.93722899556867,"HSPA8;CLTC;VPS35","KEGG_2021_Human","turquoise"
"Citrate cycle (TCA cycle)","1/30",0.139709563918842,0.210205215437524,0,0,6.92128178335075,13.6223945108193,"MDH1","KEGG_2021_Human","turquoise"
"Glyoxylate and dicarboxylate metabolism","1/30",0.139709563918842,0.210205215437524,0,0,6.92128178335075,13.6223945108193,"MDH1","KEGG_2021_Human","turquoise"
"Apelin signaling pathway","2/137",0.149950708084332,0.2215487939264,0,0,2.98790627362056,5.66939873017379,"CALM3;CALM1","KEGG_2021_Human","turquoise"
"Yersinia infection","2/137",0.149950708084332,0.2215487939264,0,0,2.98790627362056,5.66939873017379,"ACTB;ACTG1","KEGG_2021_Human","turquoise"
"Ubiquitin mediated proteolysis","2/140",0.155166268510966,0.227207750319628,0,0,2.92250813368826,5.44538676806967,"UBB;FBXO2","KEGG_2021_Human","turquoise"
"Starch and sucrose metabolism","1/36",0.165238740567014,0.2398155172831,0,0,5.73304473304473,10.3215669941692,"PGM2L1","KEGG_2021_Human","turquoise"
"Aldosterone-regulated sodium reabsorption","1/37",0.169420067180126,0.243727114188953,0,0,5.57351290684624,9.89507014564132,"ATP1B1","KEGG_2021_Human","turquoise"
"Glycine, serine and threonine metabolism","1/40",0.181840038445641,0.25931970700074,0,0,5.14400414400414,8.76861291991989,"PGAM1","KEGG_2021_Human","turquoise"
"Ferroptosis","1/41",0.185939030336605,0.262879318751752,0,0,5.01515151515152,8.43717221072756,"PRNP","KEGG_2021_Human","turquoise"
"Type I diabetes mellitus","1/43",0.19407611900782,0.272038320660534,0,0,4.77585377585378,7.83003533696715,"CPE","KEGG_2021_Human","turquoise"
"Hepatocellular carcinoma","2/168",0.20524959092647,0.284079703519599,0,0,2.42611261372019,3.84181852553833,"ACTB;ACTG1","KEGG_2021_Human","turquoise"
"Type II diabetes mellitus","1/46",0.206131004383124,0.284079703519599,0,0,4.45679012345679,7.03835624820852,"PKM","KEGG_2021_Human","turquoise"
"Carbohydrate digestion and absorption","1/47",0.210109494168341,0.287149642030066,0,0,4.3596837944664,6.80165814675797,"ATP1B1","KEGG_2021_Human","turquoise"
"Sphingolipid metabolism","1/49",0.21800735103248,0.293059062043662,0,0,4.17760942760943,6.36344537186664,"PSAP","KEGG_2021_Human","turquoise"
"Ether lipid metabolism","1/49",0.21800735103248,0.293059062043662,0,0,4.17760942760943,6.36344537186664,"PLD3","KEGG_2021_Human","turquoise"
"Arginine and proline metabolism","1/50",0.221926911560385,0.293516237870187,0,0,4.09214594928881,6.16034588762116,"CKB","KEGG_2021_Human","turquoise"
"Cholesterol metabolism","1/50",0.221926911560385,0.293516237870187,0,0,4.09214594928881,6.16034588762116,"VDAC1","KEGG_2021_Human","turquoise"
"Ovarian steroidogenesis","1/51",0.225827021656465,0.296285052413283,0,0,4.01010101010101,5.96697401593565,"GNAS","KEGG_2021_Human","turquoise"
"Regulation of lipolysis in adipocytes","1/55",0.241234861655302,0.31398823263071,0,0,3.71230826786382,5.27884403782842,"GNAS","KEGG_2021_Human","turquoise"
"Hedgehog signaling pathway","1/56",0.245039143568043,0.316428500355583,0,0,3.64462809917355,5.12557648253206,"KIF3A","KEGG_2021_Human","turquoise"
"Mineral absorption","1/60",0.260068356267662,0.333212581467942,0,0,3.39684985447697,4.57491398098809,"ATP1B1","KEGG_2021_Human","turquoise"
"Focal adhesion","2/201",0.266080599970853,0.338273010815658,0,0,2.02040816326531,2.67493152775878,"ACTB;ACTG1","KEGG_2021_Human","turquoise"
"Proteoglycans in cancer","2/205",0.273493735468433,0.345022866283253,0,0,1.9801950336785,2.5672764502121,"ACTB;ACTG1","KEGG_2021_Human","turquoise"
"Cortisol synthesis and secretion","1/65",0.278438939213788,0.348580046038636,0,0,3.13068181818182,4.00275356439037,"GNAS","KEGG_2021_Human","turquoise"
"Human immunodeficiency virus 1 infection","2/212",0.286459837788357,0.35590464694917,0,0,1.91350826044704,2.39218562177364,"CALM3;CALM1","KEGG_2021_Human","turquoise"
"Mitophagy","1/68",0.289243789255229,0.356661514570357,0,0,2.99004975124378,3.70911301693322,"UBB","KEGG_2021_Human","turquoise"
"Regulation of actin cytoskeleton","2/218",0.297557155004617,0.363721091165162,0,0,1.85978835978836,2.25434051644083,"ACTB;ACTG1","KEGG_2021_Human","turquoise"
"Human T-cell leukemia virus 1 infection","2/219",0.299404556751811,0.363721091165162,0,0,1.85112385968212,2.23238056623459,"CANX;VDAC1","KEGG_2021_Human","turquoise"
"Leishmaniasis","1/77",0.320706505558706,0.386734315526675,0,0,2.6347687400319,2.99633512170869,"EEF1A2","KEGG_2021_Human","turquoise"
"Ras signaling pathway","2/232",0.323341560498189,0.387065809647467,0,0,1.74534161490683,1.97057105906791,"CALM3;CALM1","KEGG_2021_Human","turquoise"
"Peroxisome","1/82",0.337585846063778,0.401188976481592,0,0,2.47150517520888,2.68389506560141,"SOD1","KEGG_2021_Human","turquoise"
"Cardiac muscle contraction","1/87",0.354049852499014,0.417727883524016,0,0,2.3272257458304,2.41639933353241,"ATP1B1","KEGG_2021_Human","turquoise"
"ECM-receptor interaction","1/88",0.357293708483398,0.418544058509124,0,0,2.30035992104958,2.36752381170365,"SV2A","KEGG_2021_Human","turquoise"
"GABAergic synapse","1/89",0.360521436424534,0.419329897685274,0,0,2.27410468319559,2.32005037808893,"NSF","KEGG_2021_Human","turquoise"
"Morphine addiction","1/91",0.366928825262423,0.423776953119982,0,0,2.22334455667789,2.22909720803597,"GNAS","KEGG_2021_Human","turquoise"
"TGF-beta signaling pathway","1/94",0.376420920115876,0.43169951677625,0,0,2.15129792549147,2.10191981526176,"PPP2R1A","KEGG_2021_Human","turquoise"
"mRNA surveillance pathway","1/98",0.388858196397513,0.439812029028911,0,0,2.06216807247735,1.94780133547852,"PPP2R1A","KEGG_2021_Human","turquoise"
"Glycerophospholipid metabolism","1/98",0.388858196397513,0.439812029028911,0,0,2.06216807247735,1.94780133547852,"PLD3","KEGG_2021_Human","turquoise"
"Amoebiasis","1/102",0.401049842395342,0.450494343512577,0,0,1.98009800980098,1.80915528558786,"GNAS","KEGG_2021_Human","turquoise"
"Protein digestion and absorption","1/103",0.404059939073185,0.450787959238111,0,0,1.9605862547039,1.77666767339805,"ATP1B1","KEGG_2021_Human","turquoise"
"Parathyroid hormone synthesis, secretion and action","1/106",0.413000661133786,0.457649381256357,0,0,1.9042809042809,1.68396719161278,"GNAS","KEGG_2021_Human","turquoise"
"Toxoplasmosis","1/112",0.43048561638067,0.473823094539798,0,0,1.8008008008008,1.51778940882089,"HSPA8","KEGG_2021_Human","turquoise"
"Glutamatergic synapse","1/114",0.436198565833718,0.476910431978198,0,0,1.76874944131581,1.46745661650072,"GNAS","KEGG_2021_Human","turquoise"
"Sphingolipid signaling pathway","1/119",0.450233917137087,0.485567764827774,0,0,1.69337442218798,1.35129249451638,"PPP2R1A","KEGG_2021_Human","turquoise"
"Growth hormone synthesis, secretion and action","1/119",0.450233917137087,0.485567764827774,0,0,1.69337442218798,1.35129249451638,"GNAS","KEGG_2021_Human","turquoise"
"AMPK signaling pathway","1/120",0.452999195235667,0.485567764827774,0,0,1.67905950258891,1.329588335521,"PPP2R1A","KEGG_2021_Human","turquoise"
"Purine metabolism","1/129",0.477275091201804,0.504987838432876,0,0,1.5602904040404,1.15408790031601,"PKM","KEGG_2021_Human","turquoise"
"Relaxin signaling pathway","1/129",0.477275091201804,0.504987838432876,0,0,1.5602904040404,1.15408790031601,"GNAS","KEGG_2021_Human","turquoise"
"Measles","1/139",0.502998845735877,0.528793658337717,0,0,1.44649392475479,0.993983474661611,"HSPA8","KEGG_2021_Human","turquoise"
"Spinocerebellar ataxia","1/143",0.512933812590885,0.535803473024874,0,0,1.40546308151942,0.938299046849509,"VDAC1","KEGG_2021_Human","turquoise"
"Phospholipase D signaling pathway","1/148",0.525076432202193,0.545016043551643,0,0,1.35731464302893,0.874397623216168,"GNAS","KEGG_2021_Human","turquoise"
"Spliceosome","1/150",0.529849131261317,0.546511053628025,0,0,1.33896007050369,0.850457856372934,"HSPA8","KEGG_2021_Human","turquoise"
"Cushing syndrome","1/155",0.54157414062889,0.555113494144612,0,0,1.29515938606848,0.794289267227046,"GNAS","KEGG_2021_Human","turquoise"
"Hepatitis B","1/162",0.557504289374834,0.567892568058837,0,0,1.23840893406111,0.723583865255002,"YWHAB","KEGG_2021_Human","turquoise"
"RNA transport","1/186",0.60807334897308,0.615580427355463,0,0,1.07644007644008,0.535485626960847,"EEF1A2","KEGG_2021_Human","turquoise"
"Olfactory transduction","2/440",0.649407501670515,0.653391596772788,0,0,0.906812039884447,0.391466103573486,"CALM3;CALM1","KEGG_2021_Human","turquoise"
"MAPK signaling pathway","1/294",0.773409712864383,0.773409712864383,0,0,0.675940290274761,0.173680384477407,"HSPA8","KEGG_2021_Human","turquoise"
"Regulation Of Alternative mRNA Splicing, Via Spliceosome (GO:0000381)","4/53",0.000142752355958971,0.113202618275464,0,0,16.8801020408163,149.463162098515,"RBM25;FXR2;NOVA2;CELF4","GO_Biological_Process_2023","yellow"
"Regulation Of Cardiac Muscle Cell Contraction (GO:0086004)","3/26",0.000290049387363004,0.115004582089431,0,0,26.7283729269386,217.714875120753,"ANK2;SRI;FGF13","GO_Biological_Process_2023","yellow"
"Protein Localization To Organelle (GO:0033365)","5/137",0.000626659455264981,0.116468798612389,0,0,7.88197767145136,58.130431050787,"EHD1;SEC61A1;FKBP8;RPA1;ANK2","GO_Biological_Process_2023","yellow"
"Glucan Metabolic Process (GO:0044042)","2/8",0.000679555166686154,0.116468798612389,0,0,67.6666666666667,493.565548173325,"GBE1;PYGL","GO_Biological_Process_2023","yellow"
"Negative Regulation Of Inclusion Body Assembly (GO:0090084)","2/10",0.00108503842061186,0.116468798612389,0,0,50.7448979591837,346.391771762865,"DNAJB2;DNAJB1","GO_Biological_Process_2023","yellow"
"Regulation Of Inclusion Body Assembly (GO:0090083)","2/10",0.00108503842061186,0.116468798612389,0,0,50.7448979591837,346.391771762865,"DNAJB2;DNAJB1","GO_Biological_Process_2023","yellow"
"Organic Hydroxy Compound Biosynthetic Process (GO:1901617)","3/42",0.00120859060453896,0.116468798612389,0,0,15.7501982553529,105.814563048524,"SCP2;MSMO1;HMGCR","GO_Biological_Process_2023","yellow"
"Regulation Of mRNA Splicing, Via Spliceosome (GO:0048024)","4/94",0.00127139771341329,0.116468798612389,0,0,9.1712962962963,61.1508875642086,"RBM25;FXR2;NOVA2;CELF4","GO_Biological_Process_2023","yellow"
"Regulation Of Endocytic Recycling (GO:2001135)","2/11",0.0013218400851343,0.116468798612389,0,0,45.1043083900227,298.984305122014,"EHD1;RAB11B","GO_Biological_Process_2023","yellow"
"Regulation Of Organelle Organization (GO:0033043)","4/100",0.0015979577835658,0.126718052236768,0,0,8.59548611111111,55.3465830516364,"YY1;INO80D;TOM1;MAPK1","GO_Biological_Process_2023","yellow"
"Steroid Biosynthetic Process (GO:0006694)","3/50",0.00200467613787586,0.127113485627399,0,0,13.0640491335819,81.1574365484459,"SCP2;MSMO1;HMGCR","GO_Biological_Process_2023","yellow"
"Regulation Of Cholesterol Storage (GO:0010885)","2/14",0.00216576516004231,0.127113485627399,0,0,33.8231292517007,207.504274169846,"EHD1;TTC39B","GO_Biological_Process_2023","yellow"
"Positive Regulation Of Telomere Maintenance In Response To DNA Damage (GO:1904507)","2/14",0.00216576516004231,0.127113485627399,0,0,33.8231292517007,207.504274169846,"YY1;INO80D","GO_Biological_Process_2023","yellow"
"Positive Regulation Of Telomere Maintenance (GO:0032206)","3/52",0.0022441220665619,0.127113485627399,0,0,12.5295602777193,76.423312366036,"YY1;INO80D;MAPK1","GO_Biological_Process_2023","yellow"
"Regulation Of Telomere Maintenance In Response To DNA Damage (GO:1904505)","2/15",0.00249083430520832,0.131682106935346,0,0,31.2197802197802,187.166877082159,"YY1;INO80D","GO_Biological_Process_2023","yellow"
"Regulation Of DNA Strand Elongation (GO:0060382)","2/16",0.00283741499181759,0.138052530068306,0,0,28.9883381924198,170.012598917729,"YY1;INO80D","GO_Biological_Process_2023","yellow"
"DNA Biosynthetic Process (GO:0071897)","2/17",0.00320528834894988,0.138052530068306,0,0,27.0544217687075,155.372278725068,"POLDIP2;WRNIP1","GO_Biological_Process_2023","yellow"
"Cell Junction Maintenance (GO:0034331)","2/18",0.00359423711737408,0.138052530068306,0,0,25.3622448979592,142.749455625051,"MYADM;SDF4","GO_Biological_Process_2023","yellow"
"Energy Reserve Metabolic Process (GO:0006112)","2/18",0.00359423711737408,0.138052530068306,0,0,25.3622448979592,142.749455625051,"GBE1;PYGL","GO_Biological_Process_2023","yellow"
"Telomere Organization (GO:0032200)","3/63",0.0038757213407074,0.138052530068306,0,0,10.2268041237113,56.7896834351746,"YY1;INO80D;RPA1","GO_Biological_Process_2023","yellow"
"RNA-templated DNA Biosynthetic Process (GO:0006278)","2/19",0.00400404563880334,0.138052530068306,0,0,23.8691476590636,131.768436654952,"RPA1;TELO2","GO_Biological_Process_2023","yellow"
"Telomere Maintenance Via Telomerase (GO:0007004)","2/19",0.00400404563880334,0.138052530068306,0,0,23.8691476590636,131.768436654952,"RPA1;TELO2","GO_Biological_Process_2023","yellow"
"Glycogen Metabolic Process (GO:0005977)","2/19",0.00400404563880334,0.138052530068306,0,0,23.8691476590636,131.768436654952,"GBE1;PYGL","GO_Biological_Process_2023","yellow"
"Telomere Maintenance (GO:0000723)","3/68",0.00480405471030925,0.148210508532638,0,0,9.43774781919112,50.3814818655157,"YY1;INO80D;RPA1","GO_Biological_Process_2023","yellow"
"DNA-templated DNA Replication (GO:0006261)","3/69",0.00500440096029744,0.148210508532638,0,0,9.29428303655108,49.2358840662501,"POLDIP2;RPA1;WRNIP1","GO_Biological_Process_2023","yellow"
"Regulation Of Mononuclear Cell Migration (GO:0071675)","2/22",0.00535649695773258,0.148210508532638,0,0,20.2857142857143,106.083028567318,"AKIRIN1;MAPK1","GO_Biological_Process_2023","yellow"
"Regulation Of Release Of Sequestered Calcium Ion Into Cytosol By Sarcoplasmic Reticulum (GO:0010880)","2/22",0.00535649695773258,0.148210508532638,0,0,20.2857142857143,106.083028567318,"ANK2;SRI","GO_Biological_Process_2023","yellow"
"Negative Regulation Of Axonogenesis (GO:0050771)","2/22",0.00535649695773258,0.148210508532638,0,0,20.2857142857143,106.083028567318,"RUFY3;FGF13","GO_Biological_Process_2023","yellow"
"Lipid Biosynthetic Process (GO:0008610)","3/71",0.00542005642805361,0.148210508532638,0,0,9.02001212856277,47.0632577361771,"SCP2;ELOVL4;HMGCR","GO_Biological_Process_2023","yellow"
"Protein Localization To Cell Periphery (GO:1990778)","4/142",0.0056422081079585,0.149142367653703,0,0,5.96678743961353,30.8929213296343,"EHD1;MYADM;ANK2;FGF13","GO_Biological_Process_2023","yellow"
"DNA Replication (GO:0006260)","3/73",0.00585588388772647,0.149797287837648,0,0,8.76141384388807,45.0363685681287,"POLDIP2;RPA1;WRNIP1","GO_Biological_Process_2023","yellow"
"Secondary Alcohol Biosynthetic Process (GO:1902653)","2/24",0.00635854736076345,0.157572751783919,0,0,18.4397031539889,93.2671948534304,"MSMO1;HMGCR","GO_Biological_Process_2023","yellow"
"Cholesterol Biosynthetic Process (GO:0006695)","2/25",0.00688907400282997,0.165546535886187,0,0,17.6370896184561,87.7942327571282,"MSMO1;HMGCR","GO_Biological_Process_2023","yellow"
"Telomere Maintenance Via Telomere Lengthening (GO:0010833)","2/26",0.0074389947886241,0.173503613746439,0,0,16.9013605442177,82.8338984204336,"RPA1;TELO2","GO_Biological_Process_2023","yellow"
"DNA Synthesis Involved In DNA Repair (GO:0000731)","2/27",0.00800810651058956,0.181440813225643,0,0,16.2244897959184,78.3204947866311,"POLDIP2;WRNIP1","GO_Biological_Process_2023","yellow"
"Sterol Biosynthetic Process (GO:0016126)","2/28",0.00859620747114401,0.184237635800465,0,0,15.5996860282575,74.1988795836398,"MSMO1;HMGCR","GO_Biological_Process_2023","yellow"
"Regulation Of Cardiac Muscle Cell Action Potential (GO:0098901)","2/28",0.00859620747114401,0.184237635800465,0,0,15.5996860282575,74.1988795836398,"ANK2;FGF13","GO_Biological_Process_2023","yellow"
"Membrane Organization (GO:0061024)","4/167",0.00988548635289574,0.205292465805481,0,0,5.04524539877301,23.2923219848272,"MYADM;ANK2;ATP2C1;EMD","GO_Biological_Process_2023","yellow"
"Positive Regulation Of DNA Repair (GO:0045739)","3/89",0.0100963507773187,0.205292465805481,0,0,7.1256293454807,32.7464084691722,"YY1;INO80D;BCL7B","GO_Biological_Process_2023","yellow"
"MAPK Cascade (GO:0000165)","3/98",0.0130939766052085,0.229545898116084,0,0,6.44763971785133,27.954405817651,"MAP2K4;MAPK1;FGF13","GO_Biological_Process_2023","yellow"
"Protein Methylation (GO:0006479)","2/35",0.0132279832722483,0.229545898116084,0,0,12.2863327149041,53.1435584472206,"ICMT;CARM1","GO_Biological_Process_2023","yellow"
"Regulation Of Cardiac Muscle Contraction (GO:0055117)","2/35",0.0132279832722483,0.229545898116084,0,0,12.2863327149041,53.1435584472206,"ANK2;SRI","GO_Biological_Process_2023","yellow"
"Response To UV (GO:0009411)","3/100",0.0138217578324638,0.229545898116084,0,0,6.31406100542034,27.0337233788467,"YY1;SDF4;UBE2A","GO_Biological_Process_2023","yellow"
"Endocytosis (GO:0006897)","4/189",0.014993672320653,0.229545898116084,0,0,4.44031531531532,18.6498882984146,"EHD1;TOM1;MAPK1;AMPH","GO_Biological_Process_2023","yellow"
"Protein Localization To Membrane (GO:0072657)","4/192",0.0157977826439019,0.229545898116084,0,0,4.36879432624113,18.121259458719,"EHD1;ANK2;FGF13;RAB11B","GO_Biological_Process_2023","yellow"
"Positive Regulation Of ATP-dependent Activity (GO:0032781)","2/39",0.0162624064321538,0.229545898116084,0,0,10.9558742415885,45.1261415257865,"DNAJB2;DNAJB1","GO_Biological_Process_2023","yellow"
"Positive Regulation Of Intracellular Transport (GO:0032388)","2/39",0.0162624064321538,0.229545898116084,0,0,10.9558742415885,45.1261415257865,"EHD1;RUFY3","GO_Biological_Process_2023","yellow"
"Regulation Of Cellular Response To Stress (GO:0080135)","3/107",0.0165478094013242,0.229545898116084,0,0,5.88699444885012,24.1455168472485,"YY1;DNAJB1;INO80D","GO_Biological_Process_2023","yellow"
"Regulation Of Small Molecule Metabolic Process (GO:0062012)","2/40",0.0170631829128301,0.229545898116084,0,0,10.6670247046187,43.4236674606069,"SLC2A6;TTC39B","GO_Biological_Process_2023","yellow"
"Stress-Activated MAPK Cascade (GO:0051403)","2/42",0.0187140554000923,0.229545898116084,0,0,10.1326530612245,40.3125617234172,"MAP2K4;MAPK1","GO_Biological_Process_2023","yellow"
"Regulation Of Chromosome Organization (GO:0033044)","2/43",0.0195637897091909,0.229545898116084,0,0,9.88501742160279,38.888398778374,"YY1;INO80D","GO_Biological_Process_2023","yellow"
"Response To Unfolded Protein (GO:0006986)","2/44",0.0204294838615153,0.229545898116084,0,0,9.6491739552964,37.5427757402553,"DNAJB2;DNAJB1","GO_Biological_Process_2023","yellow"
"Negative Regulation Of Heterochromatin Formation (GO:0031452)","1/5",0.0247535287182936,0.229545898116084,0,0,50.2424242424242,185.836036973753,"PHF1","GO_Biological_Process_2023","yellow"
"Negative Regulation Of Histone Acetylation (GO:0035067)","1/5",0.0247535287182936,0.229545898116084,0,0,50.2424242424242,185.836036973753,"CTBP1","GO_Biological_Process_2023","yellow"
"Regulation Of Focal Adhesion Disassembly (GO:0120182)","1/5",0.0247535287182936,0.229545898116084,0,0,50.2424242424242,185.836036973753,"MAPRE2","GO_Biological_Process_2023","yellow"
"Regulation Of Macrophage Proliferation (GO:0120040)","1/5",0.0247535287182936,0.229545898116084,0,0,50.2424242424242,185.836036973753,"MAPK1","GO_Biological_Process_2023","yellow"
"Regulation Of Monoatomic Anion Transport (GO:0044070)","1/5",0.0247535287182936,0.229545898116084,0,0,50.2424242424242,185.836036973753,"RAB11B","GO_Biological_Process_2023","yellow"
"Cerebral Cortex Cell Migration (GO:0021795)","1/5",0.0247535287182936,0.229545898116084,0,0,50.2424242424242,185.836036973753,"FGF13","GO_Biological_Process_2023","yellow"
"Regulation Of Voltage-Gated Sodium Channel Activity (GO:1905150)","1/5",0.0247535287182936,0.229545898116084,0,0,50.2424242424242,185.836036973753,"FGF13","GO_Biological_Process_2023","yellow"
"Positive Regulation Of Cholesterol Storage (GO:0010886)","1/5",0.0247535287182936,0.229545898116084,0,0,50.2424242424242,185.836036973753,"EHD1","GO_Biological_Process_2023","yellow"
"Positive Regulation Of Focal Adhesion Disassembly (GO:0120183)","1/5",0.0247535287182936,0.229545898116084,0,0,50.2424242424242,185.836036973753,"MAPRE2","GO_Biological_Process_2023","yellow"
"Telencephalon Cell Migration (GO:0022029)","1/5",0.0247535287182936,0.229545898116084,0,0,50.2424242424242,185.836036973753,"FGF13","GO_Biological_Process_2023","yellow"
"Positive Regulation Of Peroxisome Proliferator Activated Receptor Signaling Pathway (GO:0035360)","1/5",0.0247535287182936,0.229545898116084,0,0,50.2424242424242,185.836036973753,"LMO3","GO_Biological_Process_2023","yellow"
"Pronephros Development (GO:0048793)","1/5",0.0247535287182936,0.229545898116084,0,0,50.2424242424242,185.836036973753,"SEC61A1","GO_Biological_Process_2023","yellow"
"Protein Localization To Membrane Raft (GO:1903044)","1/5",0.0247535287182936,0.229545898116084,0,0,50.2424242424242,185.836036973753,"MYADM","GO_Biological_Process_2023","yellow"
"Proton-Transporting V-type ATPase Complex Assembly (GO:0070070)","1/5",0.0247535287182936,0.229545898116084,0,0,50.2424242424242,185.836036973753,"VMA21","GO_Biological_Process_2023","yellow"
"Regulation Of Mitochondrion Organization (GO:0010821)","2/50",0.0259489619459531,0.229545898116084,0,0,8.44047619047619,30.8214426622313,"INF2;FKBP8","GO_Biological_Process_2023","yellow"
"Positive Regulation Of Fat Cell Differentiation (GO:0045600)","2/50",0.0259489619459531,0.229545898116084,0,0,8.44047619047619,30.8214426622313,"LMO3;CARM1","GO_Biological_Process_2023","yellow"
"Regulation Of Release Of Sequestered Calcium Ion Into Cytosol (GO:0051279)","2/51",0.0269214810715392,0.229545898116084,0,0,8.26780508121616,29.8867161104048,"ANK2;SRI","GO_Biological_Process_2023","yellow"
"Regulated Exocytosis (GO:0045055)","2/51",0.0269214810715392,0.229545898116084,0,0,8.26780508121616,29.8867161104048,"SDF4;RAB11B","GO_Biological_Process_2023","yellow"
"Regulation Of DNA Repair (GO:0006282)","3/129",0.0269470472113718,0.229545898116084,0,0,4.85370643102602,17.5407201351051,"YY1;INO80D;BCL7B","GO_Biological_Process_2023","yellow"
"Regulation Of Cell Cycle Process (GO:0010564)","3/130",0.0274860097045577,0.229545898116084,0,0,4.81524474389155,17.3063658813262,"KLHL9;BCL7B;KLHL13","GO_Biological_Process_2023","yellow"
"Chromatin Remodeling (GO:0006338)","4/228",0.0275947211658343,0.229545898116084,0,0,3.65997023809524,13.1397718300429,"YY1;INO80D;PHF1;BCL7B","GO_Biological_Process_2023","yellow"
"Negative Regulation Of Heart Rate (GO:0010459)","1/6",0.0296309633944118,0.229545898116084,0,0,40.1919191919192,141.432767389918,"SRI","GO_Biological_Process_2023","yellow"
"Regulation Of Glucocorticoid Receptor Signaling Pathway (GO:2000322)","1/6",0.0296309633944118,0.229545898116084,0,0,40.1919191919192,141.432767389918,"LMO3","GO_Biological_Process_2023","yellow"
"Regulation Of Muscle Organ Development (GO:0048634)","1/6",0.0296309633944118,0.229545898116084,0,0,40.1919191919192,141.432767389918,"MTPN","GO_Biological_Process_2023","yellow"
"Regulation Of Relaxation Of Muscle (GO:1901077)","1/6",0.0296309633944118,0.229545898116084,0,0,40.1919191919192,141.432767389918,"SRI","GO_Biological_Process_2023","yellow"
"Regulation Of Striated Muscle Tissue Development (GO:0016202)","1/6",0.0296309633944118,0.229545898116084,0,0,40.1919191919192,141.432767389918,"MTPN","GO_Biological_Process_2023","yellow"
"Regulation Of Translational Termination (GO:0006449)","1/6",0.0296309633944118,0.229545898116084,0,0,40.1919191919192,141.432767389918,"OGFOD1","GO_Biological_Process_2023","yellow"
"Positive Regulation Of Autophagosome Maturation (GO:1901098)","1/6",0.0296309633944118,0.229545898116084,0,0,40.1919191919192,141.432767389918,"TOM1","GO_Biological_Process_2023","yellow"
"Fatty Acid Elongation, Monounsaturated Fatty Acid (GO:0034625)","1/6",0.0296309633944118,0.229545898116084,0,0,40.1919191919192,141.432767389918,"ELOVL4","GO_Biological_Process_2023","yellow"
"Fatty Acid Elongation, Polyunsaturated Fatty Acid (GO:0034626)","1/6",0.0296309633944118,0.229545898116084,0,0,40.1919191919192,141.432767389918,"ELOVL4","GO_Biological_Process_2023","yellow"
"Fatty Acid Elongation, Saturated Fatty Acid (GO:0019367)","1/6",0.0296309633944118,0.229545898116084,0,0,40.1919191919192,141.432767389918,"ELOVL4","GO_Biological_Process_2023","yellow"
"Fatty Acid Elongation, Unsaturated Fatty Acid (GO:0019368)","1/6",0.0296309633944118,0.229545898116084,0,0,40.1919191919192,141.432767389918,"ELOVL4","GO_Biological_Process_2023","yellow"
"Glucan Catabolic Process (GO:0009251)","1/6",0.0296309633944118,0.229545898116084,0,0,40.1919191919192,141.432767389918,"PYGL","GO_Biological_Process_2023","yellow"
"Glycogen Catabolic Process (GO:0005980)","1/6",0.0296309633944118,0.229545898116084,0,0,40.1919191919192,141.432767389918,"PYGL","GO_Biological_Process_2023","yellow"
"White Fat Cell Differentiation (GO:0050872)","1/6",0.0296309633944118,0.229545898116084,0,0,40.1919191919192,141.432767389918,"CTBP1","GO_Biological_Process_2023","yellow"
"Insulin Secretion Involved In Cellular Response To Glucose Stimulus (GO:0035773)","1/6",0.0296309633944118,0.229545898116084,0,0,40.1919191919192,141.432767389918,"RAB11B","GO_Biological_Process_2023","yellow"
"Intracellular Sequestering Of Iron Ion (GO:0006880)","1/6",0.0296309633944118,0.229545898116084,0,0,40.1919191919192,141.432767389918,"SRI","GO_Biological_Process_2023","yellow"
"Regulation Of TORC2 Signaling (GO:1903939)","1/6",0.0296309633944118,0.229545898116084,0,0,40.1919191919192,141.432767389918,"TELO2","GO_Biological_Process_2023","yellow"
"Regulation Of Axon Guidance (GO:1902667)","1/6",0.0296309633944118,0.229545898116084,0,0,40.1919191919192,141.432767389918,"NOVA2","GO_Biological_Process_2023","yellow"
"Negative Regulation Of Neuron Projection Development (GO:0010977)","2/54",0.029925836282038,0.229545898116084,0,0,7.78963893249608,27.3341007109313,"RUFY3;CRMP1","GO_Biological_Process_2023","yellow"
"Positive Regulation Of Leukocyte Chemotaxis (GO:0002690)","2/54",0.029925836282038,0.229545898116084,0,0,7.78963893249608,27.3341007109313,"AKIRIN1;MAPK1","GO_Biological_Process_2023","yellow"
"Protein Localization To Plasma Membrane (GO:0072659)","3/137",0.0314194441411022,0.229545898116084,0,0,4.56208647484228,15.7863171072755,"EHD1;ANK2;FGF13","GO_Biological_Process_2023","yellow"
"Regulation Of Cation Channel Activity (GO:2001257)","2/56",0.0319994177727202,0.229545898116084,0,0,7.50037792894936,25.8165826277711,"ANK2;FGF13","GO_Biological_Process_2023","yellow"
"Regulation Of Calcium Ion Transport (GO:0051924)","2/57",0.0330569224942901,0.229545898116084,0,0,7.36363636363636,25.1064969666325,"ANK2;SRI","GO_Biological_Process_2023","yellow"
"Muscle Organ Development (GO:0007517)","2/58",0.0341280219187038,0.229545898116084,0,0,7.23177842565598,24.4263185896388,"SRI;EMD","GO_Biological_Process_2023","yellow"
"7-Methylguanosine Cap Hypermethylation (GO:0036261)","1/7",0.0344842492004147,0.229545898116084,0,0,33.4915824915825,112.774618360503,"SNRPD2","GO_Biological_Process_2023","yellow"
"Regulation Of Collateral Sprouting (GO:0048670)","1/7",0.0344842492004147,0.229545898116084,0,0,33.4915824915825,112.774618360503,"FGF13","GO_Biological_Process_2023","yellow"
"IMP Biosynthetic Process (GO:0006188)","1/7",0.0344842492004147,0.229545898116084,0,0,33.4915824915825,112.774618360503,"AMPD2","GO_Biological_Process_2023","yellow"
"RNA Capping (GO:0036260)","1/7",0.0344842492004147,0.229545898116084,0,0,33.4915824915825,112.774618360503,"SNRPD2","GO_Biological_Process_2023","yellow"
"Negative Regulation Of Peptidyl-Lysine Acetylation (GO:2000757)","1/7",0.0344842492004147,0.229545898116084,0,0,33.4915824915825,112.774618360503,"CTBP1","GO_Biological_Process_2023","yellow"
"UV Protection (GO:0009650)","1/7",0.0344842492004147,0.229545898116084,0,0,33.4915824915825,112.774618360503,"SDF4","GO_Biological_Process_2023","yellow"
"Response To UV-C (GO:0010225)","1/7",0.0344842492004147,0.229545898116084,0,0,33.4915824915825,112.774618360503,"YY1","GO_Biological_Process_2023","yellow"
"Positive Regulation Of Endocytic Recycling (GO:2001137)","1/7",0.0344842492004147,0.229545898116084,0,0,33.4915824915825,112.774618360503,"EHD1","GO_Biological_Process_2023","yellow"
"Positive Regulation Of Intracellular Steroid Hormone Receptor Signaling Pathway (GO:0033145)","1/7",0.0344842492004147,0.229545898116084,0,0,33.4915824915825,112.774618360503,"LMO3","GO_Biological_Process_2023","yellow"
"Fructose Transmembrane Transport (GO:0015755)","1/7",0.0344842492004147,0.229545898116084,0,0,33.4915824915825,112.774618360503,"SLC2A6","GO_Biological_Process_2023","yellow"
"Intracellular pH Elevation (GO:0051454)","1/7",0.0344842492004147,0.229545898116084,0,0,33.4915824915825,112.774618360503,"SLC26A3","GO_Biological_Process_2023","yellow"
"Post-Translational Protein Targeting To Membrane, Translocation (GO:0031204)","1/7",0.0344842492004147,0.229545898116084,0,0,33.4915824915825,112.774618360503,"SEC61A1","GO_Biological_Process_2023","yellow"
"Pyrimidine Nucleobase Catabolic Process (GO:0006208)","1/7",0.0344842492004147,0.229545898116084,0,0,33.4915824915825,112.774618360503,"CRMP1","GO_Biological_Process_2023","yellow"
"Regulation Of Golgi To Plasma Membrane Protein Transport (GO:0042996)","1/7",0.0344842492004147,0.229545898116084,0,0,33.4915824915825,112.774618360503,"ATP2C1","GO_Biological_Process_2023","yellow"
"Negative Regulation Of Amyloid-Beta Clearance (GO:1900222)","1/7",0.0344842492004147,0.229545898116084,0,0,33.4915824915825,112.774618360503,"HMGCR","GO_Biological_Process_2023","yellow"
"Negative Regulation Of cAMP-dependent Protein Kinase Activity (GO:2000480)","1/7",0.0344842492004147,0.229545898116084,0,0,33.4915824915825,112.774618360503,"PRKAR2B","GO_Biological_Process_2023","yellow"
"Regulation Of Cardiac Muscle Cell Action Potential Involved In Regulation Of Contraction (GO:0098909)","1/7",0.0344842492004147,0.229545898116084,0,0,33.4915824915825,112.774618360503,"FGF13","GO_Biological_Process_2023","yellow"
"Regulation Of Multicellular Organismal Development (GO:2000026)","2/59",0.035212556639049,0.229545898116084,0,0,7.10454708199069,23.7743191541034,"YY1;INO80D","GO_Biological_Process_2023","yellow"
"Sterol Metabolic Process (GO:0016125)","2/60",0.0363103684614095,0.229545898116084,0,0,6.981703026038,23.1488972243337,"MSMO1;HMGCR","GO_Biological_Process_2023","yellow"
"Regulation Of Embryonic Development (GO:0045995)","2/62",0.0385451967593686,0.229545898116084,0,0,6.74829931972789,21.9719482594704,"YY1;INO80D","GO_Biological_Process_2023","yellow"
"Spliceosomal Complex Assembly (GO:0000245)","2/62",0.0385451967593686,0.229545898116084,0,0,6.74829931972789,21.9719482594704,"SNRPD2;CELF4","GO_Biological_Process_2023","yellow"
"Fat Cell Differentiation (GO:0045444)","2/62",0.0385451967593686,0.229545898116084,0,0,6.74829931972789,21.9719482594704,"CTBP1;SDF4","GO_Biological_Process_2023","yellow"
"Negative Regulation Of Mitotic Nuclear Division (GO:0045839)","1/8",0.0393135041520565,0.229545898116084,0,0,28.7056277056277,92.8967850071638,"TOM1L2","GO_Biological_Process_2023","yellow"
"Actin Filament Network Formation (GO:0051639)","1/8",0.0393135041520565,0.229545898116084,0,0,28.7056277056277,92.8967850071638,"PLS3","GO_Biological_Process_2023","yellow"
"Autophagosome-Lysosome Fusion (GO:0061909)","1/8",0.0393135041520565,0.229545898116084,0,0,28.7056277056277,92.8967850071638,"TOM1","GO_Biological_Process_2023","yellow"
"Commissural Neuron Axon Guidance (GO:0071679)","1/8",0.0393135041520565,0.229545898116084,0,0,28.7056277056277,92.8967850071638,"NCAM1","GO_Biological_Process_2023","yellow"
"Dehydroascorbic Acid Transport (GO:0070837)","1/8",0.0393135041520565,0.229545898116084,0,0,28.7056277056277,92.8967850071638,"SLC2A6","GO_Biological_Process_2023","yellow"
"Endosome To Melanosome Transport (GO:0035646)","1/8",0.0393135041520565,0.229545898116084,0,0,28.7056277056277,92.8967850071638,"AP1M1","GO_Biological_Process_2023","yellow"
"Endosome To Pigment Granule Transport (GO:0043485)","1/8",0.0393135041520565,0.229545898116084,0,0,28.7056277056277,92.8967850071638,"AP1M1","GO_Biological_Process_2023","yellow"
"succinyl-CoA Metabolic Process (GO:0006104)","1/8",0.0393135041520565,0.229545898116084,0,0,28.7056277056277,92.8967850071638,"OGDH","GO_Biological_Process_2023","yellow"
"Isoprenoid Biosynthetic Process (GO:0008299)","1/8",0.0393135041520565,0.229545898116084,0,0,28.7056277056277,92.8967850071638,"HMGCR","GO_Biological_Process_2023","yellow"
"Isoprenoid Metabolic Process (GO:0006720)","1/8",0.0393135041520565,0.229545898116084,0,0,28.7056277056277,92.8967850071638,"HMGCR","GO_Biological_Process_2023","yellow"
"Negative Regulation Of Cholesterol Storage (GO:0010887)","1/8",0.0393135041520565,0.229545898116084,0,0,28.7056277056277,92.8967850071638,"TTC39B","GO_Biological_Process_2023","yellow"
"Protein Polymerization (GO:0051258)","2/63",0.0396819029137974,0.229545898116084,0,0,6.6373369019739,21.4177572290841,"INF2;FGF13","GO_Biological_Process_2023","yellow"
"Endocytic Recycling (GO:0032456)","2/64",0.0408312655246501,0.229545898116084,0,0,6.52995391705069,20.8847984924896,"EHD1;RAB11B","GO_Biological_Process_2023","yellow"
"Monocarboxylic Acid Biosynthetic Process (GO:0072330)","2/65",0.041993132410768,0.229545898116084,0,0,6.42597991577583,20.3719576107223,"SCP2;ELOVL4","GO_Biological_Process_2023","yellow"
"Negative Regulation Of Heterotypic Cell-Cell Adhesion (GO:0034115)","1/9",0.0441188457824273,0.229545898116084,0,0,25.1161616161616,78.3842312444799,"MYADM","GO_Biological_Process_2023","yellow"
"IMP Metabolic Process (GO:0046040)","1/9",0.0441188457824273,0.229545898116084,0,0,25.1161616161616,78.3842312444799,"AMPD2","GO_Biological_Process_2023","yellow"
"Regulation Of High Voltage-Gated Calcium Channel Activity (GO:1901841)","1/9",0.0441188457824273,0.229545898116084,0,0,25.1161616161616,78.3842312444799,"SRI","GO_Biological_Process_2023","yellow"
"Alpha-Linolenic Acid Metabolic Process (GO:0036109)","1/9",0.0441188457824273,0.229545898116084,0,0,25.1161616161616,78.3842312444799,"SCP2","GO_Biological_Process_2023","yellow"
"Positive Regulation Of Keratinocyte Migration (GO:0051549)","1/9",0.0441188457824273,0.229545898116084,0,0,25.1161616161616,78.3842312444799,"MAPRE2","GO_Biological_Process_2023","yellow"
"Transferrin Transport (GO:0033572)","1/9",0.0441188457824273,0.229545898116084,0,0,25.1161616161616,78.3842312444799,"RAB11B","GO_Biological_Process_2023","yellow"
"Positive Regulation Of Myoblast Fusion (GO:1901741)","1/9",0.0441188457824273,0.229545898116084,0,0,25.1161616161616,78.3842312444799,"EHD1","GO_Biological_Process_2023","yellow"
"Histone Ubiquitination (GO:0016574)","1/9",0.0441188457824273,0.229545898116084,0,0,25.1161616161616,78.3842312444799,"UBE2A","GO_Biological_Process_2023","yellow"
"Protein Localization To Microtubule (GO:0035372)","1/9",0.0441188457824273,0.229545898116084,0,0,25.1161616161616,78.3842312444799,"MAPRE2","GO_Biological_Process_2023","yellow"
"Protein Localization To Microtubule Cytoskeleton (GO:0072698)","1/9",0.0441188457824273,0.229545898116084,0,0,25.1161616161616,78.3842312444799,"MAPRE2","GO_Biological_Process_2023","yellow"
"Regulation Of Actin Filament-Based Movement (GO:1903115)","1/9",0.0441188457824273,0.229545898116084,0,0,25.1161616161616,78.3842312444799,"SRI","GO_Biological_Process_2023","yellow"
"Regulation Of Cell-Cell Adhesion Involved In Gastrulation (GO:0070587)","1/9",0.0441188457824273,0.229545898116084,0,0,25.1161616161616,78.3842312444799,"MYADM","GO_Biological_Process_2023","yellow"
"Cholesterol Metabolic Process (GO:0008203)","2/67",0.0443537761760119,0.229545898116084,0,0,6.2276295133438,19.4025373950964,"MSMO1;HMGCR","GO_Biological_Process_2023","yellow"
"Chromatin Organization (GO:0006325)","4/268",0.0455808419401381,0.229545898116084,0,0,3.09911616161616,9.57090059965883,"YY1;INO80D;PHF1;BCL7B","GO_Biological_Process_2023","yellow"
"Regulation Of Heart Contraction (GO:0008016)","2/69",0.0467626402187707,0.229545898116084,0,0,6.04112092598233,18.5019639390654,"ANK2;SRI","GO_Biological_Process_2023","yellow"
"Establishment Of Protein Localization To Membrane (GO:0090150)","2/69",0.0467626402187707,0.229545898116084,0,0,6.04112092598233,18.5019639390654,"ICMT;RAB11B","GO_Biological_Process_2023","yellow"
"Positive Regulation Of Protein Transport (GO:0051222)","2/70",0.0479847867745848,0.229545898116084,0,0,5.95198079231693,18.0753994112781,"RUFY3;ATP2C1","GO_Biological_Process_2023","yellow"
"Regulation Of Actin Filament Polymerization (GO:0030833)","2/70",0.0479847867745848,0.229545898116084,0,0,5.95198079231693,18.0753994112781,"MTPN;MYADM","GO_Biological_Process_2023","yellow"
"Negative Regulation Of Interferon-Beta Production (GO:0032688)","1/10",0.0489003911418305,0.229545898116084,0,0,22.324354657688,67.3742300304506,"YY1","GO_Biological_Process_2023","yellow"
"Negative Regulation Of Nuclear Division (GO:0051784)","1/10",0.0489003911418305,0.229545898116084,0,0,22.324354657688,67.3742300304506,"TOM1L2","GO_Biological_Process_2023","yellow"
"Regulation Of Peroxisome Proliferator Activated Receptor Signaling Pathway (GO:0035358)","1/10",0.0489003911418305,0.229545898116084,0,0,22.324354657688,67.3742300304506,"LMO3","GO_Biological_Process_2023","yellow"
"Regulation Of Programmed Necrotic Cell Death (GO:0062098)","1/10",0.0489003911418305,0.229545898116084,0,0,22.324354657688,67.3742300304506,"SPATA2","GO_Biological_Process_2023","yellow"
"Peptidyl-Proline Hydroxylation (GO:0019511)","1/10",0.0489003911418305,0.229545898116084,0,0,22.324354657688,67.3742300304506,"OGFOD1","GO_Biological_Process_2023","yellow"
"Steroid Hormone Mediated Signaling Pathway (GO:0043401)","1/10",0.0489003911418305,0.229545898116084,0,0,22.324354657688,67.3742300304506,"MAPK1","GO_Biological_Process_2023","yellow"
"Maintenance Of Synapse Structure (GO:0099558)","1/10",0.0489003911418305,0.229545898116084,0,0,22.324354657688,67.3742300304506,"SDF4","GO_Biological_Process_2023","yellow"
"Protein Localization To Condensed Chromosome (GO:1903083)","1/10",0.0489003911418305,0.229545898116084,0,0,22.324354657688,67.3742300304506,"CHAMP1","GO_Biological_Process_2023","yellow"
"Negative Regulation Of Adenylate Cyclase Activity (GO:0007194)","1/10",0.0489003911418305,0.229545898116084,0,0,22.324354657688,67.3742300304506,"GNAI2","GO_Biological_Process_2023","yellow"
"Negative Regulation Of Supramolecular Fiber Organization (GO:1902904)","2/71",0.0492185490137595,0.229545898116084,0,0,5.86542443064182,17.6636360143545,"MYADM;FGF13","GO_Biological_Process_2023","yellow"
"Cholesterol Homeostasis (GO:0042632)","2/72",0.0504637828415357,0.229545898116084,0,0,5.78134110787172,17.265971584774,"EHD1;TTC39B","GO_Biological_Process_2023","yellow"
"Protein Targeting To Membrane (GO:0006612)","2/72",0.0504637828415357,0.229545898116084,0,0,5.78134110787172,17.265971584774,"SEC61A1;ICMT","GO_Biological_Process_2023","yellow"
"Sterol Homeostasis (GO:0055092)","2/73",0.051720345286075,0.229545898116084,0,0,5.699626329405,16.8817463030563,"EHD1;TTC39B","GO_Biological_Process_2023","yellow"
"Import Into Nucleus (GO:0051170)","2/74",0.0529880944930012,0.229545898116084,0,0,5.62018140589569,16.5103396024628,"KPNA5;TNPO2","GO_Biological_Process_2023","yellow"
"AMP Metabolic Process (GO:0046033)","1/11",0.0536582567508638,0.229545898116084,0,0,20.0909090909091,58.7683184218827,"AMPD2","GO_Biological_Process_2023","yellow"
"Negative Regulation Of Heart Contraction (GO:0045822)","1/11",0.0536582567508638,0.229545898116084,0,0,20.0909090909091,58.7683184218827,"SRI","GO_Biological_Process_2023","yellow"
"Regulation Of Cytoplasmic Transport (GO:1903649)","1/11",0.0536582567508638,0.229545898116084,0,0,20.0909090909091,58.7683184218827,"MAPK1","GO_Biological_Process_2023","yellow"
"Regulation Of Epithelial Cell Apoptotic Process (GO:1904035)","1/11",0.0536582567508638,0.229545898116084,0,0,20.0909090909091,58.7683184218827,"CARM1","GO_Biological_Process_2023","yellow"
"Regulation Of Keratinocyte Migration (GO:0051547)","1/11",0.0536582567508638,0.229545898116084,0,0,20.0909090909091,58.7683184218827,"MAPRE2","GO_Biological_Process_2023","yellow"
"Negative Regulation Of Release Of Sequestered Calcium Ion Into Cytosol (GO:0051280)","1/11",0.0536582567508638,0.229545898116084,0,0,20.0909090909091,58.7683184218827,"SRI","GO_Biological_Process_2023","yellow"
"Negative Regulation Of Ryanodine-Sensitive Calcium-Release Channel Activity (GO:0060315)","1/11",0.0536582567508638,0.229545898116084,0,0,20.0909090909091,58.7683184218827,"SRI","GO_Biological_Process_2023","yellow"
"Regulation Of Muscle System Process (GO:0090257)","1/11",0.0536582567508638,0.229545898116084,0,0,20.0909090909091,58.7683184218827,"SRI","GO_Biological_Process_2023","yellow"
"Regulation Of Stress-Activated Protein Kinase Signaling Cascade (GO:0070302)","1/11",0.0536582567508638,0.229545898116084,0,0,20.0909090909091,58.7683184218827,"MAPK1","GO_Biological_Process_2023","yellow"
"Fatty Acid Beta-Oxidation Using acyl-CoA Oxidase (GO:0033540)","1/11",0.0536582567508638,0.229545898116084,0,0,20.0909090909091,58.7683184218827,"SCP2","GO_Biological_Process_2023","yellow"
"Histone H2A Ubiquitination (GO:0033522)","1/11",0.0536582567508638,0.229545898116084,0,0,20.0909090909091,58.7683184218827,"UBE2A","GO_Biological_Process_2023","yellow"
"Protein Localization To Kinetochore (GO:0034501)","1/11",0.0536582567508638,0.229545898116084,0,0,20.0909090909091,58.7683184218827,"CHAMP1","GO_Biological_Process_2023","yellow"
"Purine Ribonucleoside Monophosphate Biosynthetic Process (GO:0009168)","1/11",0.0536582567508638,0.229545898116084,0,0,20.0909090909091,58.7683184218827,"AMPD2","GO_Biological_Process_2023","yellow"
"Purine Ribonucleoside Monophosphate Metabolic Process (GO:0009167)","1/11",0.0536582567508638,0.229545898116084,0,0,20.0909090909091,58.7683184218827,"AMPD2","GO_Biological_Process_2023","yellow"
"Pyrimidine Nucleobase Metabolic Process (GO:0006206)","1/11",0.0536582567508638,0.229545898116084,0,0,20.0909090909091,58.7683184218827,"CRMP1","GO_Biological_Process_2023","yellow"
"Regulation Of Actin Filament Depolymerization (GO:0030834)","1/11",0.0536582567508638,0.229545898116084,0,0,20.0909090909091,58.7683184218827,"MTPN","GO_Biological_Process_2023","yellow"
"Regulation Of Cell Communication By Electrical Coupling Involved In Cardiac Conduction (GO:1901844)","1/11",0.0536582567508638,0.229545898116084,0,0,20.0909090909091,58.7683184218827,"SRI","GO_Biological_Process_2023","yellow"
"Negative Regulation Of Cyclase Activity (GO:0031280)","1/11",0.0536582567508638,0.229545898116084,0,0,20.0909090909091,58.7683184218827,"GNAI2","GO_Biological_Process_2023","yellow"
"Regulation Of Fat Cell Differentiation (GO:0045598)","2/75",0.0542668897312266,0.229545898116084,0,0,5.54291305563321,16.1511673406941,"LMO3;CARM1","GO_Biological_Process_2023","yellow"
"Negative Regulation Of Phosphorylation (GO:0042326)","2/75",0.0542668897312266,0.229545898116084,0,0,5.54291305563321,16.1511673406941,"FKBP8;MYADM","GO_Biological_Process_2023","yellow"
"Regulation Of DNA Replication (GO:0006275)","2/75",0.0542668897312266,0.229545898116084,0,0,5.54291305563321,16.1511673406941,"YY1;INO80D","GO_Biological_Process_2023","yellow"
"Generation Of Neurons (GO:0048699)","3/172",0.0552127694919147,0.229545898116084,0,0,3.61087049350332,10.4591067236381,"MTPN;NOVA2;FGF13","GO_Biological_Process_2023","yellow"
"DNA Metabolic Process (GO:0006259)","4/288",0.0565426885535907,0.229545898116084,0,0,2.87793427230047,8.26761266568056,"YY1;INO80D;RPA1;UBE2A","GO_Biological_Process_2023","yellow"
"Regulation Of Neuron Projection Development (GO:0010975)","3/174",0.0567733697817361,0.229545898116084,0,0,3.56827636100561,10.2362712387518,"RUFY3;NOVA2;CRMP1","GO_Biological_Process_2023","yellow"
"Positive Regulation Of Response To Stimulus (GO:0048584)","2/77",0.0568570608364097,0.229545898116084,0,0,5.39455782312925,15.4673563823572,"YY1;INO80D","GO_Biological_Process_2023","yellow"
"Negative Regulation Of Protein Modification Process (GO:0031400)","2/78",0.058168160710821,0.229545898116084,0,0,5.32330827067669,15.1417092906877,"FKBP8;MYADM","GO_Biological_Process_2023","yellow"
"DNA Repair (GO:0006281)","4/291",0.0582994669621969,0.229545898116084,0,0,2.84741579558653,8.0928179083129,"POLDIP2;RPA1;WRNIP1;UBE2A","GO_Biological_Process_2023","yellow"
"C-terminal Protein Amino Acid Modification (GO:0018410)","1/12",0.0583925585800791,0.229545898116084,0,0,18.2635445362718,51.8788186041542,"ICMT","GO_Biological_Process_2023","yellow"
"Attachment Of Mitotic Spindle Microtubules To Kinetochore (GO:0051315)","1/12",0.0583925585800791,0.229545898116084,0,0,18.2635445362718,51.8788186041542,"CHAMP1","GO_Biological_Process_2023","yellow"
"Cell-Cell Junction Maintenance (GO:0045217)","1/12",0.0583925585800791,0.229545898116084,0,0,18.2635445362718,51.8788186041542,"MYADM","GO_Biological_Process_2023","yellow"
"Cellular Response To Acidic pH (GO:0071468)","1/12",0.0583925585800791,0.229545898116084,0,0,18.2635445362718,51.8788186041542,"RAB11B","GO_Biological_Process_2023","yellow"
"Fatty Acid Elongation (GO:0030497)","1/12",0.0583925585800791,0.229545898116084,0,0,18.2635445362718,51.8788186041542,"ELOVL4","GO_Biological_Process_2023","yellow"
"Very Long-Chain Fatty Acid Biosynthetic Process (GO:0042761)","1/12",0.0583925585800791,0.229545898116084,0,0,18.2635445362718,51.8788186041542,"ELOVL4","GO_Biological_Process_2023","yellow"
"Positive Regulation Of Protein Export From Nucleus (GO:0046827)","1/12",0.0583925585800791,0.229545898116084,0,0,18.2635445362718,51.8788186041542,"EMD","GO_Biological_Process_2023","yellow"
"Regulation Of DNA-templated DNA Replication Initiation (GO:0030174)","1/12",0.0583925585800791,0.229545898116084,0,0,18.2635445362718,51.8788186041542,"WRNIP1","GO_Biological_Process_2023","yellow"
"Regulation Of Cell Communication By Electrical Coupling (GO:0010649)","1/12",0.0583925585800791,0.229545898116084,0,0,18.2635445362718,51.8788186041542,"SRI","GO_Biological_Process_2023","yellow"
"Protein Import Into Nucleus (GO:0006606)","2/79",0.0594897545967717,0.229545898116084,0,0,5.25390935595017,14.8262756693766,"KPNA5;TNPO2","GO_Biological_Process_2023","yellow"
"Negative Regulation Of Cellular Component Organization (GO:0051129)","2/79",0.0594897545967717,0.229545898116084,0,0,5.25390935595017,14.8262756693766,"DNAJB2;DNAJB1","GO_Biological_Process_2023","yellow"
"Regulation Of Cytokinesis (GO:0032465)","2/80",0.0608217071927091,0.229545898116084,0,0,5.18628990057561,14.520618689889,"KLHL9;KLHL13","GO_Biological_Process_2023","yellow"
"Endosomal Transport (GO:0016197)","3/180",0.0615800766393562,0.229545898116084,0,0,3.44626943910536,9.60618964872885,"EHD1;TOM1;RAB11B","GO_Biological_Process_2023","yellow"
"Histone Modification (GO:0016570)","2/81",0.0621638842786596,0.229545898116084,0,0,5.12038233014725,14.2243252686936,"CARM1;UBE2A","GO_Biological_Process_2023","yellow"
"Negative Regulation Of Lyase Activity (GO:0051350)","1/13",0.0631034120924419,0.229545898116084,0,0,16.7407407407407,46.2543391597171,"GNAI2","GO_Biological_Process_2023","yellow"
"Regulation Of Myoblast Fusion (GO:1901739)","1/13",0.0631034120924419,0.229545898116084,0,0,16.7407407407407,46.2543391597171,"EHD1","GO_Biological_Process_2023","yellow"
"Cotranslational Protein Targeting To Membrane (GO:0006613)","1/13",0.0631034120924419,0.229545898116084,0,0,16.7407407407407,46.2543391597171,"SEC61A1","GO_Biological_Process_2023","yellow"
"Response To Nerve Growth Factor (GO:1990089)","1/13",0.0631034120924419,0.229545898116084,0,0,16.7407407407407,46.2543391597171,"EHD1","GO_Biological_Process_2023","yellow"
"Positive Regulation Of Histone Deacetylation (GO:0031065)","1/13",0.0631034120924419,0.229545898116084,0,0,16.7407407407407,46.2543391597171,"CTBP1","GO_Biological_Process_2023","yellow"
"Positive Regulation Of Macrophage Chemotaxis (GO:0010759)","1/13",0.0631034120924419,0.229545898116084,0,0,16.7407407407407,46.2543391597171,"MAPK1","GO_Biological_Process_2023","yellow"
"Glomerular Filtration (GO:0003094)","1/13",0.0631034120924419,0.229545898116084,0,0,16.7407407407407,46.2543391597171,"TMEM63C","GO_Biological_Process_2023","yellow"
"Positive Regulation Of Potassium Ion Transmembrane Transporter Activity (GO:1901018)","1/13",0.0631034120924419,0.229545898116084,0,0,16.7407407407407,46.2543391597171,"ANK2","GO_Biological_Process_2023","yellow"
"Positive Regulation Of Protein Deacetylation (GO:0090312)","1/13",0.0631034120924419,0.229545898116084,0,0,16.7407407407407,46.2543391597171,"CTBP1","GO_Biological_Process_2023","yellow"
"Inhibitory Synapse Assembly (GO:1904862)","1/13",0.0631034120924419,0.229545898116084,0,0,16.7407407407407,46.2543391597171,"FGF13","GO_Biological_Process_2023","yellow"
"Protein Hydroxylation (GO:0018126)","1/13",0.0631034120924419,0.229545898116084,0,0,16.7407407407407,46.2543391597171,"OGFOD1","GO_Biological_Process_2023","yellow"
"Regulation Of cAMP-dependent Protein Kinase Activity (GO:2000479)","1/13",0.0631034120924419,0.229545898116084,0,0,16.7407407407407,46.2543391597171,"PRKAR2B","GO_Biological_Process_2023","yellow"
"Vesicle-Mediated Transport To The Plasma Membrane (GO:0098876)","2/83",0.0648783802345316,0.233857070572653,0,0,4.99344923154447,13.6582862458477,"EHD1;RAB11B","GO_Biological_Process_2023","yellow"
"Regulation Of Cell Division (GO:0051302)","2/83",0.0648783802345316,0.233857070572653,0,0,4.99344923154447,13.6582862458477,"KLHL9;KLHL13","GO_Biological_Process_2023","yellow"
"Establishment Of Protein Localization To Organelle (GO:0072594)","2/85",0.067632189652766,0.23475200528195,0,0,4.87263339070568,13.1252723836309,"KPNA5;TNPO2","GO_Biological_Process_2023","yellow"
"2-Oxoglutarate Metabolic Process (GO:0006103)","1/14",0.0677909321684321,0.23475200528195,0,0,15.4522144522145,41.5869594433684,"OGDH","GO_Biological_Process_2023","yellow"
"MHC Class II Protein Complex Assembly (GO:0002399)","1/14",0.0677909321684321,0.23475200528195,0,0,15.4522144522145,41.5869594433684,"GNAO1","GO_Biological_Process_2023","yellow"
"Peptide Antigen Assembly With MHC Class II Protein Complex (GO:0002503)","1/14",0.0677909321684321,0.23475200528195,0,0,15.4522144522145,41.5869594433684,"GNAO1","GO_Biological_Process_2023","yellow"
"Positive Regulation Of Protein-Containing Complex Disassembly (GO:0043243)","1/14",0.0677909321684321,0.23475200528195,0,0,15.4522144522145,41.5869594433684,"TOM1","GO_Biological_Process_2023","yellow"
"Post-Translational Protein Targeting To Endoplasmic Reticulum Membrane (GO:0006620)","1/14",0.0677909321684321,0.23475200528195,0,0,15.4522144522145,41.5869594433684,"SEC61A1","GO_Biological_Process_2023","yellow"
"Membrane Raft Organization (GO:0031579)","1/14",0.0677909321684321,0.23475200528195,0,0,15.4522144522145,41.5869594433684,"MYADM","GO_Biological_Process_2023","yellow"
"Monosaccharide Transmembrane Transport (GO:0015749)","1/14",0.0677909321684321,0.23475200528195,0,0,15.4522144522145,41.5869594433684,"SLC2A6","GO_Biological_Process_2023","yellow"
"Regulation Of Carbohydrate Catabolic Process (GO:0043470)","1/14",0.0677909321684321,0.23475200528195,0,0,15.4522144522145,41.5869594433684,"SLC2A6","GO_Biological_Process_2023","yellow"
"Regulation Of Cellular Response To Heat (GO:1900034)","1/15",0.0724552331756038,0.241850869330106,0,0,14.3477633477633,37.6598138369901,"DNAJB1","GO_Biological_Process_2023","yellow"
"Pigment Granule Transport (GO:0051904)","1/15",0.0724552331756038,0.241850869330106,0,0,14.3477633477633,37.6598138369901,"RAB11B","GO_Biological_Process_2023","yellow"
"Renal Filtration (GO:0097205)","1/15",0.0724552331756038,0.241850869330106,0,0,14.3477633477633,37.6598138369901,"TMEM63C","GO_Biological_Process_2023","yellow"
"Positive Regulation Of Potassium Ion Transport (GO:0043268)","1/15",0.0724552331756038,0.241850869330106,0,0,14.3477633477633,37.6598138369901,"ANK2","GO_Biological_Process_2023","yellow"
"Positive Regulation Of Syncytium Formation By Plasma Membrane Fusion (GO:0060143)","1/15",0.0724552331756038,0.241850869330106,0,0,14.3477633477633,37.6598138369901,"EHD1","GO_Biological_Process_2023","yellow"
"Melanosome Transport (GO:0032402)","1/15",0.0724552331756038,0.241850869330106,0,0,14.3477633477633,37.6598138369901,"RAB11B","GO_Biological_Process_2023","yellow"
"Regulation Of Amyloid-Beta Clearance (GO:1900221)","1/15",0.0724552331756038,0.241850869330106,0,0,14.3477633477633,37.6598138369901,"HMGCR","GO_Biological_Process_2023","yellow"
"Regulation Of Vesicle-Mediated Transport (GO:0060627)","2/89",0.0732536203857354,0.241850869330106,0,0,4.6476659629369,12.1481976031779,"MAPK1;RAB11B","GO_Biological_Process_2023","yellow"
"DNA Repair-Dependent Chromatin Remodeling (GO:0140861)","1/16",0.0770964289305897,0.241850869330106,0,0,13.3905723905724,34.3159973270839,"PHF1","GO_Biological_Process_2023","yellow"
"Alternative mRNA Splicing, Via Spliceosome (GO:0000380)","1/16",0.0770964289305897,0.241850869330106,0,0,13.3905723905724,34.3159973270839,"CELF4","GO_Biological_Process_2023","yellow"
"Nuclear Migration (GO:0007097)","1/16",0.0770964289305897,0.241850869330106,0,0,13.3905723905724,34.3159973270839,"TMEM201","GO_Biological_Process_2023","yellow"
"Regulation Of Protein Kinase C Signaling (GO:0090036)","1/16",0.0770964289305897,0.241850869330106,0,0,13.3905723905724,34.3159973270839,"MYADM","GO_Biological_Process_2023","yellow"
"Phosphatidylinositol Dephosphorylation (GO:0046856)","1/16",0.0770964289305897,0.241850869330106,0,0,13.3905723905724,34.3159973270839,"SACM1L","GO_Biological_Process_2023","yellow"
"Establishment Of Melanosome Localization (GO:0032401)","1/16",0.0770964289305897,0.241850869330106,0,0,13.3905723905724,34.3159973270839,"RAB11B","GO_Biological_Process_2023","yellow"
"Establishment Of Protein Localization To Endoplasmic Reticulum (GO:0072599)","1/16",0.0770964289305897,0.241850869330106,0,0,13.3905723905724,34.3159973270839,"SEC61A1","GO_Biological_Process_2023","yellow"
"Positive Regulation Of Muscle Hypertrophy (GO:0014742)","1/16",0.0770964289305897,0.241850869330106,0,0,13.3905723905724,34.3159973270839,"MTPN","GO_Biological_Process_2023","yellow"
"Positive Regulation Of Telomere Capping (GO:1904355)","1/16",0.0770964289305897,0.241850869330106,0,0,13.3905723905724,34.3159973270839,"MAPK1","GO_Biological_Process_2023","yellow"
"Protein Localization To Mitochondrion (GO:0070585)","1/16",0.0770964289305897,0.241850869330106,0,0,13.3905723905724,34.3159973270839,"FKBP8","GO_Biological_Process_2023","yellow"
"Regulation Of Golgi Organization (GO:1903358)","1/16",0.0770964289305897,0.241850869330106,0,0,13.3905723905724,34.3159973270839,"MAPK1","GO_Biological_Process_2023","yellow"
"Regulation Of Autophagosome Maturation (GO:1901096)","1/16",0.0770964289305897,0.241850869330106,0,0,13.3905723905724,34.3159973270839,"TOM1","GO_Biological_Process_2023","yellow"
"Steroid Metabolic Process (GO:0008202)","2/92",0.0775653030615549,0.241850869330106,0,0,4.49206349206349,11.484567093173,"SCP2;MSMO1","GO_Biological_Process_2023","yellow"
"Muscle Contraction (GO:0006936)","2/94",0.0804834345723508,0.241850869330106,0,0,4.39396628216504,11.0714939664066,"GNAO1;EMD","GO_Biological_Process_2023","yellow"
"Regulation Of Translation (GO:0006417)","3/202",0.0807477880229416,0.241850869330106,0,0,3.06185567010309,7.70492926718882,"MTPN;FXR2;OGFOD1","GO_Biological_Process_2023","yellow"
"Negative Regulation Of Fibroblast Proliferation (GO:0048147)","1/17",0.0817146326715557,0.241850869330106,0,0,12.5530303030303,31.4393429542943,"EMD","GO_Biological_Process_2023","yellow"
"Regulation Of Establishment Of Cell Polarity (GO:2000114)","1/17",0.0817146326715557,0.241850869330106,0,0,12.5530303030303,31.4393429542943,"RUFY3","GO_Biological_Process_2023","yellow"
"NLS-bearing Protein Import Into Nucleus (GO:0006607)","1/17",0.0817146326715557,0.241850869330106,0,0,12.5530303030303,31.4393429542943,"KPNA5","GO_Biological_Process_2023","yellow"
"Androgen Receptor Signaling Pathway (GO:0030521)","1/17",0.0817146326715557,0.241850869330106,0,0,12.5530303030303,31.4393429542943,"MAPK1","GO_Biological_Process_2023","yellow"
"Nuclear Envelope Organization (GO:0006998)","1/17",0.0817146326715557,0.241850869330106,0,0,12.5530303030303,31.4393429542943,"EMD","GO_Biological_Process_2023","yellow"
"Central Nervous System Neuron Development (GO:0021954)","1/17",0.0817146326715557,0.241850869330106,0,0,12.5530303030303,31.4393429542943,"NOVA2","GO_Biological_Process_2023","yellow"
"Response To Acidic pH (GO:0010447)","1/17",0.0817146326715557,0.241850869330106,0,0,12.5530303030303,31.4393429542943,"RAB11B","GO_Biological_Process_2023","yellow"
"Positive Regulation Of Cardiac Muscle Hypertrophy (GO:0010613)","1/17",0.0817146326715557,0.241850869330106,0,0,12.5530303030303,31.4393429542943,"MTPN","GO_Biological_Process_2023","yellow"
"Embryo Development Ending In Birth Or Egg Hatching (GO:0009792)","1/17",0.0817146326715557,0.241850869330106,0,0,12.5530303030303,31.4393429542943,"CELF4","GO_Biological_Process_2023","yellow"
"Positive Regulation Of Leukocyte Proliferation (GO:0070665)","1/17",0.0817146326715557,0.241850869330106,0,0,12.5530303030303,31.4393429542943,"MAPK1","GO_Biological_Process_2023","yellow"
"Positive Regulation Of Potassium Ion Transmembrane Transport (GO:1901381)","1/17",0.0817146326715557,0.241850869330106,0,0,12.5530303030303,31.4393429542943,"ANK2","GO_Biological_Process_2023","yellow"
"Receptor Recycling (GO:0001881)","1/17",0.0817146326715557,0.241850869330106,0,0,12.5530303030303,31.4393429542943,"RAB11B","GO_Biological_Process_2023","yellow"
"Regulation Of DNA-templated DNA Replication (GO:0090329)","1/17",0.0817146326715557,0.241850869330106,0,0,12.5530303030303,31.4393429542943,"WRNIP1","GO_Biological_Process_2023","yellow"
"Regulation Of Adenylate Cyclase Activity (GO:0045761)","1/17",0.0817146326715557,0.241850869330106,0,0,12.5530303030303,31.4393429542943,"GNAI2","GO_Biological_Process_2023","yellow"
"T Cell Receptor Signaling Pathway (GO:0050852)","2/95",0.0819552402371427,0.241850869330106,0,0,4.34649989027869,10.873126025504,"GNAO1;BTN2A1","GO_Biological_Process_2023","yellow"
"Recombinational Repair (GO:0000725)","2/95",0.0819552402371427,0.241850869330106,0,0,4.34649989027869,10.873126025504,"YY1;RPA1","GO_Biological_Process_2023","yellow"
"Monocarboxylic Acid Metabolic Process (GO:0032787)","2/97",0.0849237360045433,0.241850869330106,0,0,4.25456498388829,10.491764264828,"SCP2;MSMO1","GO_Biological_Process_2023","yellow"
"3'-UTR-mediated mRNA Stabilization (GO:0070935)","1/18",0.0863099571505928,0.241850869330106,0,0,11.8140225787285,28.9421143066093,"ELAVL4","GO_Biological_Process_2023","yellow"
"Negative Regulation Of Lipid Storage (GO:0010888)","1/18",0.0863099571505928,0.241850869330106,0,0,11.8140225787285,28.9421143066093,"TTC39B","GO_Biological_Process_2023","yellow"
"Regulation Of Establishment Or Maintenance Of Cell Polarity (GO:0032878)","1/18",0.0863099571505928,0.241850869330106,0,0,11.8140225787285,28.9421143066093,"RUFY3","GO_Biological_Process_2023","yellow"
"Actin Filament Capping (GO:0051693)","1/18",0.0863099571505928,0.241850869330106,0,0,11.8140225787285,28.9421143066093,"CAPZA1","GO_Biological_Process_2023","yellow"
"Barbed-End Actin Filament Capping (GO:0051016)","1/18",0.0863099571505928,0.241850869330106,0,0,11.8140225787285,28.9421143066093,"CAPZA1","GO_Biological_Process_2023","yellow"
"Peptide Antigen Assembly With MHC Protein Complex (GO:0002501)","1/18",0.0863099571505928,0.241850869330106,0,0,11.8140225787285,28.9421143066093,"GNAO1","GO_Biological_Process_2023","yellow"
"Regulation Of Ventricular Cardiac Muscle Cell Membrane Repolarization (GO:0060307)","1/18",0.0863099571505928,0.241850869330106,0,0,11.8140225787285,28.9421143066093,"ANK2","GO_Biological_Process_2023","yellow"
"Response To Ethanol (GO:0045471)","1/18",0.0863099571505928,0.241850869330106,0,0,11.8140225787285,28.9421143066093,"SDF4","GO_Biological_Process_2023","yellow"
"Positive Regulation Of Cation Transmembrane Transport (GO:1904064)","1/18",0.0863099571505928,0.241850869330106,0,0,11.8140225787285,28.9421143066093,"ANK2","GO_Biological_Process_2023","yellow"
"Positive Regulation Of Macrophage Migration (GO:1905523)","1/18",0.0863099571505928,0.241850869330106,0,0,11.8140225787285,28.9421143066093,"MAPK1","GO_Biological_Process_2023","yellow"
"Protein Localization To Chromosome, Centromeric Region (GO:0071459)","1/18",0.0863099571505928,0.241850869330106,0,0,11.8140225787285,28.9421143066093,"CHAMP1","GO_Biological_Process_2023","yellow"
"Melanosome Assembly (GO:1903232)","1/18",0.0863099571505928,0.241850869330106,0,0,11.8140225787285,28.9421143066093,"AP1M1","GO_Biological_Process_2023","yellow"
"Melanosome Localization (GO:0032400)","1/18",0.0863099571505928,0.241850869330106,0,0,11.8140225787285,28.9421143066093,"RAB11B","GO_Biological_Process_2023","yellow"
"Regulation Of DNA Damage Checkpoint (GO:2000001)","1/18",0.0863099571505928,0.241850869330106,0,0,11.8140225787285,28.9421143066093,"TELO2","GO_Biological_Process_2023","yellow"
"mRNA Splicing, Via Spliceosome (GO:0000398)","3/211",0.0892518307965823,0.245972129785633,0,0,2.92803330689929,7.0749873945873,"SNRPD2;NOVA2;CELF4","GO_Biological_Process_2023","yellow"
"Regulation Of Early Endosome To Late Endosome Transport (GO:2000641)","1/19",0.0908825145361798,0.245972129785633,0,0,11.1571268237935,26.7568838212325,"MAPK1","GO_Biological_Process_2023","yellow"
"Regulation Of Granulocyte Chemotaxis (GO:0071622)","1/19",0.0908825145361798,0.245972129785633,0,0,11.1571268237935,26.7568838212325,"MAPK1","GO_Biological_Process_2023","yellow"
"RNA Destabilization (GO:0050779)","1/19",0.0908825145361798,0.245972129785633,0,0,11.1571268237935,26.7568838212325,"FXR2","GO_Biological_Process_2023","yellow"
"Regulation Of Protein-Containing Complex Disassembly (GO:0043244)","1/19",0.0908825145361798,0.245972129785633,0,0,11.1571268237935,26.7568838212325,"OGFOD1","GO_Biological_Process_2023","yellow"
"Positive Regulation Of Axon Extension (GO:0045773)","1/19",0.0908825145361798,0.245972129785633,0,0,11.1571268237935,26.7568838212325,"RUFY3","GO_Biological_Process_2023","yellow"
"Immunoglobulin Production Involved In Immunoglobulin-Mediated Immune Response (GO:0002381)","1/19",0.0908825145361798,0.245972129785633,0,0,11.1571268237935,26.7568838212325,"GNAO1","GO_Biological_Process_2023","yellow"
"Insulin Secretion (GO:0030073)","1/19",0.0908825145361798,0.245972129785633,0,0,11.1571268237935,26.7568838212325,"RAB11B","GO_Biological_Process_2023","yellow"
"Protein Insertion Into Membrane (GO:0051205)","1/19",0.0908825145361798,0.245972129785633,0,0,11.1571268237935,26.7568838212325,"SEC61A1","GO_Biological_Process_2023","yellow"
"Regulation Of Autophagy Of Mitochondrion (GO:1903146)","1/19",0.0908825145361798,0.245972129785633,0,0,11.1571268237935,26.7568838212325,"FKBP8","GO_Biological_Process_2023","yellow"
"Calcium Ion Homeostasis (GO:0055074)","2/102",0.0924846891098034,0.249457001578483,0,0,4.04081632653061,9.62002061056518,"ANK2;ATP2C1","GO_Biological_Process_2023","yellow"
"Negative Regulation Of Microtubule Depolymerization (GO:0007026)","1/20",0.0954324164624815,0.249762066847352,0,0,10.5693779904306,24.8310303892707,"FGF13","GO_Biological_Process_2023","yellow"
"Regulation Of Macrophage Chemotaxis (GO:0010758)","1/20",0.0954324164624815,0.249762066847352,0,0,10.5693779904306,24.8310303892707,"MAPK1","GO_Biological_Process_2023","yellow"
"Regulation Of Necroptotic Process (GO:0060544)","1/20",0.0954324164624815,0.249762066847352,0,0,10.5693779904306,24.8310303892707,"SPATA2","GO_Biological_Process_2023","yellow"
"Cellular Response To pH (GO:0071467)","1/20",0.0954324164624815,0.249762066847352,0,0,10.5693779904306,24.8310303892707,"RAB11B","GO_Biological_Process_2023","yellow"
"Endothelial Cell Development (GO:0001885)","1/20",0.0954324164624815,0.249762066847352,0,0,10.5693779904306,24.8310303892707,"MYADM","GO_Biological_Process_2023","yellow"
"Stress-Activated Protein Kinase Signaling Cascade (GO:0031098)","1/20",0.0954324164624815,0.249762066847352,0,0,10.5693779904306,24.8310303892707,"MAPK1","GO_Biological_Process_2023","yellow"
"Positive Regulation Of Lipid Storage (GO:0010884)","1/20",0.0954324164624815,0.249762066847352,0,0,10.5693779904306,24.8310303892707,"EHD1","GO_Biological_Process_2023","yellow"
"Gamma-Aminobutyric Acid Signaling Pathway (GO:0007214)","1/20",0.0954324164624815,0.249762066847352,0,0,10.5693779904306,24.8310303892707,"GNAI2","GO_Biological_Process_2023","yellow"
"Receptor Metabolic Process (GO:0043112)","1/20",0.0954324164624815,0.249762066847352,0,0,10.5693779904306,24.8310303892707,"RAB11B","GO_Biological_Process_2023","yellow"
"Positive Regulation Of Cell Growth (GO:0030307)","2/106",0.0986696402849089,0.256365599952445,0,0,3.88461538461538,8.99668367505838,"MTPN;RUFY3","GO_Biological_Process_2023","yellow"
"Regulation Of Histone Deacetylation (GO:0031063)","1/21",0.0999597740324998,0.256365599952445,0,0,10.040404040404,23.1229243332888,"CTBP1","GO_Biological_Process_2023","yellow"
"Regulation Of Steroid Metabolic Process (GO:0019218)","1/21",0.0999597740324998,0.256365599952445,0,0,10.040404040404,23.1229243332888,"TTC39B","GO_Biological_Process_2023","yellow"
"Cellular Response To Nerve Growth Factor Stimulus (GO:1990090)","1/21",0.0999597740324998,0.256365599952445,0,0,10.040404040404,23.1229243332888,"EHD1","GO_Biological_Process_2023","yellow"
"Response To Cadmium Ion (GO:0046686)","1/21",0.0999597740324998,0.256365599952445,0,0,10.040404040404,23.1229243332888,"MAPK1","GO_Biological_Process_2023","yellow"
"Regulation Of Cardiac Conduction (GO:1903779)","1/21",0.0999597740324998,0.256365599952445,0,0,10.040404040404,23.1229243332888,"ANK2","GO_Biological_Process_2023","yellow"
"Monoatomic Ion Transport (GO:0006811)","2/107",0.10023386700467,0.256365599952445,0,0,3.84742468415938,8.85003537243058,"TMEM63C;SLC26A3","GO_Biological_Process_2023","yellow"
"Positive Regulation Of DNA Metabolic Process (GO:0051054)","2/108",0.101805071977306,0.256365599952445,0,0,3.81093569503273,8.70682707358352,"YY1;INO80D","GO_Biological_Process_2023","yellow"
"Fc-epsilon Receptor Signaling Pathway (GO:0038095)","1/22",0.104464697819105,0.256365599952445,0,0,9.56180856180856,21.5992275397069,"MAP2K4","GO_Biological_Process_2023","yellow"
"Regulation Of Histone Acetylation (GO:0035065)","1/22",0.104464697819105,0.256365599952445,0,0,9.56180856180856,21.5992275397069,"CTBP1","GO_Biological_Process_2023","yellow"
"Regulation Of Intracellular Steroid Hormone Receptor Signaling Pathway (GO:0033143)","1/22",0.104464697819105,0.256365599952445,0,0,9.56180856180856,21.5992275397069,"CARM1","GO_Biological_Process_2023","yellow"
"Regulation Of Protein Export From Nucleus (GO:0046825)","1/22",0.104464697819105,0.256365599952445,0,0,9.56180856180856,21.5992275397069,"EMD","GO_Biological_Process_2023","yellow"
"Cellular Response To Cadmium Ion (GO:0071276)","1/22",0.104464697819105,0.256365599952445,0,0,9.56180856180856,21.5992275397069,"MAPK1","GO_Biological_Process_2023","yellow"
"Regulation Of Telomere Capping (GO:1904353)","1/22",0.104464697819105,0.256365599952445,0,0,9.56180856180856,21.5992275397069,"MAPK1","GO_Biological_Process_2023","yellow"
"Platelet Dense Granule Organization (GO:0060155)","1/22",0.104464697819105,0.256365599952445,0,0,9.56180856180856,21.5992275397069,"AP1M1","GO_Biological_Process_2023","yellow"
"Glucose Transmembrane Transport (GO:1904659)","1/22",0.104464697819105,0.256365599952445,0,0,9.56180856180856,21.5992275397069,"SLC2A6","GO_Biological_Process_2023","yellow"
"Hexose Transmembrane Transport (GO:0008645)","1/22",0.104464697819105,0.256365599952445,0,0,9.56180856180856,21.5992275397069,"SLC2A6","GO_Biological_Process_2023","yellow"
"Postreplication Repair (GO:0006301)","1/22",0.104464697819105,0.256365599952445,0,0,9.56180856180856,21.5992275397069,"UBE2A","GO_Biological_Process_2023","yellow"
"Regulation Of Cardiac Muscle Cell Membrane Repolarization (GO:0099623)","1/22",0.104464697819105,0.256365599952445,0,0,9.56180856180856,21.5992275397069,"ANK2","GO_Biological_Process_2023","yellow"
"Double-Strand Break Repair Via Homologous Recombination (GO:0000724)","2/111",0.10655948968071,0.256365599952445,0,0,3.7054858640704,8.29677502072275,"YY1;RPA1","GO_Biological_Process_2023","yellow"
"Small GTPase Mediated Signal Transduction (GO:0007264)","2/112",0.108157545302071,0.256365599952445,0,0,3.67161410018553,8.16628057590409,"RASGEF1B;NUCB1","GO_Biological_Process_2023","yellow"
"Regulation Of Cholesterol Metabolic Process (GO:0090181)","1/23",0.108947297836033,0.256365599952445,0,0,9.1267217630854,20.2329475165344,"TTC39B","GO_Biological_Process_2023","yellow"
"Regulation Of Cholesterol Transport (GO:0032374)","1/23",0.108947297836033,0.256365599952445,0,0,9.1267217630854,20.2329475165344,"TTC39B","GO_Biological_Process_2023","yellow"
"U2-type Prespliceosome Assembly (GO:1903241)","1/23",0.108947297836033,0.256365599952445,0,0,9.1267217630854,20.2329475165344,"SNRPD2","GO_Biological_Process_2023","yellow"
"Negative Regulation Of Protein Depolymerization (GO:1901880)","1/23",0.108947297836033,0.256365599952445,0,0,9.1267217630854,20.2329475165344,"FGF13","GO_Biological_Process_2023","yellow"
"Positive Regulation Of Cell-Substrate Junction Organization (GO:0150117)","1/23",0.108947297836033,0.256365599952445,0,0,9.1267217630854,20.2329475165344,"MAPRE2","GO_Biological_Process_2023","yellow"
"Positive Regulation Of Epithelial Cell Apoptotic Process (GO:1904037)","1/23",0.108947297836033,0.256365599952445,0,0,9.1267217630854,20.2329475165344,"CARM1","GO_Biological_Process_2023","yellow"
"Positive Regulation Of Lamellipodium Assembly (GO:0010592)","1/23",0.108947297836033,0.256365599952445,0,0,9.1267217630854,20.2329475165344,"AKIRIN1","GO_Biological_Process_2023","yellow"
"Positive Regulation Of mRNA Splicing, Via Spliceosome (GO:0048026)","1/23",0.108947297836033,0.256365599952445,0,0,9.1267217630854,20.2329475165344,"CELF4","GO_Biological_Process_2023","yellow"
"Translesion Synthesis (GO:0019985)","1/23",0.108947297836033,0.256365599952445,0,0,9.1267217630854,20.2329475165344,"POLDIP2","GO_Biological_Process_2023","yellow"
"Hepaticobiliary System Development (GO:0061008)","1/23",0.108947297836033,0.256365599952445,0,0,9.1267217630854,20.2329475165344,"PHF1","GO_Biological_Process_2023","yellow"
"Protein Targeting To ER (GO:0045047)","1/23",0.108947297836033,0.256365599952445,0,0,9.1267217630854,20.2329475165344,"SEC61A1","GO_Biological_Process_2023","yellow"
"Negative Regulation Of Actin Filament Polymerization (GO:0030837)","1/23",0.108947297836033,0.256365599952445,0,0,9.1267217630854,20.2329475165344,"MYADM","GO_Biological_Process_2023","yellow"
"Regulation Of Cardiac Muscle Hypertrophy (GO:0010611)","1/23",0.108947297836033,0.256365599952445,0,0,9.1267217630854,20.2329475165344,"MTPN","GO_Biological_Process_2023","yellow"
"ERK1 And ERK2 Cascade (GO:0070371)","1/24",0.113407683581024,0.261431084534163,0,0,8.72946859903382,19.0020116101552,"MAPK1","GO_Biological_Process_2023","yellow"
"Regulation Of Heterotypic Cell-Cell Adhesion (GO:0034114)","1/24",0.113407683581024,0.261431084534163,0,0,8.72946859903382,19.0020116101552,"MYADM","GO_Biological_Process_2023","yellow"
"Regulation Of Microtubule Depolymerization (GO:0031114)","1/24",0.113407683581024,0.261431084534163,0,0,8.72946859903382,19.0020116101552,"FGF13","GO_Biological_Process_2023","yellow"
"Regulation Of Ryanodine-Sensitive Calcium-Release Channel Activity (GO:0060314)","1/24",0.113407683581024,0.261431084534163,0,0,8.72946859903382,19.0020116101552,"SRI","GO_Biological_Process_2023","yellow"
"Stress Granule Assembly (GO:0034063)","1/24",0.113407683581024,0.261431084534163,0,0,8.72946859903382,19.0020116101552,"OGFOD1","GO_Biological_Process_2023","yellow"
"Positive Regulation Of Peptidyl-Threonine Phosphorylation (GO:0010800)","1/24",0.113407683581024,0.261431084534163,0,0,8.72946859903382,19.0020116101552,"MAPK1","GO_Biological_Process_2023","yellow"
"Iron Ion Transport (GO:0006826)","1/24",0.113407683581024,0.261431084534163,0,0,8.72946859903382,19.0020116101552,"RAB11B","GO_Biological_Process_2023","yellow"
"Regulation Of Intracellular Estrogen Receptor Signaling Pathway (GO:0033146)","1/25",0.117845964040422,0.264736117518568,0,0,8.36531986531987,17.8882067340701,"CARM1","GO_Biological_Process_2023","yellow"
"Negative Regulation Of Protein Transport (GO:0051224)","1/25",0.117845964040422,0.264736117518568,0,0,8.36531986531987,17.8882067340701,"HMGCR","GO_Biological_Process_2023","yellow"
"Bile Acid Biosynthetic Process (GO:0006699)","1/25",0.117845964040422,0.264736117518568,0,0,8.36531986531987,17.8882067340701,"SCP2","GO_Biological_Process_2023","yellow"
"Organophosphate Ester Transport (GO:0015748)","1/25",0.117845964040422,0.264736117518568,0,0,8.36531986531987,17.8882067340701,"SCP2","GO_Biological_Process_2023","yellow"
"Regulation Of Synapse Organization (GO:0050807)","1/25",0.117845964040422,0.264736117518568,0,0,8.36531986531987,17.8882067340701,"SLITRK4","GO_Biological_Process_2023","yellow"
"Cellular Response To Steroid Hormone Stimulus (GO:0071383)","1/25",0.117845964040422,0.264736117518568,0,0,8.36531986531987,17.8882067340701,"MAPK1","GO_Biological_Process_2023","yellow"
"Secretory Granule Organization (GO:0033363)","1/25",0.117845964040422,0.264736117518568,0,0,8.36531986531987,17.8882067340701,"AP1M1","GO_Biological_Process_2023","yellow"
"Mismatch Repair (GO:0006298)","1/25",0.117845964040422,0.264736117518568,0,0,8.36531986531987,17.8882067340701,"RPA1","GO_Biological_Process_2023","yellow"
"Regulation Of Cell Size (GO:0008361)","1/25",0.117845964040422,0.264736117518568,0,0,8.36531986531987,17.8882067340701,"MTPN","GO_Biological_Process_2023","yellow"
"Fc Receptor Signaling Pathway (GO:0038093)","1/26",0.122262247628669,0.267828625330206,0,0,8.03030303030303,16.8763802180029,"MAP2K4","GO_Biological_Process_2023","yellow"
"L-amino Acid Transport (GO:0015807)","1/26",0.122262247628669,0.267828625330206,0,0,8.03030303030303,16.8763802180029,"SFXN1","GO_Biological_Process_2023","yellow"
"Negative Regulation Of Protein Polymerization (GO:0032272)","1/26",0.122262247628669,0.267828625330206,0,0,8.03030303030303,16.8763802180029,"MYADM","GO_Biological_Process_2023","yellow"
"Antigen Processing And Presentation Of Exogenous Peptide Antigen Via MHC Class II (GO:0019886)","1/26",0.122262247628669,0.267828625330206,0,0,8.03030303030303,16.8763802180029,"GNAO1","GO_Biological_Process_2023","yellow"
"Regulation Of Nucleotide-Excision Repair (GO:2000819)","1/26",0.122262247628669,0.267828625330206,0,0,8.03030303030303,16.8763802180029,"BCL7B","GO_Biological_Process_2023","yellow"
"Nuclear Membrane Organization (GO:0071763)","1/26",0.122262247628669,0.267828625330206,0,0,8.03030303030303,16.8763802180029,"EMD","GO_Biological_Process_2023","yellow"
"Regulation Of Potassium Ion Transmembrane Transporter Activity (GO:1901016)","1/26",0.122262247628669,0.267828625330206,0,0,8.03030303030303,16.8763802180029,"ANK2","GO_Biological_Process_2023","yellow"
"Calcium-Ion Regulated Exocytosis (GO:0017156)","1/26",0.122262247628669,0.267828625330206,0,0,8.03030303030303,16.8763802180029,"SDF4","GO_Biological_Process_2023","yellow"
"Protein Localization To Cell Surface (GO:0034394)","1/26",0.122262247628669,0.267828625330206,0,0,8.03030303030303,16.8763802180029,"ANK2","GO_Biological_Process_2023","yellow"
"Fatty Acid Metabolic Process (GO:0006631)","2/122",0.124476246905678,0.268552720176849,0,0,3.36394557823129,7.00925280654715,"ELOVL4;MSMO1","GO_Biological_Process_2023","yellow"
"Positive Regulation Of Macromolecule Biosynthetic Process (GO:0010557)","2/122",0.124476246905678,0.268552720176849,0,0,3.36394557823129,7.00925280654715,"MTPN;FXR2","GO_Biological_Process_2023","yellow"
"Protein Localization To Nucleus (GO:0034504)","2/122",0.124476246905678,0.268552720176849,0,0,3.36394557823129,7.00925280654715,"KPNA5;TNPO2","GO_Biological_Process_2023","yellow"
"DNA Damage Response (GO:0006974)","4/384",0.126436028558344,0.268552720176849,0,0,2.14035087719298,4.42628585653043,"YY1;PHF1;RPA1;UBE2A","GO_Biological_Process_2023","yellow"
"Negative Regulation Of Neurogenesis (GO:0050768)","1/27",0.126656642302827,0.268552720176849,0,0,7.72105672105672,15.9538300108164,"RUFY3","GO_Biological_Process_2023","yellow"
"Regulation Of Microtubule Polymerization Or Depolymerization (GO:0031110)","1/27",0.126656642302827,0.268552720176849,0,0,7.72105672105672,15.9538300108164,"MAPRE2","GO_Biological_Process_2023","yellow"
"Regulation Of Mitochondrial Fission (GO:0090140)","1/27",0.126656642302827,0.268552720176849,0,0,7.72105672105672,15.9538300108164,"INF2","GO_Biological_Process_2023","yellow"
"Peptidyl-Proline Modification (GO:0018208)","1/27",0.126656642302827,0.268552720176849,0,0,7.72105672105672,15.9538300108164,"OGFOD1","GO_Biological_Process_2023","yellow"
"Chaperone Cofactor-Dependent Protein Refolding (GO:0051085)","1/27",0.126656642302827,0.268552720176849,0,0,7.72105672105672,15.9538300108164,"DNAJB1","GO_Biological_Process_2023","yellow"
"Positive Regulation Of TORC1 Signaling (GO:1904263)","1/27",0.126656642302827,0.268552720176849,0,0,7.72105672105672,15.9538300108164,"TELO2","GO_Biological_Process_2023","yellow"
"Positive Regulation Of Calcium Ion Transmembrane Transporter Activity (GO:1901021)","1/27",0.126656642302827,0.268552720176849,0,0,7.72105672105672,15.9538300108164,"ANK2","GO_Biological_Process_2023","yellow"
"Microtubule Polymerization Or Depolymerization (GO:0031109)","1/27",0.126656642302827,0.268552720176849,0,0,7.72105672105672,15.9538300108164,"FGF13","GO_Biological_Process_2023","yellow"
"Regulation Of DNA Metabolic Process (GO:0051052)","2/124",0.127808625420924,0.270272639890113,0,0,3.3084643693543,6.80624319809133,"YY1;INO80D","GO_Biological_Process_2023","yellow"
"Negative Regulation Of Cell Growth (GO:0030308)","2/125",0.129482770614753,0.270863389954689,0,0,3.28140036502406,6.70786307963644,"DNAJB2;FGF13","GO_Biological_Process_2023","yellow"
"Regulation Of Chemotaxis (GO:0050920)","1/28",0.131029255394866,0.270863389954689,0,0,7.43471754582866,15.1098341340557,"NOVA2","GO_Biological_Process_2023","yellow"
"Antigen Processing And Presentation Of Peptide Antigen Via MHC Class II (GO:0002495)","1/28",0.131029255394866,0.270863389954689,0,0,7.43471754582866,15.1098341340557,"GNAO1","GO_Biological_Process_2023","yellow"
"Regulation Of Monoatomic Ion Transport (GO:0043269)","1/28",0.131029255394866,0.270863389954689,0,0,7.43471754582866,15.1098341340557,"RAB11B","GO_Biological_Process_2023","yellow"
"Establishment Of Endothelial Barrier (GO:0061028)","1/28",0.131029255394866,0.270863389954689,0,0,7.43471754582866,15.1098341340557,"MYADM","GO_Biological_Process_2023","yellow"
"Positive Regulation Of mRNA Processing (GO:0050685)","1/28",0.131029255394866,0.270863389954689,0,0,7.43471754582866,15.1098341340557,"CELF4","GO_Biological_Process_2023","yellow"
"Negative Regulation Of Cation Channel Activity (GO:2001258)","1/28",0.131029255394866,0.270863389954689,0,0,7.43471754582866,15.1098341340557,"SRI","GO_Biological_Process_2023","yellow"
"Negative Regulation Of Cytoskeleton Organization (GO:0051494)","1/28",0.131029255394866,0.270863389954689,0,0,7.43471754582866,15.1098341340557,"MYADM","GO_Biological_Process_2023","yellow"
"Positive Regulation Of Intracellular Protein Transport (GO:0090316)","2/126",0.131162095513998,0.270863389954689,0,0,3.25477287689269,6.61148963539459,"RUFY3;EMD","GO_Biological_Process_2023","yellow"
"Regulation Of Anatomical Structure Morphogenesis (GO:0022603)","2/127",0.132846507942149,0.271788591649097,0,0,3.22857142857143,6.5170680254594,"INF2;RUFY3","GO_Biological_Process_2023","yellow"
"JNK Cascade (GO:0007254)","1/29",0.13538019382269,0.271788591649097,0,0,7.16883116883117,14.3352837783296,"MAP2K4","GO_Biological_Process_2023","yellow"
"Regulation Of Muscle Contraction (GO:0006937)","1/29",0.13538019382269,0.271788591649097,0,0,7.16883116883117,14.3352837783296,"SRI","GO_Biological_Process_2023","yellow"
"Organic Cyclic Compound Biosynthetic Process (GO:1901362)","1/29",0.13538019382269,0.271788591649097,0,0,7.16883116883117,14.3352837783296,"SCP2","GO_Biological_Process_2023","yellow"
"Regulation Of Protein Modification By Small Protein Conjugation Or Removal (GO:1903320)","1/29",0.13538019382269,0.271788591649097,0,0,7.16883116883117,14.3352837783296,"DNAJB2","GO_Biological_Process_2023","yellow"
"Regulation Of Striated Muscle Contraction (GO:0006942)","1/29",0.13538019382269,0.271788591649097,0,0,7.16883116883117,14.3352837783296,"SRI","GO_Biological_Process_2023","yellow"
"Regulation Of Voltage-Gated Calcium Channel Activity (GO:1901385)","1/29",0.13538019382269,0.271788591649097,0,0,7.16883116883117,14.3352837783296,"SRI","GO_Biological_Process_2023","yellow"
"Response To Alcohol (GO:0097305)","1/29",0.13538019382269,0.271788591649097,0,0,7.16883116883117,14.3352837783296,"SDF4","GO_Biological_Process_2023","yellow"
"Protein K11-linked Ubiquitination (GO:0070979)","1/29",0.13538019382269,0.271788591649097,0,0,7.16883116883117,14.3352837783296,"UBE2A","GO_Biological_Process_2023","yellow"
"mRNA Splice Site Recognition (GO:0006376)","1/29",0.13538019382269,0.271788591649097,0,0,7.16883116883117,14.3352837783296,"CELF4","GO_Biological_Process_2023","yellow"
"Protein Insertion Into ER Membrane (GO:0045048)","1/29",0.13538019382269,0.271788591649097,0,0,7.16883116883117,14.3352837783296,"SEC61A1","GO_Biological_Process_2023","yellow"
"Protein Targeting (GO:0006605)","2/129",0.136230230372323,0.272804476477909,0,0,3.17740639562912,6.33387036002479,"SEC61A1;ICMT","GO_Biological_Process_2023","yellow"
"Regulation Of Potassium Ion Transport (GO:0043266)","1/30",0.139709563918842,0.275421755020245,0,0,6.92128178335075,13.6223945108193,"ANK2","GO_Biological_Process_2023","yellow"
"Phospholipid Dephosphorylation (GO:0046839)","1/30",0.139709563918842,0.275421755020245,0,0,6.92128178335075,13.6223945108193,"SACM1L","GO_Biological_Process_2023","yellow"
"Response To Epidermal Growth Factor (GO:0070849)","1/30",0.139709563918842,0.275421755020245,0,0,6.92128178335075,13.6223945108193,"MAPK1","GO_Biological_Process_2023","yellow"
"Cytoplasmic Translational Initiation (GO:0002183)","1/30",0.139709563918842,0.275421755020245,0,0,6.92128178335075,13.6223945108193,"EIF4A1","GO_Biological_Process_2023","yellow"
"Immunoglobulin Mediated Immune Response (GO:0016064)","1/30",0.139709563918842,0.275421755020245,0,0,6.92128178335075,13.6223945108193,"GNAO1","GO_Biological_Process_2023","yellow"
"Negative Regulation Of Calcium Ion Transmembrane Transporter Activity (GO:1901020)","1/30",0.139709563918842,0.275421755020245,0,0,6.92128178335075,13.6223945108193,"SRI","GO_Biological_Process_2023","yellow"
"Negative Regulation Of Developmental Growth (GO:0048640)","1/31",0.144017471501311,0.275421755020245,0,0,6.69023569023569,12.9644769200402,"FGF13","GO_Biological_Process_2023","yellow"
"Negative Regulation Of Microtubule Polymerization Or Depolymerization (GO:0031111)","1/31",0.144017471501311,0.275421755020245,0,0,6.69023569023569,12.9644769200402,"FGF13","GO_Biological_Process_2023","yellow"
"Actin Filament Polymerization (GO:0030041)","1/31",0.144017471501311,0.275421755020245,0,0,6.69023569023569,12.9644769200402,"INF2","GO_Biological_Process_2023","yellow"
"acyl-CoA Metabolic Process (GO:0006637)","1/31",0.144017471501311,0.275421755020245,0,0,6.69023569023569,12.9644769200402,"OGDH","GO_Biological_Process_2023","yellow"
"Antigen Processing And Presentation Of Exogenous Peptide Antigen (GO:0002478)","1/31",0.144017471501311,0.275421755020245,0,0,6.69023569023569,12.9644769200402,"GNAO1","GO_Biological_Process_2023","yellow"
"Bile Acid Metabolic Process (GO:0008206)","1/31",0.144017471501311,0.275421755020245,0,0,6.69023569023569,12.9644769200402,"SCP2","GO_Biological_Process_2023","yellow"
"Regulation Of Protein Localization To Cell Surface (GO:2000008)","1/31",0.144017471501311,0.275421755020245,0,0,6.69023569023569,12.9644769200402,"RAB11B","GO_Biological_Process_2023","yellow"
"Cellular Response To cAMP (GO:0071320)","1/31",0.144017471501311,0.275421755020245,0,0,6.69023569023569,12.9644769200402,"SLC26A3","GO_Biological_Process_2023","yellow"
"Central Nervous System Neuron Differentiation (GO:0021953)","1/31",0.144017471501311,0.275421755020245,0,0,6.69023569023569,12.9644769200402,"NOVA2","GO_Biological_Process_2023","yellow"
"Positive Regulation Of Cholesterol Transport (GO:0032376)","1/31",0.144017471501311,0.275421755020245,0,0,6.69023569023569,12.9644769200402,"SCP2","GO_Biological_Process_2023","yellow"
"Positive Regulation Of Lamellipodium Organization (GO:1902745)","1/31",0.144017471501311,0.275421755020245,0,0,6.69023569023569,12.9644769200402,"AKIRIN1","GO_Biological_Process_2023","yellow"
"Antigen Receptor-Mediated Signaling Pathway (GO:0050851)","2/134",0.144772261600204,0.275421755020245,0,0,3.05627705627706,5.90654080920543,"GNAO1;BTN2A1","GO_Biological_Process_2023","yellow"
"Non-Membrane-Bounded Organelle Assembly (GO:0140694)","2/135",0.146494146719129,0.275421755020245,0,0,3.03314408470155,5.82597157350083,"OGFOD1;MAPRE2","GO_Biological_Process_2023","yellow"
"Regulation Of Protein Phosphorylation (GO:0001932)","3/265",0.147219926732178,0.275421755020245,0,0,2.31817108680255,4.44121640468074,"FXR2;MYADM;FKBP8","GO_Biological_Process_2023","yellow"
"'De Novo' Post-Translational Protein Folding (GO:0051084)","1/32",0.148304021933978,0.275421755020245,0,0,6.47409579667644,12.3557529781019,"DNAJB1","GO_Biological_Process_2023","yellow"
"Regulation Of Cholesterol Efflux (GO:0010874)","1/32",0.148304021933978,0.275421755020245,0,0,6.47409579667644,12.3557529781019,"TTC39B","GO_Biological_Process_2023","yellow"
"Regulation Of Metaphase/Anaphase Transition Of Cell Cycle (GO:1902099)","1/32",0.148304021933978,0.275421755020245,0,0,6.47409579667644,12.3557529781019,"BCL7B","GO_Biological_Process_2023","yellow"
"Regulation Of Transcription By RNA Polymerase I (GO:0006356)","1/32",0.148304021933978,0.275421755020245,0,0,6.47409579667644,12.3557529781019,"CARM1","GO_Biological_Process_2023","yellow"
"Transition Metal Ion Transport (GO:0000041)","1/32",0.148304021933978,0.275421755020245,0,0,6.47409579667644,12.3557529781019,"ATP2C1","GO_Biological_Process_2023","yellow"
"Very Long-Chain Fatty Acid Metabolic Process (GO:0000038)","1/32",0.148304021933978,0.275421755020245,0,0,6.47409579667644,12.3557529781019,"ELOVL4","GO_Biological_Process_2023","yellow"
"Heterochromatin Formation (GO:0031507)","1/32",0.148304021933978,0.275421755020245,0,0,6.47409579667644,12.3557529781019,"CTBP1","GO_Biological_Process_2023","yellow"
"Positive Regulation Of Synapse Assembly (GO:0051965)","1/32",0.148304021933978,0.275421755020245,0,0,6.47409579667644,12.3557529781019,"SLITRK4","GO_Biological_Process_2023","yellow"
"Positive Regulation Of Telomere Maintenance Via Telomerase (GO:0032212)","1/32",0.148304021933978,0.275421755020245,0,0,6.47409579667644,12.3557529781019,"MAPK1","GO_Biological_Process_2023","yellow"
"Muscle Cell Development (GO:0055001)","1/32",0.148304021933978,0.275421755020245,0,0,6.47409579667644,12.3557529781019,"ANK2","GO_Biological_Process_2023","yellow"
"Regulation Of Calcium Ion Transmembrane Transporter Activity (GO:1901019)","1/32",0.148304021933978,0.275421755020245,0,0,6.47409579667644,12.3557529781019,"ANK2","GO_Biological_Process_2023","yellow"
"Vesicle-Mediated Transport (GO:0016192)","4/411",0.150650528601355,0.277494198985704,0,0,1.99559787059787,3.77725269167888,"EHD1;TOM1;AMPH;AP1M1","GO_Biological_Process_2023","yellow"
"Actin Filament Bundle Assembly (GO:0051017)","1/33",0.152569319997184,0.277494198985704,0,0,6.27146464646465,11.7912078898077,"PLS3","GO_Biological_Process_2023","yellow"
"Actin Filament Bundle Organization (GO:0061572)","1/33",0.152569319997184,0.277494198985704,0,0,6.27146464646465,11.7912078898077,"PLS3","GO_Biological_Process_2023","yellow"
"Regulation Of Lamellipodium Assembly (GO:0010591)","1/33",0.152569319997184,0.277494198985704,0,0,6.27146464646465,11.7912078898077,"AKIRIN1","GO_Biological_Process_2023","yellow"
"Positive Regulation Of Ion Transmembrane Transporter Activity (GO:0032414)","1/33",0.152569319997184,0.277494198985704,0,0,6.27146464646465,11.7912078898077,"ANK2","GO_Biological_Process_2023","yellow"
"Positive Regulation Of Nitrogen Compound Metabolic Process (GO:0051173)","1/33",0.152569319997184,0.277494198985704,0,0,6.27146464646465,11.7912078898077,"MTPN","GO_Biological_Process_2023","yellow"
"Positive Regulation Of Telomerase Activity (GO:0051973)","1/33",0.152569319997184,0.277494198985704,0,0,6.27146464646465,11.7912078898077,"MAPK1","GO_Biological_Process_2023","yellow"
"Protein K63-linked Deubiquitination (GO:0070536)","1/33",0.152569319997184,0.277494198985704,0,0,6.27146464646465,11.7912078898077,"SPATA2","GO_Biological_Process_2023","yellow"
"Regulation Of G0 To G1 Transition (GO:0070316)","1/33",0.152569319997184,0.277494198985704,0,0,6.27146464646465,11.7912078898077,"BCL7B","GO_Biological_Process_2023","yellow"
"Intracellular Calcium Ion Homeostasis (GO:0006874)","2/139",0.1534237633251,0.277573843148624,0,0,2.94398927454193,5.51865948464525,"ANK2;ATP2C1","GO_Biological_Process_2023","yellow"
"Negative Regulation Of Mitotic Cell Cycle (GO:0045930)","1/34",0.156813470025957,0.277573843148624,0,0,6.08111417202326,11.2664696999635,"TOM1L2","GO_Biological_Process_2023","yellow"
"Regulation Of Metal Ion Transport (GO:0010959)","1/34",0.156813470025957,0.277573843148624,0,0,6.08111417202326,11.2664696999635,"SRI","GO_Biological_Process_2023","yellow"
"Cellular Response To Glucose Stimulus (GO:0071333)","1/34",0.156813470025957,0.277573843148624,0,0,6.08111417202326,11.2664696999635,"RAB11B","GO_Biological_Process_2023","yellow"
"Sister Chromatid Segregation (GO:0000819)","1/34",0.156813470025957,0.277573843148624,0,0,6.08111417202326,11.2664696999635,"CHAMP1","GO_Biological_Process_2023","yellow"
"Transcription Initiation-Coupled Chromatin Remodeling (GO:0045815)","1/34",0.156813470025957,0.277573843148624,0,0,6.08111417202326,11.2664696999635,"PHF1","GO_Biological_Process_2023","yellow"
"Positive Regulation Of Organelle Organization (GO:0010638)","1/34",0.156813470025957,0.277573843148624,0,0,6.08111417202326,11.2664696999635,"TOM1","GO_Biological_Process_2023","yellow"
"Positive Regulation Of Transcription By RNA Polymerase I (GO:0045943)","1/34",0.156813470025957,0.277573843148624,0,0,6.08111417202326,11.2664696999635,"CARM1","GO_Biological_Process_2023","yellow"
"Microtubule Polymerization (GO:0046785)","1/34",0.156813470025957,0.277573843148624,0,0,6.08111417202326,11.2664696999635,"FGF13","GO_Biological_Process_2023","yellow"
"Purine Nucleotide Metabolic Process (GO:0006163)","1/34",0.156813470025957,0.277573843148624,0,0,6.08111417202326,11.2664696999635,"AMPD2","GO_Biological_Process_2023","yellow"
"Regulation Of Blood Circulation (GO:1903522)","1/34",0.156813470025957,0.277573843148624,0,0,6.08111417202326,11.2664696999635,"SRI","GO_Biological_Process_2023","yellow"
"Negative Regulation Of Cell Cycle Process (GO:0010948)","1/34",0.156813470025957,0.277573843148624,0,0,6.08111417202326,11.2664696999635,"TOM1L2","GO_Biological_Process_2023","yellow"
"Action Potential (GO:0001508)","1/35",0.161036575774195,0.281902879887277,0,0,5.90196078431373,10.7777108251808,"SRI","GO_Biological_Process_2023","yellow"
"Positive Regulation Of Substrate Adhesion-Dependent Cell Spreading (GO:1900026)","1/35",0.161036575774195,0.281902879887277,0,0,5.90196078431373,10.7777108251808,"MYADM","GO_Biological_Process_2023","yellow"
"Positive Regulation Of Telomere Maintenance Via Telomere Lengthening (GO:1904358)","1/35",0.161036575774195,0.281902879887277,0,0,5.90196078431373,10.7777108251808,"MAPK1","GO_Biological_Process_2023","yellow"
"Liver Development (GO:0001889)","1/35",0.161036575774195,0.281902879887277,0,0,5.90196078431373,10.7777108251808,"PHF1","GO_Biological_Process_2023","yellow"
"Regulation Of Axon Extension (GO:0030516)","1/35",0.161036575774195,0.281902879887277,0,0,5.90196078431373,10.7777108251808,"RUFY3","GO_Biological_Process_2023","yellow"
"Actin Filament Organization (GO:0007015)","2/144",0.162174238541576,0.283269099479009,0,0,2.83960908306985,5.16548737879535,"RUFY3;PLS3","GO_Biological_Process_2023","yellow"
"Regulation Of Intracellular Protein Transport (GO:0033157)","1/36",0.165238740567014,0.286101138143323,0,0,5.73304473304473,10.3215669941692,"RUFY3","GO_Biological_Process_2023","yellow"
"Base-Excision Repair (GO:0006284)","1/36",0.165238740567014,0.286101138143323,0,0,5.73304473304473,10.3215669941692,"RPA1","GO_Biological_Process_2023","yellow"
"Regulation Of Peptidyl-Threonine Phosphorylation (GO:0010799)","1/36",0.165238740567014,0.286101138143323,0,0,5.73304473304473,10.3215669941692,"MAPK1","GO_Biological_Process_2023","yellow"
"Positive Regulation Of RNA Splicing (GO:0033120)","1/36",0.165238740567014,0.286101138143323,0,0,5.73304473304473,10.3215669941692,"CELF4","GO_Biological_Process_2023","yellow"
"Negative Regulation Of Protein Metabolic Process (GO:0051248)","2/147",0.167467830513668,0.289328953371109,0,0,2.78043631245602,4.96853960242873,"FXR2;HMGCR","GO_Biological_Process_2023","yellow"
"Positive Regulation Of Cell Differentiation (GO:0045597)","3/283",0.16874817701987,0.290173030829027,0,0,2.16715758468336,3.85612697682446,"AKIRIN1;LMO3;CARM1","GO_Biological_Process_2023","yellow"
"Regulation Of Sodium Ion Transmembrane Transporter Activity (GO:2000649)","1/37",0.169420067180126,0.290173030829027,0,0,5.57351290684624,9.89507014564132,"FGF13","GO_Biological_Process_2023","yellow"
"Spliceosomal snRNP Assembly (GO:0000387)","1/37",0.169420067180126,0.290173030829027,0,0,5.57351290684624,9.89507014564132,"SNRPD2","GO_Biological_Process_2023","yellow"
"Melanosome Organization (GO:0032438)","1/37",0.169420067180126,0.290173030829027,0,0,5.57351290684624,9.89507014564132,"AP1M1","GO_Biological_Process_2023","yellow"
"Negative Regulation Of Protein Phosphorylation (GO:0001933)","2/149",0.171013633267106,0.29039970831177,0,0,2.74232958489518,4.84298695199844,"MYADM;FKBP8","GO_Biological_Process_2023","yellow"
"Protein Ubiquitination (GO:0016567)","4/434",0.172573934794097,0.29039970831177,0,0,1.88662790697674,3.31467227591773,"KLHL9;KLHL7;KLHL13;UBE2A","GO_Biological_Process_2023","yellow"
"Neuron Development (GO:0048666)","2/150",0.172791328093857,0.29039970831177,0,0,2.72366243794815,4.7818540898178,"EHD1;NOVA2","GO_Biological_Process_2023","yellow"
"protein-RNA Complex Assembly (GO:0022618)","2/150",0.172791328093857,0.29039970831177,0,0,2.72366243794815,4.7818540898178,"SNRPD2;CELF4","GO_Biological_Process_2023","yellow"
"G2/M Transition Of Mitotic Cell Cycle (GO:0000086)","1/38",0.173580657931626,0.29039970831177,0,0,5.42260442260442,9.49559255823113,"UBE2A","GO_Biological_Process_2023","yellow"
"Regulation Of Intracellular Transport (GO:0032386)","1/38",0.173580657931626,0.29039970831177,0,0,5.42260442260442,9.49559255823113,"RAB11B","GO_Biological_Process_2023","yellow"
"Negative Regulation Of Type I Interferon Production (GO:0032480)","1/38",0.173580657931626,0.29039970831177,0,0,5.42260442260442,9.49559255823113,"YY1","GO_Biological_Process_2023","yellow"
"Response To cAMP (GO:0051591)","1/38",0.173580657931626,0.29039970831177,0,0,5.42260442260442,9.49559255823113,"SLC26A3","GO_Biological_Process_2023","yellow"
"Positive Regulation Of Axonogenesis (GO:0050772)","1/38",0.173580657931626,0.29039970831177,0,0,5.42260442260442,9.49559255823113,"RUFY3","GO_Biological_Process_2023","yellow"
"Positive Regulation Of Cation Channel Activity (GO:2001259)","1/38",0.173580657931626,0.29039970831177,0,0,5.42260442260442,9.49559255823113,"ANK2","GO_Biological_Process_2023","yellow"
"Positive Regulation Of Myoblast Differentiation (GO:0045663)","1/38",0.173580657931626,0.29039970831177,0,0,5.42260442260442,9.49559255823113,"AKIRIN1","GO_Biological_Process_2023","yellow"
"Negative Regulation Of Protein Secretion (GO:0050709)","1/39",0.17772061456847,0.294283980586516,0,0,5.27963849016481,9.12080010262218,"HMGCR","GO_Biological_Process_2023","yellow"
"Organelle Transport Along Microtubule (GO:0072384)","1/39",0.17772061456847,0.294283980586516,0,0,5.27963849016481,9.12080010262218,"TMEM201","GO_Biological_Process_2023","yellow"
"Heterochromatin Organization (GO:0070828)","1/39",0.17772061456847,0.294283980586516,0,0,5.27963849016481,9.12080010262218,"CTBP1","GO_Biological_Process_2023","yellow"
"Vitamin Transport (GO:0051180)","1/39",0.17772061456847,0.294283980586516,0,0,5.27963849016481,9.12080010262218,"SLC2A6","GO_Biological_Process_2023","yellow"
"Cellular Response To Growth Factor Stimulus (GO:0071363)","2/155",0.181724756491973,0.294283980586516,0,0,2.63398692810458,4.49163798449718,"EHD1;EMD","GO_Biological_Process_2023","yellow"
"Regulation Of Cytokine-Mediated Signaling Pathway (GO:0001959)","1/40",0.181840038445641,0.294283980586516,0,0,5.14400414400414,8.76861291991989,"SPATA2","GO_Biological_Process_2023","yellow"
"Regulation Of Glycolytic Process (GO:0006110)","1/40",0.181840038445641,0.294283980586516,0,0,5.14400414400414,8.76861291991989,"SLC2A6","GO_Biological_Process_2023","yellow"
"Negative Regulation Of Secretion By Cell (GO:1903531)","1/40",0.181840038445641,0.294283980586516,0,0,5.14400414400414,8.76861291991989,"HMGCR","GO_Biological_Process_2023","yellow"
"Regulation Of Microtubule Cytoskeleton Organization (GO:0070507)","1/40",0.181840038445641,0.294283980586516,0,0,5.14400414400414,8.76861291991989,"MAPRE2","GO_Biological_Process_2023","yellow"
"Cell Cycle G2/M Phase Transition (GO:0044839)","1/40",0.181840038445641,0.294283980586516,0,0,5.14400414400414,8.76861291991989,"UBE2A","GO_Biological_Process_2023","yellow"
"Cellular Response To Heat (GO:0034605)","1/40",0.181840038445641,0.294283980586516,0,0,5.14400414400414,8.76861291991989,"DNAJB1","GO_Biological_Process_2023","yellow"
"Positive Regulation Of Monoatomic Ion Transport (GO:0043270)","1/40",0.181840038445641,0.294283980586516,0,0,5.14400414400414,8.76861291991989,"ANK2","GO_Biological_Process_2023","yellow"
"Positive Regulation Of Stem Cell Population Maintenance (GO:1902459)","1/40",0.181840038445641,0.294283980586516,0,0,5.14400414400414,8.76861291991989,"BCL7B","GO_Biological_Process_2023","yellow"
"Protein Localization To Chromosome (GO:0034502)","1/40",0.181840038445641,0.294283980586516,0,0,5.14400414400414,8.76861291991989,"RPA1","GO_Biological_Process_2023","yellow"
"Protein Localization To Cilium (GO:0061512)","1/40",0.181840038445641,0.294283980586516,0,0,5.14400414400414,8.76861291991989,"EHD1","GO_Biological_Process_2023","yellow"
"Negative Regulation Of Cell-Cell Adhesion (GO:0022408)","1/40",0.181840038445641,0.294283980586516,0,0,5.14400414400414,8.76861291991989,"MYADM","GO_Biological_Process_2023","yellow"
"Regulation Of Heart Rate By Cardiac Conduction (GO:0086091)","1/41",0.185939030336605,0.299086513300056,0,0,5.01515151515152,8.43717221072756,"ANK2","GO_Biological_Process_2023","yellow"
"Response To Amino Acid Starvation (GO:1990928)","1/41",0.185939030336605,0.299086513300056,0,0,5.01515151515152,8.43717221072756,"MAPK1","GO_Biological_Process_2023","yellow"
"Regulation Of Amide Metabolic Process (GO:0034248)","1/41",0.185939030336605,0.299086513300056,0,0,5.01515151515152,8.43717221072756,"MTPN","GO_Biological_Process_2023","yellow"
"Regulation Of Cell Cycle (GO:0051726)","3/298",0.187347769872187,0.300742472689564,0,0,2.0553905294426,3.44234474513738,"YY1;INO80D;CTBP1","GO_Biological_Process_2023","yellow"
"DNA Recombination (GO:0006310)","1/42",0.190017690585897,0.301368057269233,0,0,4.89258438038926,8.12481204328322,"RPA1","GO_Biological_Process_2023","yellow"
"Amino Acid Transmembrane Transport (GO:0003333)","1/42",0.190017690585897,0.301368057269233,0,0,4.89258438038926,8.12481204328322,"SFXN1","GO_Biological_Process_2023","yellow"
"Cellular Response To Amino Acid Starvation (GO:0034198)","1/42",0.190017690585897,0.301368057269233,0,0,4.89258438038926,8.12481204328322,"MAPK1","GO_Biological_Process_2023","yellow"
"Positive Regulation Of Calcium Ion Transmembrane Transport (GO:1904427)","1/42",0.190017690585897,0.301368057269233,0,0,4.89258438038926,8.12481204328322,"ANK2","GO_Biological_Process_2023","yellow"
"Monoatomic Cation Transport (GO:0006812)","1/42",0.190017690585897,0.301368057269233,0,0,4.89258438038926,8.12481204328322,"TMEM63C","GO_Biological_Process_2023","yellow"
"Regulation Of Axonogenesis (GO:0050770)","1/42",0.190017690585897,0.301368057269233,0,0,4.89258438038926,8.12481204328322,"RUFY3","GO_Biological_Process_2023","yellow"
"Regulation Of Filopodium Assembly (GO:0051489)","1/43",0.19407611900782,0.30475715321426,0,0,4.77585377585378,7.83003533696715,"FXR2","GO_Biological_Process_2023","yellow"
"Intracellular Steroid Hormone Receptor Signaling Pathway (GO:0030518)","1/43",0.19407611900782,0.30475715321426,0,0,4.77585377585378,7.83003533696715,"MAPK1","GO_Biological_Process_2023","yellow"
"Learning (GO:0007612)","1/43",0.19407611900782,0.30475715321426,0,0,4.77585377585378,7.83003533696715,"FGF13","GO_Biological_Process_2023","yellow"
"mRNA Destabilization (GO:0061157)","1/43",0.19407611900782,0.30475715321426,0,0,4.77585377585378,7.83003533696715,"FXR2","GO_Biological_Process_2023","yellow"
"Regulation Of Cellular Component Size (GO:0032535)","1/43",0.19407611900782,0.30475715321426,0,0,4.77585377585378,7.83003533696715,"MTPN","GO_Biological_Process_2023","yellow"
"Adenylate Cyclase-Modulating G Protein-Coupled Receptor Signaling Pathway (GO:0007188)","2/163",0.196156627809209,0.307415426586369,0,0,2.50209151983775,4.07551129848272,"GNAO1;GNAI2","GO_Biological_Process_2023","yellow"
"Bone Development (GO:0060348)","1/44",0.1981144149655,0.307445657666617,0,0,4.6645525017618,7.55149331126355,"PLS3","GO_Biological_Process_2023","yellow"
"Positive Regulation Of Biosynthetic Process (GO:0009891)","1/44",0.1981144149655,0.307445657666617,0,0,4.6645525017618,7.55149331126355,"MTPN","GO_Biological_Process_2023","yellow"
"Positive Regulation Of Leukocyte Cell-Cell Adhesion (GO:1903039)","1/44",0.1981144149655,0.307445657666617,0,0,4.6645525017618,7.55149331126355,"GNAO1","GO_Biological_Process_2023","yellow"
"Positive Regulation Of Nucleocytoplasmic Transport (GO:0046824)","1/44",0.1981144149655,0.307445657666617,0,0,4.6645525017618,7.55149331126355,"EMD","GO_Biological_Process_2023","yellow"
"Regulation Of Cell-Substrate Adhesion (GO:0010810)","1/44",0.1981144149655,0.307445657666617,0,0,4.6645525017618,7.55149331126355,"MYADM","GO_Biological_Process_2023","yellow"
"Regulation Of Cellular Metabolic Process (GO:0031323)","1/45",0.202132677279174,0.311850609109699,0,0,4.55831037649219,7.28796784173202,"SLC2A6","GO_Biological_Process_2023","yellow"
"Regulation Of Telomerase Activity (GO:0051972)","1/45",0.202132677279174,0.311850609109699,0,0,4.55831037649219,7.28796784173202,"MAPK1","GO_Biological_Process_2023","yellow"
"Positive Regulation Of mRNA Catabolic Process (GO:0061014)","1/45",0.202132677279174,0.311850609109699,0,0,4.55831037649219,7.28796784173202,"FXR2","GO_Biological_Process_2023","yellow"
"Double-Strand Break Repair (GO:0006302)","2/168",0.20524959092647,0.313639953712269,0,0,2.42611261372019,3.84181852553833,"YY1;RPA1","GO_Biological_Process_2023","yellow"
"Regulation Of Fibroblast Proliferation (GO:0048145)","1/46",0.206131004383124,0.313639953712269,0,0,4.45679012345679,7.03835624820852,"EMD","GO_Biological_Process_2023","yellow"
"Regulation Of mRNA Catabolic Process (GO:0061013)","1/46",0.206131004383124,0.313639953712269,0,0,4.45679012345679,7.03835624820852,"FXR2","GO_Biological_Process_2023","yellow"
"Cardiac Conduction (GO:0061337)","1/46",0.206131004383124,0.313639953712269,0,0,4.45679012345679,7.03835624820852,"ANK2","GO_Biological_Process_2023","yellow"
"Replication Fork Processing (GO:0031297)","1/46",0.206131004383124,0.313639953712269,0,0,4.45679012345679,7.03835624820852,"CARM1","GO_Biological_Process_2023","yellow"
"Intracellular Protein Transmembrane Transport (GO:0065002)","1/46",0.206131004383124,0.313639953712269,0,0,4.45679012345679,7.03835624820852,"SEC61A1","GO_Biological_Process_2023","yellow"
"Negative Regulation Of Cold-Induced Thermogenesis (GO:0120163)","1/46",0.206131004383124,0.313639953712269,0,0,4.45679012345679,7.03835624820852,"NOVA2","GO_Biological_Process_2023","yellow"
"Protein Transport (GO:0015031)","3/313",0.206456564738719,0.313639953712269,0,0,1.95443964083804,3.08345146343952,"EHD1;TOM1;RAB11B","GO_Biological_Process_2023","yellow"
"Positive Regulation Of TOR Signaling (GO:0032008)","1/47",0.210109494168341,0.317971047472318,0,0,4.3596837944664,6.80165814675797,"TELO2","GO_Biological_Process_2023","yellow"
"Positive Regulation Of Lymphocyte Activation (GO:0051251)","1/47",0.210109494168341,0.317971047472318,0,0,4.3596837944664,6.80165814675797,"GNAO1","GO_Biological_Process_2023","yellow"
"Metal Ion Transport (GO:0030001)","2/171",0.210728128748523,0.318299821138245,0,0,2.38268325081512,3.71028211013766,"FGF13;ATP2C1","GO_Biological_Process_2023","yellow"
"Cellular Response To Mechanical Stimulus (GO:0071260)","1/48",0.214068244088033,0.320774362647997,0,0,4.26670964968837,6.57696403663591,"MAP2K4","GO_Biological_Process_2023","yellow"
"Regulation Of Tumor Necrosis Factor-Mediated Signaling Pathway (GO:0010803)","1/48",0.214068244088033,0.320774362647997,0,0,4.26670964968837,6.57696403663591,"SPATA2","GO_Biological_Process_2023","yellow"
"Negative Regulation Of ERK1 And ERK2 Cascade (GO:0070373)","1/48",0.214068244088033,0.320774362647997,0,0,4.26670964968837,6.57696403663591,"LMO3","GO_Biological_Process_2023","yellow"
"Proteasome-Mediated Ubiquitin-Dependent Protein Catabolic Process (GO:0043161)","3/319",0.2142241294885,0.320774362647997,0,0,1.91674279003001,2.95318786852087,"DNAJB2;KCTD2;UBE2A","GO_Biological_Process_2023","yellow"
"Neuron Differentiation (GO:0030182)","2/173",0.21438891828933,0.320774362647997,0,0,2.35457691848669,3.6259626023678,"MTPN;NOVA2","GO_Biological_Process_2023","yellow"
"Regulation Of Mitotic Metaphase/Anaphase Transition (GO:0030071)","1/49",0.21800735103248,0.322608791515237,0,0,4.17760942760943,6.36344537186664,"BCL7B","GO_Biological_Process_2023","yellow"
"Fatty Acid Beta-Oxidation (GO:0006635)","1/49",0.21800735103248,0.322608791515237,0,0,4.17760942760943,6.36344537186664,"SCP2","GO_Biological_Process_2023","yellow"
"Positive Regulation Of Nervous System Development (GO:0051962)","1/49",0.21800735103248,0.322608791515237,0,0,4.17760942760943,6.36344537186664,"SLITRK4","GO_Biological_Process_2023","yellow"
"Unsaturated Fatty Acid Metabolic Process (GO:0033559)","1/49",0.21800735103248,0.322608791515237,0,0,4.17760942760943,6.36344537186664,"SCP2","GO_Biological_Process_2023","yellow"
"Regulation Of Cell Communication (GO:0010646)","1/49",0.21800735103248,0.322608791515237,0,0,4.17760942760943,6.36344537186664,"SRI","GO_Biological_Process_2023","yellow"
"Positive Regulation Of I-kappaB kinase/NF-kappaB Signaling (GO:0043123)","2/175",0.218055879258723,0.322608791515237,0,0,2.32712044355314,3.54421356288015,"SHISA5;ATP2C1","GO_Biological_Process_2023","yellow"
"Positive Regulation Of Gene Expression (GO:0010628)","4/480",0.219401380463062,0.323099936868704,0,0,1.70028011204482,2.57907403522525,"FXR2;PHF1;ELAVL4;ANK2","GO_Biological_Process_2023","yellow"
"Positive Regulation Of Hydrolase Activity (GO:0051345)","2/176",0.219891523272346,0.323099936868704,0,0,2.3136288998358,3.50427075656082,"RASGEF1B;MAPRE2","GO_Biological_Process_2023","yellow"
"Regulation Of Interferon-Beta Production (GO:0032648)","1/50",0.221926911560385,0.323099936868704,0,0,4.09214594928881,6.16034588762116,"YY1","GO_Biological_Process_2023","yellow"
"Dicarboxylic Acid Metabolic Process (GO:0043648)","1/50",0.221926911560385,0.323099936868704,0,0,4.09214594928881,6.16034588762116,"OGDH","GO_Biological_Process_2023","yellow"
"Positive Regulation Of Developmental Growth (GO:0048639)","1/50",0.221926911560385,0.323099936868704,0,0,4.09214594928881,6.16034588762116,"RUFY3","GO_Biological_Process_2023","yellow"
"Mitotic Metaphase Plate Congression (GO:0007080)","1/50",0.221926911560385,0.323099936868704,0,0,4.09214594928881,6.16034588762116,"CHAMP1","GO_Biological_Process_2023","yellow"
"Regulation Of TORC1 Signaling (GO:1903432)","1/50",0.221926911560385,0.323099936868704,0,0,4.09214594928881,6.16034588762116,"TELO2","GO_Biological_Process_2023","yellow"
"Negative Regulation Of Cell Projection Organization (GO:0031345)","1/50",0.221926911560385,0.323099936868704,0,0,4.09214594928881,6.16034588762116,"CRMP1","GO_Biological_Process_2023","yellow"
"Intracellular Protein Transport (GO:0006886)","3/325",0.222054811593246,0.323099936868704,0,0,1.88045079080489,2.82976069760017,"EHD1;KPNA5;TNPO2","GO_Biological_Process_2023","yellow"
"Negative Regulation Of Gene Expression, Epigenetic (GO:0045814)","1/51",0.225827021656465,0.324421790169524,0,0,4.01010101010101,5.96697401593565,"CTBP1","GO_Biological_Process_2023","yellow"
"Regulation Of Stress-Activated MAPK Cascade (GO:0032872)","1/51",0.225827021656465,0.324421790169524,0,0,4.01010101010101,5.96697401593565,"MAPK1","GO_Biological_Process_2023","yellow"
"Regulation Of Substrate Adhesion-Dependent Cell Spreading (GO:1900024)","1/51",0.225827021656465,0.324421790169524,0,0,4.01010101010101,5.96697401593565,"MYADM","GO_Biological_Process_2023","yellow"
"Regulation Of Synapse Assembly (GO:0051963)","1/51",0.225827021656465,0.324421790169524,0,0,4.01010101010101,5.96697401593565,"SLITRK4","GO_Biological_Process_2023","yellow"
"Regulation Of Telomere Maintenance Via Telomerase (GO:0032210)","1/51",0.225827021656465,0.324421790169524,0,0,4.01010101010101,5.96697401593565,"MAPK1","GO_Biological_Process_2023","yellow"
"Positive Regulation Of Ras Protein Signal Transduction (GO:0046579)","1/51",0.225827021656465,0.324421790169524,0,0,4.01010101010101,5.96697401593565,"MAPRE2","GO_Biological_Process_2023","yellow"
"Positive Regulation Of Protein Localization To Plasma Membrane (GO:1903078)","1/51",0.225827021656465,0.324421790169524,0,0,4.01010101010101,5.96697401593565,"ATP2C1","GO_Biological_Process_2023","yellow"
"RNA Splicing, Via Transesterification Reactions With Bulged Adenosine As Nucleophile (GO:0000377)","2/180",0.227247144429194,0.32587158324114,0,0,2.26117862875487,3.35042706699839,"SNRPD2;NOVA2","GO_Biological_Process_2023","yellow"
"Adenylate Cyclase-Inhibiting G Protein-Coupled Receptor Signaling Pathway (GO:0007193)","1/52",0.229707776816989,0.328213093722292,0,0,3.93127351950881,5.78269622196604,"GNAI2","GO_Biological_Process_2023","yellow"
"Fatty Acid Oxidation (GO:0019395)","1/52",0.229707776816989,0.328213093722292,0,0,3.93127351950881,5.78269622196604,"SCP2","GO_Biological_Process_2023","yellow"
"RNA Processing (GO:0006396)","2/183",0.232775941528175,0.330161199419004,0,0,2.22336227308603,3.24094830013958,"SNRPD2;ELAVL4","GO_Biological_Process_2023","yellow"
"Negative Regulation Of Metabolic Process (GO:0009892)","1/53",0.233569272224541,0.330161199419004,0,0,3.85547785547786,5.60693113764998,"NOVA2","GO_Biological_Process_2023","yellow"
"Actin Cytoskeleton Reorganization (GO:0031532)","1/53",0.233569272224541,0.330161199419004,0,0,3.85547785547786,5.60693113764998,"ATP2C1","GO_Biological_Process_2023","yellow"
"Actin Polymerization Or Depolymerization (GO:0008154)","1/53",0.233569272224541,0.330161199419004,0,0,3.85547785547786,5.60693113764998,"INF2","GO_Biological_Process_2023","yellow"
"Regulation Of Macromolecule Biosynthetic Process (GO:0010556)","1/53",0.233569272224541,0.330161199419004,0,0,3.85547785547786,5.60693113764998,"MTPN","GO_Biological_Process_2023","yellow"
"mRNA Stabilization (GO:0048255)","1/53",0.233569272224541,0.330161199419004,0,0,3.85547785547786,5.60693113764998,"ELAVL4","GO_Biological_Process_2023","yellow"
"Negative Regulation Of Gene Expression (GO:0010629)","3/336",0.23655820974643,0.332627916502394,0,0,1.81731215751834,2.61976627900037,"YY1;FXR2;MYADM","GO_Biological_Process_2023","yellow"
"ERBB Signaling Pathway (GO:0038127)","1/54",0.237411602446854,0.332627916502394,0,0,3.78254240518391,5.43914439332398,"MAPK1","GO_Biological_Process_2023","yellow"
"Negative Regulation Of Protein Catabolic Process (GO:0042177)","1/54",0.237411602446854,0.332627916502394,0,0,3.78254240518391,5.43914439332398,"HMGCR","GO_Biological_Process_2023","yellow"
"Regulation Of Myoblast Differentiation (GO:0045661)","1/54",0.237411602446854,0.332627916502394,0,0,3.78254240518391,5.43914439332398,"AKIRIN1","GO_Biological_Process_2023","yellow"
"Endoplasmic Reticulum Organization (GO:0007029)","1/54",0.237411602446854,0.332627916502394,0,0,3.78254240518391,5.43914439332398,"SEC61A1","GO_Biological_Process_2023","yellow"
"Negative Regulation Of Macromolecule Metabolic Process (GO:0010605)","2/186",0.238313406174166,0.333302523979037,0,0,2.18677905944987,3.13620994728774,"YY1;MYADM","GO_Biological_Process_2023","yellow"
"Neuron Migration (GO:0001764)","1/55",0.241234861655302,0.336202540057389,0,0,3.71230826786382,5.27884403782842,"FGF13","GO_Biological_Process_2023","yellow"
"Purine Ribonucleotide Biosynthetic Process (GO:0009152)","1/55",0.241234861655302,0.336202540057389,0,0,3.71230826786382,5.27884403782842,"AMPD2","GO_Biological_Process_2023","yellow"
"Regulation Of Mitotic Nuclear Division (GO:0007088)","1/56",0.245039143568043,0.339713358128424,0,0,3.64462809917355,5.12557648253206,"TOM1L2","GO_Biological_Process_2023","yellow"
"Nucleotide-Excision Repair (GO:0006289)","1/56",0.245039143568043,0.339713358128424,0,0,3.64462809917355,5.12557648253206,"RPA1","GO_Biological_Process_2023","yellow"
"Regulation Of Stem Cell Population Maintenance (GO:2000036)","1/56",0.245039143568043,0.339713358128424,0,0,3.64462809917355,5.12557648253206,"BCL7B","GO_Biological_Process_2023","yellow"
"Intracellular Monoatomic Cation Homeostasis (GO:0030003)","2/190",0.245707634706595,0.340045644541588,0,0,2.13981762917933,3.00347568499149,"ANK2;ATP2C1","GO_Biological_Process_2023","yellow"
"Post-Transcriptional Regulation Of Gene Expression (GO:0010608)","1/57",0.248824541413001,0.34256573149394,0,0,3.57936507936508,4.97892289699759,"MTPN","GO_Biological_Process_2023","yellow"
"Membrane Lipid Biosynthetic Process (GO:0046467)","1/57",0.248824541413001,0.34256573149394,0,0,3.57936507936508,4.97892289699759,"ELOVL4","GO_Biological_Process_2023","yellow"
"Monoatomic Anion Transport (GO:0006820)","1/57",0.248824541413001,0.34256573149394,0,0,3.57936507936508,4.97892289699759,"SLC26A3","GO_Biological_Process_2023","yellow"
"Peptidyl-Threonine Phosphorylation (GO:0018107)","1/58",0.252591147960672,0.346548062859538,0,0,3.5163919900762,4.83849599837867,"MAPK1","GO_Biological_Process_2023","yellow"
"Memory (GO:0007613)","1/58",0.252591147960672,0.346548062859538,0,0,3.5163919900762,4.83849599837867,"FGF13","GO_Biological_Process_2023","yellow"
"Phospholipid Transport (GO:0015914)","1/59",0.256339055642632,0.351082678971688,0,0,3.45559038662487,4.70393718537215,"SCP2","GO_Biological_Process_2023","yellow"
"Positive Regulation Of Protein Metabolic Process (GO:0051247)","2/196",0.256815610755262,0.351128929877453,0,0,2.07300652219651,2.8180386803121,"MTPN;FXR2","GO_Biological_Process_2023","yellow"
"Response To Light Stimulus (GO:0009416)","1/60",0.260068356267662,0.354354306735835,0,0,3.39684985447697,4.57491398098809,"UBE2A","GO_Biological_Process_2023","yellow"
"protein-DNA Complex Organization (GO:0071824)","1/60",0.260068356267662,0.354354306735835,0,0,3.39684985447697,4.57491398098809,"PHF1","GO_Biological_Process_2023","yellow"
"Anterograde Trans-Synaptic Signaling (GO:0098916)","2/199",0.262374132122319,0.356882824653515,0,0,2.04112711074277,2.73099502551452,"MAPK1;AMPH","GO_Biological_Process_2023","yellow"
"Positive Regulation Of Cell Junction Assembly (GO:1901890)","1/61",0.263779141308675,0.357567280440649,0,0,3.34006734006734,4.45111773409346,"SLITRK4","GO_Biological_Process_2023","yellow"
"Fatty Acid Catabolic Process (GO:0009062)","1/61",0.263779141308675,0.357567280440649,0,0,3.34006734006734,4.45111773409346,"SCP2","GO_Biological_Process_2023","yellow"
"Organic Substance Transport (GO:0071702)","2/201",0.266080599970853,0.360071528629499,0,0,2.02040816326531,2.67493152775878,"TOM1;ATP2C1","GO_Biological_Process_2023","yellow"
"RNA Methylation (GO:0001510)","1/62",0.267471501800711,0.360110188332706,0,0,3.28514654744163,4.33226156152993,"SNRPD2","GO_Biological_Process_2023","yellow"
"Cell Junction Organization (GO:0034330)","1/62",0.267471501800711,0.360110188332706,0,0,3.28514654744163,4.33226156152993,"CAPZA1","GO_Biological_Process_2023","yellow"
"Regulation Of T Cell Activation (GO:0050863)","1/62",0.267471501800711,0.360110188332706,0,0,3.28514654744163,4.33226156152993,"GNAO1","GO_Biological_Process_2023","yellow"
"Phosphatidylinositol Metabolic Process (GO:0046488)","1/63",0.271145528260931,0.36443797273037,0,0,3.23199739328772,4.21807849737542,"SACM1L","GO_Biological_Process_2023","yellow"
"Protein Modification By Small Protein Conjugation (GO:0032446)","3/364",0.274150414132869,0.367853262956624,0,0,1.67395836308079,2.16623330412874,"KLHL9;KLHL7;KLHL13","GO_Biological_Process_2023","yellow"
"Positive Regulation Of Macroautophagy (GO:0016239)","1/64",0.274801310842782,0.368103782936362,0,0,3.18053551386885,4.10831982313615,"TOM1","GO_Biological_Process_2023","yellow"
"Autophagosome Assembly (GO:0000045)","1/65",0.278438939213788,0.370473286571366,0,0,3.13068181818182,4.00275356439037,"TOM1","GO_Biological_Process_2023","yellow"
"Cellular Response To Light Stimulus (GO:0071482)","1/65",0.278438939213788,0.370473286571366,0,0,3.13068181818182,4.00275356439037,"YY1","GO_Biological_Process_2023","yellow"
"Positive Regulation Of DNA Biosynthetic Process (GO:2000573)","1/65",0.278438939213788,0.370473286571366,0,0,3.13068181818182,4.00275356439037,"MAPK1","GO_Biological_Process_2023","yellow"
"Fatty Acid Biosynthetic Process (GO:0006633)","1/65",0.278438939213788,0.370473286571366,0,0,3.13068181818182,4.00275356439037,"ELOVL4","GO_Biological_Process_2023","yellow"
"Protein Stabilization (GO:0050821)","2/208",0.279052326989714,0.37066749631967,0,0,1.95106003566475,2.49024711032486,"ANK2;TELO2","GO_Biological_Process_2023","yellow"
"Peptidyl-Threonine Modification (GO:0018210)","1/66",0.282058502576368,0.373409670355693,0,0,3.08236208236208,3.90116313048372,"MAPK1","GO_Biological_Process_2023","yellow"
"Response To Reactive Oxygen Species (GO:0000302)","1/66",0.282058502576368,0.373409670355693,0,0,3.08236208236208,3.90116313048372,"MAPK1","GO_Biological_Process_2023","yellow"
"Cell-Cell Junction Organization (GO:0045216)","1/68",0.289243789255229,0.382222224693707,0,0,2.99004975124378,3.70911301693322,"MYADM","GO_Biological_Process_2023","yellow"
"mRNA Processing (GO:0006397)","2/214",0.290161134004554,0.382222224693707,0,0,1.89526376588371,2.34504563216826,"SNRPD2;NOVA2","GO_Biological_Process_2023","yellow"
"Regulation Of GTPase Activity (GO:0043087)","2/214",0.290161134004554,0.382222224693707,0,0,1.89526376588371,2.34504563216826,"RASGEF1B;MAPRE2","GO_Biological_Process_2023","yellow"
"Regulation Of Monoatomic Ion Transmembrane Transporter Activity (GO:0032412)","1/69",0.29280968888067,0.385071448229471,0,0,2.94592988710636,3.61828655610275,"ANK2","GO_Biological_Process_2023","yellow"
"Negative Regulation Of Cell Population Proliferation (GO:0008285)","3/379",0.294562756428595,0.386735539483239,0,0,1.60594428602764,1.96288660809705,"DNAJB2;CTBP1;EMD","GO_Biological_Process_2023","yellow"
"Protein K48-linked Ubiquitination (GO:0070936)","1/70",0.296357876203525,0.387808243942896,0,0,2.9030888596106,3.53070042231205,"UBE2A","GO_Biological_Process_2023","yellow"
"Regulation Of Cellular Biosynthetic Process (GO:0031326)","1/70",0.296357876203525,0.387808243942896,0,0,2.9030888596106,3.53070042231205,"MTPN","GO_Biological_Process_2023","yellow"
"Negative Regulation Of Protein Binding (GO:0032091)","1/71",0.299888438313403,0.389854969807423,0,0,2.86147186147186,3.44619860155019,"DNAJB2","GO_Biological_Process_2023","yellow"
"Positive Regulation Of Cell-Substrate Adhesion (GO:0010811)","1/71",0.299888438313403,0.389854969807423,0,0,2.86147186147186,3.44619860155019,"MYADM","GO_Biological_Process_2023","yellow"
"Synapse Assembly (GO:0007416)","1/71",0.299888438313403,0.389854969807423,0,0,2.86147186147186,3.44619860155019,"FGF13","GO_Biological_Process_2023","yellow"
"Protein Autoubiquitination (GO:0051865)","1/71",0.299888438313403,0.389854969807423,0,0,2.86147186147186,3.44619860155019,"UBE2A","GO_Biological_Process_2023","yellow"
"Proteasomal Protein Catabolic Process (GO:0010498)","2/220",0.301251238358975,0.390985649785053,0,0,1.84253885040255,2.21069779738564,"KCTD2;UBE2A","GO_Biological_Process_2023","yellow"
"Positive Regulation Of Cell Motility (GO:2000147)","2/221",0.303097161146387,0.39185237663633,0,0,1.8340322430342,2.18928770168972,"RUFY3;MYADM","GO_Biological_Process_2023","yellow"
"Plasma Membrane Organization (GO:0007009)","1/72",0.303401461859655,0.39185237663633,0,0,2.82102717313985,3.36463457832852,"ANK2","GO_Biological_Process_2023","yellow"
"Negative Regulation Of Catabolic Process (GO:0009895)","1/72",0.303401461859655,0.39185237663633,0,0,2.82102717313985,3.36463457832852,"HMGCR","GO_Biological_Process_2023","yellow"
"Cellular Response To Reactive Oxygen Species (GO:0034614)","1/73",0.306897033111884,0.395080109184617,0,0,2.78170594837262,3.28587063696556,"MAPK1","GO_Biological_Process_2023","yellow"
"Ubiquitin-Dependent ERAD Pathway (GO:0030433)","1/73",0.306897033111884,0.395080109184617,0,0,2.78170594837262,3.28587063696556,"DNAJB2","GO_Biological_Process_2023","yellow"
"Regulation Of mRNA Stability (GO:0043488)","1/74",0.310375237892897,0.397621265992031,0,0,2.74346201743462,3.20977722405069,"FXR2","GO_Biological_Process_2023","yellow"
"Gland Development (GO:0048732)","1/74",0.310375237892897,0.397621265992031,0,0,2.74346201743462,3.20977722405069,"PHF1","GO_Biological_Process_2023","yellow"
"Regulation Of Cell Cycle G1/S Phase Transition (GO:1902806)","1/74",0.310375237892897,0.397621265992031,0,0,2.74346201743462,3.20977722405069,"BCL7B","GO_Biological_Process_2023","yellow"
"Regulation Of Plasma Membrane Bounded Cell Projection Assembly (GO:0120032)","1/75",0.313836161648445,0.401166883614427,0,0,2.70625170625171,3.13623236372496,"FXR2","GO_Biological_Process_2023","yellow"
"Regulation Of Cell Growth (GO:0001558)","2/227",0.314154646563126,0.401166883614427,0,0,1.78458049886621,2.06631206042599,"DNAJB2;MTPN","GO_Biological_Process_2023","yellow"
"Cell Morphogenesis Involved In Neuron Differentiation (GO:0048667)","1/77",0.320706505558706,0.408218714138128,0,0,2.6347687400319,2.99633512170869,"SLITRK4","GO_Biological_Process_2023","yellow"
"Sphingolipid Biosynthetic Process (GO:0030148)","1/77",0.320706505558706,0.408218714138128,0,0,2.6347687400319,2.99633512170869,"ELOVL4","GO_Biological_Process_2023","yellow"
"Negative Regulation Of Multicellular Organismal Process (GO:0051241)","2/231",0.321506425753241,0.408581082728077,0,0,1.75305231262811,1.98925463460844,"NOVA2;HMGCR","GO_Biological_Process_2023","yellow"
"Regulation Of I-kappaB kinase/NF-kappaB Signaling (GO:0043122)","2/232",0.323341560498189,0.40992673506048,0,0,1.74534161490683,1.97057105906791,"SHISA5;ATP2C1","GO_Biological_Process_2023","yellow"
"Long-Chain Fatty Acid Metabolic Process (GO:0001676)","1/78",0.324116094429913,0.40992673506048,0,0,2.60041978223796,2.92977207832515,"SCP2","GO_Biological_Process_2023","yellow"
"Regulation Of TOR Signaling (GO:0032006)","1/78",0.324116094429913,0.40992673506048,0,0,2.60041978223796,2.92977207832515,"TELO2","GO_Biological_Process_2023","yellow"
"Positive Regulation Of GTPase Activity (GO:0043547)","2/234",0.327008217981485,0.412245128035894,0,0,1.73011963406052,1.93387578349984,"RASGEF1B;MAPRE2","GO_Biological_Process_2023","yellow"
"Cellular Response To UV (GO:0034644)","1/79",0.32750873980153,0.412245128035894,0,0,2.56695156695157,2.86533539771871,"YY1","GO_Biological_Process_2023","yellow"
"Vesicle Fusion (GO:0006906)","1/79",0.32750873980153,0.412245128035894,0,0,2.56695156695157,2.86533539771871,"TOM1","GO_Biological_Process_2023","yellow"
"Negative Regulation Of Protein Serine/Threonine Kinase Activity (GO:0071901)","1/80",0.330884524972772,0.415176310606659,0,0,2.5343306482547,2.80293378962301,"PRKAR2B","GO_Biological_Process_2023","yellow"
"Calcium Ion Transmembrane Transport (GO:0070588)","1/80",0.330884524972772,0.415176310606659,0,0,2.5343306482547,2.80293378962301,"ATP2C1","GO_Biological_Process_2023","yellow"
"Regulation Of Gene Expression (GO:0010468)","7/1127",0.333366302452885,0.416753335775946,0,0,1.26209677419355,1.38643020113204,"YY1;BTN2A1;PHF1;CARM1;MYADM;ANK2;ELAVL2","GO_Biological_Process_2023","yellow"
"Spindle Assembly (GO:0051225)","1/81",0.334243532854352,0.416753335775946,0,0,2.50252525252525,2.74248091594401,"MAPRE2","GO_Biological_Process_2023","yellow"
"Positive Regulation Of Growth (GO:0045927)","1/81",0.334243532854352,0.416753335775946,0,0,2.50252525252525,2.74248091594401,"MTPN","GO_Biological_Process_2023","yellow"
"Macromolecule Modification (GO:0043412)","1/81",0.334243532854352,0.416753335775946,0,0,2.50252525252525,2.74248091594401,"ICMT","GO_Biological_Process_2023","yellow"
"Epigenetic Regulation Of Gene Expression (GO:0040029)","1/83",0.340911546721369,0.423071762989116,0,0,2.44124168514412,2.62709885646942,"PHF1","GO_Biological_Process_2023","yellow"
"Positive Regulation Of Proteasomal Ubiquitin-Dependent Protein Catabolic Process (GO:0032436)","1/83",0.340911546721369,0.423071762989116,0,0,2.44124168514412,2.62709885646942,"DNAJB2","GO_Biological_Process_2023","yellow"
"Positive Regulation Of Ubiquitin-Dependent Protein Catabolic Process (GO:2000060)","1/83",0.340911546721369,0.423071762989116,0,0,2.44124168514412,2.62709885646942,"DNAJB2","GO_Biological_Process_2023","yellow"
"Positive Regulation Of Double-Strand Break Repair (GO:2000781)","1/84",0.344220716526821,0.425845597824912,0,0,2.41170743580382,2.57201895784243,"BCL7B","GO_Biological_Process_2023","yellow"
"Purine Ribonucleotide Metabolic Process (GO:0009150)","1/84",0.344220716526821,0.425845597824912,0,0,2.41170743580382,2.57201895784243,"AMPD2","GO_Biological_Process_2023","yellow"
"Calcium-Mediated Signaling (GO:0019722)","1/85",0.347513436866072,0.427916390426701,0,0,2.38287638287638,2.51858583349566,"ANK2","GO_Biological_Process_2023","yellow"
"Positive Regulation Of Amide Metabolic Process (GO:0034250)","1/85",0.347513436866072,0.427916390426701,0,0,2.38287638287638,2.51858583349566,"FXR2","GO_Biological_Process_2023","yellow"
"Epidermis Development (GO:0008544)","1/85",0.347513436866072,0.427916390426701,0,0,2.38287638287638,2.51858583349566,"ATP2C1","GO_Biological_Process_2023","yellow"
"Regulation Of Mitotic Cell Cycle Phase Transition (GO:1901990)","1/86",0.350789788685405,0.429947917198649,0,0,2.35472370766488,2.46673350535558,"BCL7B","GO_Biological_Process_2023","yellow"
"Exocytosis (GO:0006887)","1/86",0.350789788685405,0.429947917198649,0,0,2.35472370766488,2.46673350535558,"RAB11B","GO_Biological_Process_2023","yellow"
"Negative Regulation Of Binding (GO:0051100)","1/86",0.350789788685405,0.429947917198649,0,0,2.35472370766488,2.46673350535558,"DNAJB2","GO_Biological_Process_2023","yellow"
"Glucose Homeostasis (GO:0042593)","1/87",0.354049852499014,0.43327397072796,0,0,2.3272257458304,2.41639933353241,"PYGL","GO_Biological_Process_2023","yellow"
"Regulation Of Double-Strand Break Repair (GO:2000779)","1/88",0.357293708483398,0.435898324349746,0,0,2.30035992104958,2.36752381170365,"BCL7B","GO_Biological_Process_2023","yellow"
"Positive Regulation Of Plasma Membrane Bounded Cell Projection Assembly (GO:0120034)","1/88",0.357293708483398,0.435898324349746,0,0,2.30035992104958,2.36752381170365,"AKIRIN1","GO_Biological_Process_2023","yellow"
"ERAD Pathway (GO:0036503)","1/89",0.360521436424534,0.437815465673286,0,0,2.27410468319559,2.32005037808893,"DNAJB2","GO_Biological_Process_2023","yellow"
"Organic Anion Transport (GO:0015711)","1/89",0.360521436424534,0.437815465673286,0,0,2.27410468319559,2.32005037808893,"SLC2A6","GO_Biological_Process_2023","yellow"
"Sodium Ion Transport (GO:0006814)","1/89",0.360521436424534,0.437815465673286,0,0,2.27410468319559,2.32005037808893,"FGF13","GO_Biological_Process_2023","yellow"
"Positive Regulation Of Proteasomal Protein Catabolic Process (GO:1901800)","1/90",0.363733115678147,0.441040306930842,0,0,2.24843945068664,2.27392523969427,"DNAJB2","GO_Biological_Process_2023","yellow"
"Regulation Of RNA Metabolic Process (GO:0051252)","1/91",0.366928825262423,0.444235967073437,0,0,2.22334455667789,2.22909720803597,"NOVA2","GO_Biological_Process_2023","yellow"
"Nervous System Development (GO:0007399)","3/433",0.368461775376536,0.445411871758526,0,0,1.4003836010549,1.3981686185907,"NRSN2;CRMP1;FGF13","GO_Biological_Process_2023","yellow"
"Cytoplasmic Translation (GO:0002181)","1/93",0.373272649434986,0.449855943771951,0,0,2.1747913921827,2.14313983216348,"EIF4A1","GO_Biological_Process_2023","yellow"
"Negative Regulation Of Amide Metabolic Process (GO:0034249)","1/93",0.373272649434986,0.449855943771951,0,0,2.1747913921827,2.14313983216348,"FXR2","GO_Biological_Process_2023","yellow"
"Cellular Component Assembly (GO:0022607)","2/260",0.374126034355235,0.450200220400154,0,0,1.55370985603544,1.52754934103903,"CAPZA1;PLS3","GO_Biological_Process_2023","yellow"
"Sphingolipid Metabolic Process (GO:0006665)","1/94",0.376420920115876,0.4522754388665,0,0,2.15129792549147,2.10191981526176,"ELOVL4","GO_Biological_Process_2023","yellow"
"Cell Junction Assembly (GO:0034329)","1/95",0.379553533216983,0.454661558672307,0,0,2.12830431979368,2.06181530451832,"CAPZA1","GO_Biological_Process_2023","yellow"
"Positive Regulation Of Epithelial Cell Migration (GO:0010634)","1/95",0.379553533216983,0.454661558672307,0,0,2.12830431979368,2.06181530451832,"MAPRE2","GO_Biological_Process_2023","yellow"
"Regulation Of Protein Metabolic Process (GO:0051246)","1/96",0.382670565880735,0.457704010171076,0,0,2.10579479000532,2.02278604662789,"MTPN","GO_Biological_Process_2023","yellow"
"Regulation Of Defense Response (GO:0031347)","1/97",0.385772094842852,0.460025971744935,0,0,2.08375420875421,1.98479362024731,"SPATA2","GO_Biological_Process_2023","yellow"
"Regulation Of Protein Localization (GO:0032880)","1/97",0.385772094842852,0.460025971744935,0,0,2.08375420875421,1.98479362024731,"RAB11B","GO_Biological_Process_2023","yellow"
"Negative Regulation Of Macromolecule Biosynthetic Process (GO:0010558)","1/98",0.388858196397513,0.460933557164765,0,0,2.06216807247735,1.94780133547852,"FXR2","GO_Biological_Process_2023","yellow"
"RNA Splicing (GO:0008380)","1/98",0.388858196397513,0.460933557164765,0,0,2.06216807247735,1.94780133547852,"SNRPD2","GO_Biological_Process_2023","yellow"
"Phosphatidylinositol Biosynthetic Process (GO:0006661)","1/98",0.388858196397513,0.460933557164765,0,0,2.06216807247735,1.94780133547852,"SACM1L","GO_Biological_Process_2023","yellow"
"Mitochondrial Translation (GO:0032543)","1/98",0.388858196397513,0.460933557164765,0,0,2.06216807247735,1.94780133547852,"MRPS21","GO_Biological_Process_2023","yellow"
"Axon Development (GO:0061564)","1/99",0.391928946523868,0.463880081482728,0,0,2.0410224695939,1.91177413897195,"SLITRK4","GO_Biological_Process_2023","yellow"
"Regulation Of Nucleic Acid-Templated Transcription (GO:1903506)","3/452",0.394272330312141,0.465953799757304,0,0,1.3398158565426,1.24698459099625,"PHF1;CARM1;ELAVL2","GO_Biological_Process_2023","yellow"
"Protein Complex Oligomerization (GO:0051259)","1/100",0.394984420817951,0.465953799757304,0,0,2.02030405060708,1.87667852610055,"EHD1","GO_Biological_Process_2023","yellow"
"Positive Regulation Of Cell Migration (GO:0030335)","2/272",0.395443767007145,0.465953799757304,0,0,1.48374905517763,1.37654326570043,"RUFY3;MYADM","GO_Biological_Process_2023","yellow"
"Chemical Synaptic Transmission (GO:0007268)","2/273",0.397205912414823,0.467335739680942,0,0,1.47819865953762,1.36482150481797,"MAPK1;AMPH","GO_Biological_Process_2023","yellow"
"Regulation Of Protein Secretion (GO:0050708)","1/102",0.401049842395342,0.471159296325195,0,0,1.98009800980098,1.80915528558786,"HMGCR","GO_Biological_Process_2023","yellow"
"Mitochondrial Gene Expression (GO:0140053)","1/103",0.404059939073185,0.473993390066621,0,0,1.9605862547039,1.77666767339805,"MRPS21","GO_Biological_Process_2023","yellow"
"Macroautophagy (GO:0016236)","1/104",0.407055058636552,0.47680156794503,0,0,1.94145336863783,1.74499153520703,"TOM1","GO_Biological_Process_2023","yellow"
"Cellular Response To Organonitrogen Compound (GO:0071417)","1/105",0.410035274847405,0.478877721581727,0,0,1.92268842268842,1.71409996792236,"SLC26A3","GO_Biological_Process_2023","yellow"
"Negative Regulation Of MAPK Cascade (GO:0043409)","1/105",0.410035274847405,0.478877721581727,0,0,1.92268842268842,1.71409996792236,"LMO3","GO_Biological_Process_2023","yellow"
"Regulation Of G1/S Transition Of Mitotic Cell Cycle (GO:2000045)","1/106",0.413000661133786,0.481631653351606,0,0,1.9042809042809,1.68396719161278,"BCL7B","GO_Biological_Process_2023","yellow"
"Negative Regulation Of Translation (GO:0017148)","1/107",0.41595129052059,0.483650107599455,0,0,1.88622069754145,1.65456849319568,"FXR2","GO_Biological_Process_2023","yellow"
"Positive Regulation Of T Cell Activation (GO:0050870)","1/107",0.41595129052059,0.483650107599455,0,0,1.88622069754145,1.65456849319568,"GNAO1","GO_Biological_Process_2023","yellow"
"Glycerophospholipid Biosynthetic Process (GO:0046474)","1/108",0.41888723576301,0.484930770744623,0,0,1.86849806475975,1.62588017253325,"SACM1L","GO_Biological_Process_2023","yellow"
"Positive Regulation Of Translation (GO:0045727)","1/108",0.41888723576301,0.484930770744623,0,0,1.86849806475975,1.62588017253325,"FXR2","GO_Biological_Process_2023","yellow"
"Lipid Transport (GO:0006869)","1/108",0.41888723576301,0.484930770744623,0,0,1.86849806475975,1.62588017253325,"SCP2","GO_Biological_Process_2023","yellow"
"Negative Regulation Of Developmental Process (GO:0051093)","1/109",0.421808569139365,0.486183423441158,0,0,1.85110362888141,1.59787949320038,"BCL7B","GO_Biological_Process_2023","yellow"
"Regulation Of Proteasomal Ubiquitin-Dependent Protein Catabolic Process (GO:0032434)","1/109",0.421808569139365,0.486183423441158,0,0,1.85110362888141,1.59787949320038,"DNAJB2","GO_Biological_Process_2023","yellow"
"Regulation Of Wnt Signaling Pathway (GO:0030111)","1/109",0.421808569139365,0.486183423441158,0,0,1.85110362888141,1.59787949320038,"EMD","GO_Biological_Process_2023","yellow"
"RNA Metabolic Process (GO:0016070)","1/111",0.427607687964041,0.491438980515194,0,0,1.81726354453627,1.54385464626272,"ELAVL4","GO_Biological_Process_2023","yellow"
"Mitotic Cell Cycle Phase Transition (GO:0044772)","1/111",0.427607687964041,0.491438980515194,0,0,1.81726354453627,1.54385464626272,"UBE2A","GO_Biological_Process_2023","yellow"
"Calcium Ion Transport (GO:0006816)","1/112",0.43048561638067,0.492604752943538,0,0,1.8008008008008,1.51778940882089,"ATP2C1","GO_Biological_Process_2023","yellow"
"Regulation Of Protein Serine/Threonine Kinase Activity (GO:0071900)","1/112",0.43048561638067,0.492604752943538,0,0,1.8008008008008,1.51778940882089,"TELO2","GO_Biological_Process_2023","yellow"
"Protein Deubiquitination (GO:0016579)","1/112",0.43048561638067,0.492604752943538,0,0,1.8008008008008,1.51778940882089,"SPATA2","GO_Biological_Process_2023","yellow"
"Regulation Of Protein Ubiquitination (GO:0031396)","1/113",0.433349218837219,0.495167046884603,0,0,1.78463203463203,1.4923295915181,"DNAJB2","GO_Biological_Process_2023","yellow"
"Regulation Of Cytoskeleton Organization (GO:0051493)","1/114",0.436198565833718,0.496990607336406,0,0,1.76874944131581,1.46745661650072,"MAPK1","GO_Biological_Process_2023","yellow"
"Negative Regulation Of Canonical Wnt Signaling Pathway (GO:0090090)","1/114",0.436198565833718,0.496990607336406,0,0,1.76874944131581,1.46745661650072,"EMD","GO_Biological_Process_2023","yellow"
"Gene Expression (GO:0010467)","2/296",0.43705852301132,0.497255966639852,0,0,1.36096071081494,1.12645108414848,"ELAVL4;MRPS21","GO_Biological_Process_2023","yellow"
"Cellular Response To Oxidative Stress (GO:0034599)","1/117",0.444661775482094,0.50445892411631,0,0,1.72274468826193,1.39618351518444,"MAPK1","GO_Biological_Process_2023","yellow"
"Positive Regulation Of Protein Serine/Threonine Kinase Activity (GO:0071902)","1/117",0.444661775482094,0.50445892411631,0,0,1.72274468826193,1.39618351518444,"TELO2","GO_Biological_Process_2023","yellow"
"Regulation Of Protein Binding (GO:0043393)","1/118",0.447454800068397,0.506902366363198,0,0,1.70793404126737,1.37348597340122,"DNAJB2","GO_Biological_Process_2023","yellow"
"Regulation Of Protein Catabolic Process (GO:0042176)","1/122",0.458488507016457,0.518661035754708,0,0,1.6511394941147,1.28759168960267,"HMGCR","GO_Biological_Process_2023","yellow"
"Organonitrogen Compound Biosynthetic Process (GO:1901566)","1/123",0.461212676190375,0.520999504585424,0,0,1.63752276867031,1.26727232996582,"ELOVL4","GO_Biological_Process_2023","yellow"
"Negative Regulation Of Growth (GO:0045926)","1/124",0.463923277206856,0.523316015398346,0,0,1.62412745339575,1.2473885010387,"DNAJB2","GO_Biological_Process_2023","yellow"
"Cellular Response To Starvation (GO:0009267)","1/126",0.469304042324134,0.527883837678069,0,0,1.5979797979798,1.20887881651748,"MAPK1","GO_Biological_Process_2023","yellow"
"Protein-Containing Complex Organization (GO:0043933)","1/126",0.469304042324134,0.527883837678069,0,0,1.5979797979798,1.20887881651748,"CAPZA1","GO_Biological_Process_2023","yellow"
"Supramolecular Fiber Organization (GO:0097435)","2/316",0.470550440247815,0.528536117728779,0,0,1.2729754322111,0.959635228375922,"RUFY3;FGF13","GO_Biological_Process_2023","yellow"
"Regulation Of Response To External Stimulus (GO:0032101)","1/127",0.471974339207137,0.529385644966421,0,0,1.58521725188392,1.19022971699885,"SPATA2","GO_Biological_Process_2023","yellow"
"Protein Homooligomerization (GO:0051260)","1/129",0.477275091201804,0.534203845157869,0,0,1.5602904040404,1.15408790031601,"EHD1","GO_Biological_Process_2023","yellow"
"Protein Modification Process (GO:0036211)","4/711",0.477617309226897,0.534203845157869,0,0,1.13112918434701,0.835842792934665,"ICMT;CTBP1;OGFOD1;MAPK1","GO_Biological_Process_2023","yellow"
"Organelle Assembly (GO:0070925)","2/322",0.480368809844865,0.536524600291518,0,0,1.24872448979592,0.915566189831342,"EHD1;AP1M1","GO_Biological_Process_2023","yellow"
"Synapse Organization (GO:0050808)","1/131",0.482523156606063,0.538172803359505,0,0,1.53613053613054,1.11941882389327,"SDF4","GO_Biological_Process_2023","yellow"
"Plasma Membrane Bounded Cell Projection Organization (GO:0120036)","1/132",0.485127594032975,0.539559862648176,0,0,1.52432724188449,1.1026119616962,"EHD1","GO_Biological_Process_2023","yellow"
"Circulatory System Development (GO:0072359)","1/132",0.485127594032975,0.539559862648176,0,0,1.52432724188449,1.1026119616962,"SRI","GO_Biological_Process_2023","yellow"
"Cellular Response To Metal Ion (GO:0071248)","1/135",0.492863296366116,0.547395789941639,0,0,1.48997437057139,1.05419178131578,"MAPK1","GO_Biological_Process_2023","yellow"
"Negative Regulation Of Cellular Biosynthetic Process (GO:0031327)","1/137",0.497956392525298,0.552278908073512,0,0,1.46791443850267,1.02349273069514,"FXR2","GO_Biological_Process_2023","yellow"
"Negative Regulation Of Cellular Process (GO:0048523)","3/537",0.505397087123474,0.559082958343623,0,0,1.12162631761844,0.765409966042434,"DNAJB2;CTBP1;BCL7B","GO_Biological_Process_2023","yellow"
"Negative Regulation Of Wnt Signaling Pathway (GO:0030178)","1/140",0.505501237241334,0.559082958343623,0,0,1.43601482450403,0.979656196045578,"EMD","GO_Biological_Process_2023","yellow"
"Positive Regulation Of Transferase Activity (GO:0051347)","1/143",0.512933812590885,0.566513249839237,0,0,1.40546308151942,0.938299046849509,"MAPK1","GO_Biological_Process_2023","yellow"
"Ras Protein Signal Transduction (GO:0007265)","1/144",0.515386675547343,0.567641157929226,0,0,1.39556403192767,0.925032639771104,"RASGEF1B","GO_Biological_Process_2023","yellow"
"Regulation Of Cell Adhesion (GO:0030155)","1/144",0.515386675547343,0.567641157929226,0,0,1.39556403192767,0.925032639771104,"MYADM","GO_Biological_Process_2023","yellow"
"Positive Regulation Of Protein Kinase Activity (GO:0045860)","1/145",0.517827308769205,0.569538218937559,0,0,1.3858024691358,0.912015275939197,"TELO2","GO_Biological_Process_2023","yellow"
"Regulation Of Cold-Induced Thermogenesis (GO:0120161)","1/146",0.520255772624573,0.570626317691959,0,0,1.37617554858934,0.899240881378034,"NOVA2","GO_Biological_Process_2023","yellow"
"Neuron Projection Morphogenesis (GO:0048812)","1/146",0.520255772624573,0.570626317691959,0,0,1.37617554858934,0.899240881378034,"SLITRK4","GO_Biological_Process_2023","yellow"
"Protein Localization (GO:0008104)","2/351",0.526234479058159,0.576146992410707,0,0,1.1432664756447,0.73398666696496,"EHD1;ANK2","GO_Biological_Process_2023","yellow"
"Axon Guidance (GO:0007411)","1/149",0.527468747150282,0.576146992410707,0,0,1.34807534807535,0.862317510620557,"NCAM1","GO_Biological_Process_2023","yellow"
"Skeletal System Development (GO:0001501)","1/149",0.527468747150282,0.576146992410707,0,0,1.34807534807535,0.862317510620557,"PLS3","GO_Biological_Process_2023","yellow"
"Negative Regulation Of Transcription By RNA Polymerase II (GO:0000122)","4/763",0.533219207169916,0.581505423112792,0,0,1.05077953447519,0.660753991270199,"YY1;DNAJB1;CTBP1;PHF6","GO_Biological_Process_2023","yellow"
"Cellular Response To Organic Cyclic Compound (GO:0071407)","1/152",0.534574342306715,0.581505423112792,0,0,1.32109171182019,0.827379223374853,"SLC26A3","GO_Biological_Process_2023","yellow"
"Positive Regulation Of NF-kappaB Transcription Factor Activity (GO:0051092)","1/152",0.534574342306715,0.581505423112792,0,0,1.32109171182019,0.827379223374853,"MTPN","GO_Biological_Process_2023","yellow"
"Regulation Of Cell Population Proliferation (GO:0042127)","4/766",0.536342148050462,0.582458267969484,0,0,1.04647856517935,0.65193834094998,"DNAJB2;CTBP1;BCL7B;GNAI2","GO_Biological_Process_2023","yellow"
"Regulation Of Cellular Component Organization (GO:0051128)","1/153",0.536919286110584,0.582458267969484,0,0,1.31233386496544,0.816150274391971,"SLITRK4","GO_Biological_Process_2023","yellow"
"Positive Regulation Of Macromolecule Metabolic Process (GO:0010604)","2/364",0.545905957552914,0.591398120682324,0,0,1.10147705491036,0.666733486661128,"MTPN;ANK2","GO_Biological_Process_2023","yellow"
"Peptide Biosynthetic Process (GO:0043043)","1/158",0.548469701786421,0.592556503428654,0,0,1.27021810461301,0.762922512360618,"MRPS21","GO_Biological_Process_2023","yellow"
"Peptidyl-Serine Phosphorylation (GO:0018105)","1/158",0.548469701786421,0.592556503428654,0,0,1.27021810461301,0.762922512360618,"MAPK1","GO_Biological_Process_2023","yellow"
"Ubiquitin-Dependent Protein Catabolic Process (GO:0006511)","2/367",0.550365270449262,0.593795455056143,0,0,1.0922560805144,0.652265942059725,"KCTD2;UBE2A","GO_Biological_Process_2023","yellow"
"Regulation Of Macromolecule Metabolic Process (GO:0060255)","1/162",0.557504289374834,0.600680572655222,0,0,1.23840893406111,0.723583865255002,"NOVA2","GO_Biological_Process_2023","yellow"
"Nitrogen Compound Transport (GO:0071705)","1/163",0.559734829149778,0.6022655624366,0,0,1.23070208255393,0.714166728910465,"TOM1","GO_Biological_Process_2023","yellow"
"Positive Regulation Of Protein Phosphorylation (GO:0001934)","2/377",0.565010014162091,0.607117806545445,0,0,1.06258503401361,0.606642359724123,"FXR2;MAPK1","GO_Biological_Process_2023","yellow"
"Peptidyl-Serine Modification (GO:0018209)","1/166",0.566359876814798,0.607744766324946,0,0,1.20814202632384,0.686859643904913,"MAPK1","GO_Biological_Process_2023","yellow"
"Regulation Of Cytokine Production (GO:0001817)","1/167",0.568546217907677,0.609266420001064,0,0,1.20080321285141,0.678060757672765,"BTN2A1","GO_Biological_Process_2023","yellow"
"Negative Regulation Of Programmed Cell Death (GO:0043069)","2/381",0.570772805092844,0.610827037029184,0,0,1.05115502665446,0.589449937321065,"API5;FKBP8","GO_Biological_Process_2023","yellow"
"Positive Regulation Of Cellular Process (GO:0048522)","3/594",0.573906946992501,0.613353381354519,0,0,1.01046627243707,0.561099804641665,"MTPN;BCL7B;GNAI2","GO_Biological_Process_2023","yellow"
"Heart Development (GO:0007507)","1/171",0.577182984911913,0.616024370168435,0,0,1.17231134878194,0.644297547374328,"SRI","GO_Biological_Process_2023","yellow"
"Cell-Cell Adhesion Via Plasma-Membrane Adhesion Molecules (GO:0098742)","1/172",0.579315294925896,0.61746912483365,0,0,1.16539665662473,0.636199822786287,"ATP2C1","GO_Biological_Process_2023","yellow"
"Positive Regulation Of Cellular Biosynthetic Process (GO:0031328)","1/174",0.58354802824362,0.621145753553276,0,0,1.15180708822327,0.620396147287758,"FXR2","GO_Biological_Process_2023","yellow"
"Positive Regulation Of DNA-templated Transcription (GO:0045893)","6/1243",0.594713389050598,0.632181926966655,0,0,0.96301965978087,0.500457904798642,"YY1;AKIRIN1;INO80D;LMO3;CARM1;USF2","GO_Biological_Process_2023","yellow"
"Macromolecule Biosynthetic Process (GO:0009059)","1/183",0.6020794872594,0.639155332525709,0,0,1.09435009435009,0.555235815206858,"MRPS21","GO_Biological_Process_2023","yellow"
"Cellular Response To Oxygen-Containing Compound (GO:1901701)","2/406",0.605549591898324,0.641979714405577,0,0,0.984845423317842,0.494016996124165,"MAPK1;SLC26A3","GO_Biological_Process_2023","yellow"
"Axonogenesis (GO:0007409)","1/188",0.612019510291886,0.647972592338406,0,0,1.06481931615621,0.522816825885732,"SLITRK4","GO_Biological_Process_2023","yellow"
"Neuron Projection Development (GO:0031175)","1/192",0.619794203522166,0.654456462574005,0,0,1.04230789571104,0.498606520241977,"EHD1","GO_Biological_Process_2023","yellow"
"Modification-Dependent Protein Catabolic Process (GO:0019941)","1/192",0.619794203522166,0.654456462574005,0,0,1.04230789571104,0.498606520241977,"UBE2A","GO_Biological_Process_2023","yellow"
"Regulation Of Signal Transduction (GO:0009966)","1/193",0.621713652685644,0.654739610331627,0,0,1.0368265993266,0.492778443916668,"NCAM1","GO_Biological_Process_2023","yellow"
"Regulation Of Cell Differentiation (GO:0045595)","1/193",0.621713652685644,0.654739610331627,0,0,1.0368265993266,0.492778443916668,"BCL7B","GO_Biological_Process_2023","yellow"
"Regulation Of Programmed Cell Death (GO:0043067)","1/195",0.625523817045148,0.657878497237138,0,0,1.02603353118817,0.481379917376179,"RBM25","GO_Biological_Process_2023","yellow"
"Endomembrane System Organization (GO:0010256)","1/196",0.627414626895937,0.658993111428448,0,0,1.02072002072002,0.475806259368427,"SEC61A1","GO_Biological_Process_2023","yellow"
"Phosphorylation (GO:0016310)","2/429",0.635650212203609,0.66676007708659,0,0,0.93069827462601,0.421705761421106,"CTBP1;MAPK1","GO_Biological_Process_2023","yellow"
"Regulation Of Cell Migration (GO:0030334)","2/434",0.641954504111114,0.671857981105866,0,0,0.919690098261527,0.407641456001602,"RUFY3;MYADM","GO_Biological_Process_2023","yellow"
"Regulation Of MAPK Cascade (GO:0043408)","1/204",0.642204728471937,0.671857981105866,0,0,0.98009653182067,0.434033920674657,"MAPK1","GO_Biological_Process_2023","yellow"
"Regulation Of Canonical Wnt Signaling Pathway (GO:0060828)","1/207",0.647599871163211,0.675719339253193,0,0,0.965676179268412,0.419569165053442,"EMD","GO_Biological_Process_2023","yellow"
"Negative Regulation Of Cell Differentiation (GO:0045596)","1/207",0.647599871163211,0.675719339253193,0,0,0.965676179268412,0.419569165053442,"BCL7B","GO_Biological_Process_2023","yellow"
"Positive Regulation Of Protein Modification Process (GO:0031401)","1/225",0.678320213394343,0.706843533799887,0,0,0.887265512265512,0.344379519525088,"FXR2","GO_Biological_Process_2023","yellow"
"Protein Polyubiquitination (GO:0000209)","1/226",0.679946905822444,0.707608787817845,0,0,0.88327721661055,0.340715851291423,"UBE2A","GO_Biological_Process_2023","yellow"
"Cilium Organization (GO:0044782)","1/228",0.683175898430978,0.710037336115027,0,0,0.875406042806924,0.333532253769872,"EHD1","GO_Biological_Process_2023","yellow"
"Negative Regulation Of Intracellular Signal Transduction (GO:1902532)","1/231",0.687959009576293,0.713139208619608,0,0,0.863855950812473,0.323104604801154,"MYADM","GO_Biological_Process_2023","yellow"
"Positive Regulation Of Phosphorylation (GO:0042327)","1/231",0.687959009576293,0.713139208619608,0,0,0.863855950812473,0.323104604801154,"FXR2","GO_Biological_Process_2023","yellow"
"Regulation Of Apoptotic Process (GO:0042981)","3/705",0.689447618803743,0.713749297273326,0,0,0.845801392193145,0.314523557871597,"RBM25;API5;FKBP8","GO_Biological_Process_2023","yellow"
"Positive Regulation Of Developmental Process (GO:0051094)","1/233",0.691107962443606,0.714535351001017,0,0,0.85632183908046,0.316376004340495,"BCL7B","GO_Biological_Process_2023","yellow"
"Translation (GO:0006412)","1/234",0.692670620678898,0.715218492445789,0,0,0.852603286079681,0.313076512912352,"MRPS21","GO_Biological_Process_2023","yellow"
"Positive Regulation Of Transcription By RNA Polymerase II (GO:0045944)","4/938",0.69581274850413,0.716679554189015,0,0,0.846092077087794,0.306856185450532,"YY1;AKIRIN1;LMO3;USF2","GO_Biological_Process_2023","yellow"
"Regulation Of Transcription By RNA Polymerase II (GO:0006357)","9/2028",0.695893135845576,0.716679554189015,0,0,0.875904184968078,0.317567095079371,"YY1;DNAJB1;AKIRIN1;CTBP1;LMO3;PHF1;BCL7B;PHF6;USF2","GO_Biological_Process_2023","yellow"
"Negative Regulation Of Apoptotic Process (GO:0043066)","2/482",0.698204949654375,0.71812778868472,0,0,0.825680272108844,0.296619523734893,"API5;FKBP8","GO_Biological_Process_2023","yellow"
"Positive Regulation Of Cell Population Proliferation (GO:0008284)","2/483",0.699296107703482,0.718318411151375,0,0,0.823921252492681,0.294700985980597,"BCL7B;GNAI2","GO_Biological_Process_2023","yellow"
"Regulation Of Inflammatory Response (GO:0050727)","1/240",0.701883560113874,0.720043548732603,0,0,0.830945437639998,0.294144512073152,"SPATA2","GO_Biological_Process_2023","yellow"
"Regulation Of Autophagy (GO:0010506)","1/241",0.703392239478639,0.720658974039484,0,0,0.827441077441077,0.291127358427709,"FKBP8","GO_Biological_Process_2023","yellow"
"Cilium Assembly (GO:0060271)","1/243",0.706386958483719,0.722793365261405,0,0,0.820519242006845,0.285205999695782,"EHD1","GO_Biological_Process_2023","yellow"
"Regulation Of ERK1 And ERK2 Cascade (GO:0070372)","1/244",0.707873072911603,0.723380601570749,0,0,0.817101051668953,0.282300632023774,"LMO3","GO_Biological_Process_2023","yellow"
"Positive Regulation Of DNA-binding Transcription Factor Activity (GO:0051091)","1/246",0.710822997359591,0.725460279158501,0,0,0.810348381776953,0.276597695305975,"MTPN","GO_Biological_Process_2023","yellow"
"Protein Phosphorylation (GO:0006468)","2/500",0.717355997442551,0.731186768601469,0,0,0.795098762396525,0.264118333470603,"CTBP1;MAPK1","GO_Biological_Process_2023","yellow"
"Positive Regulation Of Signal Transduction (GO:0009967)","1/266",0.738747316125365,0.752023904605153,0,0,0.748427672955975,0.226623407850818,"LMO3","GO_Biological_Process_2023","yellow"
"Positive Regulation Of Intracellular Signal Transduction (GO:1902533)","2/525",0.742271938061471,0.754643137029162,0,0,0.75611659577789,0.225352695027355,"SHISA5;ATP2C1","GO_Biological_Process_2023","yellow"
"Positive Regulation Of Apoptotic Process (GO:0043065)","1/270",0.74400305104999,0.755434596008504,0,0,0.737148436033194,0.217982269640814,"CARM1","GO_Biological_Process_2023","yellow"
"Plasma Membrane Bounded Cell Projection Assembly (GO:0120031)","1/275",0.750425733287746,0.760981593986167,0,0,0.723512497235125,0.207730993364859,"EHD1","GO_Biological_Process_2023","yellow"
"Regulation Of DNA-templated Transcription (GO:0006355)","8/1922",0.756508387621509,0.766170052852946,0,0,0.817136886102403,0.228015231846558,"YY1;INO80D;CTBP1;PHF1;CARM1;BCL7B;USF2;ELAVL2","GO_Biological_Process_2023","yellow"
"Monoatomic Cation Transmembrane Transport (GO:0098655)","1/281",0.757922669215417,0.766623312101819,0,0,0.707792207792208,0.196181539398202,"ATP2C1","GO_Biological_Process_2023","yellow"
"Negative Regulation Of DNA-templated Transcription (GO:0045892)","4/1025",0.760221471526827,0.767393345670702,0,0,0.770445641527914,0.211214188862035,"YY1;DNAJB1;CTBP1;PHF6","GO_Biological_Process_2023","yellow"
"Transmembrane Receptor Protein Tyrosine Kinase Signaling Pathway (GO:0007169)","1/284",0.761587090848477,0.767393345670702,0,0,0.700182032337509,0.190695098625878,"MAPK1","GO_Biological_Process_2023","yellow"
"Inorganic Cation Transmembrane Transport (GO:0098662)","1/284",0.761587090848477,0.767393345670702,0,0,0.700182032337509,0.190695098625878,"ATP2C1","GO_Biological_Process_2023","yellow"
"Positive Regulation Of Nucleic Acid-Templated Transcription (GO:1903508)","2/557",0.77143447732575,0.776329366141269,0,0,0.711343997058283,0.184596285196443,"YY1;INO80D","GO_Biological_Process_2023","yellow"
"Regulation Of Intracellular Signal Transduction (GO:1902531)","1/297",0.776841950372789,0.780780312605351,0,0,0.668987168987169,0.168931542358078,"TELO2","GO_Biological_Process_2023","yellow"
"Protein-Containing Complex Assembly (GO:0065003)","1/328",0.809429181545872,0.812502963247945,0,0,0.604608778920706,0.127830011994472,"CAPZA1","GO_Biological_Process_2023","yellow"
"Positive Regulation Of Multicellular Organismal Process (GO:0051240)","1/387",0.858980507507642,0.861152392482377,0,0,0.510650546919977,0.0776235041772895,"BCL7B","GO_Biological_Process_2023","yellow"
"Organelle Organization (GO:0006996)","1/418",0.879660621460093,0.880771304062947,0,0,0.471937601434004,0.0605114160819506,"SEC61A1","GO_Biological_Process_2023","yellow"
"Negative Regulation Of Nucleic Acid-Templated Transcription (GO:1903507)","1/456",0.900954262775652,0.900954262775652,0,0,0.431679431679432,0.0450245037640661,"CTBP1","GO_Biological_Process_2023","yellow"
"Chagas disease","4/102",0.0017186513921803,0.223633747985335,0,0,8.41921768707483,53.5985530429797,"GNAO1;MAP2K4;MAPK1;GNAI2","KEGG_2021_Human","yellow"
"Long-term depression","3/60",0.00337607395601961,0.223633747985335,0,0,10.7666847531199,61.2736529352707,"GNAO1;MAPK1;GNAI2","KEGG_2021_Human","yellow"
"Relaxin signaling pathway","4/129",0.00401908740147501,0.223633747985335,0,0,6.59166666666667,36.3642502466247,"GNAO1;MAP2K4;MAPK1;GNAI2","KEGG_2021_Human","yellow"
"Terpenoid backbone biosynthesis","2/22",0.00535649695773258,0.223633747985335,0,0,20.2857142857143,106.083028567318,"ICMT;HMGCR","KEGG_2021_Human","yellow"
"Biosynthesis of unsaturated fatty acids","2/27",0.00800810651058956,0.243533863366056,0,0,16.2244897959184,78.3204947866311,"SCP2;ELOVL4","KEGG_2021_Human","yellow"
"Influenza A","4/172",0.0109278197077072,0.243533863366056,0,0,4.89384920634921,22.1027933131365,"DNAJB1;MAPK1;KPNA5;RAB11B","KEGG_2021_Human","yellow"
"Circadian entrainment","3/97",0.0127385466637258,0.243533863366056,0,0,6.51656064926519,28.4325537727779,"GNAO1;MAPK1;GNAI2","KEGG_2021_Human","yellow"
"Starch and sucrose metabolism","2/36",0.0139609152364796,0.243533863366056,0,0,11.9243697478992,50.9348693298221,"GBE1;PYGL","KEGG_2021_Human","yellow"
"Melanogenesis","3/101",0.0141941327321631,0.243533863366056,0,0,6.24931622133389,26.590381744701,"GNAO1;MAPK1;GNAI2","KEGG_2021_Human","yellow"
"Toxoplasmosis","3/112",0.0186665018739365,0.243533863366056,0,0,5.6155301239005,22.3555641556835,"GNAO1;MAPK1;GNAI2","KEGG_2021_Human","yellow"
"Serotonergic synapse","3/113",0.0191074760635156,0.243533863366056,0,0,5.56419868791003,22.0212934005866,"GNAO1;MAPK1;GNAI2","KEGG_2021_Human","yellow"
"Cholinergic synapse","3/113",0.0191074760635156,0.243533863366056,0,0,5.56419868791003,22.0212934005866,"GNAO1;MAPK1;GNAI2","KEGG_2021_Human","yellow"
"Glutamatergic synapse","3/114",0.0195542061325189,0.243533863366056,0,0,5.51379214265812,21.6943728553258,"GNAO1;MAPK1;GNAI2","KEGG_2021_Human","yellow"
"Human immunodeficiency virus 1 infection","4/212",0.0218526553311166,0.243533863366056,0,0,3.94471153846154,15.0823396380058,"GNAO1;MAPK1;AP1M1;GNAI2","KEGG_2021_Human","yellow"
"Growth hormone synthesis, secretion and action","3/119",0.0218742991047355,0.243533863366056,0,0,5.27479559189477,20.1626048968317,"MAP2K4;MAPK1;GNAI2","KEGG_2021_Human","yellow"
"Fanconi anemia pathway","2/54",0.029925836282038,0.291502620642448,0,0,7.78963893249608,27.3341007109313,"RPA1;TELO2","KEGG_2021_Human","yellow"
"Estrogen signaling pathway","3/137",0.0314194441411022,0.291502620642448,0,0,4.56208647484228,15.7863171072755,"GNAO1;MAPK1;GNAI2","KEGG_2021_Human","yellow"
"Insulin signaling pathway","3/137",0.0314194441411022,0.291502620642448,0,0,4.56208647484228,15.7863171072755,"PRKAR2B;MAPK1;PYGL","KEGG_2021_Human","yellow"
"Ubiquitin mediated proteolysis","3/140",0.0331909659721763,0.291731121965971,0,0,4.46150951915118,15.193570503725,"KLHL9;KLHL13;UBE2A","KEGG_2021_Human","yellow"
"Endocytosis","4/252",0.0377569145088387,0.303499174160417,0,0,3.30174731182796,10.8184611776838,"EHD1;CAPZA1;AMPH;RAB11B","KEGG_2021_Human","yellow"
"Retrograde endocannabinoid signaling","3/148",0.0381645668105914,0.303499174160417,0,0,4.21365090650551,13.7611423922677,"GNAO1;MAPK1;GNAI2","KEGG_2021_Human","yellow"
"Oxytocin signaling pathway","3/154",0.0421306259009563,0.31980975115726,0,0,4.04499214856285,12.8104106369815,"GNAO1;MAPK1;GNAI2","KEGG_2021_Human","yellow"
"Fc epsilon RI signaling pathway","2/68",0.0455522545652316,0.330748978799725,0,0,6.13296227581942,18.9440774902941,"MAP2K4;MAPK1","KEGG_2021_Human","yellow"
"Protein processing in endoplasmic reticulum","3/171",0.0544403566847165,0.356844259915685,0,0,3.63254786450663,10.5730738047588,"DNAJB2;SEC61A1;DNAJB1","KEGG_2021_Human","yellow"
"Chronic myeloid leukemia","2/76",0.0555565913641186,0.356844259915685,0,0,5.46773303916161,15.8036792136142,"CTBP1;MAPK1","KEGG_2021_Human","yellow"
"Pertussis","2/76",0.0555565913641186,0.356844259915685,0,0,5.46773303916161,15.8036792136142,"MAPK1;GNAI2","KEGG_2021_Human","yellow"
"Alcoholism","3/186",0.0665710008770891,0.403377702571854,0,0,3.33226297110022,9.02872059669896,"GNAO1;MAPK1;GNAI2","KEGG_2021_Human","yellow"
"ErbB signaling pathway","2/85",0.067632189652766,0.403377702571854,0,0,4.87263339070568,13.1252723836309,"MAP2K4;MAPK1","KEGG_2021_Human","yellow"
"Gap junction","2/88",0.0718343542729081,0.407778486813927,0,0,4.70194589463692,12.3820687985171,"MAPK1;GNAI2","KEGG_2021_Human","yellow"
"GABAergic synapse","2/89",0.0732536203857354,0.407778486813927,0,0,4.6476659629369,12.1481976031779,"GNAO1;GNAI2","KEGG_2021_Human","yellow"
"Morphine addiction","2/91",0.0761192182371278,0.410061595019366,0,0,4.54276542077505,11.6996856760182,"GNAO1;GNAI2","KEGG_2021_Human","yellow"
"GnRH signaling pathway","2/93",0.0790200821692443,0.412386053820744,0,0,4.44247589145548,11.2752403927723,"MAP2K4;MAPK1","KEGG_2021_Human","yellow"
"Primary bile acid biosynthesis","1/17",0.0817146326715557,0.413525565337873,0,0,12.5530303030303,31.4393429542943,"SCP2","KEGG_2021_Human","yellow"
"Fc gamma R-mediated phagocytosis","2/97",0.0849237360045433,0.414887996379624,0,0,4.25456498388829,10.491764264828,"MAPK1;AMPH","KEGG_2021_Human","yellow"
"Rap1 signaling pathway","3/210",0.0882888275783244,0.414887996379624,0,0,2.94232780516958,7.14144653267964,"GNAO1;MAPK1;GNAI2","KEGG_2021_Human","yellow"
"Progesterone-mediated oocyte maturation","2/100",0.0894369333512962,0.414887996379624,0,0,4.12369845897543,9.95552171579456,"MAPK1;GNAI2","KEGG_2021_Human","yellow"
"Steroid biosynthesis","1/20",0.0954324164624815,0.419972278742674,0,0,10.5693779904306,24.8310303892707,"MSMO1","KEGG_2021_Human","yellow"
"Toll-like receptor signaling pathway","2/104",0.0955625544444408,0.419972278742674,0,0,3.96118447378952,9.30075904717404,"MAP2K4;MAPK1","KEGG_2021_Human","yellow"
"Parathyroid hormone synthesis, secretion and action","2/106",0.0986696402849089,0.422508459681533,0,0,3.88461538461538,8.99668367505838,"MAPK1;GNAI2","KEGG_2021_Human","yellow"
"Human cytomegalovirus infection","3/225",0.103190270060158,0.423120900898081,0,0,2.74143215380329,6.22628783300974,"GNAO1;MAPK1;GNAI2","KEGG_2021_Human","yellow"
"TNF signaling pathway","2/112",0.108157545302071,0.423120900898081,0,0,3.67161410018553,8.16628057590409,"MAP2K4;MAPK1","KEGG_2021_Human","yellow"
"Mismatch repair","1/23",0.108947297836033,0.423120900898081,0,0,9.1267217630854,20.2329475165344,"RPA1","KEGG_2021_Human","yellow"
"Protein export","1/23",0.108947297836033,0.423120900898081,0,0,9.1267217630854,20.2329475165344,"SEC61A1","KEGG_2021_Human","yellow"
"Chemical carcinogenesis","3/239",0.117934535861387,0.439884220116913,0,0,2.57697012056614,5.50859727258369,"MAPK1;KPNA5;GNAI2","KEGG_2021_Human","yellow"
"Sphingolipid signaling pathway","2/119",0.119518877292295,0.439884220116913,0,0,3.45072387929531,7.33030700433838,"MAPK1;GNAI2","KEGG_2021_Human","yellow"
"AMPK signaling pathway","2/120",0.121165713325617,0.439884220116913,0,0,3.42130750605327,7.22099841165592,"HMGCR;RAB11B","KEGG_2021_Human","yellow"
"Fatty acid elongation","1/27",0.126656642302827,0.444667509276964,0,0,7.72105672105672,15.9538300108164,"ELOVL4","KEGG_2021_Human","yellow"
"Platelet activation","2/124",0.127808625420924,0.444667509276964,0,0,3.3084643693543,6.80624319809133,"MAPK1;GNAI2","KEGG_2021_Human","yellow"
"Citrate cycle (TCA cycle)","1/30",0.139709563918842,0.472081309979226,0,0,6.92128178335075,13.6223945108193,"OGDH","KEGG_2021_Human","yellow"
"Dopaminergic synapse","2/132",0.141341709574619,0.472081309979226,0,0,3.10361067503925,6.07244658574773,"GNAO1;GNAI2","KEGG_2021_Human","yellow"
"Apelin signaling pathway","2/137",0.149950708084332,0.481572466347758,0,0,2.98790627362056,5.66939873017379,"MAPK1;GNAI2","KEGG_2021_Human","yellow"
"Yersinia infection","2/137",0.149950708084332,0.481572466347758,0,0,2.98790627362056,5.66939873017379,"MAP2K4;MAPK1","KEGG_2021_Human","yellow"
"DNA replication","1/36",0.165238740567014,0.506248277046916,0,0,5.73304473304473,10.3215669941692,"RPA1","KEGG_2021_Human","yellow"
"Aldosterone-regulated sodium reabsorption","1/37",0.169420067180126,0.506248277046916,0,0,5.57351290684624,9.89507014564132,"MAPK1","KEGG_2021_Human","yellow"
"Thyroid cancer","1/37",0.169420067180126,0.506248277046916,0,0,5.57351290684624,9.89507014564132,"MAPK1","KEGG_2021_Human","yellow"
"Adrenergic signaling in cardiomyocytes","2/150",0.172791328093857,0.506248277046916,0,0,2.72366243794815,4.7818540898178,"MAPK1;GNAI2","KEGG_2021_Human","yellow"
"Spliceosome","2/150",0.172791328093857,0.506248277046916,0,0,2.72366243794815,4.7818540898178,"RBM25;SNRPD2","KEGG_2021_Human","yellow"
"mTOR signaling pathway","2/154",0.179932321463797,0.508868098398949,0,0,2.65145005370569,4.54769949538142,"MAPK1;TELO2","KEGG_2021_Human","yellow"
"Cushing syndrome","2/155",0.181724756491973,0.508868098398949,0,0,2.63398692810458,4.49163798449718,"MAPK1;GNAI2","KEGG_2021_Human","yellow"
"Bladder cancer","1/41",0.185939030336605,0.508868098398949,0,0,5.01515151515152,8.43717221072756,"MAPK1","KEGG_2021_Human","yellow"
"Homologous recombination","1/41",0.185939030336605,0.508868098398949,0,0,5.01515151515152,8.43717221072756,"RPA1","KEGG_2021_Human","yellow"
"Necroptosis","2/159",0.188921090423562,0.508868098398949,0,0,2.56635902768751,4.27664705514897,"SPATA2;PYGL","KEGG_2021_Human","yellow"
"Hepatitis B","2/162",0.194344307827666,0.515166657257463,0,0,2.51785714285714,4.12456198860435,"MAP2K4;MAPK1","KEGG_2021_Human","yellow"
"Vasopressin-regulated water reabsorption","1/44",0.1981144149655,0.516954801550601,0,0,4.6645525017618,7.55149331126355,"RAB11B","KEGG_2021_Human","yellow"
"cGMP-PKG signaling pathway","2/167",0.203427034299401,0.521573905030025,0,0,2.44094001236858,3.88706977769903,"MAPK1;GNAI2","KEGG_2021_Human","yellow"
"Type II diabetes mellitus","1/46",0.206131004383124,0.521573905030025,0,0,4.45679012345679,7.03835624820852,"MAPK1","KEGG_2021_Human","yellow"
"Nucleotide excision repair","1/47",0.210109494168341,0.523705754121089,0,0,4.3596837944664,6.80165814675797,"RPA1","KEGG_2021_Human","yellow"
"Cocaine addiction","1/49",0.21800735103248,0.530277093349543,0,0,4.17760942760943,6.36344537186664,"GNAI2","KEGG_2021_Human","yellow"
"Vibrio cholerae infection","1/50",0.221926911560385,0.530277093349543,0,0,4.09214594928881,6.16034588762116,"SEC61A1","KEGG_2021_Human","yellow"
"Axon guidance","2/182",0.230931972138144,0.530277093349543,0,0,2.23582766439909,3.27690080560998,"MAPK1;GNAI2","KEGG_2021_Human","yellow"
"RNA transport","2/186",0.238313406174166,0.530277093349543,0,0,2.18677905944987,3.13620994728774,"EIF4A1;FXR2","KEGG_2021_Human","yellow"
"Regulation of lipolysis in adipocytes","1/55",0.241234861655302,0.530277093349543,0,0,3.71230826786382,5.27884403782842,"GNAI2","KEGG_2021_Human","yellow"
"Chemokine signaling pathway","2/192",0.249408486067724,0.530277093349543,0,0,2.11707841031149,2.93990892306422,"MAPK1;GNAI2","KEGG_2021_Human","yellow"
"Kaposi sarcoma-associated herpesvirus infection","2/193",0.251259665145857,0.530277093349543,0,0,2.10588738113046,2.90879559265599,"MAP2K4;MAPK1","KEGG_2021_Human","yellow"
"Endometrial cancer","1/58",0.252591147960672,0.530277093349543,0,0,3.5163919900762,4.83849599837867,"MAPK1","KEGG_2021_Human","yellow"
"VEGF signaling pathway","1/59",0.256339055642632,0.530277093349543,0,0,3.45559038662487,4.70393718537215,"MAPK1","KEGG_2021_Human","yellow"
"Notch signaling pathway","1/59",0.256339055642632,0.530277093349543,0,0,3.45559038662487,4.70393718537215,"CTBP1","KEGG_2021_Human","yellow"
"Mineral absorption","1/60",0.260068356267662,0.530277093349543,0,0,3.39684985447697,4.57491398098809,"SLC26A3","KEGG_2021_Human","yellow"
"Proteoglycans in cancer","2/205",0.273493735468433,0.530277093349543,0,0,1.9801950336785,2.5672764502121,"MAPK1;ANK2","KEGG_2021_Human","yellow"
"GnRH secretion","1/64",0.274801310842782,0.530277093349543,0,0,3.18053551386885,4.10831982313615,"MAPK1","KEGG_2021_Human","yellow"
"Acute myeloid leukemia","1/67",0.285660089808726,0.530277093349543,0,0,3.03550658096113,3.80334608196671,"MAPK1","KEGG_2021_Human","yellow"
"Long-term potentiation","1/67",0.285660089808726,0.530277093349543,0,0,3.03550658096113,3.80334608196671,"MAPK1","KEGG_2021_Human","yellow"
"Lipid and atherosclerosis","2/215",0.292011021593529,0.530277093349543,0,0,1.88627000095813,2.32192996039718,"MAP2K4;MAPK1","KEGG_2021_Human","yellow"
"Renal cell carcinoma","1/69",0.29280968888067,0.530277093349543,0,0,2.94592988710636,3.61828655610275,"MAPK1","KEGG_2021_Human","yellow"
"Renin secretion","1/69",0.29280968888067,0.530277093349543,0,0,2.94592988710636,3.61828655610275,"GNAI2","KEGG_2021_Human","yellow"
"cAMP signaling pathway","2/216",0.293860347736136,0.530277093349543,0,0,1.87736028991036,2.29911046589758,"MAPK1;GNAI2","KEGG_2021_Human","yellow"
"Central carbon metabolism in cancer","1/70",0.296357876203525,0.530277093349543,0,0,2.9030888596106,3.53070042231205,"MAPK1","KEGG_2021_Human","yellow"
"Epithelial cell signaling in Helicobacter pylori infection","1/70",0.296357876203525,0.530277093349543,0,0,2.9030888596106,3.53070042231205,"MAP2K4","KEGG_2021_Human","yellow"
"Prolactin signaling pathway","1/70",0.296357876203525,0.530277093349543,0,0,2.9030888596106,3.53070042231205,"MAPK1","KEGG_2021_Human","yellow"
"Human T-cell leukemia virus 1 infection","2/219",0.299404556751811,0.530277093349543,0,0,1.85112385968212,2.23238056623459,"MAP2K4;MAPK1","KEGG_2021_Human","yellow"
"Adherens junction","1/71",0.299888438313403,0.530277093349543,0,0,2.86147186147186,3.44619860155019,"MAPK1","KEGG_2021_Human","yellow"
"Melanoma","1/72",0.303401461859655,0.530277093349543,0,0,2.82102717313985,3.36463457832852,"MAPK1","KEGG_2021_Human","yellow"
"Non-small cell lung cancer","1/72",0.303401461859655,0.530277093349543,0,0,2.82102717313985,3.36463457832852,"MAPK1","KEGG_2021_Human","yellow"
"p53 signaling pathway","1/73",0.306897033111884,0.530277093349543,0,0,2.78170594837262,3.28587063696556,"SHISA5","KEGG_2021_Human","yellow"
"Inositol phosphate metabolism","1/73",0.306897033111884,0.530277093349543,0,0,2.78170594837262,3.28587063696556,"SACM1L","KEGG_2021_Human","yellow"
"PPAR signaling pathway","1/74",0.310375237892897,0.530277093349543,0,0,2.74346201743462,3.20977722405069,"SCP2","KEGG_2021_Human","yellow"
"Glioma","1/75",0.313836161648445,0.530277093349543,0,0,2.70625170625171,3.13623236372496,"MAPK1","KEGG_2021_Human","yellow"
"Gastric acid secretion","1/76",0.317279889350664,0.530277093349543,0,0,2.67003367003367,3.0651211233087,"GNAI2","KEGG_2021_Human","yellow"
"Pancreatic cancer","1/76",0.317279889350664,0.530277093349543,0,0,2.67003367003367,3.0651211233087,"MAPK1","KEGG_2021_Human","yellow"
"Arrhythmogenic right ventricular cardiomyopathy","1/77",0.320706505558706,0.530277093349543,0,0,2.6347687400319,2.99633512170869,"EMD","KEGG_2021_Human","yellow"
"Leishmaniasis","1/77",0.320706505558706,0.530277093349543,0,0,2.6347687400319,2.99633512170869,"MAPK1","KEGG_2021_Human","yellow"
"B cell receptor signaling pathway","1/81",0.334243532854352,0.547241862614479,0,0,2.50252525252525,2.74248091594401,"MAPK1","KEGG_2021_Human","yellow"
"Peroxisome","1/82",0.337585846063778,0.547347925171369,0,0,2.47150517520888,2.68389506560141,"SCP2","KEGG_2021_Human","yellow"
"Colorectal cancer","1/86",0.350789788685405,0.562439169613431,0,0,2.35472370766488,2.46673350535558,"MAPK1","KEGG_2021_Human","yellow"
"Salmonella infection","2/249",0.354329907098373,0.562439169613431,0,0,1.62381227794762,1.68474885214955,"MAP2K4;MAPK1","KEGG_2021_Human","yellow"
"PD-L1 expression and PD-1 checkpoint pathway in cancer","1/89",0.360521436424534,0.562439169613431,0,0,2.27410468319559,2.32005037808893,"MAPK1","KEGG_2021_Human","yellow"
"Bile secretion","1/90",0.363733115678147,0.562439169613431,0,0,2.24843945068664,2.27392523969427,"HMGCR","KEGG_2021_Human","yellow"
"Hypertrophic cardiomyopathy","1/90",0.363733115678147,0.562439169613431,0,0,2.24843945068664,2.27392523969427,"EMD","KEGG_2021_Human","yellow"
"Th1 and Th2 cell differentiation","1/92",0.370108643786799,0.564689728681606,0,0,2.1988011988012,2.18551754723327,"MAPK1","KEGG_2021_Human","yellow"
"TGF-beta signaling pathway","1/94",0.376420920115876,0.564689728681606,0,0,2.15129792549147,2.10191981526176,"MAPK1","KEGG_2021_Human","yellow"
"IL-17 signaling pathway","1/94",0.376420920115876,0.564689728681606,0,0,2.15129792549147,2.10191981526176,"MAPK1","KEGG_2021_Human","yellow"
"Dilated cardiomyopathy","1/96",0.382670565880735,0.564689728681606,0,0,2.10579479000532,2.02278604662789,"EMD","KEGG_2021_Human","yellow"
"Phosphatidylinositol signaling system","1/97",0.385772094842852,0.564689728681606,0,0,2.08375420875421,1.98479362024731,"SACM1L","KEGG_2021_Human","yellow"
"Prostate cancer","1/97",0.385772094842852,0.564689728681606,0,0,2.08375420875421,1.98479362024731,"MAPK1","KEGG_2021_Human","yellow"
"Choline metabolism in cancer","1/98",0.388858196397513,0.564689728681606,0,0,2.06216807247735,1.94780133547852,"MAPK1","KEGG_2021_Human","yellow"
"AGE-RAGE signaling pathway in diabetic complications","1/100",0.394984420817951,0.566484956602535,0,0,2.02030405060708,1.87667852610055,"MAPK1","KEGG_2021_Human","yellow"
"Prion disease","2/273",0.397205912414823,0.566484956602535,0,0,1.47819865953762,1.36482150481797,"MAPK1;NCAM1","KEGG_2021_Human","yellow"
"Pancreatic secretion","1/102",0.401049842395342,0.566484956602535,0,0,1.98009800980098,1.80915528558786,"SLC26A3","KEGG_2021_Human","yellow"
"T cell receptor signaling pathway","1/104",0.407055058636552,0.566484956602535,0,0,1.94145336863783,1.74499153520703,"MAPK1","KEGG_2021_Human","yellow"
"C-type lectin receptor signaling pathway","1/104",0.407055058636552,0.566484956602535,0,0,1.94145336863783,1.74499153520703,"MAPK1","KEGG_2021_Human","yellow"
"Th17 cell differentiation","1/107",0.41595129052059,0.568080895534467,0,0,1.88622069754145,1.65456849319568,"MAPK1","KEGG_2021_Human","yellow"
"Glucagon signaling pathway","1/107",0.41595129052059,0.568080895534467,0,0,1.88622069754145,1.65456849319568,"PYGL","KEGG_2021_Human","yellow"
"Insulin resistance","1/108",0.41888723576301,0.568080895534467,0,0,1.86849806475975,1.62588017253325,"PYGL","KEGG_2021_Human","yellow"
"HIF-1 signaling pathway","1/109",0.421808569139365,0.568080895534467,0,0,1.85110362888141,1.59787949320038,"MAPK1","KEGG_2021_Human","yellow"
"MAPK signaling pathway","2/294",0.433647407322141,0.578136194398658,0,0,1.37042214145932,1.14501990493626,"MAP2K4;MAPK1","KEGG_2021_Human","yellow"
"Leukocyte transendothelial migration","1/114",0.436198565833718,0.578136194398658,0,0,1.76874944131581,1.46745661650072,"GNAI2","KEGG_2021_Human","yellow"
"Neurotrophin signaling pathway","1/119",0.450233917137087,0.5920398752905,0,0,1.69337442218798,1.35129249451638,"MAPK1","KEGG_2021_Human","yellow"
"Thyroid hormone signaling pathway","1/121",0.455750702577925,0.594612244769637,0,0,1.66498316498317,1.30835929507761,"MAPK1","KEGG_2021_Human","yellow"
"Osteoclast differentiation","1/127",0.471974339207137,0.601353486218004,0,0,1.58521725188392,1.19022971699885,"MAPK1","KEGG_2021_Human","yellow"
"Lysosome","1/128",0.474631333638161,0.601353486218004,0,0,1.57265569076593,1.17196962381658,"AP1M1","KEGG_2021_Human","yellow"
"Oocyte meiosis","1/129",0.477275091201804,0.601353486218004,0,0,1.5602904040404,1.15408790031601,"MAPK1","KEGG_2021_Human","yellow"
"Purine metabolism","1/129",0.477275091201804,0.601353486218004,0,0,1.5602904040404,1.15408790031601,"AMPD2","KEGG_2021_Human","yellow"
"FoxO signaling pathway","1/131",0.482523156606063,0.601353486218004,0,0,1.53613053613054,1.11941882389327,"MAPK1","KEGG_2021_Human","yellow"
"Natural killer cell mediated cytotoxicity","1/131",0.482523156606063,0.601353486218004,0,0,1.53613053613054,1.11941882389327,"MAPK1","KEGG_2021_Human","yellow"
"Vascular smooth muscle contraction","1/133",0.487719053875974,0.603326533313242,0,0,1.51270278543006,1.0861444222602,"MAPK1","KEGG_2021_Human","yellow"
"Pathways in cancer","3/531",0.497866879989961,0.606997938333757,0,0,1.13472352389878,0.791381770119386,"CTBP1;MAPK1;GNAI2","KEGG_2021_Human","yellow"
"Autophagy","1/137",0.497956392525298,0.606997938333757,0,0,1.46791443850267,1.02349273069514,"MAPK1","KEGG_2021_Human","yellow"
"Fluid shear stress and atherosclerosis","1/139",0.502998845735877,0.608701501723851,0,0,1.44649392475479,0.993983474661611,"MAP2K4","KEGG_2021_Human","yellow"
"Apoptosis","1/142",0.510468659235617,0.611717227597896,0,0,1.41550254316212,0.951820763413215,"MAPK1","KEGG_2021_Human","yellow"
"Signaling pathways regulating pluripotency of stem cells","1/143",0.512933812590885,0.611717227597896,0,0,1.40546308151942,0.938299046849509,"MAPK1","KEGG_2021_Human","yellow"
"Breast cancer","1/147",0.522672127159014,0.611717227597896,0,0,1.36668050366681,0.886703567337748,"MAPK1","KEGG_2021_Human","yellow"
"Cell adhesion molecules","1/148",0.525076432202193,0.611717227597896,0,0,1.35731464302893,0.874397623216168,"NCAM1","KEGG_2021_Human","yellow"
"Phospholipase D signaling pathway","1/148",0.525076432202193,0.611717227597896,0,0,1.35731464302893,0.874397623216168,"MAPK1","KEGG_2021_Human","yellow"
"Gastric cancer","1/149",0.527468747150282,0.611717227597896,0,0,1.34807534807535,0.862317510620557,"MAPK1","KEGG_2021_Human","yellow"
"Phagosome","1/152",0.534574342306715,0.615682173553251,0,0,1.32109171182019,0.827379223374853,"SEC61A1","KEGG_2021_Human","yellow"
"Cellular senescence","1/156",0.54388416660054,0.618881352691435,0,0,1.28673835125448,0.783648083151441,"MAPK1","KEGG_2021_Human","yellow"
"Hepatitis C","1/157",0.546182667977324,0.618881352691435,0,0,1.27842527842528,0.77319391269415,"MAPK1","KEGG_2021_Human","yellow"
"Ribosome","1/158",0.548469701786421,0.618881352691435,0,0,1.27021810461301,0.762922512360618,"MRPS21","KEGG_2021_Human","yellow"
"Wnt signaling pathway","1/166",0.566359876814798,0.634779190792425,0,0,1.20814202632384,0.686859643904913,"CTBP1","KEGG_2021_Human","yellow"
"Hepatocellular carcinoma","1/168",0.570721645453221,0.63540343193792,0,0,1.19355228936067,0.669408186906394,"MAPK1","KEGG_2021_Human","yellow"
"Tuberculosis","1/180",0.595994889569521,0.657049693640736,0,0,1.11286044805598,0.57593108520923,"MAPK1","KEGG_2021_Human","yellow"
"NOD-like receptor signaling pathway","1/181",0.598033254092167,0.657049693640736,0,0,1.10662177328844,0.568924122199385,"MAPK1","KEGG_2021_Human","yellow"
"Neutrophil extracellular trap formation","1/189",0.613977814396427,0.670158790877146,0,0,1.05910165484634,0.516626063848475,"MAPK1","KEGG_2021_Human","yellow"
"Pathogenic Escherichia coli infection","1/197",0.62929598455177,0.681177298706229,0,0,1.01546072974644,0.470314261452597,"MAPK1","KEGG_2021_Human","yellow"
"Focal adhesion","1/201",0.636727825797518,0.681177298706229,0,0,0.994949494949495,0.449133126176455,"MAPK1","KEGG_2021_Human","yellow"
"Epstein-Barr virus infection","1/202",0.638562619762378,0.681177298706229,0,0,0.989949243680587,0.44402741371685,"MAP2K4","KEGG_2021_Human","yellow"
"Viral carcinogenesis","1/203",0.640388238903461,0.681177298706229,0,0,0.984998499849985,0.438994784726488,"MAPK1","KEGG_2021_Human","yellow"
"Regulation of actin cytoskeleton","1/218",0.666701897316833,0.704678587670323,0,0,0.916212819438626,0.371443913003097,"MAPK1","KEGG_2021_Human","yellow"
"Coronavirus disease","1/232",0.689537438477132,0.719704701410507,0,0,0.860072587345315,0.319718468488941,"MAPK1","KEGG_2021_Human","yellow"
"Ras signaling pathway","1/232",0.689537438477132,0.719704701410507,0,0,0.860072587345315,0.319718468488941,"MAPK1","KEGG_2021_Human","yellow"
"Shigellosis","1/246",0.710822997359591,0.737266522351271,0,0,0.810348381776953,0.276597695305975,"MAPK1","KEGG_2021_Human","yellow"
"Parkinson disease","1/249",0.715192674376682,0.737266522351271,0,0,0.800423590746171,0.268304627364853,"GNAI2","KEGG_2021_Human","yellow"
"MicroRNAs in cancer","1/310",0.791129857891819,0.810544087533336,0,0,0.640417116145272,0.150045346926481,"MAPK1","KEGG_2021_Human","yellow"
"Human papillomavirus infection","1/331",0.812320779437656,0.827180305890784,0,0,0.599020508111417,0.12451238380496,"MAPK1","KEGG_2021_Human","yellow"
"PI3K-Akt signaling pathway","1/354",0.833093130673269,0.843191229226884,0,0,0.559332703808625,0.102139656408443,"MAPK1","KEGG_2021_Human","yellow"
"Alzheimer disease","1/369",0.845396615066969,0.850489365760144,0,0,0.536122090469917,0.0900413806333399,"MAPK1","KEGG_2021_Human","yellow"
"Pathways of neurodegeneration","1/475",0.910156202909001,0.910156202909001,0,0,0.413970932958275,0.0389708273149979,"MAPK1","KEGG_2021_Human","yellow"
"Galactolipid Biosynthetic Process (GO:0019375)","2/5",0.000245087170998512,0.0737341867656336,0,0,135.353741496599,1125.31701267514,"FA2H;UGT8","GO_Biological_Process_2023","brown"
"Galactosylceramide Biosynthetic Process (GO:0006682)","2/5",0.000245087170998512,0.0737341867656336,0,0,135.353741496599,1125.31701267514,"FA2H;UGT8","GO_Biological_Process_2023","brown"
"Glycosylceramide Biosynthetic Process (GO:0046476)","2/6",0.000366432168048497,0.0737341867656336,0,0,101.510204081633,803.117990717184,"FA2H;UGT8","GO_Biological_Process_2023","brown"
"Negative Regulation Of Keratinocyte Proliferation (GO:0010839)","2/7",0.00051133277923463,0.0737341867656336,0,0,81.2040816326531,615.404316417306,"PTPRK;FGFR2","GO_Biological_Process_2023","brown"
"Galactosylceramide Metabolic Process (GO:0006681)","2/7",0.00051133277923463,0.0737341867656336,0,0,81.2040816326531,615.404316417306,"FA2H;UGT8","GO_Biological_Process_2023","brown"
"Actin Filament Organization (GO:0007015)","5/144",0.00078502640815567,0.094334006713373,0,0,7.48239303294207,53.4975628250484,"MYO1D;MYO1E;HIP1;ELMO1;SHROOM4","GO_Biological_Process_2023","brown"
"Vesicle Cytoskeletal Trafficking (GO:0099518)","3/39",0.000972629455166433,0.0946436335686779,0,0,17.0652920962199,118.356459198027,"MYO1D;MYO1E;NDE1","GO_Biological_Process_2023","brown"
"Supramolecular Fiber Organization (GO:0097435)","7/316",0.00105013740436813,0.0946436335686779,0,0,4.77214044611476,32.7313203952282,"MYO1D;MYO1E;HIP1;ELMO1;SLAIN1;NCKAP5;SHROOM4","GO_Biological_Process_2023","brown"
"Sphingolipid Metabolic Process (GO:0006665)","4/94",0.00127139771341329,0.0949944598959956,0,0,9.1712962962963,61.1508875642086,"UGT8;FA2H;ENPP2;ST6GALNAC3","GO_Biological_Process_2023","brown"
"Organic Hydroxy Compound Transport (GO:0015850)","3/45",0.00147778509269015,0.0949944598959956,0,0,14.6229749631811,95.3010113987768,"SLC44A1;SLCO1A2;SLC5A11","GO_Biological_Process_2023","brown"
"Nervous System Development (GO:0007399)","8/433",0.00148338910138816,0.0949944598959956,0,0,3.9846547314578,25.9537532337566,"UGT8;ZEB2;SEMA6A;MOBP;MOG;LPAR1;SPOCK1;GPM6B","GO_Biological_Process_2023","brown"
"Organophosphate Catabolic Process (GO:0046434)","2/12",0.00158104510229119,0.0949944598959956,0,0,40.5918367346939,261.803918893847,"ENPP2;PLD1","GO_Biological_Process_2023","brown"
"Regulation Of Epithelial Cell Migration (GO:0010632)","3/50",0.00200467613787586,0.103240821100607,0,0,13.0640491335819,81.1574365484459,"DOCK5;ENPP2;DOCK1","GO_Biological_Process_2023","brown"
"Negative Regulation Of Cell Projection Organization (GO:0031345)","3/50",0.00200467613787586,0.103240821100607,0,0,13.0640491335819,81.1574365484459,"MAG;LPAR1;SPOCK1","GO_Biological_Process_2023","brown"
"Glycoprotein Metabolic Process (GO:0009100)","3/53",0.00237020480089914,0.112683054008837,0,0,12.2783505154639,74.219914290735,"MAN2A1;PCSK6;ST6GALNAC3","GO_Biological_Process_2023","brown"
"Negative Regulation Of Neuron Projection Development (GO:0010977)","3/54",0.002500594818504,0.112683054008837,0,0,12.0369921164342,72.1163479298262,"MAG;LPAR1;SPOCK1","GO_Biological_Process_2023","brown"
"Positive Regulation Of Glycolytic Process (GO:0045821)","2/18",0.00359423711737408,0.130375575490871,0,0,25.3622448979592,142.749455625051,"P2RX7;ZBTB20","GO_Biological_Process_2023","brown"
"Vesicle Transport Along Actin Filament (GO:0030050)","2/18",0.00359423711737408,0.130375575490871,0,0,25.3622448979592,142.749455625051,"MYO1D;MYO1E","GO_Biological_Process_2023","brown"
"Myoblast Fusion (GO:0007520)","2/18",0.00359423711737408,0.130375575490871,0,0,25.3622448979592,142.749455625051,"DOCK5;DOCK1","GO_Biological_Process_2023","brown"
"Regulation Of MAPK Cascade (GO:0043408)","5/204",0.00361652081805468,0.130375575490871,0,0,5.21052631578947,29.2948441427856,"P2RX7;PHLPP1;LPAR1;VRK2;FGFR2","GO_Biological_Process_2023","brown"
"Actin Filament-Based Transport (GO:0099515)","2/20",0.00443449984753605,0.152251161432071,0,0,22.5419501133787,122.139959975335,"MYO1D;MYO1E","GO_Biological_Process_2023","brown"
"Cellular Lipid Catabolic Process (GO:0044242)","2/23",0.00584761959206228,0.183310161994648,0,0,19.3187560738581,99.3316462237063,"ENPP2;PLD1","GO_Biological_Process_2023","brown"
"Microtubule Nucleation (GO:0007020)","2/23",0.00584761959206228,0.183310161994648,0,0,19.3187560738581,99.3316462237063,"NDE1;SLAIN1","GO_Biological_Process_2023","brown"
"Outflow Tract Septum Morphogenesis (GO:0003148)","2/24",0.00635854736076345,0.191021360296269,0,0,18.4397031539889,93.2671948534304,"LRP2;FGFR2","GO_Biological_Process_2023","brown"
"Regulation Of Keratinocyte Proliferation (GO:0010837)","2/25",0.00688907400282997,0.19103932138617,0,0,17.6370896184561,87.7942327571282,"PTPRK;FGFR2","GO_Biological_Process_2023","brown"
"Myotube Differentiation (GO:0014902)","2/25",0.00688907400282997,0.19103932138617,0,0,17.6370896184561,87.7942327571282,"DOCK5;DOCK1","GO_Biological_Process_2023","brown"
"Plasma Membrane Invagination (GO:0099024)","2/26",0.0074389947886241,0.194249594939889,0,0,16.9013605442177,82.8338984204336,"ELMO1;DOCK1","GO_Biological_Process_2023","brown"
"Calcium Ion Transmembrane Transport (GO:0070588)","3/80",0.00754367358989859,0.194249594939889,0,0,7.96211005489356,38.9111981120306,"SLC24A2;P2RX7;TMEM165","GO_Biological_Process_2023","brown"
"Phospholipid Catabolic Process (GO:0009395)","2/28",0.00859620747114401,0.20980228469512,0,0,15.5996860282575,74.1988795836398,"ENPP2;PLD1","GO_Biological_Process_2023","brown"
"Positive Regulation Of Canonical Wnt Signaling Pathway (GO:0090263)","3/85",0.00890772751370806,0.20980228469512,0,0,7.47472969575057,35.2869739274349,"ZEB2;FGFR2;RNF220","GO_Biological_Process_2023","brown"
"Phagocytosis, Engulfment (GO:0006911)","2/30",0.00982857782071015,0.20980228469512,0,0,14.4839650145773,66.9515638793864,"ELMO1;DOCK1","GO_Biological_Process_2023","brown"
"Negative Regulation Of Axon Extension (GO:0030517)","2/30",0.00982857782071015,0.20980228469512,0,0,14.4839650145773,66.9515638793864,"MAG;SEMA6A","GO_Biological_Process_2023","brown"
"Phospholipid Translocation (GO:0045332)","2/31",0.0104724512850622,0.20980228469512,0,0,13.9838142153413,63.7523090878691,"P2RX7;ATP10B","GO_Biological_Process_2023","brown"
"Glycosphingolipid Metabolic Process (GO:0006687)","2/32",0.0111345221222249,0.20980228469512,0,0,13.5170068027211,60.795507674817,"UGT8;ST6GALNAC3","GO_Biological_Process_2023","brown"
"Regulation Of Neuron Projection Development (GO:0010975)","4/174",0.0113638641834637,0.20980228469512,0,0,4.83578431372549,21.651338187187,"MAG;LPAR1;KIF13B;SPOCK1","GO_Biological_Process_2023","brown"
"Glycolipid Metabolic Process (GO:0006664)","2/33",0.0118145960439168,0.20980228469512,0,0,13.0803159973667,58.0559303610333,"UGT8;ST6GALNAC3","GO_Biological_Process_2023","brown"
"Ventricular Cardiac Muscle Tissue Morphogenesis (GO:0055010)","2/33",0.0118145960439168,0.20980228469512,0,0,13.0803159973667,58.0559303610333,"LRP2;FGFR2","GO_Biological_Process_2023","brown"
"Positive Regulation Of Small Molecule Metabolic Process (GO:0062013)","2/33",0.0118145960439168,0.20980228469512,0,0,13.0803159973667,58.0559303610333,"P2RX7;ZBTB20","GO_Biological_Process_2023","brown"
"Positive Regulation Of Cell Migration (GO:0030335)","5/272",0.0118449247087883,0.20980228469512,0,0,3.87009658978908,17.1671903957162,"DOCK5;SEMA6A;ENPP2;GAB1;DOCK1","GO_Biological_Process_2023","brown"
"Positive Regulation Of Epithelial Cell Migration (GO:0010634)","3/95",0.0120445443435542,0.20980228469512,0,0,6.65889735544599,29.4266227866329,"DOCK5;ENPP2;DOCK1","GO_Biological_Process_2023","brown"
"Microtubule Polymerization (GO:0046785)","2/34",0.0125124802245356,0.20980228469512,0,0,12.6709183673469,55.5116572102178,"NDE1;SLAIN1","GO_Biological_Process_2023","brown"
"Cellular Response To Vascular Endothelial Growth Factor Stimulus (GO:0035924)","2/34",0.0125124802245356,0.20980228469512,0,0,12.6709183673469,55.5116572102178,"SEMA6A;GAB1","GO_Biological_Process_2023","brown"
"Positive Regulation Of Carbohydrate Metabolic Process (GO:0045913)","2/34",0.0125124802245356,0.20980228469512,0,0,12.6709183673469,55.5116572102178,"P2RX7;ZBTB20","GO_Biological_Process_2023","brown"
"Positive Regulation Of Substrate Adhesion-Dependent Cell Spreading (GO:1900026)","2/35",0.0132279832722483,0.216758544074797,0,0,12.2863327149041,53.1435584472206,"DOCK5;DOCK1","GO_Biological_Process_2023","brown"
"Central Nervous System Development (GO:0007417)","5/283",0.0138594399495077,0.22002782011946,0,0,3.71488072699735,15.8951896531954,"UGT8;MOG;SPOCK1;SYNJ2;SHROOM4","GO_Biological_Process_2023","brown"
"Calcium Ion Homeostasis (GO:0055074)","3/102",0.0145721785315227,0.22002782011946,0,0,6.18587941268354,26.1578642224501,"SLC24A2;TMTC2;TMEM165","GO_Biological_Process_2023","brown"
"Positive Regulation Of Bone Mineralization (GO:0030501)","2/38",0.0154783132235365,0.22002782011946,0,0,11.2607709750567,46.9384448645158,"P2RX7;GPM6B","GO_Biological_Process_2023","brown"
"Glycerophospholipid Biosynthetic Process (GO:0046474)","3/108",0.0169600753440739,0.22002782011946,0,0,5.83063328424153,23.7708692241991,"SLC44A1;SYNJ2;PLD1","GO_Biological_Process_2023","brown"
"Regulation Of Glycolytic Process (GO:0006110)","2/40",0.0170631829128301,0.22002782011946,0,0,10.6670247046187,43.4236674606069,"P2RX7;ZBTB20","GO_Biological_Process_2023","brown"
"Positive Regulation Of Wnt Signaling Pathway (GO:0030177)","3/109",0.0173780716412014,0.22002782011946,0,0,5.77533553783311,23.4048136142864,"ZEB2;FGFR2;RNF220","GO_Biological_Process_2023","brown"
"Positive Regulation Of Ossification (GO:0045778)","2/41",0.0178804597481127,0.22002782011946,0,0,10.3929879644165,41.8218699251635,"P2RX7;GPM6B","GO_Biological_Process_2023","brown"
"Calcium Ion Transport (GO:0006816)","3/112",0.0186665018739365,0.22002782011946,0,0,5.6155301239005,22.3555641556835,"SLC24A2;P2RX7;TMEM165","GO_Biological_Process_2023","brown"
"Monoatomic Cation Transport (GO:0006812)","2/42",0.0187140554000923,0.22002782011946,0,0,10.1326530612245,40.3125617234172,"PIEZO2;LRP2","GO_Biological_Process_2023","brown"
"Ceramide Biosynthetic Process (GO:0046513)","2/42",0.0187140554000923,0.22002782011946,0,0,10.1326530612245,40.3125617234172,"FA2H;ST6GALNAC3","GO_Biological_Process_2023","brown"
"Lysosome Organization (GO:0007040)","2/43",0.0195637897091909,0.22002782011946,0,0,9.88501742160279,38.888398778374,"ATP10B;TMEM165","GO_Biological_Process_2023","brown"
"Positive Regulation Of Biomineral Tissue Development (GO:0070169)","2/43",0.0195637897091909,0.22002782011946,0,0,9.88501742160279,38.888398778374,"P2RX7;GPM6B","GO_Biological_Process_2023","brown"
"Skeletal System Morphogenesis (GO:0048705)","2/43",0.0195637897091909,0.22002782011946,0,0,9.88501742160279,38.888398778374,"HHIP;FGFR2","GO_Biological_Process_2023","brown"
"Regulation Of Canonical Wnt Signaling Pathway (GO:0060828)","4/207",0.0202238448517037,0.22002782011946,0,0,4.04289819376026,15.770912991023,"AMER2;ZEB2;FGFR2;RNF220","GO_Biological_Process_2023","brown"
"Epidermal Growth Factor Receptor Signaling Pathway (GO:0007173)","2/45",0.0213109604144822,0.22002782011946,0,0,9.42429995253915,36.2697365803843,"ERBIN;GAB1","GO_Biological_Process_2023","brown"
"Epithelial Cell Migration (GO:0010631)","2/46",0.0222080432575084,0.22002782011946,0,0,9.20964749536178,35.0638977870873,"ANLN;ZEB2","GO_Biological_Process_2023","brown"
"Modulation Of Chemical Synaptic Transmission (GO:0050804)","3/123",0.0238342004694833,0.22002782011946,0,0,5.0979381443299,19.0491276504594,"GRM3;KCNMB4;CNTNAP4","GO_Biological_Process_2023","brown"
"Regulation Of Cell Motility (GO:2000145)","3/123",0.0238342004694833,0.22002782011946,0,0,5.0979381443299,19.0491276504594,"FRMD5;ENPP2;SGK3","GO_Biological_Process_2023","brown"
"Myelination (GO:0042552)","2/48",0.0240483300532172,0.22002782011946,0,0,8.80834072759539,32.8347611919466,"GPM6B;BCAS1","GO_Biological_Process_2023","brown"
"Epithelial Tube Branching Involved In Lung Morphogenesis (GO:0060441)","1/5",0.0247535287182936,0.22002782011946,0,0,50.2424242424242,185.836036973753,"FGFR2","GO_Biological_Process_2023","brown"
"Epithelial Tube Formation (GO:0072175)","1/5",0.0247535287182936,0.22002782011946,0,0,50.2424242424242,185.836036973753,"FGFR2","GO_Biological_Process_2023","brown"
"Positive Regulation Of Monoatomic Ion Transmembrane Transport (GO:0034767)","1/5",0.0247535287182936,0.22002782011946,0,0,50.2424242424242,185.836036973753,"P2RX7","GO_Biological_Process_2023","brown"
"Transmembrane Receptor Protein Tyrosine Phosphatase Signaling Pathway (GO:0007185)","1/5",0.0247535287182936,0.22002782011946,0,0,50.2424242424242,185.836036973753,"PTPRD","GO_Biological_Process_2023","brown"
"Negative Regulation Of Nervous System Process (GO:0031645)","1/5",0.0247535287182936,0.22002782011946,0,0,50.2424242424242,185.836036973753,"TMEM98","GO_Biological_Process_2023","brown"
"Glycosylceramide Metabolic Process (GO:0006677)","1/5",0.0247535287182936,0.22002782011946,0,0,50.2424242424242,185.836036973753,"ST6GALNAC3","GO_Biological_Process_2023","brown"
"T-helper 1 Cell Differentiation (GO:0045063)","1/5",0.0247535287182936,0.22002782011946,0,0,50.2424242424242,185.836036973753,"TMEM98","GO_Biological_Process_2023","brown"
"Ventricular Compact Myocardium Morphogenesis (GO:0003223)","1/5",0.0247535287182936,0.22002782011946,0,0,50.2424242424242,185.836036973753,"LRP2","GO_Biological_Process_2023","brown"
"Regulation Of Interleukin-1-Mediated Signaling Pathway (GO:2000659)","1/5",0.0247535287182936,0.22002782011946,0,0,50.2424242424242,185.836036973753,"VRK2","GO_Biological_Process_2023","brown"
"Positive Regulation Of Protein Catabolic Process In The Vacuole (GO:1904352)","1/5",0.0247535287182936,0.22002782011946,0,0,50.2424242424242,185.836036973753,"LRP2","GO_Biological_Process_2023","brown"
"Adiponectin-Activated Signaling Pathway (GO:0033211)","1/5",0.0247535287182936,0.22002782011946,0,0,50.2424242424242,185.836036973753,"ADIPOR2","GO_Biological_Process_2023","brown"
"Regulation Of Morphogenesis Of A Branching Structure (GO:0060688)","1/5",0.0247535287182936,0.22002782011946,0,0,50.2424242424242,185.836036973753,"FGFR2","GO_Biological_Process_2023","brown"
"Plasma Membrane Raft Organization (GO:0044857)","1/5",0.0247535287182936,0.22002782011946,0,0,50.2424242424242,185.836036973753,"FA2H","GO_Biological_Process_2023","brown"
"Choline Metabolic Process (GO:0019695)","1/5",0.0247535287182936,0.22002782011946,0,0,50.2424242424242,185.836036973753,"SLC44A1","GO_Biological_Process_2023","brown"
"Positive Regulation Of Nervous System Development (GO:0051962)","2/49",0.0249911884332231,0.22002782011946,0,0,8.62049500651324,31.8030058521021,"PTPRD;LRP2","GO_Biological_Process_2023","brown"
"Neurogenesis (GO:0022008)","2/49",0.0249911884332231,0.22002782011946,0,0,8.62049500651324,31.8030058521021,"LPAR1;SPOCK1","GO_Biological_Process_2023","brown"
"Regulation Of Anatomical Structure Morphogenesis (GO:0022603)","3/127",0.0258863853847271,0.22002782011946,0,0,4.93249085467243,18.0235095567768,"FMNL2;KIF13B;FGFR2","GO_Biological_Process_2023","brown"
"Amide Biosynthetic Process (GO:0043604)","2/51",0.0269214810715392,0.22002782011946,0,0,8.26780508121616,29.8867161104048,"FA2H;ABCA8","GO_Biological_Process_2023","brown"
"Regulation Of Smoothened Signaling Pathway (GO:0008589)","2/51",0.0269214810715392,0.22002782011946,0,0,8.26780508121616,29.8867161104048,"HHIP;FGFR2","GO_Biological_Process_2023","brown"
"Regulation Of Substrate Adhesion-Dependent Cell Spreading (GO:1900024)","2/51",0.0269214810715392,0.22002782011946,0,0,8.26780508121616,29.8867161104048,"DOCK5;DOCK1","GO_Biological_Process_2023","brown"
"Positive Regulation Of Gliogenesis (GO:0014015)","1/6",0.0296309633944118,0.22002782011946,0,0,40.1919191919192,141.432767389918,"LRP2","GO_Biological_Process_2023","brown"
"Exocrine System Development (GO:0035272)","1/6",0.0296309633944118,0.22002782011946,0,0,40.1919191919192,141.432767389918,"FGFR2","GO_Biological_Process_2023","brown"
"Positive Regulation Of Lamellipodium Morphogenesis (GO:2000394)","1/6",0.0296309633944118,0.22002782011946,0,0,40.1919191919192,141.432767389918,"ENPP2","GO_Biological_Process_2023","brown"
"Forebrain Neuron Development (GO:0021884)","1/6",0.0296309633944118,0.22002782011946,0,0,40.1919191919192,141.432767389918,"FGFR2","GO_Biological_Process_2023","brown"
"Gland Morphogenesis (GO:0022612)","1/6",0.0296309633944118,0.22002782011946,0,0,40.1919191919192,141.432767389918,"FGFR2","GO_Biological_Process_2023","brown"
"Glomerular Epithelial Cell Development (GO:0072310)","1/6",0.0296309633944118,0.22002782011946,0,0,40.1919191919192,141.432767389918,"MYO1E","GO_Biological_Process_2023","brown"
"Negative Regulation Of Oligodendrocyte Differentiation (GO:0048715)","1/6",0.0296309633944118,0.22002782011946,0,0,40.1919191919192,141.432767389918,"TMEM98","GO_Biological_Process_2023","brown"
"Bleb Assembly (GO:0032060)","1/6",0.0296309633944118,0.22002782011946,0,0,40.1919191919192,141.432767389918,"P2RX7","GO_Biological_Process_2023","brown"
"Long-Term Synaptic Depression (GO:0060292)","1/6",0.0296309633944118,0.22002782011946,0,0,40.1919191919192,141.432767389918,"SLC24A2","GO_Biological_Process_2023","brown"
"Regulation Of Smooth Muscle Cell Differentiation (GO:0051150)","1/6",0.0296309633944118,0.22002782011946,0,0,40.1919191919192,141.432767389918,"FGFR2","GO_Biological_Process_2023","brown"
"Podocyte Development (GO:0072015)","1/6",0.0296309633944118,0.22002782011946,0,0,40.1919191919192,141.432767389918,"MYO1E","GO_Biological_Process_2023","brown"
"Choline Transport (GO:0015871)","1/6",0.0296309633944118,0.22002782011946,0,0,40.1919191919192,141.432767389918,"SLC44A1","GO_Biological_Process_2023","brown"
"Positive Regulation Of Cysteine-Type Endopeptidase Activity Involved In Apoptotic Signaling Pathway (GO:2001269)","1/6",0.0296309633944118,0.22002782011946,0,0,40.1919191919192,141.432767389918,"ST18","GO_Biological_Process_2023","brown"
"ERBB Signaling Pathway (GO:0038127)","2/54",0.029925836282038,0.22002782011946,0,0,7.78963893249608,27.3341007109313,"GAB1;ERBIN","GO_Biological_Process_2023","brown"
"Regulation Of Protein Kinase B Signaling (GO:0051896)","3/136",0.0308403457982155,0.22002782011946,0,0,4.59662041702194,15.991327643667,"HIP1;PHLPP1;LRP2","GO_Biological_Process_2023","brown"
"Phosphatidylcholine Metabolic Process (GO:0046470)","2/55",0.030955668405524,0.22002782011946,0,0,7.64227955333077,26.5584434034501,"SLC44A1;ENPP2","GO_Biological_Process_2023","brown"
"Ceramide Metabolic Process (GO:0006672)","2/55",0.030955668405524,0.22002782011946,0,0,7.64227955333077,26.5584434034501,"FA2H;ST6GALNAC3","GO_Biological_Process_2023","brown"
"Regulation Of Bone Mineralization (GO:0030500)","2/58",0.0341280219187038,0.22002782011946,0,0,7.23177842565598,24.4263185896388,"P2RX7;GPM6B","GO_Biological_Process_2023","brown"
"Negative Regulation Of Lipid Kinase Activity (GO:0090219)","1/7",0.0344842492004147,0.22002782011946,0,0,33.4915824915825,112.774618360503,"PIP4K2A","GO_Biological_Process_2023","brown"
"Positive Regulation Of Melanin Biosynthetic Process (GO:0048023)","1/7",0.0344842492004147,0.22002782011946,0,0,33.4915824915825,112.774618360503,"ZEB2","GO_Biological_Process_2023","brown"
"Regulation Of Lipase Activity (GO:0060191)","1/7",0.0344842492004147,0.22002782011946,0,0,33.4915824915825,112.774618360503,"PCSK6","GO_Biological_Process_2023","brown"
"Amine Transport (GO:0015837)","1/7",0.0344842492004147,0.22002782011946,0,0,33.4915824915825,112.774618360503,"SLC44A1","GO_Biological_Process_2023","brown"
"Positive Regulation Of Secondary Metabolite Biosynthetic Process (GO:1900378)","1/7",0.0344842492004147,0.22002782011946,0,0,33.4915824915825,112.774618360503,"ZEB2","GO_Biological_Process_2023","brown"
"Regulation Of Microvillus Organization (GO:0032530)","1/7",0.0344842492004147,0.22002782011946,0,0,33.4915824915825,112.774618360503,"PLD1","GO_Biological_Process_2023","brown"
"Neuron Projection Arborization (GO:0140058)","1/7",0.0344842492004147,0.22002782011946,0,0,33.4915824915825,112.774618360503,"LRP2","GO_Biological_Process_2023","brown"
"Axon Ensheathment In Central Nervous System (GO:0032291)","1/7",0.0344842492004147,0.22002782011946,0,0,33.4915824915825,112.774618360503,"GPM6B","GO_Biological_Process_2023","brown"
"Positive Regulation Of Vascular Associated Smooth Muscle Cell Migration (GO:1904754)","1/7",0.0344842492004147,0.22002782011946,0,0,33.4915824915825,112.774618360503,"DOCK5","GO_Biological_Process_2023","brown"
"Protein Deglycosylation (GO:0006517)","1/7",0.0344842492004147,0.22002782011946,0,0,33.4915824915825,112.774618360503,"MAN2A1","GO_Biological_Process_2023","brown"
"Cellular Biogenic Amine Catabolic Process (GO:0042402)","1/7",0.0344842492004147,0.22002782011946,0,0,33.4915824915825,112.774618360503,"SLC44A1","GO_Biological_Process_2023","brown"
"Plasma Membrane Phospholipid Scrambling (GO:0017121)","1/7",0.0344842492004147,0.22002782011946,0,0,33.4915824915825,112.774618360503,"P2RX7","GO_Biological_Process_2023","brown"
"Negative Regulation Of Glial Cell Differentiation (GO:0045686)","1/8",0.0393135041520565,0.230447451167746,0,0,28.7056277056277,92.8967850071638,"TMEM98","GO_Biological_Process_2023","brown"
"Regulation Of Lysosomal Protein Catabolic Process (GO:1905165)","1/8",0.0393135041520565,0.230447451167746,0,0,28.7056277056277,92.8967850071638,"LRP2","GO_Biological_Process_2023","brown"
"Neuronal Action Potential (GO:0019228)","1/8",0.0393135041520565,0.230447451167746,0,0,28.7056277056277,92.8967850071638,"KCNMB4","GO_Biological_Process_2023","brown"
"Autophagosome-Lysosome Fusion (GO:0061909)","1/8",0.0393135041520565,0.230447451167746,0,0,28.7056277056277,92.8967850071638,"PIP4K2A","GO_Biological_Process_2023","brown"
"Presynaptic Membrane Assembly (GO:0097105)","1/8",0.0393135041520565,0.230447451167746,0,0,28.7056277056277,92.8967850071638,"PTPRD","GO_Biological_Process_2023","brown"
"Manganese Ion Transport (GO:0006828)","1/8",0.0393135041520565,0.230447451167746,0,0,28.7056277056277,92.8967850071638,"TMEM165","GO_Biological_Process_2023","brown"
"Membrane Lipid Catabolic Process (GO:0046466)","1/8",0.0393135041520565,0.230447451167746,0,0,28.7056277056277,92.8967850071638,"ENPP2","GO_Biological_Process_2023","brown"
"Cobalamin Transport (GO:0015889)","1/8",0.0393135041520565,0.230447451167746,0,0,28.7056277056277,92.8967850071638,"LRP2","GO_Biological_Process_2023","brown"
"Positive Regulation Of Calcium Ion Transport Into Cytosol (GO:0010524)","1/8",0.0393135041520565,0.230447451167746,0,0,28.7056277056277,92.8967850071638,"P2RX7","GO_Biological_Process_2023","brown"
"Response To Leptin (GO:0044321)","1/8",0.0393135041520565,0.230447451167746,0,0,28.7056277056277,92.8967850071638,"LRP2","GO_Biological_Process_2023","brown"
"Regulation Of Cellular Component Organization (GO:0051128)","3/153",0.0414556978663591,0.240982483402501,0,0,4.07216494845361,12.9622301812543,"HIP1;SPOCK1;SGK3","GO_Biological_Process_2023","brown"
"Cellular Response To Growth Factor Stimulus (GO:0071363)","3/155",0.0428110923844909,0.240982483402501,0,0,4.01817688551275,12.6611067720295,"SEMA6A;LRP2;PDE8A","GO_Biological_Process_2023","brown"
"Positive Regulation Of Lipase Activity (GO:0060193)","1/9",0.0441188457824273,0.240982483402501,0,0,25.1161616161616,78.3842312444799,"FGFR2","GO_Biological_Process_2023","brown"
"Positive Regulation Of Mesenchymal Cell Proliferation (GO:0002053)","1/9",0.0441188457824273,0.240982483402501,0,0,25.1161616161616,78.3842312444799,"FGFR2","GO_Biological_Process_2023","brown"
"T-helper 1 Type Immune Response (GO:0042088)","1/9",0.0441188457824273,0.240982483402501,0,0,25.1161616161616,78.3842312444799,"TMEM98","GO_Biological_Process_2023","brown"
"Negative Regulation Of Protein Localization To Cell Surface (GO:2000009)","1/9",0.0441188457824273,0.240982483402501,0,0,25.1161616161616,78.3842312444799,"GPM6B","GO_Biological_Process_2023","brown"
"Negative Regulation Of Vascular Endothelial Growth Factor Signaling Pathway (GO:1900747)","1/9",0.0441188457824273,0.240982483402501,0,0,25.1161616161616,78.3842312444799,"SEMA6A","GO_Biological_Process_2023","brown"
"Presynaptic Membrane Organization (GO:0097090)","1/9",0.0441188457824273,0.240982483402501,0,0,25.1161616161616,78.3842312444799,"PTPRD","GO_Biological_Process_2023","brown"
"Negative Regulation Of Bone Resorption (GO:0045779)","1/9",0.0441188457824273,0.240982483402501,0,0,25.1161616161616,78.3842312444799,"P2RX7","GO_Biological_Process_2023","brown"
"Phagocytosis (GO:0006909)","2/69",0.0467626402187707,0.249118548735131,0,0,6.04112092598233,18.5019639390654,"ELMO1;DOCK1","GO_Biological_Process_2023","brown"
"Phospholipid Metabolic Process (GO:0006644)","2/69",0.0467626402187707,0.249118548735131,0,0,6.04112092598233,18.5019639390654,"ENPP2;PLD1","GO_Biological_Process_2023","brown"
"Negative Regulation Of Epithelial Cell Proliferation (GO:0050680)","2/70",0.0479847867745848,0.249118548735131,0,0,5.95198079231693,18.0753994112781,"PTPRK;FGFR2","GO_Biological_Process_2023","brown"
"Regulation Of Cysteine-Type Endopeptidase Activity Involved In Apoptotic Signaling Pathway (GO:2001267)","1/10",0.0489003911418305,0.249118548735131,0,0,22.324354657688,67.3742300304506,"ST18","GO_Biological_Process_2023","brown"
"Regulation Of Lamellipodium Morphogenesis (GO:2000392)","1/10",0.0489003911418305,0.249118548735131,0,0,22.324354657688,67.3742300304506,"ENPP2","GO_Biological_Process_2023","brown"
"Negative Regulation Of Sprouting Angiogenesis (GO:1903671)","1/10",0.0489003911418305,0.249118548735131,0,0,22.324354657688,67.3742300304506,"SEMA6A","GO_Biological_Process_2023","brown"
"Regulation Of Melanin Biosynthetic Process (GO:0048021)","1/10",0.0489003911418305,0.249118548735131,0,0,22.324354657688,67.3742300304506,"ZEB2","GO_Biological_Process_2023","brown"
"Regulation Of Phospholipase Activity (GO:0010517)","1/10",0.0489003911418305,0.249118548735131,0,0,22.324354657688,67.3742300304506,"FGFR2","GO_Biological_Process_2023","brown"
"Negative Regulation Of Adenylate Cyclase Activity (GO:0007194)","1/10",0.0489003911418305,0.249118548735131,0,0,22.324354657688,67.3742300304506,"GRM3","GO_Biological_Process_2023","brown"
"Positive Regulation Of Cell-Substrate Adhesion (GO:0010811)","2/71",0.0492185490137595,0.249118548735131,0,0,5.86542443064182,17.6636360143545,"DOCK5;DOCK1","GO_Biological_Process_2023","brown"
"Plasma Membrane Organization (GO:0007009)","2/72",0.0504637828415357,0.249118548735131,0,0,5.78134110787172,17.265971584774,"P2RX7;FA2H","GO_Biological_Process_2023","brown"
"Negative Regulation Of Cell Adhesion (GO:0007162)","2/72",0.0504637828415357,0.249118548735131,0,0,5.78134110787172,17.265971584774,"SEMA6A;SPOCK1","GO_Biological_Process_2023","brown"
"Vitamin D Metabolic Process (GO:0042359)","1/11",0.0536582567508638,0.249118548735131,0,0,20.0909090909091,58.7683184218827,"LRP2","GO_Biological_Process_2023","brown"
"Regulation Of Mesenchymal Cell Proliferation (GO:0010464)","1/11",0.0536582567508638,0.249118548735131,0,0,20.0909090909091,58.7683184218827,"FGFR2","GO_Biological_Process_2023","brown"
"Presynapse Organization (GO:0099172)","1/11",0.0536582567508638,0.249118548735131,0,0,20.0909090909091,58.7683184218827,"PTPRD","GO_Biological_Process_2023","brown"
"Podocyte Differentiation (GO:0072112)","1/11",0.0536582567508638,0.249118548735131,0,0,20.0909090909091,58.7683184218827,"MYO1E","GO_Biological_Process_2023","brown"
"Central Nervous System Myelination (GO:0022010)","1/11",0.0536582567508638,0.249118548735131,0,0,20.0909090909091,58.7683184218827,"GPM6B","GO_Biological_Process_2023","brown"
"Regulation Of Ventricular Cardiac Muscle Cell Action Potential (GO:0098911)","1/11",0.0536582567508638,0.249118548735131,0,0,20.0909090909091,58.7683184218827,"CTNNA3","GO_Biological_Process_2023","brown"
"Digestive System Development (GO:0055123)","1/11",0.0536582567508638,0.249118548735131,0,0,20.0909090909091,58.7683184218827,"FGFR2","GO_Biological_Process_2023","brown"
"Negative Regulation Of Bone Remodeling (GO:0046851)","1/11",0.0536582567508638,0.249118548735131,0,0,20.0909090909091,58.7683184218827,"P2RX7","GO_Biological_Process_2023","brown"
"Negative Regulation Of Cellular Response To Vascular Endothelial Growth Factor Stimulus (GO:1902548)","1/11",0.0536582567508638,0.249118548735131,0,0,20.0909090909091,58.7683184218827,"SEMA6A","GO_Biological_Process_2023","brown"
"Negative Regulation Of Cyclase Activity (GO:0031280)","1/11",0.0536582567508638,0.249118548735131,0,0,20.0909090909091,58.7683184218827,"GRM3","GO_Biological_Process_2023","brown"
"Positive Regulation Of Neurogenesis (GO:0050769)","2/75",0.0542668897312266,0.249118548735131,0,0,5.54291305563321,16.1511673406941,"PTPRD;LRP2","GO_Biological_Process_2023","brown"
"Regulation Of BMP Signaling Pathway (GO:0030510)","2/75",0.0542668897312266,0.249118548735131,0,0,5.54291305563321,16.1511673406941,"LRP2;PCSK6","GO_Biological_Process_2023","brown"
"Sphingolipid Biosynthetic Process (GO:0030148)","2/77",0.0568570608364097,0.249118548735131,0,0,5.39455782312925,15.4673563823572,"FA2H;ABCA8","GO_Biological_Process_2023","brown"
"Sphingomyelin Metabolic Process (GO:0006684)","1/12",0.0583925585800791,0.249118548735131,0,0,18.2635445362718,51.8788186041542,"ABCA8","GO_Biological_Process_2023","brown"
"Synaptic Membrane Adhesion (GO:0099560)","1/12",0.0583925585800791,0.249118548735131,0,0,18.2635445362718,51.8788186041542,"PTPRD","GO_Biological_Process_2023","brown"
"G Protein-Coupled Glutamate Receptor Signaling Pathway (GO:0007216)","1/12",0.0583925585800791,0.249118548735131,0,0,18.2635445362718,51.8788186041542,"GRM3","GO_Biological_Process_2023","brown"
"Negative Regulation Of Locomotion (GO:0040013)","1/12",0.0583925585800791,0.249118548735131,0,0,18.2635445362718,51.8788186041542,"FRMD5","GO_Biological_Process_2023","brown"
"Positive Regulation Of Neuron Migration (GO:2001224)","1/12",0.0583925585800791,0.249118548735131,0,0,18.2635445362718,51.8788186041542,"SEMA6A","GO_Biological_Process_2023","brown"
"Granulocyte Activation (GO:0036230)","1/12",0.0583925585800791,0.249118548735131,0,0,18.2635445362718,51.8788186041542,"PREX1","GO_Biological_Process_2023","brown"
"Calcium Ion Import (GO:0070509)","1/12",0.0583925585800791,0.249118548735131,0,0,18.2635445362718,51.8788186041542,"SLC24A2","GO_Biological_Process_2023","brown"
"Quaternary Ammonium Group Transport (GO:0015697)","1/12",0.0583925585800791,0.249118548735131,0,0,18.2635445362718,51.8788186041542,"SLC44A1","GO_Biological_Process_2023","brown"
"Regulation Of Vascular Associated Smooth Muscle Cell Migration (GO:1904752)","1/12",0.0583925585800791,0.249118548735131,0,0,18.2635445362718,51.8788186041542,"DOCK5","GO_Biological_Process_2023","brown"
"Response To Muramyl Dipeptide (GO:0032495)","1/12",0.0583925585800791,0.249118548735131,0,0,18.2635445362718,51.8788186041542,"ERBIN","GO_Biological_Process_2023","brown"
"Detection Of Calcium Ion (GO:0005513)","1/12",0.0583925585800791,0.249118548735131,0,0,18.2635445362718,51.8788186041542,"KCNMB4","GO_Biological_Process_2023","brown"
"Positive Regulation Of Cell Morphogenesis Involved In Differentiation (GO:0010770)","1/12",0.0583925585800791,0.249118548735131,0,0,18.2635445362718,51.8788186041542,"PTPRD","GO_Biological_Process_2023","brown"
"Negative Regulation Of Lyase Activity (GO:0051350)","1/13",0.0631034120924419,0.255604270329498,0,0,16.7407407407407,46.2543391597171,"GRM3","GO_Biological_Process_2023","brown"
"Glomerular Filtration (GO:0003094)","1/13",0.0631034120924419,0.255604270329498,0,0,16.7407407407407,46.2543391597171,"MYO1E","GO_Biological_Process_2023","brown"
"Interleukin-6-Mediated Signaling Pathway (GO:0070102)","1/13",0.0631034120924419,0.255604270329498,0,0,16.7407407407407,46.2543391597171,"ST18","GO_Biological_Process_2023","brown"
"Regulation Of Nitrogen Compound Metabolic Process (GO:0051171)","1/13",0.0631034120924419,0.255604270329498,0,0,16.7407407407407,46.2543391597171,"CNDP1","GO_Biological_Process_2023","brown"
"Lipid Oxidation (GO:0034440)","1/13",0.0631034120924419,0.255604270329498,0,0,16.7407407407407,46.2543391597171,"ADIPOR2","GO_Biological_Process_2023","brown"
"Membrane Depolarization (GO:0051899)","1/13",0.0631034120924419,0.255604270329498,0,0,16.7407407407407,46.2543391597171,"P2RX7","GO_Biological_Process_2023","brown"
"Clathrin Coat Assembly (GO:0048268)","1/13",0.0631034120924419,0.255604270329498,0,0,16.7407407407407,46.2543391597171,"HIP1","GO_Biological_Process_2023","brown"
"Positive Regulation Of Cardiac Muscle Cell Proliferation (GO:0060045)","1/13",0.0631034120924419,0.255604270329498,0,0,16.7407407407407,46.2543391597171,"FGFR2","GO_Biological_Process_2023","brown"
"Sodium-Independent Organic Anion Transport (GO:0043252)","1/13",0.0631034120924419,0.255604270329498,0,0,16.7407407407407,46.2543391597171,"SLCO1A2","GO_Biological_Process_2023","brown"
"Vascular Transport (GO:0010232)","2/83",0.0648783802345316,0.259985436667232,0,0,4.99344923154447,13.6582862458477,"SLC44A1;LRP2","GO_Biological_Process_2023","brown"
"Transport Across Blood-Brain Barrier (GO:0150104)","2/85",0.067632189652766,0.259985436667232,0,0,4.87263339070568,13.1252723836309,"SLC44A1;LRP2","GO_Biological_Process_2023","brown"
"Integrin-Mediated Signaling Pathway (GO:0007229)","2/85",0.067632189652766,0.259985436667232,0,0,4.87263339070568,13.1252723836309,"ERBIN;DOCK1","GO_Biological_Process_2023","brown"
"Establishment Of Chromosome Localization (GO:0051303)","1/14",0.0677909321684321,0.259985436667232,0,0,15.4522144522145,41.5869594433684,"NDE1","GO_Biological_Process_2023","brown"
"Vascular Endothelial Growth Factor Signaling Pathway (GO:0038084)","1/14",0.0677909321684321,0.259985436667232,0,0,15.4522144522145,41.5869594433684,"GAB1","GO_Biological_Process_2023","brown"
"Bone Morphogenesis (GO:0060349)","1/14",0.0677909321684321,0.259985436667232,0,0,15.4522144522145,41.5869594433684,"FGFR2","GO_Biological_Process_2023","brown"
"Membrane Raft Organization (GO:0031579)","1/14",0.0677909321684321,0.259985436667232,0,0,15.4522144522145,41.5869594433684,"FA2H","GO_Biological_Process_2023","brown"
"Cellular Response To ATP (GO:0071318)","1/14",0.0677909321684321,0.259985436667232,0,0,15.4522144522145,41.5869594433684,"P2RX7","GO_Biological_Process_2023","brown"
"Detection Of Mechanical Stimulus Involved In Sensory Perception (GO:0050974)","1/14",0.0677909321684321,0.259985436667232,0,0,15.4522144522145,41.5869594433684,"PIEZO2","GO_Biological_Process_2023","brown"
"Embryonic Cranial Skeleton Morphogenesis (GO:0048701)","1/14",0.0677909321684321,0.259985436667232,0,0,15.4522144522145,41.5869594433684,"FGFR2","GO_Biological_Process_2023","brown"
"Endocytosis (GO:0006897)","3/189",0.0691342274417198,0.263443247672773,0,0,3.27801795809777,8.75789807945467,"MYO1E;HIP1;LRP2","GO_Biological_Process_2023","brown"
"Positive Regulation Of Plasma Membrane Bounded Cell Projection Assembly (GO:0120034)","2/88",0.0718343542729081,0.263443247672773,0,0,4.70194589463692,12.3820687985171,"P2RX7;ANLN","GO_Biological_Process_2023","brown"
"Sphingolipid Catabolic Process (GO:0030149)","1/15",0.0724552331756038,0.263443247672773,0,0,14.3477633477633,37.6598138369901,"ENPP2","GO_Biological_Process_2023","brown"
"Ganglioside Biosynthetic Process (GO:0001574)","1/15",0.0724552331756038,0.263443247672773,0,0,14.3477633477633,37.6598138369901,"ST6GALNAC3","GO_Biological_Process_2023","brown"
"Regulation Of Lipoprotein Lipase Activity (GO:0051004)","1/15",0.0724552331756038,0.263443247672773,0,0,14.3477633477633,37.6598138369901,"PCSK6","GO_Biological_Process_2023","brown"
"Negative Regulation Of Synaptic Transmission (GO:0050805)","1/15",0.0724552331756038,0.263443247672773,0,0,14.3477633477633,37.6598138369901,"SLC24A2","GO_Biological_Process_2023","brown"
"Positive Regulation Of Transmembrane Transport (GO:0034764)","1/15",0.0724552331756038,0.263443247672773,0,0,14.3477633477633,37.6598138369901,"P2RX7","GO_Biological_Process_2023","brown"
"Presynapse Assembly (GO:0099054)","1/15",0.0724552331756038,0.263443247672773,0,0,14.3477633477633,37.6598138369901,"PTPRD","GO_Biological_Process_2023","brown"
"Renal Filtration (GO:0097205)","1/15",0.0724552331756038,0.263443247672773,0,0,14.3477633477633,37.6598138369901,"MYO1E","GO_Biological_Process_2023","brown"
"Digestive Tract Morphogenesis (GO:0048546)","1/15",0.0724552331756038,0.263443247672773,0,0,14.3477633477633,37.6598138369901,"FGFR2","GO_Biological_Process_2023","brown"
"Regulation Of Vesicle-Mediated Transport (GO:0060627)","2/89",0.0732536203857354,0.263443247672773,0,0,4.6476659629369,12.1481976031779,"HIP1;PLD1","GO_Biological_Process_2023","brown"
"Sensory Perception Of Mechanical Stimulus (GO:0050954)","2/89",0.0732536203857354,0.263443247672773,0,0,4.6476659629369,12.1481976031779,"PIEZO2;LRP2","GO_Biological_Process_2023","brown"
"Positive Regulation Of Smooth Muscle Cell Migration (GO:0014911)","1/16",0.0770964289305897,0.263443247672773,0,0,13.3905723905724,34.3159973270839,"DOCK5","GO_Biological_Process_2023","brown"
"Intracellular Cholesterol Transport (GO:0032367)","1/16",0.0770964289305897,0.263443247672773,0,0,13.3905723905724,34.3159973270839,"PIP4K2A","GO_Biological_Process_2023","brown"
"Regulation Of Osteoblast Proliferation (GO:0033688)","1/16",0.0770964289305897,0.263443247672773,0,0,13.3905723905724,34.3159973270839,"FGFR2","GO_Biological_Process_2023","brown"
"Nuclear Migration (GO:0007097)","1/16",0.0770964289305897,0.263443247672773,0,0,13.3905723905724,34.3159973270839,"CLMN","GO_Biological_Process_2023","brown"
"Oligodendrocyte Development (GO:0014003)","1/16",0.0770964289305897,0.263443247672773,0,0,13.3905723905724,34.3159973270839,"GPM6B","GO_Biological_Process_2023","brown"
"Protein O-linked Mannosylation (GO:0035269)","1/16",0.0770964289305897,0.263443247672773,0,0,13.3905723905724,34.3159973270839,"TMTC2","GO_Biological_Process_2023","brown"
"Mesonephric Tubule Development (GO:0072164)","1/16",0.0770964289305897,0.263443247672773,0,0,13.3905723905724,34.3159973270839,"FGFR2","GO_Biological_Process_2023","brown"
"Phosphatidylinositol Dephosphorylation (GO:0046856)","1/16",0.0770964289305897,0.263443247672773,0,0,13.3905723905724,34.3159973270839,"SYNJ2","GO_Biological_Process_2023","brown"
"Regulation Of Synaptic Transmission, GABAergic (GO:0032228)","1/16",0.0770964289305897,0.263443247672773,0,0,13.3905723905724,34.3159973270839,"CNTNAP4","GO_Biological_Process_2023","brown"
"Positive Regulation Of Autophagosome Assembly (GO:2000786)","1/16",0.0770964289305897,0.263443247672773,0,0,13.3905723905724,34.3159973270839,"PIP4K2A","GO_Biological_Process_2023","brown"
"Positive Regulation Of Cardiac Muscle Tissue Growth (GO:0055023)","1/16",0.0770964289305897,0.263443247672773,0,0,13.3905723905724,34.3159973270839,"FGFR2","GO_Biological_Process_2023","brown"
"Positive Regulation Of Protein Kinase B Signaling (GO:0051897)","2/93",0.0790200821692443,0.26874282662276,0,0,4.44247589145548,11.2752403927723,"HIP1;LRP2","GO_Biological_Process_2023","brown"
"Organic Substance Transport (GO:0071702)","3/201",0.0798258760090027,0.269023973315944,0,0,3.07747578881599,7.77957433172407,"SLCO1A2;ABCA8;LRP2","GO_Biological_Process_2023","brown"
"Extracellular Matrix Assembly (GO:0085029)","1/17",0.0817146326715557,0.269023973315944,0,0,12.5530303030303,31.4393429542943,"GPM6B","GO_Biological_Process_2023","brown"
"Rac Protein Signal Transduction (GO:0016601)","1/17",0.0817146326715557,0.269023973315944,0,0,12.5530303030303,31.4393429542943,"ELMO1","GO_Biological_Process_2023","brown"
"Mesenchyme Development (GO:0060485)","1/17",0.0817146326715557,0.269023973315944,0,0,12.5530303030303,31.4393429542943,"FGFR2","GO_Biological_Process_2023","brown"
"Microtubule Depolymerization (GO:0007019)","1/17",0.0817146326715557,0.269023973315944,0,0,12.5530303030303,31.4393429542943,"NCKAP5","GO_Biological_Process_2023","brown"
"Regulation Of Adenylate Cyclase Activity (GO:0045761)","1/17",0.0817146326715557,0.269023973315944,0,0,12.5530303030303,31.4393429542943,"GRM3","GO_Biological_Process_2023","brown"
"Positive Regulation Of Dendrite Morphogenesis (GO:0050775)","1/17",0.0817146326715557,0.269023973315944,0,0,12.5530303030303,31.4393429542943,"PTPRD","GO_Biological_Process_2023","brown"
"Ureteric Bud Development (GO:0001657)","1/18",0.0863099571505928,0.27189333186965,0,0,11.8140225787285,28.9421143066093,"FGFR2","GO_Biological_Process_2023","brown"
"T-helper Cell Differentiation (GO:0042093)","1/18",0.0863099571505928,0.27189333186965,0,0,11.8140225787285,28.9421143066093,"TMEM98","GO_Biological_Process_2023","brown"
"Neutrophil Activation (GO:0042119)","1/18",0.0863099571505928,0.27189333186965,0,0,11.8140225787285,28.9421143066093,"PREX1","GO_Biological_Process_2023","brown"
"Regulation Of Oligodendrocyte Differentiation (GO:0048713)","1/18",0.0863099571505928,0.27189333186965,0,0,11.8140225787285,28.9421143066093,"TMEM98","GO_Biological_Process_2023","brown"
"Response To Organophosphorus (GO:0046683)","1/18",0.0863099571505928,0.27189333186965,0,0,11.8140225787285,28.9421143066093,"P2RX7","GO_Biological_Process_2023","brown"
"Detection Of Mechanical Stimulus (GO:0050982)","1/18",0.0863099571505928,0.27189333186965,0,0,11.8140225787285,28.9421143066093,"PIEZO2","GO_Biological_Process_2023","brown"
"Axon Development (GO:0061564)","2/99",0.0879246283814667,0.27189333186965,0,0,4.16642120765832,10.129717084782,"GPM6B;FGFR2","GO_Biological_Process_2023","brown"
"Regulation Of Cellular Response To Growth Factor Stimulus (GO:0090287)","1/19",0.0908825145361798,0.27189333186965,0,0,11.1571268237935,26.7568838212325,"PCSK6","GO_Biological_Process_2023","brown"
"Regulation Of Centriole Replication (GO:0046599)","1/19",0.0908825145361798,0.27189333186965,0,0,11.1571268237935,26.7568838212325,"C10ORF90","GO_Biological_Process_2023","brown"
"Establishment Of Skin Barrier (GO:0061436)","1/19",0.0908825145361798,0.27189333186965,0,0,11.1571268237935,26.7568838212325,"FA2H","GO_Biological_Process_2023","brown"
"Ganglioside Metabolic Process (GO:0001573)","1/19",0.0908825145361798,0.27189333186965,0,0,11.1571268237935,26.7568838212325,"ST6GALNAC3","GO_Biological_Process_2023","brown"
"N-glycan Processing (GO:0006491)","1/19",0.0908825145361798,0.27189333186965,0,0,11.1571268237935,26.7568838212325,"MAN2A1","GO_Biological_Process_2023","brown"
"Glycosphingolipid Biosynthetic Process (GO:0006688)","1/19",0.0908825145361798,0.27189333186965,0,0,11.1571268237935,26.7568838212325,"ST6GALNAC3","GO_Biological_Process_2023","brown"
"Interleukin-1-Mediated Signaling Pathway (GO:0070498)","1/19",0.0908825145361798,0.27189333186965,0,0,11.1571268237935,26.7568838212325,"ST18","GO_Biological_Process_2023","brown"
"Phosphatidylcholine Biosynthetic Process (GO:0006656)","1/19",0.0908825145361798,0.27189333186965,0,0,11.1571268237935,26.7568838212325,"SLC44A1","GO_Biological_Process_2023","brown"
"Regulation Of Transcription Involved In G1/S Transition Of Mitotic Cell Cycle (GO:0000083)","1/19",0.0908825145361798,0.27189333186965,0,0,11.1571268237935,26.7568838212325,"CDK18","GO_Biological_Process_2023","brown"
"Pore Complex Assembly (GO:0046931)","1/19",0.0908825145361798,0.27189333186965,0,0,11.1571268237935,26.7568838212325,"P2RX7","GO_Biological_Process_2023","brown"
"Regulation Of Vascular Endothelial Growth Factor Signaling Pathway (GO:1900746)","1/19",0.0908825145361798,0.27189333186965,0,0,11.1571268237935,26.7568838212325,"SEMA6A","GO_Biological_Process_2023","brown"
"Cortical Actin Cytoskeleton Organization (GO:0030866)","1/19",0.0908825145361798,0.27189333186965,0,0,11.1571268237935,26.7568838212325,"FMNL2","GO_Biological_Process_2023","brown"
"Negative Regulation Of Axon Extension Involved In Axon Guidance (GO:0048843)","1/19",0.0908825145361798,0.27189333186965,0,0,11.1571268237935,26.7568838212325,"SEMA6A","GO_Biological_Process_2023","brown"
"Regulation Of Behavior (GO:0050795)","1/19",0.0908825145361798,0.27189333186965,0,0,11.1571268237935,26.7568838212325,"CNTNAP4","GO_Biological_Process_2023","brown"
"Embryonic Digestive Tract Development (GO:0048566)","1/19",0.0908825145361798,0.27189333186965,0,0,11.1571268237935,26.7568838212325,"FGFR2","GO_Biological_Process_2023","brown"
"Regulation Of RNA Splicing (GO:0043484)","2/102",0.0924846891098034,0.275543226645323,0,0,4.04081632653061,9.62002061056518,"TMEM98;QKI","GO_Biological_Process_2023","brown"
"Positive Regulation Of Phospholipase Activity (GO:0010518)","1/20",0.0954324164624815,0.276332418752808,0,0,10.5693779904306,24.8310303892707,"FGFR2","GO_Biological_Process_2023","brown"
"Xenobiotic Transport (GO:0042908)","1/20",0.0954324164624815,0.276332418752808,0,0,10.5693779904306,24.8310303892707,"ABCA8","GO_Biological_Process_2023","brown"
"Long-Term Synaptic Potentiation (GO:0060291)","1/20",0.0954324164624815,0.276332418752808,0,0,10.5693779904306,24.8310303892707,"SLC24A2","GO_Biological_Process_2023","brown"
"Peripheral Nervous System Development (GO:0007422)","1/20",0.0954324164624815,0.276332418752808,0,0,10.5693779904306,24.8310303892707,"UGT8","GO_Biological_Process_2023","brown"
"Response To ATP (GO:0033198)","1/20",0.0954324164624815,0.276332418752808,0,0,10.5693779904306,24.8310303892707,"P2RX7","GO_Biological_Process_2023","brown"
"Sensory Perception Of Pain (GO:0019233)","1/20",0.0954324164624815,0.276332418752808,0,0,10.5693779904306,24.8310303892707,"P2RX7","GO_Biological_Process_2023","brown"
"Regulation Of Cardiac Muscle Cell Proliferation (GO:0060043)","1/20",0.0954324164624815,0.276332418752808,0,0,10.5693779904306,24.8310303892707,"FGFR2","GO_Biological_Process_2023","brown"
"Negative Regulation Of MAPK Cascade (GO:0043409)","2/105",0.0971124998083677,0.280072449447332,0,0,3.92252823459481,9.1468854610462,"P2RX7;SEMA6A","GO_Biological_Process_2023","brown"
"Focal Adhesion Assembly (GO:0048041)","1/21",0.0999597740324998,0.281200848678472,0,0,10.040404040404,23.1229243332888,"PTPRK","GO_Biological_Process_2023","brown"
"Regulation Of Neurotransmitter Transport (GO:0051588)","1/21",0.0999597740324998,0.281200848678472,0,0,10.040404040404,23.1229243332888,"KCNMB4","GO_Biological_Process_2023","brown"
"Positive Regulation Of Vacuole Organization (GO:0044090)","1/21",0.0999597740324998,0.281200848678472,0,0,10.040404040404,23.1229243332888,"PIP4K2A","GO_Biological_Process_2023","brown"
"Protein Mannosylation (GO:0035268)","1/21",0.0999597740324998,0.281200848678472,0,0,10.040404040404,23.1229243332888,"TMTC2","GO_Biological_Process_2023","brown"
"Skin Epidermis Development (GO:0098773)","1/21",0.0999597740324998,0.281200848678472,0,0,10.040404040404,23.1229243332888,"FA2H","GO_Biological_Process_2023","brown"
"Regulation Of Cell-Substrate Junction Assembly (GO:0090109)","1/21",0.0999597740324998,0.281200848678472,0,0,10.040404040404,23.1229243332888,"GPM6B","GO_Biological_Process_2023","brown"
"Monoatomic Ion Transport (GO:0006811)","2/107",0.10023386700467,0.281200848678472,0,0,3.84742468415938,8.85003537243058,"SLC24A2;PIEZO2","GO_Biological_Process_2023","brown"
"Lipid Transport (GO:0006869)","2/108",0.101805071977306,0.284222819349339,0,0,3.81093569503273,8.70682707358352,"SLCO1A2;ABCA8","GO_Biological_Process_2023","brown"
"Regulation Of Wnt Signaling Pathway (GO:0030111)","2/109",0.1033831480897,0.284222819349339,0,0,3.77512874308602,8.56694989627224,"AMER2;FGFR2","GO_Biological_Process_2023","brown"
"Positive Regulation Of Cysteine-Type Endopeptidase Activity Involved In Apoptotic Process (GO:0043280)","2/109",0.1033831480897,0.284222819349339,0,0,3.77512874308602,8.56694989627224,"HIP1;ST18","GO_Biological_Process_2023","brown"
"Vesicle Transport Along Microtubule (GO:0047496)","1/22",0.104464697819105,0.284222819349339,0,0,9.56180856180856,21.5992275397069,"NDE1","GO_Biological_Process_2023","brown"
"Cytoskeleton-Dependent Intracellular Transport (GO:0030705)","1/22",0.104464697819105,0.284222819349339,0,0,9.56180856180856,21.5992275397069,"KIF13B","GO_Biological_Process_2023","brown"
"Negative Regulation Of Axonogenesis (GO:0050771)","1/22",0.104464697819105,0.284222819349339,0,0,9.56180856180856,21.5992275397069,"MAG","GO_Biological_Process_2023","brown"
"Positive Regulation Of Cholesterol Efflux (GO:0010875)","1/22",0.104464697819105,0.284222819349339,0,0,9.56180856180856,21.5992275397069,"ABCA8","GO_Biological_Process_2023","brown"
"Negative Regulation Of Cell Communication (GO:0010648)","1/22",0.104464697819105,0.284222819349339,0,0,9.56180856180856,21.5992275397069,"HHIP","GO_Biological_Process_2023","brown"
"Apoptotic Process (GO:0006915)","3/228",0.106284222826077,0.287750532059145,0,0,2.70446735395189,6.06243794208399,"SEMA6A;HIP1;ELMO1","GO_Biological_Process_2023","brown"
"Cytoskeleton Organization (GO:0007010)","2/111",0.10655948968071,0.287750532059145,0,0,3.7054858640704,8.29677502072275,"SEMA6A;FMNL2","GO_Biological_Process_2023","brown"
"Regulation Of Cholesterol Transport (GO:0032374)","1/23",0.108947297836033,0.288790447572719,0,0,9.1267217630854,20.2329475165344,"ABCA8","GO_Biological_Process_2023","brown"
"Bile Acid And Bile Salt Transport (GO:0015721)","1/23",0.108947297836033,0.288790447572719,0,0,9.1267217630854,20.2329475165344,"SLCO1A2","GO_Biological_Process_2023","brown"
"Cellular Response To Interleukin-6 (GO:0071354)","1/23",0.108947297836033,0.288790447572719,0,0,9.1267217630854,20.2329475165344,"ST18","GO_Biological_Process_2023","brown"
"Cholesterol Efflux (GO:0033344)","1/23",0.108947297836033,0.288790447572719,0,0,9.1267217630854,20.2329475165344,"ABCA8","GO_Biological_Process_2023","brown"
"Regulation Of Axon Extension Involved In Axon Guidance (GO:0048841)","1/23",0.108947297836033,0.288790447572719,0,0,9.1267217630854,20.2329475165344,"SEMA6A","GO_Biological_Process_2023","brown"
"Regulation Of Cytoskeleton Organization (GO:0051493)","2/114",0.111372908000063,0.289953687453611,0,0,3.60568513119534,7.91401436691998,"P2RX7;GPM6B","GO_Biological_Process_2023","brown"
"Fat-Soluble Vitamin Metabolic Process (GO:0006775)","1/24",0.113407683581024,0.289953687453611,0,0,8.72946859903382,19.0020116101552,"LRP2","GO_Biological_Process_2023","brown"
"Positive Regulation Of Lipid Metabolic Process (GO:0045834)","1/24",0.113407683581024,0.289953687453611,0,0,8.72946859903382,19.0020116101552,"ZBTB20","GO_Biological_Process_2023","brown"
"Regulation Of Muscle Cell Differentiation (GO:0051147)","1/24",0.113407683581024,0.289953687453611,0,0,8.72946859903382,19.0020116101552,"FGFR2","GO_Biological_Process_2023","brown"
"Positive Regulation Of Transforming Growth Factor Beta Receptor Signaling Pathway (GO:0030511)","1/24",0.113407683581024,0.289953687453611,0,0,8.72946859903382,19.0020116101552,"ZEB2","GO_Biological_Process_2023","brown"
"Lipid Translocation (GO:0034204)","1/24",0.113407683581024,0.289953687453611,0,0,8.72946859903382,19.0020116101552,"ATP10B","GO_Biological_Process_2023","brown"
"Positive Regulation Of ERBB Signaling Pathway (GO:1901186)","1/24",0.113407683581024,0.289953687453611,0,0,8.72946859903382,19.0020116101552,"HIP1","GO_Biological_Process_2023","brown"
"Response To Purine-Containing Compound (GO:0014074)","1/24",0.113407683581024,0.289953687453611,0,0,8.72946859903382,19.0020116101552,"P2RX7","GO_Biological_Process_2023","brown"
"Positive Regulation Of Cellular Response To Transforming Growth Factor Beta Stimulus (GO:1903846)","1/24",0.113407683581024,0.289953687453611,0,0,8.72946859903382,19.0020116101552,"ZEB2","GO_Biological_Process_2023","brown"
"Ear Morphogenesis (GO:0042471)","1/24",0.113407683581024,0.289953687453611,0,0,8.72946859903382,19.0020116101552,"FGFR2","GO_Biological_Process_2023","brown"
"Cellular Response To Oxidative Stress (GO:0034599)","2/117",0.11624255158408,0.290826239173051,0,0,3.51109139307897,7.55613660564706,"VRK2;PTPRK","GO_Biological_Process_2023","brown"
"Ventricular Cardiac Muscle Tissue Development (GO:0003229)","1/25",0.117845964040422,0.290826239173051,0,0,8.36531986531987,17.8882067340701,"FGFR2","GO_Biological_Process_2023","brown"
"Vesicle-Mediated Transport Between Endosomal Compartments (GO:0098927)","1/25",0.117845964040422,0.290826239173051,0,0,8.36531986531987,17.8882067340701,"MYO1D","GO_Biological_Process_2023","brown"
"Regulation Of Lysosomal Lumen pH (GO:0035751)","1/25",0.117845964040422,0.290826239173051,0,0,8.36531986531987,17.8882067340701,"TMEM165","GO_Biological_Process_2023","brown"
"Negative Regulation Of Smoothened Signaling Pathway (GO:0045879)","1/25",0.117845964040422,0.290826239173051,0,0,8.36531986531987,17.8882067340701,"HHIP","GO_Biological_Process_2023","brown"
"Inner Ear Morphogenesis (GO:0042472)","1/25",0.117845964040422,0.290826239173051,0,0,8.36531986531987,17.8882067340701,"FGFR2","GO_Biological_Process_2023","brown"
"Regulation Of Myelination (GO:0031641)","1/25",0.117845964040422,0.290826239173051,0,0,8.36531986531987,17.8882067340701,"TMEM98","GO_Biological_Process_2023","brown"
"Cellular Response To Hexose Stimulus (GO:0071331)","1/25",0.117845964040422,0.290826239173051,0,0,8.36531986531987,17.8882067340701,"ZBTB20","GO_Biological_Process_2023","brown"
"Cellular Response To Tumor Necrosis Factor (GO:0071356)","2/119",0.119518877292295,0.290826239173051,0,0,3.45072387929531,7.33030700433838,"ERBIN;ST18","GO_Biological_Process_2023","brown"
"Establishment Or Maintenance Of Apical/Basal Cell Polarity (GO:0035088)","1/26",0.122262247628669,0.290826239173051,0,0,8.03030303030303,16.8763802180029,"ERBIN","GO_Biological_Process_2023","brown"
"Negative Regulation Of Insulin Receptor Signaling Pathway (GO:0046627)","1/26",0.122262247628669,0.290826239173051,0,0,8.03030303030303,16.8763802180029,"PIP4K2A","GO_Biological_Process_2023","brown"
"Positive Regulation Of Microtubule Polymerization Or Depolymerization (GO:0031112)","1/26",0.122262247628669,0.290826239173051,0,0,8.03030303030303,16.8763802180029,"SLAIN1","GO_Biological_Process_2023","brown"
"Protein Localization To Cell Surface (GO:0034394)","1/26",0.122262247628669,0.290826239173051,0,0,8.03030303030303,16.8763802180029,"PTPRK","GO_Biological_Process_2023","brown"
"Regulation Of Vasoconstriction (GO:0019229)","1/26",0.122262247628669,0.290826239173051,0,0,8.03030303030303,16.8763802180029,"KCNMB4","GO_Biological_Process_2023","brown"
"Regulation Of Cardiac Muscle Cell Contraction (GO:0086004)","1/26",0.122262247628669,0.290826239173051,0,0,8.03030303030303,16.8763802180029,"CTNNA3","GO_Biological_Process_2023","brown"
"Regulation Of ERK1 And ERK2 Cascade (GO:0070372)","3/244",0.123382641518997,0.290826239173051,0,0,2.52286435385208,5.27900497118053,"SEMA6A;PDE8A;FGFR2","GO_Biological_Process_2023","brown"
"Fatty Acid Metabolic Process (GO:0006631)","2/122",0.124476246905678,0.290826239173051,0,0,3.36394557823129,7.00925280654715,"FA2H;ADIPOR2","GO_Biological_Process_2023","brown"
"Potassium Ion Transport (GO:0006813)","2/122",0.124476246905678,0.290826239173051,0,0,3.36394557823129,7.00925280654715,"SLC24A2;KCNMB4","GO_Biological_Process_2023","brown"
"Organonitrogen Compound Biosynthetic Process (GO:1901566)","2/123",0.126139752927233,0.290826239173051,0,0,3.33597571259909,6.90668681067367,"FA2H;SLC44A1","GO_Biological_Process_2023","brown"
"Glycerophospholipid Catabolic Process (GO:0046475)","1/27",0.126656642302827,0.290826239173051,0,0,7.72105672105672,15.9538300108164,"ENPP2","GO_Biological_Process_2023","brown"
"Activation Of Phospholipase C Activity (GO:0007202)","1/27",0.126656642302827,0.290826239173051,0,0,7.72105672105672,15.9538300108164,"LPAR1","GO_Biological_Process_2023","brown"
"In Utero Embryonic Development (GO:0001701)","1/27",0.126656642302827,0.290826239173051,0,0,7.72105672105672,15.9538300108164,"FGFR2","GO_Biological_Process_2023","brown"
"Cell Surface Receptor Signaling Pathway Involved In Cell-Cell Signaling (GO:1905114)","1/27",0.126656642302827,0.290826239173051,0,0,7.72105672105672,15.9538300108164,"P2RX7","GO_Biological_Process_2023","brown"
"Cellular Response To Epidermal Growth Factor Stimulus (GO:0071364)","1/27",0.126656642302827,0.290826239173051,0,0,7.72105672105672,15.9538300108164,"PDE8A","GO_Biological_Process_2023","brown"
"Microtubule Polymerization Or Depolymerization (GO:0031109)","1/27",0.126656642302827,0.290826239173051,0,0,7.72105672105672,15.9538300108164,"NCKAP5","GO_Biological_Process_2023","brown"
"Regulation Of Transcription Regulatory Region DNA Binding (GO:2000677)","1/27",0.126656642302827,0.290826239173051,0,0,7.72105672105672,15.9538300108164,"RNF220","GO_Biological_Process_2023","brown"
"Monoubiquitinated Histone H2A Deubiquitination (GO:0035522)","1/27",0.126656642302827,0.290826239173051,0,0,7.72105672105672,15.9538300108164,"TMEM98","GO_Biological_Process_2023","brown"
"Monoubiquitinated Histone Deubiquitination (GO:0035521)","1/27",0.126656642302827,0.290826239173051,0,0,7.72105672105672,15.9538300108164,"TMEM98","GO_Biological_Process_2023","brown"
"Respiratory Tube Development (GO:0030323)","1/27",0.126656642302827,0.290826239173051,0,0,7.72105672105672,15.9538300108164,"FGFR2","GO_Biological_Process_2023","brown"
"Cortical Cytoskeleton Organization (GO:0030865)","1/27",0.126656642302827,0.290826239173051,0,0,7.72105672105672,15.9538300108164,"FMNL2","GO_Biological_Process_2023","brown"
"Positive Regulation Of Cytosolic Calcium Ion Concentration Involved In Phospholipase C-activating G Protein-Coupled Signaling Pathway (GO:0051482)","1/27",0.126656642302827,0.290826239173051,0,0,7.72105672105672,15.9538300108164,"LPAR1","GO_Biological_Process_2023","brown"
"Negative Regulation Of Cellular Response To Insulin Stimulus (GO:1900077)","1/27",0.126656642302827,0.290826239173051,0,0,7.72105672105672,15.9538300108164,"PIP4K2A","GO_Biological_Process_2023","brown"
"Protein Dephosphorylation (GO:0006470)","2/124",0.127808625420924,0.291370506704954,0,0,3.3084643693543,6.80624319809133,"PTPRD;PTPRK","GO_Biological_Process_2023","brown"
"Enzyme-Linked Receptor Protein Signaling Pathway (GO:0007167)","2/124",0.127808625420924,0.291370506704954,0,0,3.3084643693543,6.80624319809133,"PTPRD;FGFR2","GO_Biological_Process_2023","brown"
"Regulation Of Lipid Biosynthetic Process (GO:0046890)","1/28",0.131029255394866,0.291370506704954,0,0,7.43471754582866,15.1098341340557,"ZBTB20","GO_Biological_Process_2023","brown"
"Negative Regulation Of Signaling (GO:0023057)","1/28",0.131029255394866,0.291370506704954,0,0,7.43471754582866,15.1098341340557,"HHIP","GO_Biological_Process_2023","brown"
"Primary Neural Tube Formation (GO:0014020)","1/28",0.131029255394866,0.291370506704954,0,0,7.43471754582866,15.1098341340557,"LRP2","GO_Biological_Process_2023","brown"
"Protein Depolymerization (GO:0051261)","1/28",0.131029255394866,0.291370506704954,0,0,7.43471754582866,15.1098341340557,"NCKAP5","GO_Biological_Process_2023","brown"
"Cell-Substrate Junction Assembly (GO:0007044)","1/28",0.131029255394866,0.291370506704954,0,0,7.43471754582866,15.1098341340557,"PTPRK","GO_Biological_Process_2023","brown"
"Diterpenoid Metabolic Process (GO:0016101)","1/28",0.131029255394866,0.291370506704954,0,0,7.43471754582866,15.1098341340557,"LRP2","GO_Biological_Process_2023","brown"
"Regulation Of Bone Resorption (GO:0045124)","1/28",0.131029255394866,0.291370506704954,0,0,7.43471754582866,15.1098341340557,"P2RX7","GO_Biological_Process_2023","brown"
"Regulation Of Cardiac Muscle Cell Action Potential (GO:0098901)","1/28",0.131029255394866,0.291370506704954,0,0,7.43471754582866,15.1098341340557,"CTNNA3","GO_Biological_Process_2023","brown"
"Negative Regulation Of Cellular Process (GO:0048523)","5/537",0.131704249576411,0.291370506704954,0,0,1.91610605461021,3.88432330293405,"FRMD5;TMEM98;CLMN;PTPRK;ST18","GO_Biological_Process_2023","brown"
"Cytosolic Transport (GO:0016482)","2/127",0.132846507942149,0.291370506704954,0,0,3.22857142857143,6.5170680254594,"MYO1D;PIP4K2A","GO_Biological_Process_2023","brown"
"Establishment Of Mitotic Spindle Orientation (GO:0000132)","1/29",0.13538019382269,0.291370506704954,0,0,7.16883116883117,14.3352837783296,"NDE1","GO_Biological_Process_2023","brown"
"Positive Regulation Of Microtubule Polymerization (GO:0031116)","1/29",0.13538019382269,0.291370506704954,0,0,7.16883116883117,14.3352837783296,"SLAIN1","GO_Biological_Process_2023","brown"
"Tube Closure (GO:0060606)","1/29",0.13538019382269,0.291370506704954,0,0,7.16883116883117,14.3352837783296,"LRP2","GO_Biological_Process_2023","brown"
"Positive Regulation Of Neural Precursor Cell Proliferation (GO:2000179)","1/29",0.13538019382269,0.291370506704954,0,0,7.16883116883117,14.3352837783296,"LRP2","GO_Biological_Process_2023","brown"
"Heterotypic Cell-Cell Adhesion (GO:0034113)","1/29",0.13538019382269,0.291370506704954,0,0,7.16883116883117,14.3352837783296,"CTNNA3","GO_Biological_Process_2023","brown"
"Regulation Of Monoatomic Ion Transmembrane Transport (GO:0034765)","1/29",0.13538019382269,0.291370506704954,0,0,7.16883116883117,14.3352837783296,"P2RX7","GO_Biological_Process_2023","brown"
"Regulation Of Neuron Migration (GO:2001222)","1/29",0.13538019382269,0.291370506704954,0,0,7.16883116883117,14.3352837783296,"SEMA6A","GO_Biological_Process_2023","brown"
"Phosphatidic Acid Biosynthetic Process (GO:0006654)","1/29",0.13538019382269,0.291370506704954,0,0,7.16883116883117,14.3352837783296,"PLD1","GO_Biological_Process_2023","brown"
"Morphogenesis Of An Epithelium (GO:0002009)","1/29",0.13538019382269,0.291370506704954,0,0,7.16883116883117,14.3352837783296,"FGFR2","GO_Biological_Process_2023","brown"
"Artery Morphogenesis (GO:0048844)","1/30",0.139709563918842,0.291675834136083,0,0,6.92128178335075,13.6223945108193,"LRP2","GO_Biological_Process_2023","brown"
"Phospholipid Dephosphorylation (GO:0046839)","1/30",0.139709563918842,0.291675834136083,0,0,6.92128178335075,13.6223945108193,"SYNJ2","GO_Biological_Process_2023","brown"
"Response To Epidermal Growth Factor (GO:0070849)","1/30",0.139709563918842,0.291675834136083,0,0,6.92128178335075,13.6223945108193,"PDE8A","GO_Biological_Process_2023","brown"
"Embryonic Skeletal System Morphogenesis (GO:0048704)","1/30",0.139709563918842,0.291675834136083,0,0,6.92128178335075,13.6223945108193,"FGFR2","GO_Biological_Process_2023","brown"
"Negative Regulation Of Cell Motility (GO:2000146)","2/133",0.143054753837309,0.291675834136083,0,0,3.07976320299112,5.98868525199053,"FRMD5;PTPRK","GO_Biological_Process_2023","brown"
"Negative Regulation Of Developmental Growth (GO:0048640)","1/31",0.144017471501311,0.291675834136083,0,0,6.69023569023569,12.9644769200402,"MAG","GO_Biological_Process_2023","brown"
"Regulation Of Centrosome Duplication (GO:0010824)","1/31",0.144017471501311,0.291675834136083,0,0,6.69023569023569,12.9644769200402,"C10ORF90","GO_Biological_Process_2023","brown"
"Regulation Of Dendrite Morphogenesis (GO:0048814)","1/31",0.144017471501311,0.291675834136083,0,0,6.69023569023569,12.9644769200402,"PTPRD","GO_Biological_Process_2023","brown"
"Positive Regulation Of Lamellipodium Organization (GO:1902745)","1/31",0.144017471501311,0.291675834136083,0,0,6.69023569023569,12.9644769200402,"ENPP2","GO_Biological_Process_2023","brown"
"Actin Filament Polymerization (GO:0030041)","1/31",0.144017471501311,0.291675834136083,0,0,6.69023569023569,12.9644769200402,"PREX1","GO_Biological_Process_2023","brown"
"Presynaptic Endocytosis (GO:0140238)","1/31",0.144017471501311,0.291675834136083,0,0,6.69023569023569,12.9644769200402,"SYNJ2","GO_Biological_Process_2023","brown"
"Organic Cation Transport (GO:0015695)","1/31",0.144017471501311,0.291675834136083,0,0,6.69023569023569,12.9644769200402,"SLC44A1","GO_Biological_Process_2023","brown"
"Regulation Of Protein Localization To Cell Surface (GO:2000008)","1/31",0.144017471501311,0.291675834136083,0,0,6.69023569023569,12.9644769200402,"GPM6B","GO_Biological_Process_2023","brown"
"Cardiac Muscle Tissue Morphogenesis (GO:0055008)","1/31",0.144017471501311,0.291675834136083,0,0,6.69023569023569,12.9644769200402,"FGFR2","GO_Biological_Process_2023","brown"
"Regulation Of Transmembrane Receptor Protein Serine/Threonine Kinase Signaling Pathway (GO:0090092)","1/31",0.144017471501311,0.291675834136083,0,0,6.69023569023569,12.9644769200402,"PCSK6","GO_Biological_Process_2023","brown"
"Central Nervous System Neuron Differentiation (GO:0021953)","1/31",0.144017471501311,0.291675834136083,0,0,6.69023569023569,12.9644769200402,"SPOCK1","GO_Biological_Process_2023","brown"
"Positive Regulation Of Rho Protein Signal Transduction (GO:0035025)","1/31",0.144017471501311,0.291675834136083,0,0,6.69023569023569,12.9644769200402,"LPAR1","GO_Biological_Process_2023","brown"
"Negative Chemotaxis (GO:0050919)","1/31",0.144017471501311,0.291675834136083,0,0,6.69023569023569,12.9644769200402,"SEMA6A","GO_Biological_Process_2023","brown"
"Positive Regulation Of Cholesterol Transport (GO:0032376)","1/31",0.144017471501311,0.291675834136083,0,0,6.69023569023569,12.9644769200402,"ABCA8","GO_Biological_Process_2023","brown"
"Negative Regulation Of Chemotaxis (GO:0050922)","1/31",0.144017471501311,0.291675834136083,0,0,6.69023569023569,12.9644769200402,"SEMA6A","GO_Biological_Process_2023","brown"
"Regulation Of Cell Morphogenesis (GO:0022604)","1/31",0.144017471501311,0.291675834136083,0,0,6.69023569023569,12.9644769200402,"FMNL2","GO_Biological_Process_2023","brown"
"Protein Modification Process (GO:0036211)","6/711",0.145662570142567,0.294181269111459,0,0,1.73789044816659,3.34798076975219,"PTPRD;CDK18;MAN2A1;SGK3;VRK2;PTPRK","GO_Biological_Process_2023","brown"
"Regulation Of Cholesterol Efflux (GO:0010874)","1/32",0.148304021933978,0.295379005012149,0,0,6.47409579667644,12.3557529781019,"ABCA8","GO_Biological_Process_2023","brown"
"Neural Tube Closure (GO:0001843)","1/32",0.148304021933978,0.295379005012149,0,0,6.47409579667644,12.3557529781019,"LRP2","GO_Biological_Process_2023","brown"
"Positive Regulation Of Synapse Assembly (GO:0051965)","1/32",0.148304021933978,0.295379005012149,0,0,6.47409579667644,12.3557529781019,"PTPRD","GO_Biological_Process_2023","brown"
"Mesenchymal Cell Migration (GO:0090497)","1/32",0.148304021933978,0.295379005012149,0,0,6.47409579667644,12.3557529781019,"SEMA6A","GO_Biological_Process_2023","brown"
"Respiratory System Development (GO:0060541)","1/32",0.148304021933978,0.295379005012149,0,0,6.47409579667644,12.3557529781019,"FGFR2","GO_Biological_Process_2023","brown"
"Negative Regulation Of Signal Transduction (GO:0009968)","3/267",0.149565124437066,0.29707012319318,0,0,2.30037488284911,4.37076602806576,"SEMA6A;HHIP;PIP4K2A","GO_Biological_Process_2023","brown"
"Vesicle-Mediated Transport (GO:0016192)","4/411",0.150650528601355,0.298109701132709,0,0,1.99559787059787,3.77725269167888,"MYO1E;HIP1;PIP4K2A;LRP2","GO_Biological_Process_2023","brown"
"Lung Development (GO:0030324)","1/33",0.152569319997184,0.298109701132709,0,0,6.27146464646465,11.7912078898077,"FGFR2","GO_Biological_Process_2023","brown"
"Phosphatidic Acid Metabolic Process (GO:0046473)","1/33",0.152569319997184,0.298109701132709,0,0,6.27146464646465,11.7912078898077,"PLD1","GO_Biological_Process_2023","brown"
"Regulation Of Sprouting Angiogenesis (GO:1903670)","1/33",0.152569319997184,0.298109701132709,0,0,6.27146464646465,11.7912078898077,"SEMA6A","GO_Biological_Process_2023","brown"
"Monoubiquitinated Protein Deubiquitination (GO:0035520)","1/33",0.152569319997184,0.298109701132709,0,0,6.27146464646465,11.7912078898077,"TMEM98","GO_Biological_Process_2023","brown"
"Positive Regulation Of Epidermal Growth Factor Receptor Signaling Pathway (GO:0045742)","1/33",0.152569319997184,0.298109701132709,0,0,6.27146464646465,11.7912078898077,"HIP1","GO_Biological_Process_2023","brown"
"Intracellular Calcium Ion Homeostasis (GO:0006874)","2/139",0.1534237633251,0.298969009074046,0,0,2.94398927454193,5.51865948464525,"SLC24A2;TMEM165","GO_Biological_Process_2023","brown"
"Establishment Of Mitotic Spindle Localization (GO:0040001)","1/34",0.156813470025957,0.299107174308769,0,0,6.08111417202326,11.2664696999635,"NDE1","GO_Biological_Process_2023","brown"
"Superoxide Metabolic Process (GO:0006801)","1/34",0.156813470025957,0.299107174308769,0,0,6.08111417202326,11.2664696999635,"PREX1","GO_Biological_Process_2023","brown"
"Positive Regulation Of Organelle Organization (GO:0010638)","1/34",0.156813470025957,0.299107174308769,0,0,6.08111417202326,11.2664696999635,"P2RX7","GO_Biological_Process_2023","brown"
"Histone Deubiquitination (GO:0016578)","1/34",0.156813470025957,0.299107174308769,0,0,6.08111417202326,11.2664696999635,"TMEM98","GO_Biological_Process_2023","brown"
"Regulation Of Metal Ion Transport (GO:0010959)","1/34",0.156813470025957,0.299107174308769,0,0,6.08111417202326,11.2664696999635,"P2RX7","GO_Biological_Process_2023","brown"
"Cellular Response To Glucose Stimulus (GO:0071333)","1/34",0.156813470025957,0.299107174308769,0,0,6.08111417202326,11.2664696999635,"ZBTB20","GO_Biological_Process_2023","brown"
"Regulation Of Blood Circulation (GO:1903522)","1/34",0.156813470025957,0.299107174308769,0,0,6.08111417202326,11.2664696999635,"KCNMB4","GO_Biological_Process_2023","brown"
"Semaphorin-Plexin Signaling Pathway (GO:0071526)","1/34",0.156813470025957,0.299107174308769,0,0,6.08111417202326,11.2664696999635,"SEMA6A","GO_Biological_Process_2023","brown"
"Establishment Of Spindle Orientation (GO:0051294)","1/35",0.161036575774195,0.301577587358947,0,0,5.90196078431373,10.7777108251808,"NDE1","GO_Biological_Process_2023","brown"
"Glutamate Receptor Signaling Pathway (GO:0007215)","1/35",0.161036575774195,0.301577587358947,0,0,5.90196078431373,10.7777108251808,"GRM3","GO_Biological_Process_2023","brown"
"Action Potential (GO:0001508)","1/35",0.161036575774195,0.301577587358947,0,0,5.90196078431373,10.7777108251808,"KCNMB4","GO_Biological_Process_2023","brown"
"Regulation Of mRNA Processing (GO:0050684)","1/35",0.161036575774195,0.301577587358947,0,0,5.90196078431373,10.7777108251808,"QKI","GO_Biological_Process_2023","brown"
"Regulation Of Sodium Ion Transport (GO:0002028)","1/35",0.161036575774195,0.301577587358947,0,0,5.90196078431373,10.7777108251808,"P2RX7","GO_Biological_Process_2023","brown"
"Positive Regulation Of Cell Development (GO:0010720)","1/35",0.161036575774195,0.301577587358947,0,0,5.90196078431373,10.7777108251808,"LRP2","GO_Biological_Process_2023","brown"
"Regulation Of Axon Extension (GO:0030516)","1/35",0.161036575774195,0.301577587358947,0,0,5.90196078431373,10.7777108251808,"MAG","GO_Biological_Process_2023","brown"
"Ras Protein Signal Transduction (GO:0007265)","2/144",0.162174238541576,0.302921310850975,0,0,2.83960908306985,5.16548737879535,"ELMO1;PLD1","GO_Biological_Process_2023","brown"
"Negative Regulation Of Protein Kinase B Signaling (GO:0051898)","1/36",0.165238740567014,0.303222359323798,0,0,5.73304473304473,10.3215669941692,"PHLPP1","GO_Biological_Process_2023","brown"
"Positive Regulation Of Phospholipase C Activity (GO:0010863)","1/36",0.165238740567014,0.303222359323798,0,0,5.73304473304473,10.3215669941692,"LPAR1","GO_Biological_Process_2023","brown"
"Histone H3 Acetylation (GO:0043966)","1/36",0.165238740567014,0.303222359323798,0,0,5.73304473304473,10.3215669941692,"TMEM98","GO_Biological_Process_2023","brown"
"Neural Crest Cell Migration (GO:0001755)","1/36",0.165238740567014,0.303222359323798,0,0,5.73304473304473,10.3215669941692,"SEMA6A","GO_Biological_Process_2023","brown"
"Blood Vessel Diameter Maintenance (GO:0097746)","1/36",0.165238740567014,0.303222359323798,0,0,5.73304473304473,10.3215669941692,"KCNMB4","GO_Biological_Process_2023","brown"
"Regulation Of Cold-Induced Thermogenesis (GO:0120161)","2/146",0.165699874581937,0.303222359323798,0,0,2.79988662131519,5.03301210512649,"PLCL1;ADIPOR2","GO_Biological_Process_2023","brown"
"Neuron Projection Morphogenesis (GO:0048812)","2/146",0.165699874581937,0.303222359323798,0,0,2.79988662131519,5.03301210512649,"LRP2;FGFR2","GO_Biological_Process_2023","brown"
"Positive Regulation Of Cellular Catabolic Process (GO:0031331)","2/146",0.165699874581937,0.303222359323798,0,0,2.79988662131519,5.03301210512649,"P2RX7;ZBTB20","GO_Biological_Process_2023","brown"
"Monoatomic Cation Transmembrane Transport (GO:0098655)","3/281",0.166311225030135,0.303570615814499,0,0,2.18297114885411,3.91601971139578,"SLC24A2;P2RX7;TMEM165","GO_Biological_Process_2023","brown"
"Dephosphorylation (GO:0016311)","2/147",0.167467830513668,0.304909863132209,0,0,2.78043631245602,4.96853960242873,"PTPRD;PTPRK","GO_Biological_Process_2023","brown"
"Regulation Of p38MAPK Cascade (GO:1900744)","1/37",0.169420067180126,0.306914242303695,0,0,5.57351290684624,9.89507014564132,"PHLPP1","GO_Biological_Process_2023","brown"
"Calcium Ion Import Across Plasma Membrane (GO:0098703)","1/37",0.169420067180126,0.306914242303695,0,0,5.57351290684624,9.89507014564132,"SLC24A2","GO_Biological_Process_2023","brown"
"Inorganic Cation Transmembrane Transport (GO:0098662)","3/284",0.169970623012711,0.307139897724722,0,0,2.1593352166416,3.82662198906307,"SLC24A2;P2RX7;TMEM165","GO_Biological_Process_2023","brown"
"Skeletal System Development (GO:0001501)","2/149",0.171013633267106,0.307497922281823,0,0,2.74232958489518,4.84298695199844,"HHIP;FGFR2","GO_Biological_Process_2023","brown"
"Regulation Of Cell Migration (GO:0030334)","4/434",0.172573934794097,0.307497922281823,0,0,1.88662790697674,3.31467227591773,"FRMD5;ENPP2;SGK3;PTPRK","GO_Biological_Process_2023","brown"
"G2/M Transition Of Mitotic Cell Cycle (GO:0000086)","1/38",0.173580657931626,0.307497922281823,0,0,5.42260442260442,9.49559255823113,"FBXL7","GO_Biological_Process_2023","brown"
"Tumor Necrosis Factor-Mediated Signaling Pathway (GO:0033209)","1/38",0.173580657931626,0.307497922281823,0,0,5.42260442260442,9.49559255823113,"ST18","GO_Biological_Process_2023","brown"
"Import Into Cell (GO:0098657)","1/38",0.173580657931626,0.307497922281823,0,0,5.42260442260442,9.49559255823113,"LRP2","GO_Biological_Process_2023","brown"
"Regulation Of Neurotransmitter Secretion (GO:0046928)","1/38",0.173580657931626,0.307497922281823,0,0,5.42260442260442,9.49559255823113,"KCNMB4","GO_Biological_Process_2023","brown"
"Membrane Assembly (GO:0071709)","1/38",0.173580657931626,0.307497922281823,0,0,5.42260442260442,9.49559255823113,"PTPRD","GO_Biological_Process_2023","brown"
"Response To Peptide (GO:1901652)","1/38",0.173580657931626,0.307497922281823,0,0,5.42260442260442,9.49559255823113,"ERBIN","GO_Biological_Process_2023","brown"
"Positive Regulation Of Lipid Biosynthetic Process (GO:0046889)","1/39",0.17772061456847,0.308762802659921,0,0,5.27963849016481,9.12080010262218,"ZBTB20","GO_Biological_Process_2023","brown"
"Fibroblast Growth Factor Receptor Signaling Pathway (GO:0008543)","1/39",0.17772061456847,0.308762802659921,0,0,5.27963849016481,9.12080010262218,"FGFR2","GO_Biological_Process_2023","brown"
"Vitamin Transport (GO:0051180)","1/39",0.17772061456847,0.308762802659921,0,0,5.27963849016481,9.12080010262218,"LRP2","GO_Biological_Process_2023","brown"
"Odontogenesis (GO:0042476)","1/39",0.17772061456847,0.308762802659921,0,0,5.27963849016481,9.12080010262218,"FGFR2","GO_Biological_Process_2023","brown"
"Organelle Transport Along Microtubule (GO:0072384)","1/39",0.17772061456847,0.308762802659921,0,0,5.27963849016481,9.12080010262218,"NDE1","GO_Biological_Process_2023","brown"
"Regulation Of Receptor-Mediated Endocytosis (GO:0048259)","1/39",0.17772061456847,0.308762802659921,0,0,5.27963849016481,9.12080010262218,"HIP1","GO_Biological_Process_2023","brown"
"Digestive Tract Development (GO:0048565)","1/39",0.17772061456847,0.308762802659921,0,0,5.27963849016481,9.12080010262218,"FGFR2","GO_Biological_Process_2023","brown"
"Negative Regulation Of Cell-Substrate Adhesion (GO:0010812)","1/39",0.17772061456847,0.308762802659921,0,0,5.27963849016481,9.12080010262218,"SPOCK1","GO_Biological_Process_2023","brown"
"Establishment Or Maintenance Of Epithelial Cell Apical/Basal Polarity (GO:0045197)","1/40",0.181840038445641,0.30921383896063,0,0,5.14400414400414,8.76861291991989,"ERBIN","GO_Biological_Process_2023","brown"
"Regulation Of Cytokine-Mediated Signaling Pathway (GO:0001959)","1/40",0.181840038445641,0.30921383896063,0,0,5.14400414400414,8.76861291991989,"VRK2","GO_Biological_Process_2023","brown"
"Synaptic Vesicle Endocytosis (GO:0048488)","1/40",0.181840038445641,0.30921383896063,0,0,5.14400414400414,8.76861291991989,"SYNJ2","GO_Biological_Process_2023","brown"
"Positive Regulation Of Monoatomic Ion Transport (GO:0043270)","1/40",0.181840038445641,0.30921383896063,0,0,5.14400414400414,8.76861291991989,"P2RX7","GO_Biological_Process_2023","brown"
"Negative Regulation Of Protein Localization (GO:1903828)","1/40",0.181840038445641,0.30921383896063,0,0,5.14400414400414,8.76861291991989,"GPM6B","GO_Biological_Process_2023","brown"
"Regulation Of Microtubule Polymerization (GO:0031113)","1/40",0.181840038445641,0.30921383896063,0,0,5.14400414400414,8.76861291991989,"SLAIN1","GO_Biological_Process_2023","brown"
"Cell Cycle G2/M Phase Transition (GO:0044839)","1/40",0.181840038445641,0.30921383896063,0,0,5.14400414400414,8.76861291991989,"FBXL7","GO_Biological_Process_2023","brown"
"Retinoid Metabolic Process (GO:0001523)","1/40",0.181840038445641,0.30921383896063,0,0,5.14400414400414,8.76861291991989,"LRP2","GO_Biological_Process_2023","brown"
"Regulation Of Autophagosome Assembly (GO:2000785)","1/40",0.181840038445641,0.30921383896063,0,0,5.14400414400414,8.76861291991989,"PIP4K2A","GO_Biological_Process_2023","brown"
"Stem Cell Differentiation (GO:0048863)","1/41",0.185939030336605,0.314219280970198,0,0,5.01515151515152,8.43717221072756,"FGFR2","GO_Biological_Process_2023","brown"
"Regulation Of Heart Rate By Cardiac Conduction (GO:0086091)","1/41",0.185939030336605,0.314219280970198,0,0,5.01515151515152,8.43717221072756,"CTNNA3","GO_Biological_Process_2023","brown"
"Regulation Of Intracellular Signal Transduction (GO:1902531)","3/297",0.186091030477496,0.314219280970198,0,0,2.06248685041027,3.46811147346916,"PREX1;PHLPP1;VRK2","GO_Biological_Process_2023","brown"
"Peptidyl-Serine Phosphorylation (GO:0018105)","2/158",0.187118158863922,0.315215403132916,0,0,2.58294086865515,4.32904762987482,"SGK3;VRK2","GO_Biological_Process_2023","brown"
"Cardiac Ventricle Morphogenesis (GO:0003208)","1/42",0.190017690585897,0.317871821142534,0,0,4.89258438038926,8.12481204328322,"FGFR2","GO_Biological_Process_2023","brown"
"Positive Regulation Of Calcium Ion Transmembrane Transport (GO:1904427)","1/42",0.190017690585897,0.317871821142534,0,0,4.89258438038926,8.12481204328322,"P2RX7","GO_Biological_Process_2023","brown"
"Regulation Of Axonogenesis (GO:0050770)","1/42",0.190017690585897,0.317871821142534,0,0,4.89258438038926,8.12481204328322,"KIF13B","GO_Biological_Process_2023","brown"
"SCF-dependent Proteasomal Ubiquitin-Dependent Protein Catabolic Process (GO:0031146)","1/43",0.19407611900782,0.318130274365535,0,0,4.77585377585378,7.83003533696715,"FBXL7","GO_Biological_Process_2023","brown"
"Positive Regulation Of Receptor-Mediated Endocytosis (GO:0048260)","1/43",0.19407611900782,0.318130274365535,0,0,4.77585377585378,7.83003533696715,"HIP1","GO_Biological_Process_2023","brown"
"Positive Regulation Of Stress Fiber Assembly (GO:0051496)","1/43",0.19407611900782,0.318130274365535,0,0,4.77585377585378,7.83003533696715,"LPAR1","GO_Biological_Process_2023","brown"
"Intracellular Glucose Homeostasis (GO:0001678)","1/43",0.19407611900782,0.318130274365535,0,0,4.77585377585378,7.83003533696715,"ZBTB20","GO_Biological_Process_2023","brown"
"Regulation Of Primary Metabolic Process (GO:0080090)","1/43",0.19407611900782,0.318130274365535,0,0,4.77585377585378,7.83003533696715,"CNDP1","GO_Biological_Process_2023","brown"
"Negative Regulation Of BMP Signaling Pathway (GO:0030514)","1/43",0.19407611900782,0.318130274365535,0,0,4.77585377585378,7.83003533696715,"LRP2","GO_Biological_Process_2023","brown"
"Positive Regulation Of Cell Division (GO:0051781)","1/43",0.19407611900782,0.318130274365535,0,0,4.77585377585378,7.83003533696715,"FGFR2","GO_Biological_Process_2023","brown"
"Regulation Of Macromolecule Metabolic Process (GO:0060255)","2/162",0.194344307827666,0.318130274365535,0,0,2.51785714285714,4.12456198860435,"CNDP1;ST18","GO_Biological_Process_2023","brown"
"Protein Autophosphorylation (GO:0046777)","2/162",0.194344307827666,0.318130274365535,0,0,2.51785714285714,4.12456198860435,"VRK2;FGFR2","GO_Biological_Process_2023","brown"
"Synaptic Vesicle Recycling (GO:0036465)","1/44",0.1981144149655,0.318130274365535,0,0,4.6645525017618,7.55149331126355,"SYNJ2","GO_Biological_Process_2023","brown"
"Regulation Of Insulin Receptor Signaling Pathway (GO:0046626)","1/44",0.1981144149655,0.318130274365535,0,0,4.6645525017618,7.55149331126355,"PIP4K2A","GO_Biological_Process_2023","brown"
"Neural Crest Cell Development (GO:0014032)","1/44",0.1981144149655,0.318130274365535,0,0,4.6645525017618,7.55149331126355,"SEMA6A","GO_Biological_Process_2023","brown"
"Bone Development (GO:0060348)","1/44",0.1981144149655,0.318130274365535,0,0,4.6645525017618,7.55149331126355,"FGFR2","GO_Biological_Process_2023","brown"
"Phosphatidylinositol Phosphate Biosynthetic Process (GO:0046854)","1/44",0.1981144149655,0.318130274365535,0,0,4.6645525017618,7.55149331126355,"PIP4K2A","GO_Biological_Process_2023","brown"
"Regulation Of Transport (GO:0051049)","1/44",0.1981144149655,0.318130274365535,0,0,4.6645525017618,7.55149331126355,"PLD1","GO_Biological_Process_2023","brown"
"Positive Regulation Of Biosynthetic Process (GO:0009891)","1/44",0.1981144149655,0.318130274365535,0,0,4.6645525017618,7.55149331126355,"ZBTB20","GO_Biological_Process_2023","brown"
"Embryonic Organ Morphogenesis (GO:0048562)","1/44",0.1981144149655,0.318130274365535,0,0,4.6645525017618,7.55149331126355,"FGFR2","GO_Biological_Process_2023","brown"
"Regulation Of Cell-Substrate Adhesion (GO:0010810)","1/44",0.1981144149655,0.318130274365535,0,0,4.6645525017618,7.55149331126355,"SPOCK1","GO_Biological_Process_2023","brown"
"Peptidyl-Serine Modification (GO:0018209)","2/166",0.201606394935679,0.323018246108054,0,0,2.45594823295172,3.93304888123828,"SGK3;VRK2","GO_Biological_Process_2023","brown"
"Mitotic Nuclear Division (GO:0140014)","1/45",0.202132677279174,0.323063638171516,0,0,4.55831037649219,7.28796784173202,"NDE1","GO_Biological_Process_2023","brown"
"Positive Regulation Of MAPK Cascade (GO:0043410)","3/310",0.20259805816508,0.323063638171516,0,0,1.97384062594446,3.15129828484713,"LPAR1;PDE8A;FGFR2","GO_Biological_Process_2023","brown"
"Regulation Of Cytokine Production (GO:0001817)","2/167",0.203427034299401,0.323063638171516,0,0,2.44094001236858,3.88706977769903,"MOG;ZBTB20","GO_Biological_Process_2023","brown"
"Membrane Organization (GO:0061024)","2/167",0.203427034299401,0.323063638171516,0,0,2.44094001236858,3.88706977769903,"ATP10B;SYNJ2","GO_Biological_Process_2023","brown"
"Regulation Of Epidermal Growth Factor Receptor Signaling Pathway (GO:0042058)","1/46",0.206131004383124,0.323087943826592,0,0,4.45679012345679,7.03835624820852,"HIP1","GO_Biological_Process_2023","brown"
"Cardiac Conduction (GO:0061337)","1/46",0.206131004383124,0.323087943826592,0,0,4.45679012345679,7.03835624820852,"CTNNA3","GO_Biological_Process_2023","brown"
"Male Gonad Development (GO:0008584)","1/46",0.206131004383124,0.323087943826592,0,0,4.45679012345679,7.03835624820852,"LRP2","GO_Biological_Process_2023","brown"
"Response To Glucose (GO:0009749)","1/46",0.206131004383124,0.323087943826592,0,0,4.45679012345679,7.03835624820852,"ZBTB20","GO_Biological_Process_2023","brown"
"Development Of Primary Male Sexual Characteristics (GO:0046546)","1/46",0.206131004383124,0.323087943826592,0,0,4.45679012345679,7.03835624820852,"LRP2","GO_Biological_Process_2023","brown"
"Negative Regulation Of Cold-Induced Thermogenesis (GO:0120163)","1/46",0.206131004383124,0.323087943826592,0,0,4.45679012345679,7.03835624820852,"PLCL1","GO_Biological_Process_2023","brown"
"Brain Development (GO:0007420)","2/169",0.207074000973685,0.323861940785308,0,0,2.4114627887083,3.79727995005478,"SYNJ2;SHROOM4","GO_Biological_Process_2023","brown"
"Insulin Receptor Signaling Pathway (GO:0008286)","1/47",0.210109494168341,0.326484795895203,0,0,4.3596837944664,6.80165814675797,"GAB1","GO_Biological_Process_2023","brown"
"Protein Monoubiquitination (GO:0006513)","1/47",0.210109494168341,0.326484795895203,0,0,4.3596837944664,6.80165814675797,"RNF220","GO_Biological_Process_2023","brown"
"Cognition (GO:0050890)","1/47",0.210109494168341,0.326484795895203,0,0,4.3596837944664,6.80165814675797,"SHROOM4","GO_Biological_Process_2023","brown"
"Metal Ion Transport (GO:0030001)","2/171",0.210728128748523,0.326741894253086,0,0,2.38268325081512,3.71028211013766,"KCNMB4;LRP2","GO_Biological_Process_2023","brown"
"Generation Of Neurons (GO:0048699)","2/172",0.212557721644281,0.32679579299494,0,0,2.36854741896759,3.66779443778241,"PTPRD;SPOCK1","GO_Biological_Process_2023","brown"
"Cell-Cell Adhesion Via Plasma-Membrane Adhesion Molecules (GO:0098742)","2/172",0.212557721644281,0.32679579299494,0,0,2.36854741896759,3.66779443778241,"PTPRD;MAG","GO_Biological_Process_2023","brown"
"Oligosaccharide Metabolic Process (GO:0009311)","1/48",0.214068244088033,0.32679579299494,0,0,4.26670964968837,6.57696403663591,"ST6GALNAC3","GO_Biological_Process_2023","brown"
"Cellular Response To Mechanical Stimulus (GO:0071260)","1/48",0.214068244088033,0.32679579299494,0,0,4.26670964968837,6.57696403663591,"PIEZO2","GO_Biological_Process_2023","brown"
"Regulation Of DNA Binding (GO:0051101)","1/48",0.214068244088033,0.32679579299494,0,0,4.26670964968837,6.57696403663591,"RNF220","GO_Biological_Process_2023","brown"
"Cytoplasmic Microtubule Organization (GO:0031122)","1/48",0.214068244088033,0.32679579299494,0,0,4.26670964968837,6.57696403663591,"SLAIN1","GO_Biological_Process_2023","brown"
"Negative Regulation Of ERK1 And ERK2 Cascade (GO:0070373)","1/48",0.214068244088033,0.32679579299494,0,0,4.26670964968837,6.57696403663591,"SEMA6A","GO_Biological_Process_2023","brown"
"Neuron Differentiation (GO:0030182)","2/173",0.21438891828933,0.32679579299494,0,0,2.35457691848669,3.6259626023678,"PTPRD;SPOCK1","GO_Biological_Process_2023","brown"
"Positive Regulation Of Cellular Biosynthetic Process (GO:0031328)","2/174",0.216221657628596,0.328894124789488,0,0,2.34076886568581,3.58477329939303,"ZEB2;PLD1","GO_Biological_Process_2023","brown"
"Heterophilic Cell-Cell Adhesion Via Plasma Membrane Cell Adhesion Molecules (GO:0007157)","1/49",0.21800735103248,0.330912210725091,0,0,4.17760942760943,6.36344537186664,"PTPRD","GO_Biological_Process_2023","brown"
"Cell Chemotaxis (GO:0060326)","1/50",0.221926911560385,0.335959587492191,0,0,4.09214594928881,6.16034588762116,"LPAR1","GO_Biological_Process_2023","brown"
"Positive Regulation Of ERK1 And ERK2 Cascade (GO:0070374)","2/179",0.225406398880642,0.335959587492191,0,0,2.27406894961374,3.38802228128593,"PDE8A;FGFR2","GO_Biological_Process_2023","brown"
"Microtubule Bundle Formation (GO:0001578)","1/51",0.225827021656465,0.335959587492191,0,0,4.01010101010101,5.96697401593565,"NCKAP5","GO_Biological_Process_2023","brown"
"Regulation Of Stress-Activated MAPK Cascade (GO:0032872)","1/51",0.225827021656465,0.335959587492191,0,0,4.01010101010101,5.96697401593565,"PHLPP1","GO_Biological_Process_2023","brown"
"Regulation Of Synapse Assembly (GO:0051963)","1/51",0.225827021656465,0.335959587492191,0,0,4.01010101010101,5.96697401593565,"PTPRD","GO_Biological_Process_2023","brown"
"Positive Regulation Of Ras Protein Signal Transduction (GO:0046579)","1/51",0.225827021656465,0.335959587492191,0,0,4.01010101010101,5.96697401593565,"LPAR1","GO_Biological_Process_2023","brown"
"Cholesterol Transport (GO:0030301)","1/51",0.225827021656465,0.335959587492191,0,0,4.01010101010101,5.96697401593565,"ABCA8","GO_Biological_Process_2023","brown"
"Positive Regulation Of Actin Filament Bundle Assembly (GO:0032233)","1/51",0.225827021656465,0.335959587492191,0,0,4.01010101010101,5.96697401593565,"LPAR1","GO_Biological_Process_2023","brown"
"Sensory Perception (GO:0007600)","1/51",0.225827021656465,0.335959587492191,0,0,4.01010101010101,5.96697401593565,"P2RX7","GO_Biological_Process_2023","brown"
"Protein-Containing Complex Assembly (GO:0065003)","3/328",0.22599223291777,0.335959587492191,0,0,1.86280729579699,2.77046880885506,"P2RX7;ANLN;HIP1","GO_Biological_Process_2023","brown"
"Fatty Acid Oxidation (GO:0019395)","1/52",0.229707776816989,0.339383825993953,0,0,3.93127351950881,5.78269622196604,"ADIPOR2","GO_Biological_Process_2023","brown"
"Negative Regulation Of Response To Stimulus (GO:0048585)","1/52",0.229707776816989,0.339383825993953,0,0,3.93127351950881,5.78269622196604,"HHIP","GO_Biological_Process_2023","brown"
"Adenylate Cyclase-Inhibiting G Protein-Coupled Receptor Signaling Pathway (GO:0007193)","1/52",0.229707776816989,0.339383825993953,0,0,3.93127351950881,5.78269622196604,"LPAR1","GO_Biological_Process_2023","brown"
"Negative Regulation Of Metabolic Process (GO:0009892)","1/53",0.233569272224541,0.342980540272697,0,0,3.85547785547786,5.60693113764998,"PLCL1","GO_Biological_Process_2023","brown"
"Gonad Development (GO:0008406)","1/53",0.233569272224541,0.342980540272697,0,0,3.85547785547786,5.60693113764998,"LRP2","GO_Biological_Process_2023","brown"
"Actin Polymerization Or Depolymerization (GO:0008154)","1/53",0.233569272224541,0.342980540272697,0,0,3.85547785547786,5.60693113764998,"PREX1","GO_Biological_Process_2023","brown"
"Regulation Of Focal Adhesion Assembly (GO:0051893)","1/54",0.237411602446854,0.346505597903202,0,0,3.78254240518391,5.43914439332398,"GPM6B","GO_Biological_Process_2023","brown"
"Peptidyl-Tyrosine Modification (GO:0018212)","1/54",0.237411602446854,0.346505597903202,0,0,3.78254240518391,5.43914439332398,"FGFR2","GO_Biological_Process_2023","brown"
"Mesenchymal Cell Differentiation (GO:0048762)","1/54",0.237411602446854,0.346505597903202,0,0,3.78254240518391,5.43914439332398,"FGFR2","GO_Biological_Process_2023","brown"
"Protein Phosphorylation (GO:0006468)","4/500",0.240763407916619,0.348557786079103,0,0,1.63004032258065,2.32108049320244,"CDK18;SGK3;VRK2;FGFR2","GO_Biological_Process_2023","brown"
"Neuron Migration (GO:0001764)","1/55",0.241234861655302,0.348557786079103,0,0,3.71230826786382,5.27884403782842,"SPOCK1","GO_Biological_Process_2023","brown"
"Cellular Response To Fibroblast Growth Factor Stimulus (GO:0044344)","1/55",0.241234861655302,0.348557786079103,0,0,3.71230826786382,5.27884403782842,"FGFR2","GO_Biological_Process_2023","brown"
"Regulation Of Synaptic Transmission, Glutamatergic (GO:0051966)","1/55",0.241234861655302,0.348557786079103,0,0,3.71230826786382,5.27884403782842,"GRM3","GO_Biological_Process_2023","brown"
"Response To Peptide Hormone (GO:0043434)","1/55",0.241234861655302,0.348557786079103,0,0,3.71230826786382,5.27884403782842,"TCF12","GO_Biological_Process_2023","brown"
"Axonogenesis (GO:0007409)","2/188",0.242009135316354,0.348977173126182,0,0,2.16304586350669,3.06888578691104,"SEMA6A;FGFR2","GO_Biological_Process_2023","brown"
"Intracellular Monoatomic Cation Homeostasis (GO:0030003)","2/190",0.245707634706595,0.353603202841228,0,0,2.13981762917933,3.00347568499149,"SLC24A2;TMEM165","GO_Biological_Process_2023","brown"
"Positive Regulation Of Interleukin-1 Beta Production (GO:0032731)","1/57",0.248824541413001,0.356664998725196,0,0,3.57936507936508,4.97892289699759,"P2RX7","GO_Biological_Process_2023","brown"
"Membrane Lipid Biosynthetic Process (GO:0046467)","1/57",0.248824541413001,0.356664998725196,0,0,3.57936507936508,4.97892289699759,"FA2H","GO_Biological_Process_2023","brown"
"Neuron Projection Development (GO:0031175)","2/192",0.249408486067724,0.356792695346883,0,0,2.11707841031149,2.93990892306422,"GPM6B;FRYL","GO_Biological_Process_2023","brown"
"Regulation Of Signal Transduction (GO:0009966)","2/193",0.251259665145857,0.358729145683491,0,0,2.10588738113046,2.90879559265599,"HHIP;FGFR2","GO_Biological_Process_2023","brown"
"Muscle Organ Development (GO:0007517)","1/58",0.252591147960672,0.359917426244356,0,0,3.5163919900762,4.83849599837867,"TCF12","GO_Biological_Process_2023","brown"
"Regulation Of Programmed Cell Death (GO:0043067)","2/195",0.254963277350062,0.36239305709478,0,0,2.08385323041134,2.84786833198991,"HIP1;PHLPP1","GO_Biological_Process_2023","brown"
"Phospholipid Transport (GO:0015914)","1/59",0.256339055642632,0.36239305709478,0,0,3.45559038662487,4.70393718537215,"ATP10B","GO_Biological_Process_2023","brown"
"Mitotic Cytokinesis (GO:0000281)","1/59",0.256339055642632,0.36239305709478,0,0,3.45559038662487,4.70393718537215,"ANLN","GO_Biological_Process_2023","brown"
"Chordate Embryonic Development (GO:0043009)","1/59",0.256339055642632,0.36239305709478,0,0,3.45559038662487,4.70393718537215,"FGFR2","GO_Biological_Process_2023","brown"
"Negative Regulation Of Peptidase Activity (GO:0010466)","1/60",0.260068356267662,0.366229072009735,0,0,3.39684985447697,4.57491398098809,"SPOCK1","GO_Biological_Process_2023","brown"
"Histone Acetylation (GO:0016573)","1/60",0.260068356267662,0.366229072009735,0,0,3.39684985447697,4.57491398098809,"TMEM98","GO_Biological_Process_2023","brown"
"Anterograde Trans-Synaptic Signaling (GO:0098916)","2/199",0.262374132122319,0.368755846511096,0,0,2.04112711074277,2.73099502551452,"GRM3;KCNMB4","GO_Biological_Process_2023","brown"
"Positive Regulation Of Organelle Assembly (GO:1902117)","1/61",0.263779141308675,0.369290797832145,0,0,3.34006734006734,4.45111773409346,"PIP4K2A","GO_Biological_Process_2023","brown"
"Positive Regulation Of Cell Junction Assembly (GO:1901890)","1/61",0.263779141308675,0.369290797832145,0,0,3.34006734006734,4.45111773409346,"PTPRD","GO_Biological_Process_2023","brown"
"Positive Regulation Of Intracellular Signal Transduction (GO:1902533)","4/525",0.268113107836342,0.374630912306206,0,0,1.54982405630198,2.04010522933567,"HIP1;LPAR1;LRP2;FGFR2","GO_Biological_Process_2023","brown"
"G1/S Transition Of Mitotic Cell Cycle (GO:0000082)","1/63",0.271145528260931,0.375953703607945,0,0,3.23199739328772,4.21807849737542,"CDK18","GO_Biological_Process_2023","brown"
"Protein Polymerization (GO:0051258)","1/63",0.271145528260931,0.375953703607945,0,0,3.23199739328772,4.21807849737542,"PREX1","GO_Biological_Process_2023","brown"
"Phosphatidylinositol Metabolic Process (GO:0046488)","1/63",0.271145528260931,0.375953703607945,0,0,3.23199739328772,4.21807849737542,"SYNJ2","GO_Biological_Process_2023","brown"
"Regulation Of Cellular Catabolic Process (GO:0031329)","1/63",0.271145528260931,0.375953703607945,0,0,3.23199739328772,4.21807849737542,"PIP4K2A","GO_Biological_Process_2023","brown"
"Regulation Of Angiogenesis (GO:0045765)","2/205",0.273493735468433,0.376676321516437,0,0,1.9801950336785,2.5672764502121,"SEMA6A;GAB1","GO_Biological_Process_2023","brown"
"Protein Modification By Small Protein Conjugation (GO:0032446)","3/364",0.274150414132869,0.376676321516437,0,0,1.67395836308079,2.16623330412874,"C10ORF90;FBXL7;RNF220","GO_Biological_Process_2023","brown"
"Positive Regulation Of Interleukin-1 Production (GO:0032732)","1/64",0.274801310842782,0.376676321516437,0,0,3.18053551386885,4.10831982313615,"P2RX7","GO_Biological_Process_2023","brown"
"Positive Regulation Of Macroautophagy (GO:0016239)","1/64",0.274801310842782,0.376676321516437,0,0,3.18053551386885,4.10831982313615,"PIP4K2A","GO_Biological_Process_2023","brown"
"Protein N-linked Glycosylation (GO:0006487)","1/64",0.274801310842782,0.376676321516437,0,0,3.18053551386885,4.10831982313615,"TMEM165","GO_Biological_Process_2023","brown"
"Regulation Of Secretion By Cell (GO:1903530)","1/64",0.274801310842782,0.376676321516437,0,0,3.18053551386885,4.10831982313615,"KCNMB4","GO_Biological_Process_2023","brown"
"Cellular Response To Light Stimulus (GO:0071482)","1/65",0.278438939213788,0.379498062709152,0,0,3.13068181818182,4.00275356439037,"PTPRK","GO_Biological_Process_2023","brown"
"Positive Regulation Of Cell Cycle (GO:0045787)","1/65",0.278438939213788,0.379498062709152,0,0,3.13068181818182,4.00275356439037,"FGFR2","GO_Biological_Process_2023","brown"
"Regulation Of Cell-Matrix Adhesion (GO:0001952)","1/65",0.278438939213788,0.379498062709152,0,0,3.13068181818182,4.00275356439037,"GPM6B","GO_Biological_Process_2023","brown"
"Protein Stabilization (GO:0050821)","2/208",0.279052326989714,0.379616467470913,0,0,1.95106003566475,2.49024711032486,"C10ORF90;HIP1","GO_Biological_Process_2023","brown"
"Negative Regulation Of Endopeptidase Activity (GO:0010951)","1/66",0.282058502576368,0.38154630461081,0,0,3.08236208236208,3.90116313048372,"SPOCK1","GO_Biological_Process_2023","brown"
"Regulation Of Endocytosis (GO:0030100)","1/66",0.282058502576368,0.38154630461081,0,0,3.08236208236208,3.90116313048372,"HIP1","GO_Biological_Process_2023","brown"
"Response To Reactive Oxygen Species (GO:0000302)","1/66",0.282058502576368,0.38154630461081,0,0,3.08236208236208,3.90116313048372,"PTPRK","GO_Biological_Process_2023","brown"
"Extrinsic Apoptotic Signaling Pathway (GO:0097191)","1/67",0.285660089808726,0.383539897117489,0,0,3.03550658096113,3.80334608196671,"P2RX7","GO_Biological_Process_2023","brown"
"Activation Of Cysteine-Type Endopeptidase Activity Involved In Apoptotic Process (GO:0006919)","1/67",0.285660089808726,0.383539897117489,0,0,3.03550658096113,3.80334608196671,"HIP1","GO_Biological_Process_2023","brown"
"Regulation Of Neurogenesis (GO:0050767)","1/67",0.285660089808726,0.383539897117489,0,0,3.03550658096113,3.80334608196671,"LRP2","GO_Biological_Process_2023","brown"
"Peptidyl-Tyrosine Phosphorylation (GO:0018108)","1/67",0.285660089808726,0.383539897117489,0,0,3.03550658096113,3.80334608196671,"FGFR2","GO_Biological_Process_2023","brown"
"Regulation Of Endopeptidase Activity (GO:0052548)","1/69",0.29280968888067,0.391680492918299,0,0,2.94592988710636,3.61828655610275,"SPOCK1","GO_Biological_Process_2023","brown"
"Response To Molecule Of Bacterial Origin (GO:0002237)","1/69",0.29280968888067,0.391680492918299,0,0,2.94592988710636,3.61828655610275,"ERBIN","GO_Biological_Process_2023","brown"
"Negative Regulation Of Cell Population Proliferation (GO:0008285)","3/379",0.294562756428595,0.393295828490773,0,0,1.60594428602764,1.96288660809705,"CLMN;PTPRK;ST18","GO_Biological_Process_2023","brown"
"Positive Regulation Of Protein Polymerization (GO:0032273)","1/70",0.296357876203525,0.394232525355611,0,0,2.9030888596106,3.53070042231205,"SLAIN1","GO_Biological_Process_2023","brown"
"Regulation Of Actin Filament-Based Process (GO:0032970)","1/70",0.296357876203525,0.394232525355611,0,0,2.9030888596106,3.53070042231205,"GPM6B","GO_Biological_Process_2023","brown"
"Synapse Assembly (GO:0007416)","1/71",0.299888438313403,0.396733144998098,0,0,2.86147186147186,3.44619860155019,"PTPRD","GO_Biological_Process_2023","brown"
"Protein Autoubiquitination (GO:0051865)","1/71",0.299888438313403,0.396733144998098,0,0,2.86147186147186,3.44619860155019,"RNF220","GO_Biological_Process_2023","brown"
"Negative Regulation Of Cellular Response To Growth Factor Stimulus (GO:0090288)","1/71",0.299888438313403,0.396733144998098,0,0,2.86147186147186,3.44619860155019,"LRP2","GO_Biological_Process_2023","brown"
"Transforming Growth Factor Beta Receptor Signaling Pathway (GO:0007179)","1/72",0.303401461859655,0.400645520148006,0,0,2.82102717313985,3.36463457832852,"PTPRK","GO_Biological_Process_2023","brown"
"Cellular Response To Reactive Oxygen Species (GO:0034614)","1/73",0.306897033111884,0.403046923267155,0,0,2.78170594837262,3.28587063696556,"PTPRK","GO_Biological_Process_2023","brown"
"Monocarboxylic Acid Transport (GO:0015718)","1/73",0.306897033111884,0.403046923267155,0,0,2.78170594837262,3.28587063696556,"SLCO1A2","GO_Biological_Process_2023","brown"
"Regulation Of Rho Protein Signal Transduction (GO:0035023)","1/73",0.306897033111884,0.403046923267155,0,0,2.78170594837262,3.28587063696556,"LPAR1","GO_Biological_Process_2023","brown"
"Gland Development (GO:0048732)","1/74",0.310375237892897,0.406135293141159,0,0,2.74346201743462,3.20977722405069,"FGFR2","GO_Biological_Process_2023","brown"
"Negative Regulation Of Neuron Apoptotic Process (GO:0043524)","1/74",0.310375237892897,0.406135293141159,0,0,2.74346201743462,3.20977722405069,"MAG","GO_Biological_Process_2023","brown"
"Protein Polyubiquitination (GO:0000209)","2/226",0.312314066814125,0.407931960458305,0,0,1.79263848396501,2.08617581689357,"C10ORF90;FBXL7","GO_Biological_Process_2023","brown"
"Regulation Of Plasma Membrane Bounded Cell Projection Assembly (GO:0120032)","1/75",0.313836161648445,0.408118018327953,0,0,2.70625170625171,3.13623236372496,"PLD1","GO_Biological_Process_2023","brown"
"Regulation Of Stress Fiber Assembly (GO:0051492)","1/75",0.313836161648445,0.408118018327953,0,0,2.70625170625171,3.13623236372496,"LPAR1","GO_Biological_Process_2023","brown"
"Regulation Of Cell Growth (GO:0001558)","2/227",0.314154646563126,0.408118018327953,0,0,1.78458049886621,2.06631206042599,"SPOCK1;SGK3","GO_Biological_Process_2023","brown"
"Actomyosin Structure Organization (GO:0031032)","1/77",0.320706505558706,0.41217360161823,0,0,2.6347687400319,2.99633512170869,"FRMD5","GO_Biological_Process_2023","brown"
"Positive Regulation Of Synaptic Transmission (GO:0050806)","1/77",0.320706505558706,0.41217360161823,0,0,2.6347687400319,2.99633512170869,"SLC24A2","GO_Biological_Process_2023","brown"
"Cell Morphogenesis Involved In Neuron Differentiation (GO:0048667)","1/77",0.320706505558706,0.41217360161823,0,0,2.6347687400319,2.99633512170869,"FGFR2","GO_Biological_Process_2023","brown"
"Monoatomic Cation Homeostasis (GO:0055080)","1/77",0.320706505558706,0.41217360161823,0,0,2.6347687400319,2.99633512170869,"TMTC2","GO_Biological_Process_2023","brown"
"Negative Regulation Of Blood Vessel Morphogenesis (GO:2000181)","1/77",0.320706505558706,0.41217360161823,0,0,2.6347687400319,2.99633512170869,"SEMA6A","GO_Biological_Process_2023","brown"
"Embryonic Organ Development (GO:0048568)","1/77",0.320706505558706,0.41217360161823,0,0,2.6347687400319,2.99633512170869,"FGFR2","GO_Biological_Process_2023","brown"
"Negative Regulation Of Intracellular Signal Transduction (GO:1902532)","2/231",0.321506425753241,0.412466428768838,0,0,1.75305231262811,1.98925463460844,"P2RX7;PHLPP1","GO_Biological_Process_2023","brown"
"Organonitrogen Compound Catabolic Process (GO:1901565)","1/78",0.324116094429913,0.415075850948432,0,0,2.60041978223796,2.92977207832515,"ENPP2","GO_Biological_Process_2023","brown"
"Vesicle Fusion (GO:0006906)","1/79",0.32750873980153,0.416461730858736,0,0,2.56695156695157,2.86533539771871,"PIP4K2A","GO_Biological_Process_2023","brown"
"Cellular Response To UV (GO:0034644)","1/79",0.32750873980153,0.416461730858736,0,0,2.56695156695157,2.86533539771871,"PTPRK","GO_Biological_Process_2023","brown"
"Positive Regulation Of Cytoskeleton Organization (GO:0051495)","1/79",0.32750873980153,0.416461730858736,0,0,2.56695156695157,2.86533539771871,"P2RX7","GO_Biological_Process_2023","brown"
"Positive Regulation Of Endocytosis (GO:0045807)","1/79",0.32750873980153,0.416461730858736,0,0,2.56695156695157,2.86533539771871,"HIP1","GO_Biological_Process_2023","brown"
"Regulation Of Organelle Assembly (GO:1902115)","1/80",0.330884524972772,0.420013631171424,0,0,2.5343306482547,2.80293378962301,"C10ORF90","GO_Biological_Process_2023","brown"
"Regulation Of Gene Expression (GO:0010468)","7/1127",0.333366302452885,0.421310467111867,0,0,1.26209677419355,1.38643020113204,"P2RX7;TMEM98;MOG;ZBTB20;ZNF536;FOXN2;ST18","GO_Biological_Process_2023","brown"
"Cellular Response To Interleukin-1 (GO:0071347)","1/81",0.334243532854352,0.421310467111867,0,0,2.50252525252525,2.74248091594401,"ST18","GO_Biological_Process_2023","brown"
"Cytoskeleton-Dependent Cytokinesis (GO:0061640)","1/81",0.334243532854352,0.421310467111867,0,0,2.50252525252525,2.74248091594401,"ANLN","GO_Biological_Process_2023","brown"
"Negative Regulation Of NF-kappaB Transcription Factor Activity (GO:0032088)","1/81",0.334243532854352,0.421310467111867,0,0,2.50252525252525,2.74248091594401,"ERBIN","GO_Biological_Process_2023","brown"
"Regulation Of Cell Population Proliferation (GO:0042127)","5/766",0.337208055516819,0.4240407578606,0,0,1.32367383636489,1.43890647888398,"CLMN;SGK3;PTPRK;ST18;FGFR2","GO_Biological_Process_2023","brown"
"Sodium Ion Transmembrane Transport (GO:0035725)","1/82",0.337585846063778,0.4240407578606,0,0,2.47150517520888,2.68389506560141,"SLC24A2","GO_Biological_Process_2023","brown"
"Calcium Ion Transmembrane Import Into Cytosol (GO:0097553)","1/83",0.340911546721369,0.425991724759284,0,0,2.44124168514412,2.62709885646942,"SLC24A2","GO_Biological_Process_2023","brown"
"Phospholipase C-activating G Protein-Coupled Receptor Signaling Pathway (GO:0007200)","1/83",0.340911546721369,0.425991724759284,0,0,2.44124168514412,2.62709885646942,"LPAR1","GO_Biological_Process_2023","brown"
"Regulation Of Cell Division (GO:0051302)","1/83",0.340911546721369,0.425991724759284,0,0,2.44124168514412,2.62709885646942,"FGFR2","GO_Biological_Process_2023","brown"
"Regulation Of Interleukin-1 Beta Production (GO:0032651)","1/84",0.344220716526821,0.429036280788421,0,0,2.41170743580382,2.57201895784243,"P2RX7","GO_Biological_Process_2023","brown"
"Epidermis Development (GO:0008544)","1/85",0.347513436866072,0.429036280788421,0,0,2.38287638287638,2.51858583349566,"FGFR2","GO_Biological_Process_2023","brown"
"Regulation Of Kinase Activity (GO:0043549)","1/85",0.347513436866072,0.429036280788421,0,0,2.38287638287638,2.51858583349566,"FGFR2","GO_Biological_Process_2023","brown"
"Regulation Of Osteoblast Differentiation (GO:0045667)","1/85",0.347513436866072,0.429036280788421,0,0,2.38287638287638,2.51858583349566,"FGFR2","GO_Biological_Process_2023","brown"
"Calcium-Mediated Signaling (GO:0019722)","1/85",0.347513436866072,0.429036280788421,0,0,2.38287638287638,2.51858583349566,"P2RX7","GO_Biological_Process_2023","brown"
"Positive Regulation Of Amide Metabolic Process (GO:0034250)","1/85",0.347513436866072,0.429036280788421,0,0,2.38287638287638,2.51858583349566,"PLD1","GO_Biological_Process_2023","brown"
"Negative Regulation Of Cell Cycle (GO:0045786)","1/85",0.347513436866072,0.429036280788421,0,0,2.38287638287638,2.51858583349566,"PTPRK","GO_Biological_Process_2023","brown"
"Regulation Of Mitotic Cell Cycle Phase Transition (GO:1901990)","1/86",0.350789788685405,0.431603135908151,0,0,2.35472370766488,2.46673350535558,"ANLN","GO_Biological_Process_2023","brown"
"Negative Regulation Of Angiogenesis (GO:0016525)","1/86",0.350789788685405,0.431603135908151,0,0,2.35472370766488,2.46673350535558,"SEMA6A","GO_Biological_Process_2023","brown"
"Glucose Homeostasis (GO:0042593)","1/87",0.354049852499014,0.434872135692996,0,0,2.3272257458304,2.41639933353241,"ADIPOR2","GO_Biological_Process_2023","brown"
"Negative Regulation Of Neuron Death (GO:1901215)","1/88",0.357293708483398,0.437366322269151,0,0,2.30035992104958,2.36752381170365,"MAG","GO_Biological_Process_2023","brown"
"Positive Regulation Of Cell Adhesion (GO:0045785)","1/88",0.357293708483398,0.437366322269151,0,0,2.30035992104958,2.36752381170365,"FRMD5","GO_Biological_Process_2023","brown"
"Organic Anion Transport (GO:0015711)","1/89",0.360521436424534,0.439081006185962,0,0,2.27410468319559,2.32005037808893,"SLCO1A2","GO_Biological_Process_2023","brown"
"Cellular Response To Chemical Stress (GO:0062197)","1/89",0.360521436424534,0.439081006185962,0,0,2.27410468319559,2.32005037808893,"VRK2","GO_Biological_Process_2023","brown"
"Sodium Ion Transport (GO:0006814)","1/89",0.360521436424534,0.439081006185962,0,0,2.27410468319559,2.32005037808893,"SLC24A2","GO_Biological_Process_2023","brown"
"Phosphorylation (GO:0016310)","3/429",0.363003334608488,0.441358185923642,0,0,1.4138231450559,1.43268815276809,"CDK18;SGK3;VRK2","GO_Biological_Process_2023","brown"
"Regulation Of Peptidyl-Tyrosine Phosphorylation (GO:0050730)","1/90",0.363733115678147,0.44150097037701,0,0,2.24843945068664,2.27392523969427,"ENPP2","GO_Biological_Process_2023","brown"
"Regulation Of Epithelial Cell Proliferation (GO:0050678)","1/91",0.366928825262423,0.443141847594987,0,0,2.22334455667789,2.22909720803597,"FGFR2","GO_Biological_Process_2023","brown"
"Regulation Of RNA Metabolic Process (GO:0051252)","1/91",0.366928825262423,0.443141847594987,0,0,2.22334455667789,2.22909720803597,"TMEM98","GO_Biological_Process_2023","brown"
"Regulation Of Actin Cytoskeleton Organization (GO:0032956)","1/91",0.366928825262423,0.443141847594987,0,0,2.22334455667789,2.22909720803597,"GPM6B","GO_Biological_Process_2023","brown"
"Cytokine-Mediated Signaling Pathway (GO:0019221)","2/257",0.368749772657289,0.44400720827002,0,0,1.57222889155662,1.56851369558471,"ADIPOR2;ST18","GO_Biological_Process_2023","brown"
"Protein Ubiquitination (GO:0016567)","3/434",0.369825263536433,0.44400720827002,0,0,1.39706269285048,1.38969269203565,"C10ORF90;FBXL7;RNF220","GO_Biological_Process_2023","brown"
"Steroid Metabolic Process (GO:0008202)","1/92",0.370108643786799,0.44400720827002,0,0,2.1988011988012,2.18551754723327,"LRP2","GO_Biological_Process_2023","brown"
"Sensory Perception Of Sound (GO:0007605)","1/92",0.370108643786799,0.44400720827002,0,0,2.1988011988012,2.18551754723327,"LRP2","GO_Biological_Process_2023","brown"
"Protein O-linked Glycosylation (GO:0006493)","1/93",0.373272649434986,0.447059103393064,0,0,2.1747913921827,2.14313983216348,"TMTC2","GO_Biological_Process_2023","brown"
"Cellular Component Assembly (GO:0022607)","2/260",0.374126034355235,0.447338094146144,0,0,1.55370985603544,1.52754934103903,"PTPRD;GPM6B","GO_Biological_Process_2023","brown"
"Regulation Of mRNA Splicing, Via Spliceosome (GO:0048024)","1/94",0.376420920115876,0.44933689305223,0,0,2.15129792549147,2.10191981526176,"QKI","GO_Biological_Process_2023","brown"
"T Cell Receptor Signaling Pathway (GO:0050852)","1/95",0.379553533216983,0.451581018893473,0,0,2.12830431979368,2.06181530451832,"MOG","GO_Biological_Process_2023","brown"
"Positive Regulation Of Transmembrane Receptor Protein Serine/Threonine Kinase Signaling Pathway (GO:0090100)","1/95",0.379553533216983,0.451581018893473,0,0,2.12830431979368,2.06181530451832,"ZEB2","GO_Biological_Process_2023","brown"
"Positive Regulation Of Supramolecular Fiber Organization (GO:1902905)","1/96",0.382670565880735,0.453046761904779,0,0,2.10579479000532,2.02278604662789,"SLAIN1","GO_Biological_Process_2023","brown"
"Regulation Of Protein Metabolic Process (GO:0051246)","1/96",0.382670565880735,0.453046761904779,0,0,2.10579479000532,2.02278604662789,"CNDP1","GO_Biological_Process_2023","brown"
"Cellular Response To Transforming Growth Factor Beta Stimulus (GO:0071560)","1/96",0.382670565880735,0.453046761904779,0,0,2.10579479000532,2.02278604662789,"PTPRK","GO_Biological_Process_2023","brown"
"Monocarboxylic Acid Metabolic Process (GO:0032787)","1/97",0.385772094842852,0.455969967838847,0,0,2.08375420875421,1.98479362024731,"FA2H","GO_Biological_Process_2023","brown"
"Phosphatidylinositol Biosynthetic Process (GO:0006661)","1/98",0.388858196397513,0.458115620265697,0,0,2.06216807247735,1.94780133547852,"SYNJ2","GO_Biological_Process_2023","brown"
"Positive Regulation Of Cold-Induced Thermogenesis (GO:0120162)","1/98",0.388858196397513,0.458115620265697,0,0,2.06216807247735,1.94780133547852,"ADIPOR2","GO_Biological_Process_2023","brown"
"Cellular Response To Insulin Stimulus (GO:0032869)","1/99",0.391928946523868,0.460980049663473,0,0,2.0410224695939,1.91177413897195,"GAB1","GO_Biological_Process_2023","brown"
"Regulation Of Organelle Organization (GO:0033043)","1/100",0.394984420817951,0.463063036438606,0,0,2.02030405060708,1.87667852610055,"ZEB2","GO_Biological_Process_2023","brown"
"Response To UV (GO:0009411)","1/100",0.394984420817951,0.463063036438606,0,0,2.02030405060708,1.87667852610055,"PTPRK","GO_Biological_Process_2023","brown"
"Chemical Synaptic Transmission (GO:0007268)","2/273",0.397205912414823,0.46491146566735,0,0,1.47819865953762,1.36482150481797,"GRM3;KCNMB4","GO_Biological_Process_2023","brown"
"Hemopoiesis (GO:0030097)","1/101",0.398024694482133,0.465114756436982,0,0,2,1.84248245836996,"FGFR2","GO_Biological_Process_2023","brown"
"Inorganic Cation Import Across Plasma Membrane (GO:0098659)","1/103",0.404059939073185,0.471403262252049,0,0,1.9605862547039,1.77666767339805,"SLC24A2","GO_Biological_Process_2023","brown"
"Positive Regulation Of Kinase Activity (GO:0033674)","1/104",0.407055058636552,0.472603377257575,0,0,1.94145336863783,1.74499153520703,"FGFR2","GO_Biological_Process_2023","brown"
"Positive Regulation Of Vasculature Development (GO:1904018)","1/104",0.407055058636552,0.472603377257575,0,0,1.94145336863783,1.74499153520703,"GAB1","GO_Biological_Process_2023","brown"
"Macroautophagy (GO:0016236)","1/104",0.407055058636552,0.472603377257575,0,0,1.94145336863783,1.74499153520703,"PIP4K2A","GO_Biological_Process_2023","brown"
"Regulation Of Neuron Apoptotic Process (GO:0043523)","1/105",0.410035274847405,0.474535205722278,0,0,1.92268842268842,1.71409996792236,"MAG","GO_Biological_Process_2023","brown"
"Cellular Response To Organonitrogen Compound (GO:0071417)","1/105",0.410035274847405,0.474535205722278,0,0,1.92268842268842,1.71409996792236,"P2RX7","GO_Biological_Process_2023","brown"
"Response To Calcium Ion (GO:0051592)","1/106",0.413000661133786,0.477201084419006,0,0,1.9042809042809,1.68396719161278,"KCNMB4","GO_Biological_Process_2023","brown"
"Regulation Of Cellular Response To Stress (GO:0080135)","1/107",0.41595129052059,0.479629367546914,0,0,1.88622069754145,1.65456849319568,"TMEM98","GO_Biological_Process_2023","brown"
"Transmembrane Receptor Protein Tyrosine Kinase Signaling Pathway (GO:0007169)","2/284",0.416432710241842,0.479629367546914,0,0,1.41974236503112,1.24373745840653,"GAB1;FGFR2","GO_Biological_Process_2023","brown"
"Positive Regulation Of Metabolic Process (GO:0009893)","1/108",0.41888723576301,0.480155321121034,0,0,1.86849806475975,1.62588017253325,"ADIPOR2","GO_Biological_Process_2023","brown"
"Positive Regulation Of Translation (GO:0045727)","1/108",0.41888723576301,0.480155321121034,0,0,1.86849806475975,1.62588017253325,"PLD1","GO_Biological_Process_2023","brown"
"Response To Tumor Necrosis Factor (GO:0034612)","1/108",0.41888723576301,0.480155321121034,0,0,1.86849806475975,1.62588017253325,"ERBIN","GO_Biological_Process_2023","brown"
"Cell-Matrix Adhesion (GO:0007160)","1/109",0.421808569139365,0.481971439539591,0,0,1.85110362888141,1.59787949320038,"PTPRK","GO_Biological_Process_2023","brown"
"Cellular Response To Salt (GO:1902075)","1/109",0.421808569139365,0.481971439539591,0,0,1.85110362888141,1.59787949320038,"P2RX7","GO_Biological_Process_2023","brown"
"Regulation Of JNK Cascade (GO:0046328)","1/110",0.424715362613925,0.483759520449668,0,0,1.83402835696414,1.57054463447437,"PHLPP1","GO_Biological_Process_2023","brown"
"Response To Lipid (GO:0033993)","1/110",0.424715362613925,0.483759520449668,0,0,1.83402835696414,1.57054463447437,"ERBIN","GO_Biological_Process_2023","brown"
"T Cell Activation (GO:0042110)","1/111",0.427607687964041,0.48399551494831,0,0,1.81726354453627,1.54385464626272,"KIF13B","GO_Biological_Process_2023","brown"
"Negative Regulation Of Transmembrane Receptor Protein Serine/Threonine Kinase Signaling Pathway (GO:0090101)","1/111",0.427607687964041,0.48399551494831,0,0,1.81726354453627,1.54385464626272,"LRP2","GO_Biological_Process_2023","brown"
"Regulation Of Transforming Growth Factor Beta Receptor Signaling Pathway (GO:0017015)","1/111",0.427607687964041,0.48399551494831,0,0,1.81726354453627,1.54385464626272,"ZEB2","GO_Biological_Process_2023","brown"
"Mitotic Cell Cycle Phase Transition (GO:0044772)","1/111",0.427607687964041,0.48399551494831,0,0,1.81726354453627,1.54385464626272,"FBXL7","GO_Biological_Process_2023","brown"
"Small GTPase Mediated Signal Transduction (GO:0007264)","1/112",0.43048561638067,0.486489231050883,0,0,1.8008008008008,1.51778940882089,"PLD1","GO_Biological_Process_2023","brown"
"Negative Regulation Of Canonical Wnt Signaling Pathway (GO:0090090)","1/114",0.436198565833718,0.492173968648061,0,0,1.76874944131581,1.46745661650072,"AMER2","GO_Biological_Process_2023","brown"
"Regulation Of Cell Cycle (GO:0051726)","2/298",0.440458727702992,0.496204285427902,0,0,1.35162713734142,1.10825117107316,"PTPRK;FGFR2","GO_Biological_Process_2023","brown"
"Protein Maturation (GO:0051604)","1/117",0.444661775482094,0.499378722932383,0,0,1.72274468826193,1.39618351518444,"PCSK6","GO_Biological_Process_2023","brown"
"Protein Processing (GO:0016485)","1/117",0.444661775482094,0.499378722932383,0,0,1.72274468826193,1.39618351518444,"PCSK6","GO_Biological_Process_2023","brown"
"Regulation Of Small GTPase Mediated Signal Transduction (GO:0051056)","1/118",0.447454800068397,0.500954830511357,0,0,1.70793404126737,1.37348597340122,"PREX1","GO_Biological_Process_2023","brown"
"Positive Regulation Of Cell Projection Organization (GO:0031346)","1/118",0.447454800068397,0.500954830511357,0,0,1.70793404126737,1.37348597340122,"PTPRD","GO_Biological_Process_2023","brown"
"Positive Regulation Of Angiogenesis (GO:0045766)","1/119",0.450233917137087,0.503284735280372,0,0,1.69337442218798,1.35129249451638,"GAB1","GO_Biological_Process_2023","brown"
"Positive Regulation Of Macromolecule Biosynthetic Process (GO:0010557)","1/122",0.458488507016457,0.510927687107983,0,0,1.6511394941147,1.28759168960267,"PLD1","GO_Biological_Process_2023","brown"
"Receptor-Mediated Endocytosis (GO:0006898)","1/122",0.458488507016457,0.510927687107983,0,0,1.6511394941147,1.28759168960267,"LRP2","GO_Biological_Process_2023","brown"
"Positive Regulation Of Epithelial Cell Proliferation (GO:0050679)","1/123",0.461212676190375,0.513170277057501,0,0,1.63752276867031,1.26727232996582,"FGFR2","GO_Biological_Process_2023","brown"
"Neuron Projection Guidance (GO:0097485)","1/124",0.463923277206856,0.514597973640221,0,0,1.62412745339575,1.2473885010387,"SEMA6A","GO_Biological_Process_2023","brown"
"Regulation Of DNA Metabolic Process (GO:0051052)","1/124",0.463923277206856,0.514597973640221,0,0,1.62412745339575,1.2473885010387,"TMEM98","GO_Biological_Process_2023","brown"
"Negative Regulation Of Cell Growth (GO:0030308)","1/125",0.46662037707619,0.516794611170404,0,0,1.61094819159335,1.22792793965158,"MAG","GO_Biological_Process_2023","brown"
"Protein Targeting (GO:0006605)","1/129",0.477275091201804,0.526976019535223,0,0,1.5602904040404,1.15408790031601,"KIF13B","GO_Biological_Process_2023","brown"
"Regulation Of DNA Repair (GO:0006282)","1/129",0.477275091201804,0.526976019535223,0,0,1.5602904040404,1.15408790031601,"TMEM98","GO_Biological_Process_2023","brown"
"Transmembrane Receptor Protein Serine/Threonine Kinase Signaling Pathway (GO:0007178)","1/130",0.479905677193982,0.528262585124979,0,0,1.54811682718659,1.13657427447839,"PTPRK","GO_Biological_Process_2023","brown"
"Positive Regulation Of Peptidyl-Tyrosine Phosphorylation (GO:0050731)","1/130",0.479905677193982,0.528262585124979,0,0,1.54811682718659,1.13657427447839,"ENPP2","GO_Biological_Process_2023","brown"
"Synapse Organization (GO:0050808)","1/131",0.482523156606063,0.530334140111237,0,0,1.53613053613054,1.11941882389327,"PTPRD","GO_Biological_Process_2023","brown"
"Epithelial Cell Differentiation (GO:0030855)","1/132",0.485127594032975,0.531575980695707,0,0,1.52432724188449,1.1026119616962,"FGFR2","GO_Biological_Process_2023","brown"
"Plasma Membrane Bounded Cell Projection Organization (GO:0120036)","1/132",0.485127594032975,0.531575980695707,0,0,1.52432724188449,1.1026119616962,"FRYL","GO_Biological_Process_2023","brown"
"Antigen Receptor-Mediated Signaling Pathway (GO:0050851)","1/134",0.490297600070642,0.536425750608396,0,0,1.50125313283208,1.07000724904239,"MOG","GO_Biological_Process_2023","brown"
"Proteolysis (GO:0006508)","2/330",0.493288103991879,0.53887988330022,0,0,1.21777003484321,0.860551669771124,"PCSK6;CNDP1","GO_Biological_Process_2023","brown"
"Potassium Ion Transmembrane Transport (GO:0071805)","1/137",0.497956392525298,0.542336191859124,0,0,1.46791443850267,1.02349273069514,"SLC24A2","GO_Biological_Process_2023","brown"
"Protein Localization To Plasma Membrane (GO:0072659)","1/137",0.497956392525298,0.542336191859124,0,0,1.46791443850267,1.02349273069514,"MAP7","GO_Biological_Process_2023","brown"
"Negative Regulation Of Wnt Signaling Pathway (GO:0030178)","1/140",0.505501237241334,0.549723064933638,0,0,1.43601482450403,0.979656196045578,"AMER2","GO_Biological_Process_2023","brown"
"Protein Localization To Cell Periphery (GO:1990778)","1/142",0.510468659235617,0.554289011007349,0,0,1.41550254316212,0.951820763413215,"MAP7","GO_Biological_Process_2023","brown"
"Positive Regulation Of Transferase Activity (GO:0051347)","1/143",0.512933812590885,0.556128238914328,0,0,1.40546308151942,0.938299046849509,"FGFR2","GO_Biological_Process_2023","brown"
"Regulation Of Cell Adhesion (GO:0030155)","1/144",0.515386675547343,0.557948638242694,0,0,1.39556403192767,0.925032639771104,"FRMD5","GO_Biological_Process_2023","brown"
"Protein Glycosylation (GO:0006486)","1/147",0.522672127159014,0.564987411816565,0,0,1.36668050366681,0.886703567337748,"TMEM165","GO_Biological_Process_2023","brown"
"Protein Localization (GO:0008104)","2/351",0.526234479058159,0.567619353276647,0,0,1.1432664756447,0.73398666696496,"ERBIN;PTPRK","GO_Biological_Process_2023","brown"
"Axon Guidance (GO:0007411)","1/149",0.527468747150282,0.567619353276647,0,0,1.34807534807535,0.862317510620557,"SEMA6A","GO_Biological_Process_2023","brown"
"Negative Regulation Of DNA-binding Transcription Factor Activity (GO:0043433)","1/149",0.527468747150282,0.567619353276647,0,0,1.34807534807535,0.862317510620557,"ERBIN","GO_Biological_Process_2023","brown"
"Neuron Development (GO:0048666)","1/150",0.529849131261317,0.569331182771102,0,0,1.33896007050369,0.850457856372934,"FRYL","GO_Biological_Process_2023","brown"
"Negative Regulation Of Transcription By RNA Polymerase II (GO:0000122)","4/763",0.533219207169916,0.572099774359389,0,0,1.05077953447519,0.660753991270199,"ZEB2;ZBTB20;ZNF536;FGFR2","GO_Biological_Process_2023","brown"
"Cellular Response To Organic Cyclic Compound (GO:0071407)","1/152",0.534574342306715,0.572701487077476,0,0,1.32109171182019,0.827379223374853,"P2RX7","GO_Biological_Process_2023","brown"
"Epithelium Development (GO:0060429)","1/154",0.539252532966754,0.576856196244851,0,0,1.30369049976893,0.805121832204194,"FGFR2","GO_Biological_Process_2023","brown"
"Response To Lipopolysaccharide (GO:0032496)","1/159",0.550745324592532,0.588277598564764,0,0,1.26211481907684,0.75282975911799,"ERBIN","GO_Biological_Process_2023","brown"
"Adenylate Cyclase-Modulating G Protein-Coupled Receptor Signaling Pathway (GO:0007188)","1/163",0.559734829149778,0.595234235718274,0,0,1.23070208255393,0.714166728910465,"LPAR1","GO_Biological_Process_2023","brown"
"Nitrogen Compound Transport (GO:0071705)","1/163",0.559734829149778,0.595234235718274,0,0,1.23070208255393,0.714166728910465,"LRP2","GO_Biological_Process_2023","brown"
"Negative Regulation Of Cell Migration (GO:0030336)","1/163",0.559734829149778,0.595234235718274,0,0,1.23070208255393,0.714166728910465,"PTPRK","GO_Biological_Process_2023","brown"
"Positive Regulation Of I-kappaB kinase/NF-kappaB Signaling (GO:0043123)","1/175",0.585648556428657,0.621348280255234,0,0,1.14512945547428,0.612684798979807,"LPAR1","GO_Biological_Process_2023","brown"
"Negative Regulation Of DNA-templated Transcription (GO:0045892)","5/1025",0.586702775897072,0.621348280255234,0,0,0.974200206398349,0.519479528909289,"ZEB2;ZBTB20;ZNF536;PTPRK;FGFR2","GO_Biological_Process_2023","brown"
"Positive Regulation Of Hydrolase Activity (GO:0051345)","1/176",0.587738595192884,0.621348280255234,0,0,1.13852813852814,0.60509696073503,"PREX1","GO_Biological_Process_2023","brown"
"Extracellular Matrix Organization (GO:0030198)","1/176",0.587738595192884,0.621348280255234,0,0,1.13852813852814,0.60509696073503,"GPM6B","GO_Biological_Process_2023","brown"
"Positive Regulation Of DNA-templated Transcription (GO:0045893)","6/1243",0.594713389050598,0.627801396054878,0,0,0.96301965978087,0.500457904798642,"ZEB2;TMEM98;TCF12;ST18;FGFR2;CREB5","GO_Biological_Process_2023","brown"
"Phosphate-Containing Compound Metabolic Process (GO:0006796)","1/184",0.604087456347206,0.636764701792888,0,0,1.0883148424132,0.548550182326374,"PTPRD","GO_Biological_Process_2023","brown"
"Cellular Response To Oxygen-Containing Compound (GO:1901701)","2/406",0.605549591898324,0.63737409599809,0,0,0.984845423317842,0.494016996124165,"P2RX7;PTPRK","GO_Biological_Process_2023","brown"
"Protein Localization To Membrane (GO:0072657)","1/192",0.619794203522166,0.650468152459216,0,0,1.04230789571104,0.498606520241977,"MAP7","GO_Biological_Process_2023","brown"
"Modification-Dependent Protein Catabolic Process (GO:0019941)","1/192",0.619794203522166,0.650468152459216,0,0,1.04230789571104,0.498606520241977,"FBXL7","GO_Biological_Process_2023","brown"
"Organelle Organization (GO:0006996)","2/418",0.621480406996526,0.650588597367706,0,0,0.955847723704867,0.454649824189377,"SEMA6A;FMNL2","GO_Biological_Process_2023","brown"
"Regulation Of Cell Differentiation (GO:0045595)","1/193",0.621713652685644,0.650588597367706,0,0,1.0368265993266,0.492778443916668,"FGFR2","GO_Biological_Process_2023","brown"
"Positive Regulation Of Protein Metabolic Process (GO:0051247)","1/196",0.627414626895937,0.655602820278218,0,0,1.02072002072002,0.475806259368427,"PLD1","GO_Biological_Process_2023","brown"
"Regulation Of Translation (GO:0006417)","1/202",0.638562619762378,0.666286033066099,0,0,0.989949243680587,0.44402741371685,"PLD1","GO_Biological_Process_2023","brown"
"Regulation Of GTPase Activity (GO:0043087)","1/214",0.659877336669453,0.687531155691728,0,0,0.93360838431261,0.388102232835037,"PREX1","GO_Biological_Process_2023","brown"
"Regulation Of Nucleic Acid-Templated Transcription (GO:1903506)","2/452",0.663948543333866,0.690774747104932,0,0,0.882086167800454,0.361258943520906,"ZNF536;FOXN2","GO_Biological_Process_2023","brown"
"Negative Regulation Of Multicellular Organismal Process (GO:0051241)","1/231",0.687959009576293,0.713280477965584,0,0,0.863855950812473,0.323104604801154,"PLCL1","GO_Biological_Process_2023","brown"
"Positive Regulation Of Phosphorylation (GO:0042327)","1/231",0.687959009576293,0.713280477965584,0,0,0.863855950812473,0.323104604801154,"FGFR2","GO_Biological_Process_2023","brown"
"Regulation Of Apoptotic Process (GO:0042981)","3/705",0.689447618803743,0.713280477965584,0,0,0.845801392193145,0.314523557871597,"HIP1;PHLPP1;LRP2","GO_Biological_Process_2023","brown"
"Regulation Of I-kappaB kinase/NF-kappaB Signaling (GO:0043122)","1/232",0.689537438477132,0.713280477965584,0,0,0.860072587345315,0.319718468488941,"LPAR1","GO_Biological_Process_2023","brown"
"Positive Regulation Of Developmental Process (GO:0051094)","1/233",0.691107962443606,0.713880860919542,0,0,0.85632183908046,0.316376004340495,"ENPP2","GO_Biological_Process_2023","brown"
"Positive Regulation Of GTPase Activity (GO:0043547)","1/234",0.692670620678898,0.714471412746045,0,0,0.852603286079681,0.313076512912352,"PREX1","GO_Biological_Process_2023","brown"
"Positive Regulation Of Transcription By RNA Polymerase II (GO:0045944)","4/938",0.69581274850413,0.715870651243079,0,0,0.846092077087794,0.306856185450532,"ZEB2;TCF12;ST18;FGFR2","GO_Biological_Process_2023","brown"
"Positive Regulation Of Gene Expression (GO:0010628)","2/480",0.69601293553592,0.715870651243079,0,0,0.829220391085304,0.300498717460943,"P2RX7;PLD1","GO_Biological_Process_2023","brown"
"Negative Regulation Of Apoptotic Process (GO:0043066)","2/482",0.698204949654375,0.71710223461653,0,0,0.825680272108844,0.296619523734893,"MAG;LRP2","GO_Biological_Process_2023","brown"
"Regulation Of Autophagy (GO:0010506)","1/241",0.703392239478639,0.721402282594735,0,0,0.827441077441077,0.291127358427709,"PIP4K2A","GO_Biological_Process_2023","brown"
"Positive Regulation Of DNA-binding Transcription Factor Activity (GO:0051091)","1/246",0.710822997359591,0.727987757239013,0,0,0.810348381776953,0.276597695305975,"RNF220","GO_Biological_Process_2023","brown"
"Positive Regulation Of Signal Transduction (GO:0009967)","1/266",0.738747316125365,0.755513212661544,0,0,0.748427672955975,0.226623407850818,"FGFR2","GO_Biological_Process_2023","brown"
"Plasma Membrane Bounded Cell Projection Assembly (GO:0120031)","1/275",0.750425733287746,0.766369622805191,0,0,0.723512497235125,0.207730993364859,"P2RX7","GO_Biological_Process_2023","brown"
"Regulation Of DNA-templated Transcription (GO:0006355)","8/1922",0.756508387621509,0.771488751732826,0,0,0.817136886102403,0.228015231846558,"CDK18;ZEB2;TMEM98;TCF12;ZNF536;PTPRK;FOXN2;CREB5","GO_Biological_Process_2023","brown"
"Positive Regulation Of Nucleic Acid-Templated Transcription (GO:1903508)","2/557",0.77143447732575,0.785599234677776,0,0,0.711343997058283,0.184596285196443,"TMEM98;CREB5","GO_Biological_Process_2023","brown"
"Cellular Response To Cytokine Stimulus (GO:0071345)","1/308",0.788992179375311,0.802346066755429,0,0,0.644655019247853,0.152782511267399,"ERBIN","GO_Biological_Process_2023","brown"
"Protein Transport (GO:0015031)","1/313",0.794296238079237,0.806602236133986,0,0,0.634162134162134,0.146046773112765,"LRP2","GO_Biological_Process_2023","brown"
"Proteasome-Mediated Ubiquitin-Dependent Protein Catabolic Process (GO:0043161)","1/319",0.800487119011081,0.811703878171705,0,0,0.622006225779811,0.138418054598085,"FBXL7","GO_Biological_Process_2023","brown"
"Positive Regulation Of Cellular Process (GO:0048522)","2/594",0.801571652230588,0.811703878171705,0,0,0.665609487038058,0.147220114218033,"FRMD5;FGFR2","GO_Biological_Process_2023","brown"
"Intracellular Protein Transport (GO:0006886)","1/325",0.806493484318124,0.815099458902925,0,0,0.610300536226462,0.131250904008978,"KIF13B","GO_Biological_Process_2023","brown"
"Regulation Of Transcription By RNA Polymerase II (GO:0006357)","8/2028",0.807185871923285,0.815099458902925,0,0,0.769694360740422,0.164869542424255,"ZEB2;TMEM98;TCF12;ZBTB20;ZNF536;ST18;FGFR2;CREB5","GO_Biological_Process_2023","brown"
"Positive Regulation Of Macromolecule Metabolic Process (GO:0010604)","1/364",0.841398644336136,0.848459332260635,0,0,0.54364582463756,0.0938820447069887,"P2RX7","GO_Biological_Process_2023","brown"
"Ubiquitin-Dependent Protein Catabolic Process (GO:0006511)","1/367",0.843809542702429,0.849702067441972,0,0,0.539106916156097,0.0915557028215655,"FBXL7","GO_Biological_Process_2023","brown"
"Positive Regulation Of Protein Phosphorylation (GO:0001934)","1/377",0.851586816325218,0.856337649331216,0,0,0.524500322372663,0.0842629841292362,"ENPP2","GO_Biological_Process_2023","brown"
"Negative Regulation Of Programmed Cell Death (GO:0043069)","1/381",0.854589252590146,0.85815995977367,0,0,0.518872939925571,0.0815327527067876,"LRP2","GO_Biological_Process_2023","brown"
"Positive Regulation Of Multicellular Organismal Process (GO:0051240)","1/387",0.858980507507642,0.861369883050083,0,0,0.510650546919977,0.0776235041772895,"ADIPOR2","GO_Biological_Process_2023","brown"
"Negative Regulation Of Nucleic Acid-Templated Transcription (GO:1903507)","1/456",0.900954262775652,0.902205588140618,0,0,0.431679431679432,0.0450245037640661,"PTPRK","GO_Biological_Process_2023","brown"
"Positive Regulation Of Cell Population Proliferation (GO:0008284)","1/483",0.913772625636864,0.913772625636864,0,0,0.406932394484262,0.0366945210923637,"FGFR2","GO_Biological_Process_2023","brown"
"Bacterial invasion of epithelial cells","4/77",0.000601946318497709,0.0638063097607571,0,0,11.3167808219178,83.9178033991571,"GAB1;ELMO1;CTNNA3;DOCK1","KEGG_2021_Human","brown"
"Ether lipid metabolism","3/49",0.00189120911437294,0.100234083061766,0,0,13.3487225459435,83.703684141881,"UGT8;ENPP2;PLD1","KEGG_2021_Human","brown"
"Phospholipase D signaling pathway","4/148",0.00652012951086752,0.230377909383986,0,0,5.71643518518519,28.7700239289792,"GRM3;LPAR1;GAB1;PLD1","KEGG_2021_Human","brown"
"Regulation of actin cytoskeleton","4/218",0.0239106376325993,0.49189701033361,0,0,3.83294392523365,14.3100348524492,"LPAR1;PIP4K2A;DOCK1;FGFR2","KEGG_2021_Human","brown"
"Cocaine addiction","2/49",0.0249911884332231,0.49189701033361,0,0,8.62049500651324,31.8030058521021,"GRM3;CREB5","KEGG_2021_Human","brown"
"Hedgehog signaling pathway","2/56",0.0319994177727202,0.49189701033361,0,0,7.50037792894936,25.8165826277711,"HHIP;LRP2","KEGG_2021_Human","brown"
"PI3K-Akt signaling pathway","5/354",0.0325133728601452,0.49189701033361,0,0,2.94842406876791,10.1016069109064,"PHLPP1;LPAR1;SGK3;FGFR2;CREB5","KEGG_2021_Human","brown"
"Gastric cancer","3/149",0.038811618827442,0.49189701033361,0,0,4.18457844937156,13.5958444486809,"GAB1;CTNNA3;FGFR2","KEGG_2021_Human","brown"
"Cortisol synthesis and secretion","2/65",0.041993132410768,0.49189701033361,0,0,6.42597991577583,20.3719576107223,"PDE8A;CREB5","KEGG_2021_Human","brown"
"Inositol phosphate metabolism","2/73",0.051720345286075,0.49189701033361,0,0,5.699626329405,16.8817463030563,"PIP4K2A;SYNJ2","KEGG_2021_Human","brown"
"Thyroid hormone synthesis","2/75",0.0542668897312266,0.49189701033361,0,0,5.54291305563321,16.1511673406941,"LRP2;CREB5","KEGG_2021_Human","brown"
"Insulin secretion","2/86",0.0690235124413976,0.49189701033361,0,0,4.81438289601555,12.8703286595916,"KCNMB4;CREB5","KEGG_2021_Human","brown"
"Morphine addiction","2/91",0.0761192182371278,0.49189701033361,0,0,4.54276542077505,11.6996856760182,"PDE1C;PDE8A","KEGG_2021_Human","brown"
"Pathogenic Escherichia coli infection","3/197",0.076185245944446,0.49189701033361,0,0,3.1415665851844,8.08823792810062,"MYO1D;MYO1E;LPAR1","KEGG_2021_Human","brown"
"Fc gamma R-mediated phagocytosis","2/97",0.0849237360045433,0.49189701033361,0,0,4.25456498388829,10.491764264828,"PLD1;DOCK1","KEGG_2021_Human","brown"
"Phosphatidylinositol signaling system","2/97",0.0849237360045433,0.49189701033361,0,0,4.25456498388829,10.491764264828,"PIP4K2A;SYNJ2","KEGG_2021_Human","brown"
"Prostate cancer","2/97",0.0849237360045433,0.49189701033361,0,0,4.25456498388829,10.491764264828,"FGFR2;CREB5","KEGG_2021_Human","brown"
"Choline metabolism in cancer","2/98",0.0864201908419546,0.49189701033361,0,0,4.21003401360544,10.3084111715959,"SLC44A1;PLD1","KEGG_2021_Human","brown"
"Longevity regulating pathway","2/102",0.0924846891098034,0.49189701033361,0,0,4.04081632653061,9.62002061056518,"ADIPOR2;CREB5","KEGG_2021_Human","brown"
"cAMP signaling pathway","3/216",0.0941331217907138,0.49189701033361,0,0,2.85857412516335,6.7549401777521,"HHIP;PLD1;CREB5","KEGG_2021_Human","brown"
"Parathyroid hormone synthesis, secretion and action","2/106",0.0986696402849089,0.49189701033361,0,0,3.88461538461538,8.99668367505838,"PLD1;CREB5","KEGG_2021_Human","brown"
"Histidine metabolism","1/22",0.104464697819105,0.49189701033361,0,0,9.56180856180856,21.5992275397069,"CNDP1","KEGG_2021_Human","brown"
"Ras signaling pathway","3/232",0.110465912159545,0.49189701033361,0,0,2.65668752532301,5.85281091732596,"GAB1;PLD1;FGFR2","KEGG_2021_Human","brown"
"Glutamatergic synapse","2/114",0.111372908000063,0.49189701033361,0,0,3.60568513119534,7.91401436691998,"GRM3;PLD1","KEGG_2021_Human","brown"
"Calcium signaling pathway","3/240",0.119016733630229,0.493640459179908,0,0,2.56596633172387,5.461636697592,"P2RX7;PDE1C;FGFR2","KEGG_2021_Human","brown"
"AMPK signaling pathway","2/120",0.121165713325617,0.493640459179908,0,0,3.42130750605327,7.22099841165592,"ADIPOR2;CREB5","KEGG_2021_Human","brown"
"Pathways in cancer","5/531",0.127312915849141,0.493640459179908,0,0,1.93856313788273,3.99558667112627,"HHIP;LPAR1;CTNNA3;PLD1;FGFR2","KEGG_2021_Human","brown"
"Endocytosis","3/252",0.132287323844681,0.493640459179908,0,0,2.44081480561421,4.93722899556867,"ARAP2;PLD1;FGFR2","KEGG_2021_Human","brown"
"Purine metabolism","2/129",0.136230230372323,0.493640459179908,0,0,3.17740639562912,6.33387036002479,"PDE1C;PDE8A","KEGG_2021_Human","brown"
"beta-Alanine metabolism","1/30",0.139709563918842,0.493640459179908,0,0,6.92128178335075,13.6223945108193,"CNDP1","KEGG_2021_Human","brown"
"Yersinia infection","2/137",0.149950708084332,0.512734679256102,0,0,2.98790627362056,5.66939873017379,"ELMO1;DOCK1","KEGG_2021_Human","brown"
"Mucin type O-glycan biosynthesis","1/36",0.165238740567014,0.534642105122746,0,0,5.73304473304473,10.3215669941692,"ST6GALNAC3","KEGG_2021_Human","brown"
"Cell adhesion molecules","2/148",0.169239108858938,0.534642105122746,0,0,2.76125244618395,4.90520680248974,"MAG;NCAM2","KEGG_2021_Human","brown"
"Various types of N-glycan biosynthesis","1/39",0.17772061456847,0.534642105122746,0,0,5.27963849016481,9.12080010262218,"MAN2A1","KEGG_2021_Human","brown"
"Cushing syndrome","2/155",0.181724756491973,0.534642105122746,0,0,2.63398692810458,4.49163798449718,"PDE8A;CREB5","KEGG_2021_Human","brown"
"Ferroptosis","1/41",0.185939030336605,0.534642105122746,0,0,5.01515151515152,8.43717221072756,"TF","KEGG_2021_Human","brown"
"Vasopressin-regulated water reabsorption","1/44",0.1981144149655,0.534642105122746,0,0,4.6645525017618,7.55149331126355,"CREB5","KEGG_2021_Human","brown"
"ABC transporters","1/45",0.202132677279174,0.534642105122746,0,0,4.55831037649219,7.28796784173202,"ABCA8","KEGG_2021_Human","brown"
"Glycosphingolipid biosynthesis","1/45",0.202132677279174,0.534642105122746,0,0,4.55831037649219,7.28796784173202,"ST6GALNAC3","KEGG_2021_Human","brown"
"cGMP-PKG signaling pathway","2/167",0.203427034299401,0.534642105122746,0,0,2.44094001236858,3.88706977769903,"KCNMB4;CREB5","KEGG_2021_Human","brown"
"Sphingolipid metabolism","1/49",0.21800735103248,0.534642105122746,0,0,4.17760942760943,6.36344537186664,"UGT8","KEGG_2021_Human","brown"
"Arginine and proline metabolism","1/50",0.221926911560385,0.534642105122746,0,0,4.09214594928881,6.16034588762116,"CNDP1","KEGG_2021_Human","brown"
"Cholesterol metabolism","1/50",0.221926911560385,0.534642105122746,0,0,4.09214594928881,6.16034588762116,"LRP2","KEGG_2021_Human","brown"
"N-Glycan biosynthesis","1/50",0.221926911560385,0.534642105122746,0,0,4.09214594928881,6.16034588762116,"MAN2A1","KEGG_2021_Human","brown"
"NOD-like receptor signaling pathway","2/181",0.229089021069046,0.539631916295975,0,0,2.24843233382739,3.31339019570737,"P2RX7;ERBIN","KEGG_2021_Human","brown"
"Neuroactive ligand-receptor interaction","3/341",0.243206878434383,0.557687271249485,0,0,1.78997132922589,2.53073815882573,"GRM3;P2RX7;LPAR1","KEGG_2021_Human","brown"
"Chemokine signaling pathway","2/192",0.249408486067724,0.557687271249485,0,0,2.11707841031149,2.93990892306422,"PREX1;ELMO1","KEGG_2021_Human","brown"
"Endometrial cancer","1/58",0.252591147960672,0.557687271249485,0,0,3.5163919900762,4.83849599837867,"CTNNA3","KEGG_2021_Human","brown"
"Mineral absorption","1/60",0.260068356267662,0.557687271249485,0,0,3.39684985447697,4.57491398098809,"TF","KEGG_2021_Human","brown"
"Basal cell carcinoma","1/63",0.271145528260931,0.557687271249485,0,0,3.23199739328772,4.21807849737542,"HHIP","KEGG_2021_Human","brown"
"Rap1 signaling pathway","2/210",0.282756789644993,0.557687271249485,0,0,1.93210361067504,2.44057174617679,"LPAR1;FGFR2","KEGG_2021_Human","brown"
"Adipocytokine signaling pathway","1/69",0.29280968888067,0.557687271249485,0,0,2.94592988710636,3.61828655610275,"ADIPOR2","KEGG_2021_Human","brown"
"Amphetamine addiction","1/69",0.29280968888067,0.557687271249485,0,0,2.94592988710636,3.61828655610275,"CREB5","KEGG_2021_Human","brown"
"Renal cell carcinoma","1/69",0.29280968888067,0.557687271249485,0,0,2.94592988710636,3.61828655610275,"GAB1","KEGG_2021_Human","brown"
"Renin secretion","1/69",0.29280968888067,0.557687271249485,0,0,2.94592988710636,3.61828655610275,"PDE1C","KEGG_2021_Human","brown"
"Central carbon metabolism in cancer","1/70",0.296357876203525,0.557687271249485,0,0,2.9030888596106,3.53070042231205,"FGFR2","KEGG_2021_Human","brown"
"Adherens junction","1/71",0.299888438313403,0.557687271249485,0,0,2.86147186147186,3.44619860155019,"CTNNA3","KEGG_2021_Human","brown"
"Pancreatic cancer","1/76",0.317279889350664,0.576184569308861,0,0,2.67003367003367,3.0651211233087,"PLD1","KEGG_2021_Human","brown"
"Arrhythmogenic right ventricular cardiomyopathy","1/77",0.320706505558706,0.576184569308861,0,0,2.6347687400319,2.99633512170869,"CTNNA3","KEGG_2021_Human","brown"
"ErbB signaling pathway","1/85",0.347513436866072,0.593164773259748,0,0,2.38287638287638,2.51858583349566,"GAB1","KEGG_2021_Human","brown"
"Shigellosis","2/246",0.348893339322039,0.593164773259748,0,0,1.6440281030445,1.73114354350853,"ELMO1;DOCK1","KEGG_2021_Human","brown"
"Taste transduction","1/86",0.350789788685405,0.593164773259748,0,0,2.35472370766488,2.46673350535558,"PDE1C","KEGG_2021_Human","brown"
"Gap junction","1/88",0.357293708483398,0.593164773259748,0,0,2.30035992104958,2.36752381170365,"LPAR1","KEGG_2021_Human","brown"
"GABAergic synapse","1/89",0.360521436424534,0.593164773259748,0,0,2.27410468319559,2.32005037808893,"PLCL1","KEGG_2021_Human","brown"
"Bile secretion","1/90",0.363733115678147,0.593164773259748,0,0,2.24843945068664,2.27392523969427,"SLCO1A2","KEGG_2021_Human","brown"
"GnRH signaling pathway","1/93",0.373272649434986,0.599498497577401,0,0,2.1747913921827,2.14313983216348,"PLD1","KEGG_2021_Human","brown"
"Aldosterone synthesis and secretion","1/98",0.388858196397513,0.606161306149064,0,0,2.06216807247735,1.94780133547852,"CREB5","KEGG_2021_Human","brown"
"Glycerophospholipid metabolism","1/98",0.388858196397513,0.606161306149064,0,0,2.06216807247735,1.94780133547852,"PLD1","KEGG_2021_Human","brown"
"Prion disease","2/273",0.397205912414823,0.609094828742569,0,0,1.47819865953762,1.36482150481797,"NCAM2;CREB5","KEGG_2021_Human","brown"
"Glucagon signaling pathway","1/107",0.41595129052059,0.609094828742569,0,0,1.88622069754145,1.65456849319568,"CREB5","KEGG_2021_Human","brown"
"Insulin resistance","1/108",0.41888723576301,0.609094828742569,0,0,1.86849806475975,1.62588017253325,"CREB5","KEGG_2021_Human","brown"
"HIF-1 signaling pathway","1/109",0.421808569139365,0.609094828742569,0,0,1.85110362888141,1.59787949320038,"TF","KEGG_2021_Human","brown"
"TNF signaling pathway","1/112",0.43048561638067,0.609094828742569,0,0,1.8008008008008,1.51778940882089,"CREB5","KEGG_2021_Human","brown"
"Cholinergic synapse","1/113",0.433349218837219,0.609094828742569,0,0,1.78463203463203,1.4923295915181,"CREB5","KEGG_2021_Human","brown"
"Leukocyte transendothelial migration","1/114",0.436198565833718,0.609094828742569,0,0,1.76874944131581,1.46745661650072,"CTNNA3","KEGG_2021_Human","brown"
"Sphingolipid signaling pathway","1/119",0.450233917137087,0.609094828742569,0,0,1.69337442218798,1.35129249451638,"PLD1","KEGG_2021_Human","brown"
"Growth hormone synthesis, secretion and action","1/119",0.450233917137087,0.609094828742569,0,0,1.69337442218798,1.35129249451638,"CREB5","KEGG_2021_Human","brown"
"Neurotrophin signaling pathway","1/119",0.450233917137087,0.609094828742569,0,0,1.69337442218798,1.35129249451638,"GAB1","KEGG_2021_Human","brown"
"Huntington disease","2/306",0.453948032742103,0.609094828742569,0,0,1.31552094522019,1.03896233519237,"HIP1;CREB5","KEGG_2021_Human","brown"
"Relaxin signaling pathway","1/129",0.477275091201804,0.622870116998232,0,0,1.5602904040404,1.15408790031601,"CREB5","KEGG_2021_Human","brown"
"FoxO signaling pathway","1/131",0.482523156606063,0.622870116998232,0,0,1.53613053613054,1.11941882389327,"SGK3","KEGG_2021_Human","brown"
"Dopaminergic synapse","1/132",0.485127594032975,0.622870116998232,0,0,1.52432724188449,1.1026119616962,"CREB5","KEGG_2021_Human","brown"
"Vascular smooth muscle contraction","1/133",0.487719053875974,0.622870116998232,0,0,1.51270278543006,1.0861444222602,"KCNMB4","KEGG_2021_Human","brown"
"Estrogen signaling pathway","1/137",0.497956392525298,0.62837354294859,0,0,1.46791443850267,1.02349273069514,"CREB5","KEGG_2021_Human","brown"
"Signaling pathways regulating pluripotency of stem cells","1/143",0.512933812590885,0.639658636878045,0,0,1.40546308151942,0.938299046849509,"FGFR2","KEGG_2021_Human","brown"
"Adrenergic signaling in cardiomyocytes","1/150",0.529849131261317,0.653069859461623,0,0,1.33896007050369,0.850457856372934,"CREB5","KEGG_2021_Human","brown"
"Non-alcoholic fatty liver disease","1/155",0.54157414062889,0.659848952950142,0,0,1.29515938606848,0.794289267227046,"ADIPOR2","KEGG_2021_Human","brown"
"Hepatitis B","1/162",0.557504289374834,0.666650470672769,0,0,1.23840893406111,0.723583865255002,"CREB5","KEGG_2021_Human","brown"
"Hippo signaling pathway","1/163",0.559734829149778,0.666650470672769,0,0,1.23070208255393,0.714166728910465,"CTNNA3","KEGG_2021_Human","brown"
"Hepatocellular carcinoma","1/168",0.570721645453221,0.672183271311572,0,0,1.19355228936067,0.669408186906394,"GAB1","KEGG_2021_Human","brown"
"Axon guidance","1/182",0.600061436523133,0.69897266232365,0,0,1.10045203415369,0.562026422628181,"SEMA6A","KEGG_2021_Human","brown"
"Alcoholism","1/186",0.60807334897308,0.700606249903766,0,0,1.07644007644008,0.535485626960847,"CREB5","KEGG_2021_Human","brown"
"Kaposi sarcoma-associated herpesvirus infection","1/193",0.621713652685644,0.708619862200841,0,0,1.0368265993266,0.492778443916668,"PREX1","KEGG_2021_Human","brown"
"Focal adhesion","1/201",0.636727825797518,0.711096731032349,0,0,0.994949494949495,0.449133126176455,"DOCK1","KEGG_2021_Human","brown"
"Viral carcinogenesis","1/203",0.640388238903461,0.711096731032349,0,0,0.984998499849985,0.438994784726488,"CREB5","KEGG_2021_Human","brown"
"Proteoglycans in cancer","1/205",0.644012133765147,0.711096731032349,0,0,0.975242622301446,0.429143531972285,"GAB1","KEGG_2021_Human","brown"
"Human T-cell leukemia virus 1 infection","1/219",0.668386745966393,0.730402011056058,0,0,0.911963673431563,0.367419504949688,"CREB5","KEGG_2021_Human","brown"
"Human cytomegalovirus infection","1/225",0.678320213394343,0.733693292038779,0,0,0.887265512265512,0.344379519525088,"CREB5","KEGG_2021_Human","brown"
"Thermogenesis","1/232",0.689537438477132,0.738292610894707,0,0,0.860072587345315,0.319718468488941,"CREB5","KEGG_2021_Human","brown"
"Chemical carcinogenesis","1/239",0.700367283968666,0.742389321006786,0,0,0.834479246243952,0.297200109127968,"CREB5","KEGG_2021_Human","brown"
"Salmonella infection","1/249",0.715192674376682,0.750598252316121,0,0,0.800423590746171,0.268304627364853,"ELMO1","KEGG_2021_Human","brown"
"MAPK signaling pathway","1/294",0.773409712864383,0.803739505525731,0,0,0.675940290274761,0.173680384477407,"FGFR2","KEGG_2021_Human","brown"
"MicroRNAs in cancer","1/310",0.791129857891819,0.814172475111969,0,0,0.640417116145272,0.150045346926481,"ZEB2","KEGG_2021_Human","brown"
"Human papillomavirus infection","1/331",0.812320779437656,0.82794233288838,0,0,0.599020508111417,0.12451238380496,"CREB5","KEGG_2021_Human","brown"
"Olfactory transduction","1/440",0.892485986178482,0.900985852713515,0,0,0.447780768965279,0.0509325849939241,"PDE1C","KEGG_2021_Human","brown"
"Pathways of neurodegeneration","1/475",0.910156202909001,0.910156202909001,0,0,0.413970932958275,0.0389708273149979,"HIP1","KEGG_2021_Human","brown"
"Cristae Formation (GO:0042407)","2/12",0.000322055925247474,0.0959726657237474,0,0,92.7674418604651,745.923087153925,"CHCHD3;CHCHD6","GO_Biological_Process_2023","green"
"Intrinsic Apoptotic Signaling Pathway In Response To DNA Damage By P53 Class Mediator (GO:0042771)","2/19",0.000826101582708724,0.1230891358236,0,0,54.5499316005472,387.238662260177,"DYRK2;PHLDA3","GO_Biological_Process_2023","green"
"Mitochondrial Membrane Organization (GO:0007006)","2/32",0.00235206568519596,0.139537031549505,0,0,30.8914728682171,186.969444713152,"CHCHD3;CHCHD6","GO_Biological_Process_2023","green"
"Inner Mitochondrial Membrane Organization (GO:0007007)","2/34",0.00265271361919256,0.139537031549505,0,0,28.9578488372093,171.782944560463,"CHCHD3;CHCHD6","GO_Biological_Process_2023","green"
"Smoothened Signaling Pathway (GO:0007224)","2/34",0.00265271361919256,0.139537031549505,0,0,28.9578488372093,171.782944560463,"DYRK2;MAP3K10","GO_Biological_Process_2023","green"
"Intrinsic Apoptotic Signaling Pathway By P53 Class Mediator (GO:0072332)","2/35",0.00280947043388264,0.139537031549505,0,0,28.0789288231149,164.956947425867,"DYRK2;PHLDA3","GO_Biological_Process_2023","green"
"protein-RNA Complex Assembly (GO:0022618)","3/150",0.00465955684205505,0.174730057028494,0,0,9.62487852283771,51.6743840454347,"COIL;RPL23A;SRSF5","GO_Biological_Process_2023","green"
"Golgi To Plasma Membrane Transport (GO:0006893)","2/47",0.00501764390947472,0.174730057028494,0,0,20.578811369509,108.960583351164,"GOLGA4;GOPC","GO_Biological_Process_2023","green"
"Intrinsic Apoptotic Signaling Pathway In Response To DNA Damage (GO:0008630)","2/49",0.00544306843280094,0.174730057028494,0,0,19.7011380504701,102.710155967925,"DYRK2;PHLDA3","GO_Biological_Process_2023","green"
"Regulation Of Focal Adhesion Assembly (GO:0051893)","2/54",0.00657632821264121,0.174730057028494,0,0,17.8023255813953,89.4438454390002,"PTPRA;ITGB1BP1","GO_Biological_Process_2023","green"
"Peptidyl-Threonine Phosphorylation (GO:0018107)","2/58",0.00755342988113185,0.174730057028494,0,0,16.5274086378738,80.748845094038,"DYRK2;MAP3K10","GO_Biological_Process_2023","green"
"Regulation Of Translational Initiation (GO:0006446)","2/65",0.00941046897508946,0.174730057028494,0,0,14.6858619416759,68.5232403579178,"EIF5B;CDC123","GO_Biological_Process_2023","green"
"Peptidyl-Threonine Modification (GO:0018210)","2/66",0.00969076269096898,0.174730057028494,0,0,14.4556686046512,67.0248949766983,"DYRK2;MAP3K10","GO_Biological_Process_2023","green"
"Golgi Vesicle Transport (GO:0048193)","3/197",0.00985752072228636,0.174730057028494,0,0,7.27577319587629,33.6105840867384,"RINT1;GOLGA4;GOPC","GO_Biological_Process_2023","green"
"Negative Regulation Of Fibroblast Migration (GO:0010764)","1/5",0.0112004940383236,0.174730057028494,0,0,113.357954545455,509.180964486494,"ITGB1BP1","GO_Biological_Process_2023","green"
"Negative Regulation Of Protein Targeting To Membrane (GO:0090315)","1/5",0.0112004940383236,0.174730057028494,0,0,113.357954545455,509.180964486494,"ITGB1BP1","GO_Biological_Process_2023","green"
"Blood Vessel Endothelial Cell Proliferation Involved In Sprouting Angiogenesis (GO:0002043)","1/5",0.0112004940383236,0.174730057028494,0,0,113.357954545455,509.180964486494,"ITGB1BP1","GO_Biological_Process_2023","green"
"snRNA Modification (GO:0040031)","1/5",0.0112004940383236,0.174730057028494,0,0,113.357954545455,509.180964486494,"MEPCE","GO_Biological_Process_2023","green"
"mRNA Splicing, Via Spliceosome (GO:0000398)","3/211",0.0118634238305665,0.174730057028494,0,0,6.78125,30.0700645951861,"COIL;SRSF5;FRA10AC1","GO_Biological_Process_2023","green"
"Excitatory Chemical Synaptic Transmission (GO:0098976)","1/6",0.0134258370265618,0.174730057028494,0,0,90.6818181818182,390.890714223007,"GRIN2A","GO_Biological_Process_2023","green"
"Regulation Of Anion Channel Activity (GO:0010359)","1/6",0.0134258370265618,0.174730057028494,0,0,90.6818181818182,390.890714223007,"GOPC","GO_Biological_Process_2023","green"
"Estrogen Biosynthetic Process (GO:0006703)","1/7",0.0156462838746999,0.174730057028494,0,0,75.5643939393939,314.160618302289,"HSD17B11","GO_Biological_Process_2023","green"
"Myoblast Migration (GO:0051451)","1/7",0.0156462838746999,0.174730057028494,0,0,75.5643939393939,314.160618302289,"ITGB1BP1","GO_Biological_Process_2023","green"
"Integrin-Mediated Signaling Pathway (GO:0007229)","2/85",0.0156995797883332,0.174730057028494,0,0,11.1358924068366,46.2598481987694,"PTPRA;ITGB1BP1","GO_Biological_Process_2023","green"
"Integrin Activation (GO:0033622)","1/8",0.0178618448998743,0.174730057028494,0,0,64.7662337662338,260.689816956801,"ITGB1BP1","GO_Biological_Process_2023","green"
"Negative Regulation Of Protein Localization To Cell Surface (GO:2000009)","1/9",0.0200725304633906,0.174730057028494,0,0,56.6676136363636,221.479873532765,"GOPC","GO_Biological_Process_2023","green"
"Muscle Cell Migration (GO:0014812)","1/9",0.0200725304633906,0.174730057028494,0,0,56.6676136363636,221.479873532765,"ITGB1BP1","GO_Biological_Process_2023","green"
"Regulation Of ER To Golgi Vesicle-Mediated Transport (GO:0060628)","1/9",0.0200725304633906,0.174730057028494,0,0,56.6676136363636,221.479873532765,"RINT1","GO_Biological_Process_2023","green"
"Apical Protein Localization (GO:0045176)","1/9",0.0200725304633906,0.174730057028494,0,0,56.6676136363636,221.479873532765,"GOPC","GO_Biological_Process_2023","green"
"Regulation Of Protein Localization To Cajal Body (GO:1904869)","1/10",0.0222783509374742,0.174730057028494,0,0,50.3686868686869,191.609530522956,"MEPCE","GO_Biological_Process_2023","green"
"Negative Regulation Of Inclusion Body Assembly (GO:0090084)","1/10",0.0222783509374742,0.174730057028494,0,0,50.3686868686869,191.609530522956,"SACS","GO_Biological_Process_2023","green"
"Regulation Of Inclusion Body Assembly (GO:0090083)","1/10",0.0222783509374742,0.174730057028494,0,0,50.3686868686869,191.609530522956,"SACS","GO_Biological_Process_2023","green"
"Positive Regulation Of Protein Localization To Cajal Body (GO:1904871)","1/10",0.0222783509374742,0.174730057028494,0,0,50.3686868686869,191.609530522956,"MEPCE","GO_Biological_Process_2023","green"
"Positive Regulation Of Apoptotic Process (GO:0043065)","3/270",0.0227565954799966,0.174730057028494,0,0,5.26698769395399,19.9244891400115,"PTRH2;MAP3K10;PHLDA3","GO_Biological_Process_2023","green"
"Negative Regulation Of calcineurin-NFAT Signaling Cascade (GO:0070885)","1/11",0.02447931669919,0.174730057028494,0,0,45.3295454545455,168.169292537405,"DYRK2","GO_Biological_Process_2023","green"
"Negative Regulation Of Calcineurin-Mediated Signaling (GO:0106057)","1/11",0.02447931669919,0.174730057028494,0,0,45.3295454545455,168.169292537405,"DYRK2","GO_Biological_Process_2023","green"
"Steroid Catabolic Process (GO:0006706)","1/12",0.0266754381277839,0.174730057028494,0,0,41.2066115702479,149.333257169821,"HSD17B11","GO_Biological_Process_2023","green"
"Fatty Acid Elongation (GO:0030497)","1/12",0.0266754381277839,0.174730057028494,0,0,41.2066115702479,149.333257169821,"HACD1","GO_Biological_Process_2023","green"
"Regulation Of Tube Diameter (GO:0035296)","1/12",0.0266754381277839,0.174730057028494,0,0,41.2066115702479,149.333257169821,"ITGB1BP1","GO_Biological_Process_2023","green"
"Vascular Process In Circulatory System (GO:0003018)","1/12",0.0266754381277839,0.174730057028494,0,0,41.2066115702479,149.333257169821,"ITGB1BP1","GO_Biological_Process_2023","green"
"Very Long-Chain Fatty Acid Biosynthetic Process (GO:0042761)","1/12",0.0266754381277839,0.174730057028494,0,0,41.2066115702479,149.333257169821,"HACD1","GO_Biological_Process_2023","green"
"Negative Regulation Of Substrate Adhesion-Dependent Cell Spreading (GO:1900025)","1/12",0.0266754381277839,0.174730057028494,0,0,41.2066115702479,149.333257169821,"ITGB1BP1","GO_Biological_Process_2023","green"
"Ionotropic Glutamate Receptor Signaling Pathway (GO:0035235)","1/12",0.0266754381277839,0.174730057028494,0,0,41.2066115702479,149.333257169821,"GRIN2A","GO_Biological_Process_2023","green"
"Positive Regulation Of Glycogen Biosynthetic Process (GO:0045725)","1/13",0.0288667255850809,0.174730057028494,0,0,37.7708333333333,133.900086127041,"DYRK2","GO_Biological_Process_2023","green"
"Substrate-Dependent Cell Migration (GO:0006929)","1/13",0.0288667255850809,0.174730057028494,0,0,37.7708333333333,133.900086127041,"ITGB1BP1","GO_Biological_Process_2023","green"
"Cranial Nerve Development (GO:0021545)","1/13",0.0288667255850809,0.174730057028494,0,0,37.7708333333333,133.900086127041,"TMEM126A","GO_Biological_Process_2023","green"
"Negative Regulation Of Cell Migration Involved In Sprouting Angiogenesis (GO:0090051)","1/13",0.0288667255850809,0.174730057028494,0,0,37.7708333333333,133.900086127041,"ITGB1BP1","GO_Biological_Process_2023","green"
"Positive Regulation Of Glycogen Metabolic Process (GO:0070875)","1/14",0.031053189424305,0.174730057028494,0,0,34.8636363636364,121.048419615512,"DYRK2","GO_Biological_Process_2023","green"
"Negative Regulation Of Focal Adhesion Assembly (GO:0051895)","1/15",0.0332348399957846,0.174730057028494,0,0,32.3717532467532,110.198516038611,"ITGB1BP1","GO_Biological_Process_2023","green"
"Negative Regulation Of Cell-Substrate Junction Organization (GO:0150118)","1/15",0.0332348399957846,0.174730057028494,0,0,32.3717532467532,110.198516038611,"ITGB1BP1","GO_Biological_Process_2023","green"
"Lymphocyte Mediated Immunity (GO:0002449)","1/16",0.0354116876094495,0.174730057028494,0,0,30.2121212121212,100.930036812396,"GNL1","GO_Biological_Process_2023","green"
"Activation Of Cysteine-Type Endopeptidase Activity (GO:0097202)","1/16",0.0354116876094495,0.174730057028494,0,0,30.2121212121212,100.930036812396,"GRIN2A","GO_Biological_Process_2023","green"
"Negative Regulation Of Anoikis (GO:2000811)","1/16",0.0354116876094495,0.174730057028494,0,0,30.2121212121212,100.930036812396,"PTRH2","GO_Biological_Process_2023","green"
"Protein-Containing Complex Assembly (GO:0065003)","3/328",0.0373808559767245,0.174730057028494,0,0,4.31428571428571,14.1793166646244,"CDC123;REPS2;ITGB1BP1","GO_Biological_Process_2023","green"
"Regulation Of Protein Kinase B Signaling (GO:0051896)","2/136",0.0375658642833246,0.174730057028494,0,0,6.87990281152378,22.5774984600754,"ITGB1BP1;PHLDA3","GO_Biological_Process_2023","green"
"ncRNA Metabolic Process (GO:0034660)","1/17",0.0375837425829818,0.174730057028494,0,0,28.3224431818182,92.9311389180463,"MEPCE","GO_Biological_Process_2023","green"
"Long-Chain fatty-acyl-CoA Biosynthetic Process (GO:0035338)","1/17",0.0375837425829818,0.174730057028494,0,0,28.3224431818182,92.9311389180463,"HACD1","GO_Biological_Process_2023","green"
"Excitatory Postsynaptic Potential (GO:0060079)","1/18",0.0397510152021215,0.174730057028494,0,0,26.6550802139037,85.9658295948253,"GRIN2A","GO_Biological_Process_2023","green"
"Mitochondrial Fusion (GO:0008053)","1/18",0.0397510152021215,0.174730057028494,0,0,26.6550802139037,85.9658295948253,"CHCHD3","GO_Biological_Process_2023","green"
"Response To Ethanol (GO:0045471)","1/18",0.0397510152021215,0.174730057028494,0,0,26.6550802139037,85.9658295948253,"GRIN2A","GO_Biological_Process_2023","green"
"Endothelial Cell Proliferation (GO:0001935)","1/18",0.0397510152021215,0.174730057028494,0,0,26.6550802139037,85.9658295948253,"ITGB1BP1","GO_Biological_Process_2023","green"
"Steroid Hormone Biosynthetic Process (GO:0120178)","1/19",0.0419135157339489,0.174730057028494,0,0,25.1729797979798,79.8523906569319,"HSD17B11","GO_Biological_Process_2023","green"
"Receptor Clustering (GO:0043113)","1/19",0.0419135157339489,0.174730057028494,0,0,25.1729797979798,79.8523906569319,"ITGB1BP1","GO_Biological_Process_2023","green"
"Regulation Of Integrin-Mediated Signaling Pathway (GO:2001044)","1/19",0.0419135157339489,0.174730057028494,0,0,25.1729797979798,79.8523906569319,"ITGB1BP1","GO_Biological_Process_2023","green"
"Positive Regulation Of Axon Extension (GO:0045773)","1/19",0.0419135157339489,0.174730057028494,0,0,25.1729797979798,79.8523906569319,"GOLGA4","GO_Biological_Process_2023","green"
"Dephosphorylation (GO:0016311)","2/147",0.0432393043038671,0.174730057028494,0,0,6.35445068163593,19.9593637494972,"PTPRA;FRA10AC1","GO_Biological_Process_2023","green"
"Regulation Of Fibroblast Migration (GO:0010762)","1/20",0.044071254437806,0.174730057028494,0,0,23.8468899521531,74.4487393242376,"ITGB1BP1","GO_Biological_Process_2023","green"
"T Cell Mediated Immunity (GO:0002456)","1/20",0.044071254437806,0.174730057028494,0,0,23.8468899521531,74.4487393242376,"GNL1","GO_Biological_Process_2023","green"
"Negative Regulation Of Stem Cell Population Maintenance (GO:1902455)","1/20",0.044071254437806,0.174730057028494,0,0,23.8468899521531,74.4487393242376,"BRMS1L","GO_Biological_Process_2023","green"
"Response To Fibroblast Growth Factor (GO:0071774)","1/20",0.044071254437806,0.174730057028494,0,0,23.8468899521531,74.4487393242376,"ITGB1BP1","GO_Biological_Process_2023","green"
"Long-Term Synaptic Potentiation (GO:0060291)","1/20",0.044071254437806,0.174730057028494,0,0,23.8468899521531,74.4487393242376,"GRIN2A","GO_Biological_Process_2023","green"
"Regulation Of Anoikis (GO:2000209)","1/21",0.0462242415478304,0.174730057028494,0,0,22.6534090909091,69.6422635050462,"PTRH2","GO_Biological_Process_2023","green"
"Positive Regulation Of Translational Initiation (GO:0045948)","1/21",0.0462242415478304,0.174730057028494,0,0,22.6534090909091,69.6422635050462,"CDC123","GO_Biological_Process_2023","green"
"snRNA Metabolic Process (GO:0016073)","1/21",0.0462242415478304,0.174730057028494,0,0,22.6534090909091,69.6422635050462,"MEPCE","GO_Biological_Process_2023","green"
"Regulation Of Cell-Substrate Junction Assembly (GO:0090109)","1/21",0.0462242415478304,0.174730057028494,0,0,22.6534090909091,69.6422635050462,"PTPRA","GO_Biological_Process_2023","green"
"tRNA Aminoacylation (GO:0043039)","1/22",0.0483724872635307,0.174730057028494,0,0,21.5735930735931,65.3426180176818,"IARS2","GO_Biological_Process_2023","green"
"Positive Regulation Of Synaptic Transmission, Glutamatergic (GO:0051968)","1/22",0.0483724872635307,0.174730057028494,0,0,21.5735930735931,65.3426180176818,"GRIN2A","GO_Biological_Process_2023","green"
"Ribosomal Large Subunit Assembly (GO:0000027)","1/22",0.0483724872635307,0.174730057028494,0,0,21.5735930735931,65.3426180176818,"RPL23A","GO_Biological_Process_2023","green"
"Positive Regulation Of Excitatory Postsynaptic Potential (GO:2000463)","1/22",0.0483724872635307,0.174730057028494,0,0,21.5735930735931,65.3426180176818,"GRIN2A","GO_Biological_Process_2023","green"
"Peptidyl-Serine Phosphorylation (GO:0018105)","2/158",0.0492112730369717,0.174730057028494,0,0,5.9031007751938,17.7779704697932,"DYRK2;MAP3K10","GO_Biological_Process_2023","green"
"Adaptive Immune Response Based On Somatic Recombination Of Immune Receptors Built From Immunoglobulin Superfamily Domains (GO:0002460)","1/23",0.0505160017943274,0.174730057028494,0,0,20.5919421487603,61.4765251551077,"GNL1","GO_Biological_Process_2023","green"
"Positive Regulation Of Protein Targeting To Membrane (GO:0090314)","1/23",0.0505160017943274,0.174730057028494,0,0,20.5919421487603,61.4765251551077,"ITGB1BP1","GO_Biological_Process_2023","green"
"Long-Chain fatty-acyl-CoA Metabolic Process (GO:0035336)","1/23",0.0505160017943274,0.174730057028494,0,0,20.5919421487603,61.4765251551077,"HACD1","GO_Biological_Process_2023","green"
"Negative Regulation Of Cell Migration (GO:0030336)","2/163",0.0520197869405857,0.174730057028494,0,0,5.71833020366893,16.904133839144,"BRMS1L;ITGB1BP1","GO_Biological_Process_2023","green"
"Negative Regulation Of Ion Transmembrane Transporter Activity (GO:0032413)","1/24",0.0526547952997809,0.174730057028494,0,0,19.695652173913,57.9839599337517,"GOPC","GO_Biological_Process_2023","green"
"Negative Regulation Of Cell Junction Assembly (GO:1901889)","1/24",0.0526547952997809,0.174730057028494,0,0,19.695652173913,57.9839599337517,"ITGB1BP1","GO_Biological_Process_2023","green"
"Peptidyl-Serine Modification (GO:0018209)","2/166",0.0537321219208299,0.174730057028494,0,0,5.61287577992059,16.4106134712141,"DYRK2;MAP3K10","GO_Biological_Process_2023","green"
"Negative Regulation Of Intracellular Protein Transport (GO:0090317)","1/25",0.0547888779421461,0.174730057028494,0,0,18.874053030303,54.8153094331426,"ITGB1BP1","GO_Biological_Process_2023","green"
"fatty-acyl-CoA Biosynthetic Process (GO:0046949)","1/25",0.0547888779421461,0.174730057028494,0,0,18.874053030303,54.8153094331426,"HACD1","GO_Biological_Process_2023","green"
"Regulation Of Glycogen Biosynthetic Process (GO:0005979)","1/25",0.0547888779421461,0.174730057028494,0,0,18.874053030303,54.8153094331426,"DYRK2","GO_Biological_Process_2023","green"
"Negative Regulation Of Protein Localization To Membrane (GO:1905476)","1/25",0.0547888779421461,0.174730057028494,0,0,18.874053030303,54.8153094331426,"ITGB1BP1","GO_Biological_Process_2023","green"
"Chemical Synaptic Transmission, Postsynaptic (GO:0099565)","1/25",0.0547888779421461,0.174730057028494,0,0,18.874053030303,54.8153094331426,"GRIN2A","GO_Biological_Process_2023","green"
"Activation Of Protein Kinase B Activity (GO:0032148)","1/25",0.0547888779421461,0.174730057028494,0,0,18.874053030303,54.8153094331426,"ITGB1BP1","GO_Biological_Process_2023","green"
"DNA Damage Response (GO:0006974)","3/384",0.055116192485498,0.174730057028494,0,0,3.66966629171354,10.635836863912,"DYRK2;CHCHD6;GNL1","GO_Biological_Process_2023","green"
"Organelle Fusion (GO:0048284)","1/26",0.0569182598444401,0.178543594038349,0,0,18.1181818181818,51.9292289346745,"CHCHD3","GO_Biological_Process_2023","green"
"Synaptic Transmission, Glutamatergic (GO:0035249)","1/27",0.059042951121717,0.183077029542623,0,0,17.4204545454545,49.2910039319512,"GRIN2A","GO_Biological_Process_2023","green"
"Regulation Of Protein Targeting To Membrane (GO:0090313)","1/28",0.0611629618735586,0.183077029542623,0,0,16.7744107744108,46.8712845508369,"ITGB1BP1","GO_Biological_Process_2023","green"
"Golgi To Plasma Membrane Protein Transport (GO:0043001)","1/28",0.0611629618735586,0.183077029542623,0,0,16.7744107744108,46.8712845508369,"GOLGA4","GO_Biological_Process_2023","green"
"RNA Splicing, Via Transesterification Reactions With Bulged Adenosine As Nucleophile (GO:0000377)","2/180",0.0619822073877366,0.183077029542623,0,0,5.16775542200157,14.37105194415,"SRSF5;FRA10AC1","GO_Biological_Process_2023","green"
"mRNA Splice Site Recognition (GO:0006376)","1/29",0.0632783021573497,0.183077029542623,0,0,16.174512987013,44.6450975624669,"SRSF5","GO_Biological_Process_2023","green"
"JNK Cascade (GO:0007254)","1/29",0.0632783021573497,0.183077029542623,0,0,16.174512987013,44.6450975624669,"MAP3K10","GO_Biological_Process_2023","green"
"Response To Alcohol (GO:0097305)","1/29",0.0632783021573497,0.183077029542623,0,0,16.174512987013,44.6450975624669,"GRIN2A","GO_Biological_Process_2023","green"
"Regulation Of Monoatomic Ion Transmembrane Transport (GO:0034765)","1/29",0.0632783021573497,0.183077029542623,0,0,16.174512987013,44.6450975624669,"GRIN2A","GO_Biological_Process_2023","green"
"Mitotic G2 DNA Damage Checkpoint Signaling (GO:0007095)","1/30",0.0653889820318286,0.183829402315896,0,0,15.615987460815,42.5910677053906,"RINT1","GO_Biological_Process_2023","green"
"Positive Regulation Of JUN Kinase Activity (GO:0043507)","1/30",0.0653889820318286,0.183829402315896,0,0,15.615987460815,42.5910677053906,"MAP3K10","GO_Biological_Process_2023","green"
"Regulation Of Cell Migration Involved In Sprouting Angiogenesis (GO:0090049)","1/30",0.0653889820318286,0.183829402315896,0,0,15.615987460815,42.5910677053906,"ITGB1BP1","GO_Biological_Process_2023","green"
"Regulation Of Protein Localization To Cell Surface (GO:2000008)","1/31",0.0674950115208686,0.18452764617632,0,0,15.094696969697,40.6907985799557,"GOPC","GO_Biological_Process_2023","green"
"Modulation Of Excitatory Postsynaptic Potential (GO:0098815)","1/31",0.0674950115208686,0.18452764617632,0,0,15.094696969697,40.6907985799557,"GRIN2A","GO_Biological_Process_2023","green"
"Negative Regulation Of Cell-Matrix Adhesion (GO:0001953)","1/31",0.0674950115208686,0.18452764617632,0,0,15.094696969697,40.6907985799557,"ITGB1BP1","GO_Biological_Process_2023","green"
"Very Long-Chain Fatty Acid Metabolic Process (GO:0000038)","1/32",0.0695964006373755,0.186860347146822,0,0,14.6070381231672,38.928376345059,"HACD1","GO_Biological_Process_2023","green"
"Positive Regulation Of Notch Signaling Pathway (GO:0045747)","1/33",0.071693159366675,0.186860347146822,0,0,14.1498579545455,37.2899688419445,"ITGB1BP1","GO_Biological_Process_2023","green"
"Negative Regulation Of Blood Vessel Endothelial Cell Migration (GO:0043537)","1/33",0.071693159366675,0.186860347146822,0,0,14.1498579545455,37.2899688419445,"ITGB1BP1","GO_Biological_Process_2023","green"
"Regulation Of Cell Adhesion Mediated By Integrin (GO:0033628)","1/33",0.071693159366675,0.186860347146822,0,0,14.1498579545455,37.2899688419445,"ITGB1BP1","GO_Biological_Process_2023","green"
"Cellular Response To Amyloid-Beta (GO:1904646)","1/34",0.0737852976826965,0.186860347146822,0,0,13.7203856749311,35.7634994772739,"GRIN2A","GO_Biological_Process_2023","green"
"Cellular Response To Vascular Endothelial Growth Factor Stimulus (GO:0035924)","1/34",0.0737852976826965,0.186860347146822,0,0,13.7203856749311,35.7634994772739,"ITGB1BP1","GO_Biological_Process_2023","green"
"Regulation Of Neuronal Synaptic Plasticity (GO:0048168)","1/34",0.0737852976826965,0.186860347146822,0,0,13.7203856749311,35.7634994772739,"GRIN2A","GO_Biological_Process_2023","green"
"Regulation Of calcineurin-NFAT Signaling Cascade (GO:0070884)","1/34",0.0737852976826965,0.186860347146822,0,0,13.7203856749311,35.7634994772739,"DYRK2","GO_Biological_Process_2023","green"
"tRNA Aminoacylation For Protein Translation (GO:0006418)","1/35",0.0758728255193473,0.186860347146822,0,0,13.3161764705882,34.3383801713399,"IARS2","GO_Biological_Process_2023","green"
"Glutamate Receptor Signaling Pathway (GO:0007215)","1/35",0.0758728255193473,0.186860347146822,0,0,13.3161764705882,34.3383801713399,"GRIN2A","GO_Biological_Process_2023","green"
"Regulation Of Axon Extension (GO:0030516)","1/35",0.0758728255193473,0.186860347146822,0,0,13.3161764705882,34.3383801713399,"GOLGA4","GO_Biological_Process_2023","green"
"Regulation Of Postsynaptic Membrane Potential (GO:0060078)","1/35",0.0758728255193473,0.186860347146822,0,0,13.3161764705882,34.3383801713399,"GRIN2A","GO_Biological_Process_2023","green"
"Negative Regulation Of Protein Kinase B Signaling (GO:0051898)","1/36",0.077955752812053,0.187345276919289,0,0,12.9350649350649,33.0052912902955,"PHLDA3","GO_Biological_Process_2023","green"
"Histone Deacetylation (GO:0016575)","1/36",0.077955752812053,0.187345276919289,0,0,12.9350649350649,33.0052912902955,"BRMS1L","GO_Biological_Process_2023","green"
"Blood Vessel Diameter Maintenance (GO:0097746)","1/36",0.077955752812053,0.187345276919289,0,0,12.9350649350649,33.0052912902955,"ITGB1BP1","GO_Biological_Process_2023","green"
"Spliceosomal snRNP Assembly (GO:0000387)","1/37",0.0800340894644018,0.190801269283134,0,0,12.5751262626263,31.7559992571711,"COIL","GO_Biological_Process_2023","green"
"Establishment Of Protein Localization To Plasma Membrane (GO:0061951)","1/38",0.0821078453666123,0.191157327494144,0,0,12.2346437346437,30.5832045382928,"GOLGA4","GO_Biological_Process_2023","green"
"Regulation Of Intracellular Transport (GO:0032386)","1/38",0.0821078453666123,0.191157327494144,0,0,12.2346437346437,30.5832045382928,"RINT1","GO_Biological_Process_2023","green"
"Positive Regulation Of Axonogenesis (GO:0050772)","1/38",0.0821078453666123,0.191157327494144,0,0,12.2346437346437,30.5832045382928,"GOLGA4","GO_Biological_Process_2023","green"
"mRNA Processing (GO:0006397)","2/214",0.0836316121977826,0.191486679771795,0,0,4.33150504607284,10.7479094166811,"SRSF5;FRA10AC1","GO_Biological_Process_2023","green"
"Regulation Of Monoatomic Cation Transmembrane Transport (GO:1904062)","1/39",0.0841770303694805,0.191486679771795,0,0,11.9120813397129,29.4804143021494,"GRIN2A","GO_Biological_Process_2023","green"
"Negative Regulation Of Cell-Substrate Adhesion (GO:0010812)","1/39",0.0841770303694805,0.191486679771795,0,0,11.9120813397129,29.4804143021494,"ITGB1BP1","GO_Biological_Process_2023","green"
"Protein Deacetylation (GO:0006476)","1/40",0.0862416543351897,0.191791141730496,0,0,11.6060606060606,28.4418352066356,"BRMS1L","GO_Biological_Process_2023","green"
"Negative Regulation Of Protein Localization (GO:1903828)","1/40",0.0862416543351897,0.191791141730496,0,0,11.6060606060606,28.4418352066356,"GOPC","GO_Biological_Process_2023","green"
"Positive Regulation Of Stem Cell Population Maintenance (GO:1902459)","1/40",0.0862416543351897,0.191791141730496,0,0,11.6060606060606,28.4418352066356,"BRMS1L","GO_Biological_Process_2023","green"
"Stress-Activated MAPK Cascade (GO:0051403)","1/42",0.0903572583768995,0.196697577867188,0,0,11.0388026607539,26.5371041913809,"MAP3K10","GO_Biological_Process_2023","green"
"Monoatomic Cation Transport (GO:0006812)","1/42",0.0903572583768995,0.196697577867188,0,0,11.0388026607539,26.5371041913809,"GRIN2A","GO_Biological_Process_2023","green"
"Regulation Of JUN Kinase Activity (GO:0043506)","1/43",0.0924082580584103,0.196697577867188,0,0,10.7754329004329,25.6621129550856,"MAP3K10","GO_Biological_Process_2023","green"
"Response To Amyloid-Beta (GO:1904645)","1/43",0.0924082580584103,0.196697577867188,0,0,10.7754329004329,25.6621129550856,"GRIN2A","GO_Biological_Process_2023","green"
"Positive Regulation Of Stress Fiber Assembly (GO:0051496)","1/43",0.0924082580584103,0.196697577867188,0,0,10.7754329004329,25.6621129550856,"ITGB1BP1","GO_Biological_Process_2023","green"
"Positive Regulation Of Transcription Elongation By RNA Polymerase II (GO:0032968)","1/43",0.0924082580584103,0.196697577867188,0,0,10.7754329004329,25.6621129550856,"MED31","GO_Biological_Process_2023","green"
"Epidermal Growth Factor Receptor Signaling Pathway (GO:0007173)","1/45",0.0964967015315927,0.202504697261964,0,0,10.2846074380165,24.047946854635,"REPS2","GO_Biological_Process_2023","green"
"Zymogen Activation (GO:0031638)","1/45",0.0964967015315927,0.202504697261964,0,0,10.2846074380165,24.047946854635,"GRIN2A","GO_Biological_Process_2023","green"
"Translation (GO:0006412)","2/234",0.097298334722254,0.202504697261964,0,0,3.95408981555734,9.21292411050175,"IARS2;RPL23A","GO_Biological_Process_2023","green"
"Protein Sumoylation (GO:0016925)","1/46",0.0985341647751166,0.202504697261964,0,0,10.0555555555556,23.3022611788088,"SUMO2","GO_Biological_Process_2023","green"
"Mitotic G2/M Transition Checkpoint (GO:0044818)","1/46",0.0985341647751166,0.202504697261964,0,0,10.0555555555556,23.3022611788088,"RINT1","GO_Biological_Process_2023","green"
"Regulation Of Signal Transduction By P53 Class Mediator (GO:1901796)","1/47",0.100567135321499,0.205267166615115,0,0,9.83646245059288,22.59366334922,"DYRK2","GO_Biological_Process_2023","green"
"Negative Regulation Of ERK1 And ERK2 Cascade (GO:0070373)","1/48",0.102595622821154,0.206577672977728,0,0,9.62669245647969,21.9195937492524,"ITGB1BP1","GO_Biological_Process_2023","green"
"Retrograde Vesicle-Mediated Transport, Golgi To Endoplasmic Reticulum (GO:0006890)","1/48",0.102595622821154,0.206577672977728,0,0,9.62669245647969,21.9195937492524,"RINT1","GO_Biological_Process_2023","green"
"Positive Regulation Of Programmed Cell Death (GO:0043068)","2/245",0.105070942242875,0.20782806133168,0,0,3.77299263087377,8.5010033324531,"MAP3K10;PHLDA3","GO_Biological_Process_2023","green"
"Ribosome Assembly (GO:0042255)","1/50",0.106639187352935,0.20782806133168,0,0,9.23283858998145,20.665901611884,"RPL23A","GO_Biological_Process_2023","green"
"Positive Regulation Of Developmental Growth (GO:0048639)","1/50",0.106639187352935,0.20782806133168,0,0,9.23283858998145,20.665901611884,"GOLGA4","GO_Biological_Process_2023","green"
"Blood Circulation (GO:0008015)","1/50",0.106639187352935,0.20782806133168,0,0,9.23283858998145,20.665901611884,"ITGB1BP1","GO_Biological_Process_2023","green"
"Regulation Of Substrate Adhesion-Dependent Cell Spreading (GO:1900024)","1/51",0.10865428362704,0.20782806133168,0,0,9.04772727272727,20.0821920220942,"ITGB1BP1","GO_Biological_Process_2023","green"
"RNA Modification (GO:0009451)","1/51",0.10865428362704,0.20782806133168,0,0,9.04772727272727,20.0821920220942,"MEPCE","GO_Biological_Process_2023","green"
"Positive Regulation Of Actin Filament Bundle Assembly (GO:0032233)","1/51",0.10865428362704,0.20782806133168,0,0,9.04772727272727,20.0821920220942,"ITGB1BP1","GO_Biological_Process_2023","green"
"Sprouting Angiogenesis (GO:0002040)","1/52",0.110664935402528,0.20782806133168,0,0,8.8698752228164,19.5247972481613,"ITGB1BP1","GO_Biological_Process_2023","green"
"Positive Regulation Of Transcription Initiation By RNA Polymerase II (GO:0060261)","1/52",0.110664935402528,0.20782806133168,0,0,8.8698752228164,19.5247972481613,"MED31","GO_Biological_Process_2023","green"
"NADH Dehydrogenase Complex Assembly (GO:0010257)","1/53",0.112671152236503,0.20782806133168,0,0,8.69886363636364,18.9920711817106,"TMEM126A","GO_Biological_Process_2023","green"
"Mitochondrial Respiratory Chain Complex I Assembly (GO:0032981)","1/53",0.112671152236503,0.20782806133168,0,0,8.69886363636364,18.9920711817106,"TMEM126A","GO_Biological_Process_2023","green"
"ERBB Signaling Pathway (GO:0038127)","1/54",0.114672943690704,0.20782806133168,0,0,8.53430531732418,18.482498984151,"REPS2","GO_Biological_Process_2023","green"
"Ribosomal Large Subunit Biogenesis (GO:0042273)","1/54",0.114672943690704,0.20782806133168,0,0,8.53430531732418,18.482498984151,"RPL23A","GO_Biological_Process_2023","green"
"Cellular Response To Fibroblast Growth Factor Stimulus (GO:0044344)","1/55",0.116670319315263,0.20782806133168,0,0,8.37584175084175,17.9946844265102,"ITGB1BP1","GO_Biological_Process_2023","green"
"Regulation Of Synaptic Transmission, Glutamatergic (GO:0051966)","1/55",0.116670319315263,0.20782806133168,0,0,8.37584175084175,17.9946844265102,"GRIN2A","GO_Biological_Process_2023","green"
"Regulation Of Stem Cell Population Maintenance (GO:2000036)","1/56",0.118663288623966,0.20782806133168,0,0,8.22314049586777,17.5273386556702,"BRMS1L","GO_Biological_Process_2023","green"
"Mitotic DNA Damage Checkpoint Signaling (GO:0044773)","1/56",0.118663288623966,0.20782806133168,0,0,8.22314049586777,17.5273386556702,"RINT1","GO_Biological_Process_2023","green"
"RNA Polymerase II Preinitiation Complex Assembly (GO:0051123)","1/56",0.118663288623966,0.20782806133168,0,0,8.22314049586777,17.5273386556702,"MED31","GO_Biological_Process_2023","green"
"Cellular Response To Peptide (GO:1901653)","1/56",0.118663288623966,0.20782806133168,0,0,8.22314049586777,17.5273386556702,"GRIN2A","GO_Biological_Process_2023","green"
"Positive Regulation Of DNA-templated Transcription Initiation (GO:2000144)","1/56",0.118663288623966,0.20782806133168,0,0,8.22314049586777,17.5273386556702,"MED31","GO_Biological_Process_2023","green"
"Positive Regulation Of DNA-templated Transcription, Elongation (GO:0032786)","1/56",0.118663288623966,0.20782806133168,0,0,8.22314049586777,17.5273386556702,"MED31","GO_Biological_Process_2023","green"
"post-Golgi Vesicle-Mediated Transport (GO:0006892)","1/56",0.118663288623966,0.20782806133168,0,0,8.22314049586777,17.5273386556702,"GOPC","GO_Biological_Process_2023","green"
"Positive Regulation Of Signal Transduction (GO:0009967)","2/266",0.120357953555976,0.20782806133168,0,0,3.46916842847075,7.34521838034737,"GRIN2A;ITGB1BP1","GO_Biological_Process_2023","green"
"Membrane Lipid Biosynthetic Process (GO:0046467)","1/57",0.12065186110866,0.20782806133168,0,0,8.07589285714286,17.0792702007891,"HACD1","GO_Biological_Process_2023","green"
"Regulation Of Transcription Initiation By RNA Polymerase II (GO:0060260)","1/57",0.12065186110866,0.20782806133168,0,0,8.07589285714286,17.0792702007891,"MED31","GO_Biological_Process_2023","green"
"Transcription Preinitiation Complex Assembly (GO:0070897)","1/59",0.124615853531268,0.213422553748953,0,0,7.79663009404389,16.2366337788064,"MED31","GO_Biological_Process_2023","green"
"Spliceosomal Complex Assembly (GO:0000245)","1/62",0.13052910236464,0.219760861608264,0,0,7.41207153502235,15.0921566869051,"SRSF5","GO_Biological_Process_2023","green"
"Negative Regulation Of Kinase Activity (GO:0033673)","1/62",0.13052910236464,0.219760861608264,0,0,7.41207153502235,15.0921566869051,"ITGB1BP1","GO_Biological_Process_2023","green"
"RNA Methylation (GO:0001510)","1/62",0.13052910236464,0.219760861608264,0,0,7.41207153502235,15.0921566869051,"MEPCE","GO_Biological_Process_2023","green"
"Positive Regulation Of Cysteine-Type Endopeptidase Activity (GO:2001056)","1/64",0.134449551375938,0.225089698370953,0,0,7.17604617604618,14.3992119433614,"GRIN2A","GO_Biological_Process_2023","green"
"Fatty Acid Biosynthetic Process (GO:0006633)","1/65",0.136403288893289,0.225823222723335,0,0,7.06356534090909,14.0716069736796,"HACD1","GO_Biological_Process_2023","green"
"Regulation Of Cell-Matrix Adhesion (GO:0001952)","1/65",0.136403288893289,0.225823222723335,0,0,7.06356534090909,14.0716069736796,"PTPRA","GO_Biological_Process_2023","green"
"Regulation Of Notch Signaling Pathway (GO:0008593)","1/70",0.14610747895425,0.240552644908102,0,0,6.55006587615283,12.5984803563221,"ITGB1BP1","GO_Biological_Process_2023","green"
"Regulation Of Hydrolase Activity (GO:0051336)","1/71",0.148035482289969,0.241063244384758,0,0,6.45616883116883,12.3332405509059,"ITGB1BP1","GO_Biological_Process_2023","green"
"Negative Regulation Of Protein Binding (GO:0032091)","1/71",0.148035482289969,0.241063244384758,0,0,6.45616883116883,12.3332405509059,"ITGB1BP1","GO_Biological_Process_2023","green"
"Positive Regulation Of Protein Localization To Nucleus (GO:1900182)","1/72",0.149959228922154,0.24155594712866,0,0,6.36491677336748,12.0767410781657,"MEPCE","GO_Biological_Process_2023","green"
"Negative Regulation Of Cell Adhesion (GO:0007162)","1/72",0.149959228922154,0.24155594712866,0,0,6.36491677336748,12.0767410781657,"ITGB1BP1","GO_Biological_Process_2023","green"
"Regulation Of Stress Fiber Assembly (GO:0051492)","1/75",0.155705020336328,0.247579691805272,0,0,6.10595823095823,11.3558120077864,"ITGB1BP1","GO_Biological_Process_2023","green"
"Transcription Initiation At RNA Polymerase II Promoter (GO:0006367)","1/76",0.157611831816104,0.247579691805272,0,0,6.02424242424242,11.1305109649979,"MED31","GO_Biological_Process_2023","green"
"Sphingolipid Biosynthetic Process (GO:0030148)","1/77",0.159514432304068,0.247579691805272,0,0,5.94467703349282,10.9121732648613,"HACD1","GO_Biological_Process_2023","green"
"Regulation Of Transcription Elongation By RNA Polymerase II (GO:0034243)","1/77",0.159514432304068,0.247579691805272,0,0,5.94467703349282,10.9121732648613,"MED31","GO_Biological_Process_2023","green"
"Positive Regulation Of JNK Cascade (GO:0046330)","1/77",0.159514432304068,0.247579691805272,0,0,5.94467703349282,10.9121732648613,"MAP3K10","GO_Biological_Process_2023","green"
"Negative Regulation Of Transforming Growth Factor Beta Receptor Signaling Pathway (GO:0030512)","1/77",0.159514432304068,0.247579691805272,0,0,5.94467703349282,10.9121732648613,"BRMS1L","GO_Biological_Process_2023","green"
"Positive Regulation Of Synaptic Transmission (GO:0050806)","1/77",0.159514432304068,0.247579691805272,0,0,5.94467703349282,10.9121732648613,"GRIN2A","GO_Biological_Process_2023","green"
"Positive Regulation Of Protein Localization To Membrane (GO:1905477)","1/79",0.163307036700277,0.25085307699321,0,0,5.79166666666667,10.4952134713721,"ITGB1BP1","GO_Biological_Process_2023","green"
"Negative Regulation Of Cellular Component Organization (GO:0051129)","1/79",0.163307036700277,0.25085307699321,0,0,5.79166666666667,10.4952134713721,"SACS","GO_Biological_Process_2023","green"
"Calcium Ion Transmembrane Transport (GO:0070588)","1/80",0.165197058719789,0.251468212089128,0,0,5.7180667433832,10.2960437389783,"GRIN2A","GO_Biological_Process_2023","green"
"Macromolecule Modification (GO:0043412)","1/81",0.167082906018951,0.251468212089128,0,0,5.64630681818182,10.1027399963609,"FBXW2","GO_Biological_Process_2023","green"
"Activation Of Protein Kinase Activity (GO:0032147)","1/81",0.167082906018951,0.251468212089128,0,0,5.64630681818182,10.1027399963609,"ITGB1BP1","GO_Biological_Process_2023","green"
"Histone Modification (GO:0016570)","1/81",0.167082906018951,0.251468212089128,0,0,5.64630681818182,10.1027399963609,"BRMS1L","GO_Biological_Process_2023","green"
"Calcium Ion Transmembrane Import Into Cytosol (GO:0097553)","1/83",0.17084211240227,0.252034403444933,0,0,5.5080376940133,9.73278780522531,"GRIN2A","GO_Biological_Process_2023","green"
"Vesicle-Mediated Transport To The Plasma Membrane (GO:0098876)","1/83",0.17084211240227,0.252034403444933,0,0,5.5080376940133,9.73278780522531,"GOPC","GO_Biological_Process_2023","green"
"Positive Regulation Of Proteasomal Ubiquitin-Dependent Protein Catabolic Process (GO:0032436)","1/83",0.17084211240227,0.252034403444933,0,0,5.5080376940133,9.73278780522531,"SUMO2","GO_Biological_Process_2023","green"
"Positive Regulation Of Ubiquitin-Dependent Protein Catabolic Process (GO:2000060)","1/83",0.17084211240227,0.252034403444933,0,0,5.5080376940133,9.73278780522531,"SUMO2","GO_Biological_Process_2023","green"
"mRNA Metabolic Process (GO:0016071)","1/85",0.17458472773687,0.255030631694056,0,0,5.37635281385281,9.38359109011441,"SRSF5","GO_Biological_Process_2023","green"
"Positive Regulation Of Endothelial Cell Migration (GO:0010595)","1/85",0.17458472773687,0.255030631694056,0,0,5.37635281385281,9.38359109011441,"ITGB1BP1","GO_Biological_Process_2023","green"
"Negative Regulation Of Binding (GO:0051100)","1/86",0.176449836146924,0.256497810594065,0,0,5.31283422459893,9.21627265345901,"ITGB1BP1","GO_Biological_Process_2023","green"
"Regulation Of Endothelial Cell Migration (GO:0010594)","1/88",0.180167698994404,0.259371856523345,0,0,5.1901776384535,8.89527522055299,"ITGB1BP1","GO_Biological_Process_2023","green"
"Negative Regulation Of Protein Kinase Activity (GO:0006469)","1/88",0.180167698994404,0.259371856523345,0,0,5.1901776384535,8.89527522055299,"ITGB1BP1","GO_Biological_Process_2023","green"
"Regulation Of Vesicle-Mediated Transport (GO:0060627)","1/89",0.182020471211676,0.260779328947497,0,0,5.13094008264463,8.7412548494523,"RINT1","GO_Biological_Process_2023","green"
"Mitochondrial Respiratory Chain Complex Assembly (GO:0033108)","1/90",0.183869149123602,0.260919078280159,0,0,5.07303370786517,8.59133944462715,"TMEM126A","GO_Biological_Process_2023","green"
"Positive Regulation Of Proteasomal Protein Catabolic Process (GO:1901800)","1/90",0.183869149123602,0.260919078280159,0,0,5.07303370786517,8.59133944462715,"SUMO2","GO_Biological_Process_2023","green"
"Positive Regulation Of MAP Kinase Activity (GO:0043406)","1/91",0.185713741568122,0.262287653968248,0,0,5.01641414141414,8.44537808137022,"MAP3K10","GO_Biological_Process_2023","green"
"Positive Regulation Of Protein Kinase B Signaling (GO:0051897)","1/93",0.189390705313786,0.264969155791118,0,0,4.90686758893281,8.16474882938042,"ITGB1BP1","GO_Biological_Process_2023","green"
"Cytoplasmic Translation (GO:0002181)","1/93",0.189390705313786,0.264969155791118,0,0,4.90686758893281,8.16474882938042,"RPL23A","GO_Biological_Process_2023","green"
"Sphingolipid Metabolic Process (GO:0006665)","1/94",0.191223094244478,0.265044102720254,0,0,4.85386119257087,8.02981295118441,"HACD1","GO_Biological_Process_2023","green"
"Peptidyl-Lysine Modification (GO:0018205)","1/94",0.191223094244478,0.265044102720254,0,0,4.85386119257087,8.02981295118441,"SUMO2","GO_Biological_Process_2023","green"
"Positive Regulation Of Epithelial Cell Migration (GO:0010634)","1/95",0.193051432861237,0.266339476817818,0,0,4.80198259187621,7.89829440794978,"ITGB1BP1","GO_Biological_Process_2023","green"
"Mitochondrial Translation (GO:0032543)","1/98",0.198512234418639,0.272611271229284,0,0,4.65276476101218,7.52307649542604,"IARS2","GO_Biological_Process_2023","green"
"Mitochondrial Gene Expression (GO:0140053)","1/103",0.207533377655891,0.283692415327778,0,0,4.42357397504456,6.95590682851263,"IARS2","GO_Biological_Process_2023","green"
"Negative Regulation Of MAPK Cascade (GO:0043409)","1/105",0.211113969183524,0.285963467348592,0,0,4.33806818181818,6.74724537686948,"ITGB1BP1","GO_Biological_Process_2023","green"
"Positive Regulation Of Stress-Activated MAPK Cascade (GO:0032874)","1/105",0.211113969183524,0.285963467348592,0,0,4.33806818181818,6.74724537686948,"MAP3K10","GO_Biological_Process_2023","green"
"Positive Regulation Of Cell Growth (GO:0030307)","1/106",0.212898328099048,0.28707557363582,0,0,4.2965367965368,6.6464870385276,"GOLGA4","GO_Biological_Process_2023","green"
"Protein Modification Process (GO:0036211)","3/711",0.214523640120109,0.287751648030728,0,0,1.94178773204197,2.98906247159715,"DYRK2;PTPRA;FBXW2","GO_Biological_Process_2023","green"
"Positive Regulation Of Translation (GO:0045727)","1/108",0.216455214937906,0.287751648030728,0,0,4.21580288870009,6.45174506411777,"CDC123","GO_Biological_Process_2023","green"
"Negative Regulation Of Developmental Process (GO:0051093)","1/109",0.218227759915921,0.287751648030728,0,0,4.17655723905724,6.35762221799438,"BRMS1L","GO_Biological_Process_2023","green"
"Regulation Of Proteasomal Ubiquitin-Dependent Protein Catabolic Process (GO:0032434)","1/109",0.218227759915921,0.287751648030728,0,0,4.17655723905724,6.35762221799438,"SUMO2","GO_Biological_Process_2023","green"
"Cell-Matrix Adhesion (GO:0007160)","1/109",0.218227759915921,0.287751648030728,0,0,4.17655723905724,6.35762221799438,"ITGB1BP1","GO_Biological_Process_2023","green"
"Regulation Of JNK Cascade (GO:0046328)","1/110",0.219996383936614,0.288579940794498,0,0,4.13803169307756,6.26557656093455,"MAP3K10","GO_Biological_Process_2023","green"
"Regulation Of Transforming Growth Factor Beta Receptor Signaling Pathway (GO:0017015)","1/111",0.221761095442752,0.288579940794498,0,0,4.10020661157025,6.17554514419711,"BRMS1L","GO_Biological_Process_2023","green"
"Negative Regulation Of Transmembrane Receptor Protein Serine/Threonine Kinase Signaling Pathway (GO:0090101)","1/111",0.221761095442752,0.288579940794498,0,0,4.10020661157025,6.17554514419711,"BRMS1L","GO_Biological_Process_2023","green"
"Endoplasmic Reticulum To Golgi Vesicle-Mediated Transport (GO:0006888)","1/115",0.228780985566766,0.29642058129955,0,0,3.95554226475279,5.83438579127952,"GOPC","GO_Biological_Process_2023","green"
"Regulation Of Protein Binding (GO:0043393)","1/118",0.234005234746556,0.301876882919799,0,0,3.85353535353535,5.59692019284483,"ITGB1BP1","GO_Biological_Process_2023","green"
"Regulation Of Protein Kinase Activity (GO:0045859)","1/119",0.235738949405108,0.302146711334114,0,0,3.82068567026194,5.52100630346525,"ITGB1BP1","GO_Biological_Process_2023","green"
"Vesicle-Mediated Transport (GO:0016192)","2/411",0.236242227318284,0.302146711334114,0,0,2.22277818843464,3.20724134318675,"GOLGA4;REPS2","GO_Biological_Process_2023","green"
"Positive Regulation Of Macromolecule Biosynthetic Process (GO:0010557)","1/122",0.240917104498484,0.306808962139094,0,0,3.72539444027047,5.30236273377725,"DYRK2","GO_Biological_Process_2023","green"
"Organonitrogen Compound Biosynthetic Process (GO:1901566)","1/123",0.242635520877036,0.307682490303646,0,0,3.69467213114754,5.23237573961536,"HACD1","GO_Biological_Process_2023","green"
"Protein Dephosphorylation (GO:0006470)","1/124",0.244350133335263,0.308543812431815,0,0,3.66444937176645,5.16377022717026,"PTPRA","GO_Biological_Process_2023","green"
"Positive Regulation Of Intracellular Protein Transport (GO:0090316)","1/126",0.247767979415699,0.310230495234783,0,0,3.60545454545455,5.03055565831102,"ITGB1BP1","GO_Biological_Process_2023","green"
"Protein-Containing Complex Organization (GO:0043933)","1/126",0.247767979415699,0.310230495234783,0,0,3.60545454545455,5.03055565831102,"REPS2","GO_Biological_Process_2023","green"
"Negative Regulation Of Cell Motility (GO:2000146)","1/133",0.25961182173554,0.323700095720465,0,0,3.41305096418733,4.60273048301594,"BRMS1L","GO_Biological_Process_2023","green"
"Protein Localization To Plasma Membrane (GO:0072659)","1/137",0.266297660428602,0.330652928365514,0,0,3.3119986631016,4.38223980447849,"ITGB1BP1","GO_Biological_Process_2023","green"
"Protein Localization To Cell Periphery (GO:1990778)","1/142",0.27457198713018,0.339512249646447,0,0,3.19374597034171,4.12805017871376,"ITGB1BP1","GO_Biological_Process_2023","green"
"Regulation Of Cell Adhesion (GO:0030155)","1/144",0.27785610880767,0.342153390184651,0,0,3.14876033057851,4.03246587955397,"ITGB1BP1","GO_Biological_Process_2023","green"
"Negative Regulation Of Protein Phosphorylation (GO:0001933)","1/149",0.286002943342185,0.349298676704799,0,0,3.04161547911548,3.80735183861423,"ITGB1BP1","GO_Biological_Process_2023","green"
"Negative Regulation Of DNA-binding Transcription Factor Activity (GO:0043433)","1/149",0.286002943342185,0.349298676704799,0,0,3.04161547911548,3.80735183861423,"MAP3K10","GO_Biological_Process_2023","green"
"Cellular Response To Growth Factor Stimulus (GO:0071363)","1/155",0.295660577535154,0.359194067791645,0,0,2.92222550177096,3.56085795599982,"ITGB1BP1","GO_Biological_Process_2023","green"
"Positive Regulation Of Cell Population Proliferation (GO:0008284)","2/483",0.296515908311224,0.359194067791645,0,0,1.8830923947203,2.28918957091593,"CDC123;ITGB1BP1","GO_Biological_Process_2023","green"
"Peptide Biosynthetic Process (GO:0043043)","1/158",0.300441378470742,0.362475833134741,0,0,2.86595251881876,3.44631542414384,"RPL23A","GO_Biological_Process_2023","green"
"Protein Autophosphorylation (GO:0046777)","1/162",0.306766451241128,0.367134146465285,0,0,2.79418407679277,3.30179949130702,"MAP3K10","GO_Biological_Process_2023","green"
"Mitochondrion Organization (GO:0007005)","1/162",0.306766451241128,0.367134146465285,0,0,2.79418407679277,3.30179949130702,"CHCHD3","GO_Biological_Process_2023","green"
"Protein Phosphorylation (GO:0006468)","2/500",0.310718491148108,0.370376441448544,0,0,1.81722237788363,2.12409299530693,"DYRK2;MAP3K10","GO_Biological_Process_2023","green"
"Brain Development (GO:0007420)","1/169",0.317701040996523,0.377190877358422,0,0,2.67681277056277,3.06935253662532,"GRIN2A","GO_Biological_Process_2023","green"
"Positive Regulation Of Cellular Biosynthetic Process (GO:0031328)","1/174",0.325408026585528,0.384807904454314,0,0,2.59879138202838,2.91759920026722,"DYRK2","GO_Biological_Process_2023","green"
"Endosomal Transport (GO:0016197)","1/180",0.334544102810763,0.394047994615049,0,0,2.51091924834942,2.74942283304283,"REPS2","GO_Biological_Process_2023","green"
"Macromolecule Biosynthetic Process (GO:0009059)","1/183",0.339066660768686,0.396242607486543,0,0,2.46915584415584,2.67053661822563,"RPL23A","GO_Biological_Process_2023","green"
"RNA Processing (GO:0006396)","1/183",0.339066660768686,0.396242607486543,0,0,2.46915584415584,2.67053661822563,"SRSF5","GO_Biological_Process_2023","green"
"Phosphate-Containing Compound Metabolic Process (GO:0006796)","1/184",0.340567490920727,0.396441844899909,0,0,2.4555389965226,2.64496409202241,"FRA10AC1","GO_Biological_Process_2023","green"
"Negative Regulation Of Macromolecule Metabolic Process (GO:0010605)","1/186",0.343559161041876,0.398368210079685,0,0,2.42874692874693,2.59486338720834,"PTRH2","GO_Biological_Process_2023","green"
"Endocytosis (GO:0006897)","1/189",0.348021798804631,0.401978666836356,0,0,2.38962765957447,2.52222848295817,"REPS2","GO_Biological_Process_2023","green"
"Protein Localization To Membrane (GO:0072657)","1/192",0.352454768202021,0.404099263573571,0,0,2.35173726796763,2.45246918831872,"ITGB1BP1","GO_Biological_Process_2023","green"
"Positive Regulation Of Transcription By RNA Polymerase II (GO:0045944)","3/938",0.353897512231332,0.404099263573571,0,0,1.45301757066463,1.50931898104769,"MEPCE;MED31;ITGB1BP1","GO_Biological_Process_2023","green"
"Regulation Of Signal Transduction (GO:0009966)","1/193",0.353925865076181,0.404099263573571,0,0,2.33937026515152,2.42982858650175,"ITGB1BP1","GO_Biological_Process_2023","green"
"Anterograde Trans-Synaptic Signaling (GO:0098916)","1/199",0.362684066989146,0.412518518941853,0,0,2.26779155188246,2.3000467197656,"GRIN2A","GO_Biological_Process_2023","green"
"Regulation Of Translation (GO:0006417)","1/202",0.367019527173231,0.415862430028985,0,0,2.23360470375396,2.23883184084504,"EIF5B","GO_Biological_Process_2023","green"
"Regulation Of GTPase Activity (GO:0043087)","1/214",0.384074819364556,0.433539000646355,0,0,2.10648740930431,2.01573551499397,"ITGB1BP1","GO_Biological_Process_2023","green"
"Positive Regulation Of Cellular Process (GO:0048522)","2/594",0.387948017474818,0.436258525311305,0,0,1.52129164047769,1.44048659795423,"CDC123;ITGB1BP1","GO_Biological_Process_2023","green"
"Apoptotic Process (GO:0006915)","1/228",0.403405229314952,0.451766686474481,0,0,1.97517020424509,1.79308655237279,"MAP3K10","GO_Biological_Process_2023","green"
"Negative Regulation Of Intracellular Signal Transduction (GO:1902532)","1/231",0.407469614947708,0.451766686474481,0,0,1.94911067193676,1.74988995269649,"PHLDA3","GO_Biological_Process_2023","green"
"Negative Regulation Of Multicellular Organismal Process (GO:0051241)","1/231",0.407469614947708,0.451766686474481,0,0,1.94911067193676,1.74988995269649,"BRMS1L","GO_Biological_Process_2023","green"
"Negative Regulation Of DNA-templated Transcription (GO:0045892)","3/1025",0.40780281430079,0.451766686474481,0,0,1.32324573665082,1.18691373932252,"BRMS1L;MAP3K10;ZNF557","GO_Biological_Process_2023","green"
"Positive Regulation Of Developmental Process (GO:0051094)","1/233",0.41016415115175,0.452699692752672,0,0,1.93211206896552,1.72189408462241,"BRMS1L","GO_Biological_Process_2023","green"
"Regulation Of ERK1 And ERK2 Cascade (GO:0070372)","1/244",0.424771306621438,0.467091695104016,0,0,1.84362139917695,1.57851667454857,"ITGB1BP1","GO_Biological_Process_2023","green"
"Cellular Component Assembly (GO:0022607)","1/260",0.445388597168856,0.48796250719235,0,0,1.72832572832573,1.39788389312292,"REPS2","GO_Biological_Process_2023","green"
"Chemical Synaptic Transmission (GO:0007268)","1/273",0.461606538284761,0.503878199299849,0,0,1.64463569518717,1.27137312410014,"GRIN2A","GO_Biological_Process_2023","green"
"Monoatomic Cation Transmembrane Transport (GO:0098655)","1/281",0.471355342555801,0.512035948090429,0,0,1.59699675324675,1.20116997149091,"GRIN2A","GO_Biological_Process_2023","green"
"Central Nervous System Development (GO:0007417)","1/283",0.473765446071488,0.512035948090429,0,0,1.58550934880722,1.18444353246625,"GRIN2A","GO_Biological_Process_2023","green"
"Regulation Of Apoptotic Process (GO:0042981)","2/705",0.474234636486438,0.512035948090429,0,0,1.2737437559959,0.95028043456284,"MAP3K10;PHLDA3","GO_Biological_Process_2023","green"
"Gene Expression (GO:0010467)","1/296",0.489171300153233,0.524973409983592,0,0,1.51463790446841,1.08303054012978,"RPL23A","GO_Biological_Process_2023","green"
"Regulation Of Intracellular Signal Transduction (GO:1902531)","1/297",0.490337928189702,0.524973409983592,0,0,1.5094441031941,1.07572115339404,"DYRK2","GO_Biological_Process_2023","green"
"Regulation Of Cell Cycle (GO:0051726)","1/298",0.491501950957793,0.524973409983592,0,0,1.50428527701255,1.06847784172078,"CDC123","GO_Biological_Process_2023","green"
"Protein Transport (GO:0015031)","1/313",0.508653498090787,0.541352651539481,0,0,1.43087121212121,0.967252118873423,"GOLGA4","GO_Biological_Process_2023","green"
"Negative Regulation Of Transcription By RNA Polymerase II (GO:0000122)","2/763",0.516478506234419,0.5477245368607,0,0,1.17311982397702,0.775105613599345,"BRMS1L;ZNF557","GO_Biological_Process_2023","green"
"Regulation Of Cell Population Proliferation (GO:0042127)","2/766",0.518604704525844,0.548029084924473,0,0,1.16833069523925,0.767141513401283,"CDC123;ITGB1BP1","GO_Biological_Process_2023","green"
"Proteolysis (GO:0006508)","1/330",0.527408567028617,0.555363084715646,0,0,1.35576126001658,0.867388615317161,"FBXW2","GO_Biological_Process_2023","green"
"Negative Regulation Of Gene Expression (GO:0010629)","1/336",0.533859397629881,0.560176410189101,0,0,1.33107191316147,0.835411047876443,"PTRH2","GO_Biological_Process_2023","green"
"Protein Localization (GO:0008104)","1/351",0.549612140865297,0.574682168343363,0,0,1.27305194805195,0.761975629356726,"GOPC","GO_Biological_Process_2023","green"
"Protein Modification By Small Protein Conjugation (GO:0032446)","1/364",0.562842547372907,0.586458318591351,0,0,1.22664663160531,0.705021722839081,"SUMO2","GO_Biological_Process_2023","green"
"Negative Regulation Of Cell Population Proliferation (GO:0008285)","1/379",0.57763656810271,0.599775948761699,0,0,1.1770683020683,0.645987305652208,"ITGB1BP1","GO_Biological_Process_2023","green"
"Positive Regulation Of Multicellular Organismal Process (GO:0051240)","1/387",0.585325378341501,0.605649176200581,0,0,1.15220207253886,0.617104893962965,"BRMS1L","GO_Biological_Process_2023","green"
"Phosphorylation (GO:0016310)","1/429",0.623500016594035,0.642916972128106,0,0,1.03690526762957,0.489840775089536,"DYRK2","GO_Biological_Process_2023","green"
"Regulation Of Cell Migration (GO:0030334)","1/434",0.62780905149295,0.645127921878963,0,0,1.02466932605501,0.477003262227344,"BRMS1L","GO_Biological_Process_2023","green"
"Negative Regulation Of Nucleic Acid-Templated Transcription (GO:1903507)","1/456",0.64620285275012,0.661747251269882,0,0,0.974025974025974,0.425300465207525,"MAP3K10","GO_Biological_Process_2023","green"
"Negative Regulation Of Apoptotic Process (GO:0043066)","1/482",0.666797107123416,0.680498417543761,0,0,0.92014742014742,0.372907654121633,"PTRH2","GO_Biological_Process_2023","green"
"Regulation Of Transcription By RNA Polymerase II (GO:0006357)","4/2028",0.682327519798007,0.693971334129031,0,0,0.86431119251904,0.330379065760568,"BRMS1L;MED31;ITGB1BP1;ZNF557","GO_Biological_Process_2023","green"
"Positive Regulation Of Intracellular Signal Transduction (GO:1902533)","1/525",0.698312646503638,0.70781349883702,0,0,0.842774115197779,0.302630373931172,"ITGB1BP1","GO_Biological_Process_2023","green"
"Negative Regulation Of Cellular Process (GO:0048523)","1/537",0.706574561721435,0.713760065738941,0,0,0.823397218453189,0.285987711595899,"ITGB1BP1","GO_Biological_Process_2023","green"
"Regulation Of Gene Expression (GO:0010468)","1/1127",0.926681108760678,0.932942467603656,0,0,0.380046019699661,0.0289388991212652,"PTRH2","GO_Biological_Process_2023","green"
"Regulation Of DNA-templated Transcription (GO:0006355)","2/1922",0.938868339170813,0.942029512029974,0,0,0.436894379844961,0.0275593077390562,"MED31;MAP3K10","GO_Biological_Process_2023","green"
"Positive Regulation Of DNA-templated Transcription (GO:0045893)","1/1243",0.944462249387079,0.944462249387079,0,0,0.342427902210511,0.0195661802548737,"ITGB1BP1","GO_Biological_Process_2023","green"
"Fatty acid elongation","1/27",0.059042951121717,0.46456456464777,0,0,17.4204545454545,49.2910039319512,"HACD1","KEGG_2021_Human","green"
"Biosynthesis of unsaturated fatty acids","1/27",0.059042951121717,0.46456456464777,0,0,17.4204545454545,49.2910039319512,"HACD1","KEGG_2021_Human","green"
"RNA transport","2/186",0.0656430791366338,0.46456456464777,0,0,4.99772497472194,13.6114194381188,"EIF5B;SUMO2","KEGG_2021_Human","green"
"Nicotine addiction","1/40",0.0862416543351897,0.46456456464777,0,0,11.6060606060606,28.4418352066356,"GRIN2A","KEGG_2021_Human","green"
"Herpes simplex virus 1 infection","3/498",0.101241032782801,0.46456456464777,0,0,2.80808080808081,6.43121027760764,"ZNF557;SRSF5;ZNF302","KEGG_2021_Human","green"
"Cocaine addiction","1/49",0.10461963696044,0.46456456464777,0,0,9.42566287878788,21.277717703333,"GRIN2A","KEGG_2021_Human","green"
"Aminoacyl-tRNA biosynthesis","1/66",0.138352714206689,0.46456456464777,0,0,6.95454545454545,13.7557359110777,"IARS2","KEGG_2021_Human","green"
"Long-term potentiation","1/67",0.140297836577113,0.46456456464777,0,0,6.84882920110193,13.4510163923484,"GRIN2A","KEGG_2021_Human","green"
"Amphetamine addiction","1/69",0.144175209718273,0.46456456464777,0,0,6.64672459893048,12.8728842450404,"GRIN2A","KEGG_2021_Human","green"
"Circadian entrainment","1/97",0.196695994236838,0.484044443091751,0,0,4.7014678030303,7.64503760607833,"GRIN2A","KEGG_2021_Human","green"
"Glutamatergic synapse","1/114",0.22703183959857,0.484044443091751,0,0,3.99074818986323,5.91694269999363,"GRIN2A","KEGG_2021_Human","green"
"Dopaminergic synapse","1/132",0.257931076205052,0.484044443091751,0,0,3.43927827897294,4.66043831690358,"GRIN2A","KEGG_2021_Human","green"
"Systemic lupus erythematosus","1/135",0.262962153665449,0.484044443091751,0,0,3.36177069199457,4.49046892942297,"GRIN2A","KEGG_2021_Human","green"
"Fluid shear stress and atherosclerosis","1/139",0.269618406090954,0.484044443091751,0,0,3.26366930171278,4.27784680370653,"SUMO2","KEGG_2021_Human","green"
"Spinocerebellar ataxia","1/143",0.276215869272669,0.484044443091751,0,0,3.1710947503201,4.07984356679765,"GRIN2A","KEGG_2021_Human","green"
"Spliceosome","1/150",0.287621492467045,0.484044443091751,0,0,3.02104942037828,3.76455966820017,"SRSF5","KEGG_2021_Human","green"
"Pathways of neurodegeneration","2/475",0.289820132628006,0.484044443091751,0,0,1.91572840355966,2.37261962912875,"GRIN2A;MAP3K10","KEGG_2021_Human","green"
"Ribosome","1/158",0.300441378470742,0.484044443091751,0,0,2.86595251881876,3.44631542414384,"RPL23A","KEGG_2021_Human","green"
"Alcoholism","1/186",0.343559161041876,0.506897051238969,0,0,2.42874692874693,2.59486338720834,"GRIN2A","KEGG_2021_Human","green"
"Rap1 signaling pathway","1/210",0.378440258847894,0.506897051238969,0,0,2.14723792953458,2.08646477285556,"GRIN2A","KEGG_2021_Human","green"
"cAMP signaling pathway","1/216",0.386873339929024,0.506897051238969,0,0,2.08668076109937,1.98163292491053,"GRIN2A","KEGG_2021_Human","green"
"Coronavirus disease","1/232",0.408818384094755,0.506897051238969,0,0,1.94057457693821,1.73581343427214,"RPL23A","KEGG_2021_Human","green"
"Ras signaling pathway","1/232",0.408818384094755,0.506897051238969,0,0,1.94057457693821,1.73581343427214,"GRIN2A","KEGG_2021_Human","green"
"Calcium signaling pathway","1/240",0.419501007921905,0.506897051238969,0,0,1.87485736021301,1.62866862234243,"GRIN2A","KEGG_2021_Human","green"
"Prion disease","1/273",0.461606538284761,0.535463584410323,0,0,1.64463569518717,1.27137312410014,"GRIN2A","KEGG_2021_Human","green"
"Huntington disease","1/306",0.500721023354242,0.558496526048962,0,0,1.46423248882265,1.01281865064348,"MAP3K10","KEGG_2021_Human","green"
"Neuroactive ligand-receptor interaction","1/341",0.539169253456213,0.567829321002967,0,0,1.31116310160428,0.809939201829893,"GRIN2A","KEGG_2021_Human","green"
"Amyotrophic lateral sclerosis","1/364",0.562842547372907,0.567829321002967,0,0,1.22664663160531,0.705021722839081,"GRIN2A","KEGG_2021_Human","green"
"Alzheimer disease","1/369",0.567829321002967,0.567829321002967,0,0,1.20967144268775,0.684594678013196,"GRIN2A","KEGG_2021_Human","green"
