"Term","Overlap","P.value","Adjusted.P.value","Old.P.value","Old.Adjusted.P.value","Odds.Ratio","Combined.Score","Genes","db","module"
"Anterograde Trans-Synaptic Signaling (GO:0098916)","9/199",6.94852204112129e-07,0.000371183500057761,0,0,10.2596876807403,145.477925481921,"CHRM3;UNC13C;GABRB2;GRIN2A;DTNA;GRM7;SLC1A2;OPRK1;GRIN2B","GO_Biological_Process_2023","yellow"
"Chemical Synaptic Transmission (GO:0007268)","10/273",1.11970889911843e-06,0.000371183500057761,0,0,8.29615547106041,113.677587654803,"CHRM3;UNC13C;GABRB2;GABRA1;GRIN2A;DTNA;GRM7;SLC1A2;OPRK1;GRIN2B","GO_Biological_Process_2023","yellow"
"Regulation Of Synaptic Transmission, Glutamatergic (GO:0051966)","5/55",8.0607185019985e-06,0.00178141878894167,0,0,20.8947368421053,245.064085311388,"GRIN2A;CDH2;GRM7;CACNG3;GRIN2B","GO_Biological_Process_2023","yellow"
"Second-Messenger-Mediated Signaling (GO:0019932)","5/72",3.03149606979053e-05,0.00502470473567781,0,0,15.5797329143755,162.089503644211,"CHRM3;RYR2;DDAH1;PLCG2;MCU","GO_Biological_Process_2023","yellow"
"Positive Regulation Of Synaptic Transmission, Glutamatergic (GO:0051968)","3/22",0.000174309995477304,0.0231135054002905,0,0,32.3619099294628,280.081821254999,"GRIN2A;GRIN2B;CACNG3","GO_Biological_Process_2023","yellow"
"Cell-Cell Adhesion Mediated By Cadherin (GO:0044331)","3/26",0.000290049387363004,0.0303680659270192,0,0,26.7283729269386,217.714875120753,"CDH4;CDH2;CDH7","GO_Biological_Process_2023","yellow"
"Synaptic Transmission, Glutamatergic (GO:0035249)","3/27",0.000325124352919345,0.0303680659270192,0,0,25.6134020618557,205.708988323138,"UNC13C;GRIN2A;GRIN2B","GO_Biological_Process_2023","yellow"
"Excitatory Chemical Synaptic Transmission (GO:0098976)","2/6",0.000366432168048497,0.0303680659270192,0,0,101.510204081633,803.117990717184,"GRIN2A;GRIN2B","GO_Biological_Process_2023","yellow"
"Synapse Assembly (GO:0007416)","4/71",0.00044219543361385,0.0325750636095536,0,0,12.3339552238806,95.2644929311874,"GABRB2;GABRA1;CDH2;DSCAM","GO_Biological_Process_2023","yellow"
"Glutamate Receptor Signaling Pathway (GO:0007215)","3/35",0.000706715904482267,0.0390460537226452,0,0,19.2023195876289,139.310558994682,"GRIN2A;GRM7;GRIN2B","GO_Biological_Process_2023","yellow"
"Adherens Junction Organization (GO:0034332)","3/35",0.000706715904482267,0.0390460537226452,0,0,19.2023195876289,139.310558994682,"CDH4;CDH2;CDH7","GO_Biological_Process_2023","yellow"
"Regulation Of Postsynaptic Membrane Potential (GO:0060078)","3/35",0.000706715904482267,0.0390460537226452,0,0,19.2023195876289,139.310558994682,"GABRA1;GRIN2A;GRIN2B","GO_Biological_Process_2023","yellow"
"Calcium Ion Transmembrane Import Into Cytosol (GO:0097553)","4/83",0.000798906222902088,0.0398271022921271,0,0,10.4541139240506,74.5615316206066,"RYR2;GRIN2A;PLCG2;GRIN2B","GO_Biological_Process_2023","yellow"
"Calcium-Mediated Signaling (GO:0019722)","4/85",0.000873595159610332,0.0398271022921271,0,0,10.1949588477366,71.8020093375497,"CHRM3;RYR2;PLCG2;MCU","GO_Biological_Process_2023","yellow"
"Calcium-Dependent Cell-Cell Adhesion Via Plasma Membrane Cell Adhesion Molecules (GO:0016339)","3/38",0.000901065662717809,0.0398271022921271,0,0,17.5537555228277,123.085747538255,"CDH4;CDH2;CDH7","GO_Biological_Process_2023","yellow"
"Regulation Of Monoatomic Cation Transmembrane Transport (GO:1904062)","3/39",0.000972629455166433,0.0403033330484591,0,0,17.0652920962199,118.356459198027,"GRIN2A;KCNAB1;GRIN2B","GO_Biological_Process_2023","yellow"
"Cell Junction Assembly (GO:0034329)","4/95",0.00132224387153876,0.0515675109900118,0,0,9.07005494505495,60.1201797011037,"CDH4;CDH2;DSCAM;CDH7","GO_Biological_Process_2023","yellow"
"Nervous System Development (GO:0007399)","8/433",0.00148338910138816,0.0546381652344641,0,0,3.9846547314578,25.9537532337566,"CHST8;CHRM3;ADGRV1;CDH2;DSCAM;NTF3;CRIM1;GFRA2","GO_Biological_Process_2023","yellow"
"Ionotropic Glutamate Receptor Signaling Pathway (GO:0035235)","2/12",0.00158104510229119,0.0551701527799504,0,0,40.5918367346939,261.803918893847,"GRIN2A;GRIN2B","GO_Biological_Process_2023","yellow"
"Chloride Transmembrane Transport (GO:1902476)","3/48",0.00178184169429126,0.0587995141612513,0,0,13.6460481099656,86.3809554416349,"GABRB2;GABRA1;ANO2","GO_Biological_Process_2023","yellow"
"Inhibitory Synapse Assembly (GO:1904862)","2/13",0.00186242805035638,0.0587995141612513,0,0,36.899814471243,231.947593213754,"GABRA1;GABRB2","GO_Biological_Process_2023","yellow"
"Synaptic Transmission, GABAergic (GO:0051932)","2/14",0.00216576516004231,0.0619938720887726,0,0,33.8231292517007,207.504274169846,"GABRA1;GABRB2","GO_Biological_Process_2023","yellow"
"Response To Muscle Stretch (GO:0035994)","2/14",0.00216576516004231,0.0619938720887726,0,0,33.8231292517007,207.504274169846,"RYR2;CDH2","GO_Biological_Process_2023","yellow"
"Adenylate Cyclase-Inhibiting G Protein-Coupled Receptor Signaling Pathway (GO:0007193)","3/52",0.0022441220665619,0.0619938720887726,0,0,12.5295602777193,76.423312366036,"CHRM3;GRM7;OPRK1","GO_Biological_Process_2023","yellow"
"Monoatomic Anion Transmembrane Transport (GO:0098656)","3/54",0.002500594818504,0.0663157745867261,0,0,12.0369921164342,72.1163479298262,"GABRB2;GABRA1;ANO2","GO_Biological_Process_2023","yellow"
"Positive Regulation Of Protein Serine/Threonine Kinase Activity (GO:0071902)","4/117",0.00283235163750651,0.0671859335562523,0,0,7.29609144542773,42.8035998853789,"GHR;CEMIP;NTRK3;NTF3","GO_Biological_Process_2023","yellow"
"Positive Regulation Of Positive Chemotaxis (GO:0050927)","2/16",0.00283741499181759,0.0671859335562523,0,0,28.9883381924198,170.012598917729,"NTRK3;NTF3","GO_Biological_Process_2023","yellow"
"Protein O-linked Mannosylation (GO:0035269)","2/16",0.00283741499181759,0.0671859335562523,0,0,28.9883381924198,170.012598917729,"TMTC1;TMTC4","GO_Biological_Process_2023","yellow"
"Positive Regulation Of Heart Rate (GO:0010460)","2/17",0.00320528834894988,0.073279523288061,0,0,27.0544217687075,155.372278725068,"RYR2;ADRA1B","GO_Biological_Process_2023","yellow"
"Homophilic Cell Adhesion Via Plasma Membrane Adhesion Molecules (GO:0007156)","3/60",0.00337607395601961,0.0744681002755943,0,0,10.7666847531199,61.2736529352707,"CDH4;CDH2;DSCAM","GO_Biological_Process_2023","yellow"
"Excitatory Postsynaptic Potential (GO:0060079)","2/18",0.00359423711737408,0.0744681002755943,0,0,25.3622448979592,142.749455625051,"GRIN2A;GRIN2B","GO_Biological_Process_2023","yellow"
"Response To Ethanol (GO:0045471)","2/18",0.00359423711737408,0.0744681002755943,0,0,25.3622448979592,142.749455625051,"GRIN2A;GRIN2B","GO_Biological_Process_2023","yellow"
"Inorganic Anion Transmembrane Transport (GO:0098661)","3/63",0.0038757213407074,0.0778667651178486,0,0,10.2268041237113,56.7896834351746,"GABRB2;GABRA1;ANO2","GO_Biological_Process_2023","yellow"
"Regulation Of Cellular Response To Growth Factor Stimulus (GO:0090287)","2/19",0.00400404563880334,0.0780788899566651,0,0,23.8691476590636,131.768436654952,"FSTL5;PCSK6","GO_Biological_Process_2023","yellow"
"Synapse Organization (GO:0050808)","4/131",0.00424502160436393,0.0790002866405845,0,0,6.48720472440945,35.4331665017492,"UNC13C;CDH2;DSCAM;ELFN1","GO_Biological_Process_2023","yellow"
"Gamma-Aminobutyric Acid Signaling Pathway (GO:0007214)","2/20",0.00443449984753605,0.0790002866405845,0,0,22.5419501133787,122.139959975335,"GABRA1;GABRB2","GO_Biological_Process_2023","yellow"
"Long-Term Synaptic Potentiation (GO:0060291)","2/20",0.00443449984753605,0.0790002866405845,0,0,22.5419501133787,122.139959975335,"GRIN2A;GRIN2B","GO_Biological_Process_2023","yellow"
"Positive Regulation Of MAPK Cascade (GO:0043410)","6/310",0.00465939015158228,0.0790002866405845,0,0,4.11450167973124,22.0902275470163,"GHR;NTRK3;NTF3;PLCG2;ADRA1B;MID1","GO_Biological_Process_2023","yellow"
"Cell-Cell Junction Organization (GO:0045216)","3/68",0.00480405471030925,0.0790002866405845,0,0,9.43774781919112,50.3814818655157,"CDH4;CDH2;CDH7","GO_Biological_Process_2023","yellow"
"Protein Mannosylation (GO:0035268)","2/21",0.00488538725831669,0.0790002866405845,0,0,21.3544575725027,113.63788950908,"TMTC1;TMTC4","GO_Biological_Process_2023","yellow"
"Cellular Response To Nerve Growth Factor Stimulus (GO:1990090)","2/21",0.00488538725831669,0.0790002866405845,0,0,21.3544575725027,113.63788950908,"NTRK3;NTF3","GO_Biological_Process_2023","yellow"
"Positive Regulation Of Excitatory Postsynaptic Potential (GO:2000463)","2/22",0.00535649695773258,0.0835697072511522,0,0,20.2857142857143,106.083028567318,"GRIN2A;GRIN2B","GO_Biological_Process_2023","yellow"
"Cell-Cell Junction Assembly (GO:0007043)","3/71",0.00542005642805361,0.0835697072511522,0,0,9.02001212856277,47.0632577361771,"CDH4;CDH2;CDH7","GO_Biological_Process_2023","yellow"
"Regulation Of BMP Signaling Pathway (GO:0030510)","3/75",0.00631213688567951,0.0951124262546709,0,0,8.51718213058419,43.1419208970586,"FSTL5;CRIM1;PCSK6","GO_Biological_Process_2023","yellow"
"Positive Regulation Of Synaptic Transmission (GO:0050806)","3/77",0.0067890554235684,0.095155334664089,0,0,8.28615213151296,41.3681460172482,"GRIN2A;CACNG3;GRIN2B","GO_Biological_Process_2023","yellow"
"Chloride Transport (GO:0006821)","3/77",0.0067890554235684,0.095155334664089,0,0,8.28615213151296,41.3681460172482,"GABRB2;GABRA1;ANO2","GO_Biological_Process_2023","yellow"
"Activation Of Protein Kinase B Activity (GO:0032148)","2/25",0.00688907400282997,0.095155334664089,0,0,17.6370896184561,87.7942327571282,"NTRK3;NTF3","GO_Biological_Process_2023","yellow"
"Chemical Synaptic Transmission, Postsynaptic (GO:0099565)","2/25",0.00688907400282997,0.095155334664089,0,0,17.6370896184561,87.7942327571282,"GRIN2A;GRIN2B","GO_Biological_Process_2023","yellow"
"Calcium Ion Transmembrane Transport (GO:0070588)","3/80",0.00754367358989859,0.102070522246995,0,0,7.96211005489356,38.9111981120306,"GRIN2A;GRIN2B;MCU","GO_Biological_Process_2023","yellow"
"Regulation Of Monoatomic Ion Transmembrane Transport (GO:0034765)","2/29",0.00920309747511436,0.119640267176487,0,0,15.021164021164,70.4224490277819,"GRIN2A;GRIN2B","GO_Biological_Process_2023","yellow"
"Response To Alcohol (GO:0097305)","2/29",0.00920309747511436,0.119640267176487,0,0,15.021164021164,70.4224490277819,"GRIN2A;GRIN2B","GO_Biological_Process_2023","yellow"
"Sensory Perception Of Mechanical Stimulus (GO:0050954)","3/89",0.0100963507773187,0.121019478148116,0,0,7.1256293454807,32.7464084691722,"CEMIP;GRM7;EYA1","GO_Biological_Process_2023","yellow"
"Brain Development (GO:0007420)","4/169",0.0102942937098222,0.121019478148116,0,0,4.98358585858586,22.8057139016992,"GRIN2A;CDH2;SMARCA1;GRIN2B","GO_Biological_Process_2023","yellow"
"Regulation Of Peptidyl-Tyrosine Phosphorylation (GO:0050730)","3/90",0.0104072034150418,0.121019478148116,0,0,7.04337006754355,32.1547950435062,"GHR;NTF3;PLCG2","GO_Biological_Process_2023","yellow"
"Regulation Of Transmembrane Receptor Protein Serine/Threonine Kinase Signaling Pathway (GO:0090092)","2/31",0.0104724512850622,0.121019478148116,0,0,13.9838142153413,63.7523090878691,"FSTL5;PCSK6","GO_Biological_Process_2023","yellow"
"Modulation Of Excitatory Postsynaptic Potential (GO:0098815)","2/31",0.0104724512850622,0.121019478148116,0,0,13.9838142153413,63.7523090878691,"GRIN2A;GRIN2B","GO_Biological_Process_2023","yellow"
"Negative Regulation Of Cell-Matrix Adhesion (GO:0001953)","2/31",0.0104724512850622,0.121019478148116,0,0,13.9838142153413,63.7523090878691,"NEXMIF;CASK","GO_Biological_Process_2023","yellow"
"Positive Regulation Of MAP Kinase Activity (GO:0043406)","3/91",0.0107235720485245,0.121019478148116,0,0,6.96298031865042,31.5792809907681,"GHR;NTRK3;NTF3","GO_Biological_Process_2023","yellow"
"Cell-Cell Adhesion Via Plasma-Membrane Adhesion Molecules (GO:0098742)","4/172",0.0109278197077072,0.121019478148116,0,0,4.89384920634921,22.1027933131365,"CDH4;CDH2;DSCAM;CDH7","GO_Biological_Process_2023","yellow"
"Sensory Perception Of Sound (GO:0007605)","3/92",0.0110454740818408,0.121019478148116,0,0,6.88439708096838,31.0192655790006,"CEMIP;GRM7;EYA1","GO_Biological_Process_2023","yellow"
"Proteoglycan Biosynthetic Process (GO:0030166)","2/32",0.0111345221222249,0.121019478148116,0,0,13.5170068027211,60.795507674817,"CHST8;NDST3","GO_Biological_Process_2023","yellow"
"Positive Regulation Of Cell Migration (GO:0030335)","5/272",0.0118449247087883,0.126664275514946,0,0,3.87009658978908,17.1671903957162,"CEMIP;NTRK3;NTF3;PLCG2;DOCK1","GO_Biological_Process_2023","yellow"
"Regulation Of Neuronal Synaptic Plasticity (GO:0048168)","2/34",0.0125124802245356,0.131678958553446,0,0,12.6709183673469,55.5116572102178,"GRIN2A;GRIN2B","GO_Biological_Process_2023","yellow"
"Central Nervous System Development (GO:0007417)","5/283",0.0138594399495077,0.14117198694785,0,0,3.71488072699735,15.8951896531954,"CHST8;GRIN2A;CDH2;SMARCA1;GRIN2B","GO_Biological_Process_2023","yellow"
"Negative Regulation Of Sequestering Of Calcium Ion (GO:0051283)","2/36",0.0139609152364796,0.14117198694785,0,0,11.9243697478992,50.9348693298221,"RYR2;PLCG2","GO_Biological_Process_2023","yellow"
"Transmembrane Receptor Protein Tyrosine Kinase Signaling Pathway (GO:0007169)","5/284",0.0140533199676593,0.14117198694785,0,0,3.70137709866063,15.7859906570118,"GHR;FLRT2;NTRK3;NTF3;GFRA2","GO_Biological_Process_2023","yellow"
"Response To Calcium Ion (GO:0051592)","3/106",0.0161412670571554,0.156260513978522,0,0,5.9444500050045,24.5290365178238,"RYR2;ADGRV1;PLCG2","GO_Biological_Process_2023","yellow"
"Release Of Sequestered Calcium Ion Into Cytosol (GO:0051209)","2/39",0.0162624064321538,0.156260513978522,0,0,10.9558742415885,45.1261415257865,"RYR2;PLCG2","GO_Biological_Process_2023","yellow"
"Negative Regulation Of Cell-Substrate Adhesion (GO:0010812)","2/39",0.0162624064321538,0.156260513978522,0,0,10.9558742415885,45.1261415257865,"NEXMIF;CASK","GO_Biological_Process_2023","yellow"
"Monoatomic Cation Transport (GO:0006812)","2/42",0.0187140554000923,0.173852466641549,0,0,10.1326530612245,40.3125617234172,"GRIN2A;GRIN2B","GO_Biological_Process_2023","yellow"
"Regulation Of MAP Kinase Activity (GO:0043405)","3/114",0.0195542061325189,0.173852466641549,0,0,5.51379214265812,21.6943728553258,"GHR;NTRK3;NTF3","GO_Biological_Process_2023","yellow"
"Positive Regulation Of Chemotaxis (GO:0050921)","2/44",0.0204294838615153,0.173852466641549,0,0,9.6491739552964,37.5427757402553,"DSCAM;NTRK3","GO_Biological_Process_2023","yellow"
"Modulation Of Chemical Synaptic Transmission (GO:0050804)","3/123",0.0238342004694833,0.173852466641549,0,0,5.0979381443299,19.0491276504594,"CDH2;GRM7;CASK","GO_Biological_Process_2023","yellow"
"Enzyme-Linked Receptor Protein Signaling Pathway (GO:0007167)","3/124",0.0243385983169026,0.173852466641549,0,0,5.05555082218625,18.7848686370022,"NTRK3;NTF3;GFRA2","GO_Biological_Process_2023","yellow"
"Striated Muscle Hypertrophy (GO:0014897)","1/5",0.0247535287182936,0.173852466641549,0,0,50.2424242424242,185.836036973753,"RYR2","GO_Biological_Process_2023","yellow"
"L-aspartate Import Across Plasma Membrane (GO:0140009)","1/5",0.0247535287182936,0.173852466641549,0,0,50.2424242424242,185.836036973753,"SLC1A2","GO_Biological_Process_2023","yellow"
"L-aspartate Transmembrane Transport (GO:0070778)","1/5",0.0247535287182936,0.173852466641549,0,0,50.2424242424242,185.836036973753,"SLC1A2","GO_Biological_Process_2023","yellow"
"Negative Regulation Of Neuron Migration (GO:2001223)","1/5",0.0247535287182936,0.173852466641549,0,0,50.2424242424242,185.836036973753,"NEXMIF","GO_Biological_Process_2023","yellow"
"Behavioral Fear Response (GO:0001662)","1/5",0.0247535287182936,0.173852466641549,0,0,50.2424242424242,185.836036973753,"GRM7","GO_Biological_Process_2023","yellow"
"Cell-Cell Signaling Involved In Cardiac Conduction (GO:0086019)","1/5",0.0247535287182936,0.173852466641549,0,0,50.2424242424242,185.836036973753,"RYR2","GO_Biological_Process_2023","yellow"
"Positive Regulation Of I-kappaB Phosphorylation (GO:1903721)","1/5",0.0247535287182936,0.173852466641549,0,0,50.2424242424242,185.836036973753,"PLCG2","GO_Biological_Process_2023","yellow"
"Negative Regulation Of Amino Acid Transport (GO:0051956)","1/5",0.0247535287182936,0.173852466641549,0,0,50.2424242424242,185.836036973753,"GRM7","GO_Biological_Process_2023","yellow"
"Regulation Of Anatomical Structure Morphogenesis (GO:0022603)","3/127",0.0258863853847271,0.173852466641549,0,0,4.93249085467243,18.0235095567768,"FMNL2;CDH2;SDC2","GO_Biological_Process_2023","yellow"
"Regulation Of Epithelial Cell Migration (GO:0010632)","2/50",0.0259489619459531,0.173852466641549,0,0,8.44047619047619,30.8214426622313,"PLCG2;DOCK1","GO_Biological_Process_2023","yellow"
"Regulation Of TORC1 Signaling (GO:1903432)","2/50",0.0259489619459531,0.173852466641549,0,0,8.44047619047619,30.8214426622313,"RNF152;GPR137C","GO_Biological_Process_2023","yellow"
"Positive Regulation Of Peptidyl-Tyrosine Phosphorylation (GO:0050731)","3/130",0.0274860097045577,0.173852466641549,0,0,4.81524474389155,17.3063658813262,"GHR;NTF3;PLCG2","GO_Biological_Process_2023","yellow"
"Negative Regulation Of Response To Stimulus (GO:0048585)","2/52",0.0279085775805054,0.173852466641549,0,0,8.10204081632653,28.9957554144004,"DDAH1;CASK","GO_Biological_Process_2023","yellow"
"Regulation Of Cellular Response To Hypoxia (GO:1900037)","1/6",0.0296309633944118,0.173852466641549,0,0,40.1919191919192,141.432767389918,"DDAH1","GO_Biological_Process_2023","yellow"
"Spontaneous Synaptic Transmission (GO:0098814)","1/6",0.0296309633944118,0.173852466641549,0,0,40.1919191919192,141.432767389918,"RPH3A","GO_Biological_Process_2023","yellow"
"Positive Regulation Of Interleukin-23 Production (GO:0032747)","1/6",0.0296309633944118,0.173852466641549,0,0,40.1919191919192,141.432767389918,"PLCG2","GO_Biological_Process_2023","yellow"
"Synaptic Signaling (GO:0099536)","1/6",0.0296309633944118,0.173852466641549,0,0,40.1919191919192,141.432767389918,"DTNA","GO_Biological_Process_2023","yellow"
"Regulation Of Digestive System Process (GO:0044058)","1/6",0.0296309633944118,0.173852466641549,0,0,40.1919191919192,141.432767389918,"OPRK1","GO_Biological_Process_2023","yellow"
"Synaptic Vesicle Docking (GO:0016081)","1/6",0.0296309633944118,0.173852466641549,0,0,40.1919191919192,141.432767389918,"UNC13C","GO_Biological_Process_2023","yellow"
"Glandular Epithelial Cell Development (GO:0002068)","1/6",0.0296309633944118,0.173852466641549,0,0,40.1919191919192,141.432767389918,"CDH2","GO_Biological_Process_2023","yellow"
"Positive Regulation Of Multicellular Organism Growth (GO:0040018)","1/6",0.0296309633944118,0.173852466641549,0,0,40.1919191919192,141.432767389918,"GHR","GO_Biological_Process_2023","yellow"
"Type B Pancreatic Cell Development (GO:0003323)","1/6",0.0296309633944118,0.173852466641549,0,0,40.1919191919192,141.432767389918,"CDH2","GO_Biological_Process_2023","yellow"
"Actin Filament Reorganization (GO:0090527)","1/6",0.0296309633944118,0.173852466641549,0,0,40.1919191919192,141.432767389918,"MCU","GO_Biological_Process_2023","yellow"
"Hyaluronan Biosynthetic Process (GO:0030213)","1/6",0.0296309633944118,0.173852466641549,0,0,40.1919191919192,141.432767389918,"CEMIP","GO_Biological_Process_2023","yellow"
"Neurotransmitter Receptor Transport, Postsynaptic Endosome To Lysosome (GO:0098943)","1/6",0.0296309633944118,0.173852466641549,0,0,40.1919191919192,141.432767389918,"CACNG3","GO_Biological_Process_2023","yellow"
"Regulation Of Saliva Secretion (GO:0046877)","1/6",0.0296309633944118,0.173852466641549,0,0,40.1919191919192,141.432767389918,"OPRK1","GO_Biological_Process_2023","yellow"
"Cellular Response To Caffeine (GO:0071313)","1/6",0.0296309633944118,0.173852466641549,0,0,40.1919191919192,141.432767389918,"RYR2","GO_Biological_Process_2023","yellow"
"Cellular Response To Histamine (GO:0071420)","1/6",0.0296309633944118,0.173852466641549,0,0,40.1919191919192,141.432767389918,"GABRB2","GO_Biological_Process_2023","yellow"
"Release Of Sequestered Calcium Ion Into Cytosol By Sarcoplasmic Reticulum (GO:0014808)","1/6",0.0296309633944118,0.173852466641549,0,0,40.1919191919192,141.432767389918,"RYR2","GO_Biological_Process_2023","yellow"
"Choline Transport (GO:0015871)","1/6",0.0296309633944118,0.173852466641549,0,0,40.1919191919192,141.432767389918,"SLC44A5","GO_Biological_Process_2023","yellow"
"Citrulline Metabolic Process (GO:0000052)","1/6",0.0296309633944118,0.173852466641549,0,0,40.1919191919192,141.432767389918,"DDAH1","GO_Biological_Process_2023","yellow"
"Regulation Of I-kappaB Phosphorylation (GO:1903719)","1/6",0.0296309633944118,0.173852466641549,0,0,40.1919191919192,141.432767389918,"PLCG2","GO_Biological_Process_2023","yellow"
"Response To Alkaloid (GO:0043279)","1/6",0.0296309633944118,0.173852466641549,0,0,40.1919191919192,141.432767389918,"RYR2","GO_Biological_Process_2023","yellow"
"Response To Caffeine (GO:0031000)","1/6",0.0296309633944118,0.173852466641549,0,0,40.1919191919192,141.432767389918,"RYR2","GO_Biological_Process_2023","yellow"
"Regulation Of SA Node Cell Action Potential (GO:0098907)","1/6",0.0296309633944118,0.173852466641549,0,0,40.1919191919192,141.432767389918,"RYR2","GO_Biological_Process_2023","yellow"
"Detection Of Muscle Stretch (GO:0035995)","1/6",0.0296309633944118,0.173852466641549,0,0,40.1919191919192,141.432767389918,"CDH2","GO_Biological_Process_2023","yellow"
"Positive Regulation Of Cilium Movement (GO:0003353)","1/6",0.0296309633944118,0.173852466641549,0,0,40.1919191919192,141.432767389918,"TACR3","GO_Biological_Process_2023","yellow"
"Positive Regulation Of Cilium-Dependent Cell Motility (GO:2000155)","1/6",0.0296309633944118,0.173852466641549,0,0,40.1919191919192,141.432767389918,"TACR3","GO_Biological_Process_2023","yellow"
"Positive Regulation Of Flagellated Sperm Motility (GO:1902093)","1/6",0.0296309633944118,0.173852466641549,0,0,40.1919191919192,141.432767389918,"TACR3","GO_Biological_Process_2023","yellow"
"Striated Muscle Contraction (GO:0006941)","2/57",0.0330569224942901,0.18002407259744,0,0,7.36363636363636,25.1064969666325,"RYR2;DTNA","GO_Biological_Process_2023","yellow"
"Taurine Metabolic Process (GO:0019530)","1/7",0.0344842492004147,0.18002407259744,0,0,33.4915824915825,112.774618360503,"GHR","GO_Biological_Process_2023","yellow"
"Heparan Sulfate Proteoglycan Biosynthetic Process, Polysaccharide Chain Biosynthetic Process (GO:0015014)","1/7",0.0344842492004147,0.18002407259744,0,0,33.4915824915825,112.774618360503,"NDST3","GO_Biological_Process_2023","yellow"
"Regulation Of Lipase Activity (GO:0060191)","1/7",0.0344842492004147,0.18002407259744,0,0,33.4915824915825,112.774618360503,"PCSK6","GO_Biological_Process_2023","yellow"
"Adenylate Cyclase-Inhibiting G Protein-Coupled Acetylcholine Receptor Signaling Pathway (GO:0007197)","1/7",0.0344842492004147,0.18002407259744,0,0,33.4915824915825,112.774618360503,"CHRM3","GO_Biological_Process_2023","yellow"
"Arginine Catabolic Process (GO:0006527)","1/7",0.0344842492004147,0.18002407259744,0,0,33.4915824915825,112.774618360503,"DDAH1","GO_Biological_Process_2023","yellow"
"Neurotransmitter Receptor Diffusion Trapping (GO:0099628)","1/7",0.0344842492004147,0.18002407259744,0,0,33.4915824915825,112.774618360503,"CACNG3","GO_Biological_Process_2023","yellow"
"Postsynaptic Neurotransmitter Receptor Diffusion Trapping (GO:0098970)","1/7",0.0344842492004147,0.18002407259744,0,0,33.4915824915825,112.774618360503,"CACNG3","GO_Biological_Process_2023","yellow"
"Regulation Of Positive Chemotaxis (GO:0050926)","1/7",0.0344842492004147,0.18002407259744,0,0,33.4915824915825,112.774618360503,"NTRK3","GO_Biological_Process_2023","yellow"
"Cardiac Muscle Hypertrophy (GO:0003300)","1/7",0.0344842492004147,0.18002407259744,0,0,33.4915824915825,112.774618360503,"RYR2","GO_Biological_Process_2023","yellow"
"Cellular Response To Epinephrine Stimulus (GO:0071872)","1/7",0.0344842492004147,0.18002407259744,0,0,33.4915824915825,112.774618360503,"RYR2","GO_Biological_Process_2023","yellow"
"Regulation Of ATPase-coupled Calcium Transmembrane Transporter Activity (GO:1901894)","1/7",0.0344842492004147,0.18002407259744,0,0,33.4915824915825,112.774618360503,"RYR2","GO_Biological_Process_2023","yellow"
"Release Of Sequestered Calcium Ion Into Cytosol By Endoplasmic Reticulum (GO:1903514)","1/7",0.0344842492004147,0.18002407259744,0,0,33.4915824915825,112.774618360503,"RYR2","GO_Biological_Process_2023","yellow"
"Response To Epinephrine (GO:0071871)","1/7",0.0344842492004147,0.18002407259744,0,0,33.4915824915825,112.774618360503,"RYR2","GO_Biological_Process_2023","yellow"
"Heart Morphogenesis (GO:0003007)","2/59",0.035212556639049,0.182390039466324,0,0,7.10454708199069,23.7743191541034,"RYR2;FLRT2","GO_Biological_Process_2023","yellow"
"Regulation Of Dendritic Spine Maintenance (GO:1902950)","1/8",0.0393135041520565,0.188714804862899,0,0,28.7056277056277,92.8967850071638,"GRIN2B","GO_Biological_Process_2023","yellow"
"Positive Regulation Of Macrophage Cytokine Production (GO:0060907)","1/8",0.0393135041520565,0.188714804862899,0,0,28.7056277056277,92.8967850071638,"PLCG2","GO_Biological_Process_2023","yellow"
"Positive Regulation Of Membrane Invagination (GO:1905155)","1/8",0.0393135041520565,0.188714804862899,0,0,28.7056277056277,92.8967850071638,"PLCG2","GO_Biological_Process_2023","yellow"
"Positive Regulation Of Mitochondrial Calcium Ion Concentration (GO:0051561)","1/8",0.0393135041520565,0.188714804862899,0,0,28.7056277056277,92.8967850071638,"MCU","GO_Biological_Process_2023","yellow"
"Type B Pancreatic Cell Differentiation (GO:0003309)","1/8",0.0393135041520565,0.188714804862899,0,0,28.7056277056277,92.8967850071638,"CDH2","GO_Biological_Process_2023","yellow"
"Negative Regulation Of Platelet Aggregation (GO:0090331)","1/8",0.0393135041520565,0.188714804862899,0,0,28.7056277056277,92.8967850071638,"PRKG1","GO_Biological_Process_2023","yellow"
"Regulation Of Interleukin-23 Production (GO:0032667)","1/8",0.0393135041520565,0.188714804862899,0,0,28.7056277056277,92.8967850071638,"PLCG2","GO_Biological_Process_2023","yellow"
"Hyaluronan Catabolic Process (GO:0030214)","1/8",0.0393135041520565,0.188714804862899,0,0,28.7056277056277,92.8967850071638,"CEMIP","GO_Biological_Process_2023","yellow"
"Positive Regulation Of Dendritic Cell Cytokine Production (GO:0002732)","1/8",0.0393135041520565,0.188714804862899,0,0,28.7056277056277,92.8967850071638,"PLCG2","GO_Biological_Process_2023","yellow"
"Positive Regulation Of Cysteine-Type Endopeptidase Activity (GO:2001056)","2/64",0.0408312655246501,0.188714804862899,0,0,6.52995391705069,20.8847984924896,"GRIN2A;GRIN2B","GO_Biological_Process_2023","yellow"
"Positive Regulation Of Protein Phosphorylation (GO:0001934)","5/377",0.040851674357004,0.188714804862899,0,0,2.76287492925863,8.83514208907401,"GHR;CEMIP;NTRK3;NTF3;PLCG2","GO_Biological_Process_2023","yellow"
"Regulation Of Cell-Matrix Adhesion (GO:0001952)","2/65",0.041993132410768,0.188714804862899,0,0,6.42597991577583,20.3719576107223,"NEXMIF;CASK","GO_Biological_Process_2023","yellow"
"Negative Regulation Of Potassium Ion Transmembrane Transporter Activity (GO:1901017)","1/9",0.0441188457824273,0.188714804862899,0,0,25.1161616161616,78.3842312444799,"KCNAB1","GO_Biological_Process_2023","yellow"
"Positive Regulation Of Phagocytosis, Engulfment (GO:0060100)","1/9",0.0441188457824273,0.188714804862899,0,0,25.1161616161616,78.3842312444799,"PLCG2","GO_Biological_Process_2023","yellow"
"Nerve Growth Factor Signaling Pathway (GO:0038180)","1/9",0.0441188457824273,0.188714804862899,0,0,25.1161616161616,78.3842312444799,"NTF3","GO_Biological_Process_2023","yellow"
"Aspartate Transmembrane Transport (GO:0015810)","1/9",0.0441188457824273,0.188714804862899,0,0,25.1161616161616,78.3842312444799,"SLC1A2","GO_Biological_Process_2023","yellow"
"Calcium Import Into The Mitochondrion (GO:0036444)","1/9",0.0441188457824273,0.188714804862899,0,0,25.1161616161616,78.3842312444799,"MCU","GO_Biological_Process_2023","yellow"
"Calcium Ion Transport Into Cytosol (GO:0060402)","1/9",0.0441188457824273,0.188714804862899,0,0,25.1161616161616,78.3842312444799,"RYR2","GO_Biological_Process_2023","yellow"
"Protein Localization To Microtubule (GO:0035372)","1/9",0.0441188457824273,0.188714804862899,0,0,25.1161616161616,78.3842312444799,"MID1","GO_Biological_Process_2023","yellow"
"Protein Localization To Microtubule Cytoskeleton (GO:0072698)","1/9",0.0441188457824273,0.188714804862899,0,0,25.1161616161616,78.3842312444799,"MID1","GO_Biological_Process_2023","yellow"
"Regulation Of Sequestering Of Calcium Ion (GO:0051282)","1/9",0.0441188457824273,0.188714804862899,0,0,25.1161616161616,78.3842312444799,"RYR2","GO_Biological_Process_2023","yellow"
"Regulation Of Transmembrane Transporter Activity (GO:0022898)","1/9",0.0441188457824273,0.188714804862899,0,0,25.1161616161616,78.3842312444799,"CHRM3","GO_Biological_Process_2023","yellow"
"Cellular Response To Purine-Containing Compound (GO:0071415)","1/9",0.0441188457824273,0.188714804862899,0,0,25.1161616161616,78.3842312444799,"RYR2","GO_Biological_Process_2023","yellow"
"Response To Histamine (GO:0034776)","1/9",0.0441188457824273,0.188714804862899,0,0,25.1161616161616,78.3842312444799,"GABRB2","GO_Biological_Process_2023","yellow"
"Negative Regulation Of Cell Adhesion Mediated By Integrin (GO:0033629)","1/9",0.0441188457824273,0.188714804862899,0,0,25.1161616161616,78.3842312444799,"NEXMIF","GO_Biological_Process_2023","yellow"
"Negative Regulation Of Cell-Cell Adhesion Mediated By Cadherin (GO:2000048)","1/9",0.0441188457824273,0.188714804862899,0,0,25.1161616161616,78.3842312444799,"NEXMIF","GO_Biological_Process_2023","yellow"
"Negative Regulation Of Delayed Rectifier Potassium Channel Activity (GO:1902260)","1/9",0.0441188457824273,0.188714804862899,0,0,25.1161616161616,78.3842312444799,"KCNAB1","GO_Biological_Process_2023","yellow"
"Regulation Of Monoatomic Ion Transmembrane Transporter Activity (GO:0032412)","2/69",0.0467626402187707,0.194137481000201,0,0,6.04112092598233,18.5019639390654,"CHRM3;CACNG3","GO_Biological_Process_2023","yellow"
"Cellular Response To Calcium Ion (GO:0071277)","2/69",0.0467626402187707,0.194137481000201,0,0,6.04112092598233,18.5019639390654,"ADGRV1;PLCG2","GO_Biological_Process_2023","yellow"
"Epithelial Cell Apoptotic Process (GO:1904019)","1/10",0.0489003911418305,0.194137481000201,0,0,22.324354657688,67.3742300304506,"RYR2","GO_Biological_Process_2023","yellow"
"Negative Regulation Of Homotypic Cell-Cell Adhesion (GO:0034111)","1/10",0.0489003911418305,0.194137481000201,0,0,22.324354657688,67.3742300304506,"PRKG1","GO_Biological_Process_2023","yellow"
"Regulation Of Glycoprotein Biosynthetic Process (GO:0010559)","1/10",0.0489003911418305,0.194137481000201,0,0,22.324354657688,67.3742300304506,"NECAB1","GO_Biological_Process_2023","yellow"
"Induction Of Positive Chemotaxis (GO:0050930)","1/10",0.0489003911418305,0.194137481000201,0,0,22.324354657688,67.3742300304506,"NTF3","GO_Biological_Process_2023","yellow"
"Insulin-Like Growth Factor Receptor Signaling Pathway (GO:0048009)","1/10",0.0489003911418305,0.194137481000201,0,0,22.324354657688,67.3742300304506,"GHR","GO_Biological_Process_2023","yellow"
"Arginine Metabolic Process (GO:0006525)","1/10",0.0489003911418305,0.194137481000201,0,0,22.324354657688,67.3742300304506,"DDAH1","GO_Biological_Process_2023","yellow"
"Basement Membrane Organization (GO:0071711)","1/10",0.0489003911418305,0.194137481000201,0,0,22.324354657688,67.3742300304506,"FLRT2","GO_Biological_Process_2023","yellow"
"Regulation Of Phagocytosis, Engulfment (GO:0060099)","1/10",0.0489003911418305,0.194137481000201,0,0,22.324354657688,67.3742300304506,"PLCG2","GO_Biological_Process_2023","yellow"
"Regulation Of Amyloid Precursor Protein Biosynthetic Process (GO:0042984)","1/10",0.0489003911418305,0.194137481000201,0,0,22.324354657688,67.3742300304506,"NECAB1","GO_Biological_Process_2023","yellow"
"Sarcoplasmic Reticulum Calcium Ion Transport (GO:0070296)","1/10",0.0489003911418305,0.194137481000201,0,0,22.324354657688,67.3742300304506,"RYR2","GO_Biological_Process_2023","yellow"
"Negative Regulation Of Cellular Response To Growth Factor Stimulus (GO:0090288)","2/71",0.0492185490137595,0.194237488072158,0,0,5.86542443064182,17.6636360143545,"CRIM1;CASK","GO_Biological_Process_2023","yellow"
"Negative Regulation Of Cell Adhesion (GO:0007162)","2/72",0.0504637828415357,0.197973301916794,0,0,5.78134110787172,17.265971584774,"DSCAM;NEXMIF","GO_Biological_Process_2023","yellow"
"Negative Regulation Of Vascular Permeability (GO:0043116)","1/11",0.0536582567508638,0.203288138433273,0,0,20.0909090909091,58.7683184218827,"DDAH1","GO_Biological_Process_2023","yellow"
"Negative Regulation Of Voltage-Gated Potassium Channel Activity (GO:1903817)","1/11",0.0536582567508638,0.203288138433273,0,0,20.0909090909091,58.7683184218827,"KCNAB1","GO_Biological_Process_2023","yellow"
"Macrophage Activation Involved In Immune Response (GO:0002281)","1/11",0.0536582567508638,0.203288138433273,0,0,20.0909090909091,58.7683184218827,"PLCG2","GO_Biological_Process_2023","yellow"
"Cellular Response To Acetylcholine (GO:1905145)","1/11",0.0536582567508638,0.203288138433273,0,0,20.0909090909091,58.7683184218827,"CHRM3","GO_Biological_Process_2023","yellow"
"Cellular Response To Growth Hormone Stimulus (GO:0071378)","1/11",0.0536582567508638,0.203288138433273,0,0,20.0909090909091,58.7683184218827,"GHR","GO_Biological_Process_2023","yellow"
"Regulation Of Ventricular Cardiac Muscle Cell Action Potential (GO:0098911)","1/11",0.0536582567508638,0.203288138433273,0,0,20.0909090909091,58.7683184218827,"RYR2","GO_Biological_Process_2023","yellow"
"Metal Ion Transport (GO:0030001)","3/171",0.0544403566847165,0.205079298192994,0,0,3.63254786450663,10.5730738047588,"RYR2;KCNAB1;CACNG3","GO_Biological_Process_2023","yellow"
"Eye Photoreceptor Cell Differentiation (GO:0001754)","1/12",0.0583925585800791,0.205926948609534,0,0,18.2635445362718,51.8788186041542,"DSCAM","GO_Biological_Process_2023","yellow"
"G Protein-Coupled Glutamate Receptor Signaling Pathway (GO:0007216)","1/12",0.0583925585800791,0.205926948609534,0,0,18.2635445362718,51.8788186041542,"GRM7","GO_Biological_Process_2023","yellow"
"Positive Regulation Of Neuroinflammatory Response (GO:0150078)","1/12",0.0583925585800791,0.205926948609534,0,0,18.2635445362718,51.8788186041542,"PLCG2","GO_Biological_Process_2023","yellow"
"Positive Regulation Of Reactive Oxygen Species Biosynthetic Process (GO:1903428)","1/12",0.0583925585800791,0.205926948609534,0,0,18.2635445362718,51.8788186041542,"PLCG2","GO_Biological_Process_2023","yellow"
"Regulation Of Monooxygenase Activity (GO:0032768)","1/12",0.0583925585800791,0.205926948609534,0,0,18.2635445362718,51.8788186041542,"DDAH1","GO_Biological_Process_2023","yellow"
"Protein Heterotetramerization (GO:0051290)","1/12",0.0583925585800791,0.205926948609534,0,0,18.2635445362718,51.8788186041542,"GRIN2B","GO_Biological_Process_2023","yellow"
"Polysaccharide Biosynthetic Process (GO:0000271)","1/12",0.0583925585800791,0.205926948609534,0,0,18.2635445362718,51.8788186041542,"NDST3","GO_Biological_Process_2023","yellow"
"Quaternary Ammonium Group Transport (GO:0015697)","1/12",0.0583925585800791,0.205926948609534,0,0,18.2635445362718,51.8788186041542,"SLC44A5","GO_Biological_Process_2023","yellow"
"Regulation Of Vascular Associated Smooth Muscle Cell Migration (GO:1904752)","1/12",0.0583925585800791,0.205926948609534,0,0,18.2635445362718,51.8788186041542,"PRKG1","GO_Biological_Process_2023","yellow"
"Positive Regulation Of Calcium-Mediated Signaling (GO:0050850)","1/12",0.0583925585800791,0.205926948609534,0,0,18.2635445362718,51.8788186041542,"PLCG2","GO_Biological_Process_2023","yellow"
"Dendrite Self-Avoidance (GO:0070593)","1/12",0.0583925585800791,0.205926948609534,0,0,18.2635445362718,51.8788186041542,"DSCAM","GO_Biological_Process_2023","yellow"
"Detection Of Calcium Ion (GO:0005513)","1/12",0.0583925585800791,0.205926948609534,0,0,18.2635445362718,51.8788186041542,"RYR2","GO_Biological_Process_2023","yellow"
"Activation Of Protein Kinase Activity (GO:0032147)","2/81",0.0621638842786596,0.216774933768337,0,0,5.12038233014725,14.2243252686936,"NTRK3;NTF3","GO_Biological_Process_2023","yellow"
"Regulation Of Flagellated Sperm Motility (GO:1901317)","1/13",0.0631034120924419,0.216774933768337,0,0,16.7407407407407,46.2543391597171,"TACR3","GO_Biological_Process_2023","yellow"
"Regulation Of Macrophage Cytokine Production (GO:0010935)","1/13",0.0631034120924419,0.216774933768337,0,0,16.7407407407407,46.2543391597171,"PLCG2","GO_Biological_Process_2023","yellow"
"Cardiac Left Ventricle Morphogenesis (GO:0003214)","1/13",0.0631034120924419,0.216774933768337,0,0,16.7407407407407,46.2543391597171,"RYR2","GO_Biological_Process_2023","yellow"
"Response To Nerve Growth Factor (GO:1990089)","1/13",0.0631034120924419,0.216774933768337,0,0,16.7407407407407,46.2543391597171,"NTRK3","GO_Biological_Process_2023","yellow"
"Cellular Response To Organic Substance (GO:0071310)","2/82",0.0635161526621472,0.217068088737132,0,0,5.05612244897959,13.9370045076699,"GHR;PLCG2","GO_Biological_Process_2023","yellow"
"Phospholipase C-activating G Protein-Coupled Receptor Signaling Pathway (GO:0007200)","2/83",0.0648783802345316,0.220586492797407,0,0,4.99344923154447,13.6582862458477,"OPRK1;ADRA1B","GO_Biological_Process_2023","yellow"
"L-glutamate Transmembrane Transport (GO:0015813)","1/14",0.0677909321684321,0.222501920929062,0,0,15.4522144522145,41.5869594433684,"SLC1A2","GO_Biological_Process_2023","yellow"
"Hyaluronan Metabolic Process (GO:0030212)","1/14",0.0677909321684321,0.222501920929062,0,0,15.4522144522145,41.5869594433684,"CEMIP","GO_Biological_Process_2023","yellow"
"Negative Regulation Of Smooth Muscle Cell Migration (GO:0014912)","1/14",0.0677909321684321,0.222501920929062,0,0,15.4522144522145,41.5869594433684,"PRKG1","GO_Biological_Process_2023","yellow"
"Calcium Ion-Regulated Exocytosis Of Neurotransmitter (GO:0048791)","1/14",0.0677909321684321,0.222501920929062,0,0,15.4522144522145,41.5869594433684,"UNC13C","GO_Biological_Process_2023","yellow"
"Protein Homotrimerization (GO:0070207)","1/14",0.0677909321684321,0.222501920929062,0,0,15.4522144522145,41.5869594433684,"SLC1A2","GO_Biological_Process_2023","yellow"
"Protein Trimerization (GO:0070206)","1/14",0.0677909321684321,0.222501920929062,0,0,15.4522144522145,41.5869594433684,"SLC1A2","GO_Biological_Process_2023","yellow"
"Mitochondrial Calcium Ion Transmembrane Transport (GO:0006851)","1/14",0.0677909321684321,0.222501920929062,0,0,15.4522144522145,41.5869594433684,"MCU","GO_Biological_Process_2023","yellow"
"Exocytosis (GO:0006887)","2/86",0.0690235124413976,0.22543147166821,0,0,4.81438289601555,12.8703286595916,"RPH3A;SYTL5","GO_Biological_Process_2023","yellow"
"Neuron Projection Development (GO:0031175)","3/192",0.0717418991703997,0.225529669462091,0,0,3.22549500900016,8.49814826848241,"ADGRV1;GRM7;NTF3","GO_Biological_Process_2023","yellow"
"L-glutamate Import (GO:0051938)","1/15",0.0724552331756038,0.225529669462091,0,0,14.3477633477633,37.6598138369901,"SLC1A2","GO_Biological_Process_2023","yellow"
"Glutamine Family Amino Acid Catabolic Process (GO:0009065)","1/15",0.0724552331756038,0.225529669462091,0,0,14.3477633477633,37.6598138369901,"DDAH1","GO_Biological_Process_2023","yellow"
"Glycosaminoglycan Catabolic Process (GO:0006027)","1/15",0.0724552331756038,0.225529669462091,0,0,14.3477633477633,37.6598138369901,"CEMIP","GO_Biological_Process_2023","yellow"
"Negative Regulation Of Platelet Activation (GO:0010544)","1/15",0.0724552331756038,0.225529669462091,0,0,14.3477633477633,37.6598138369901,"PRKG1","GO_Biological_Process_2023","yellow"
"Regulation Of Lipoprotein Lipase Activity (GO:0051004)","1/15",0.0724552331756038,0.225529669462091,0,0,14.3477633477633,37.6598138369901,"PCSK6","GO_Biological_Process_2023","yellow"
"Adenylate Cyclase-Activating Adrenergic Receptor Signaling Pathway (GO:0071880)","1/15",0.0724552331756038,0.225529669462091,0,0,14.3477633477633,37.6598138369901,"ADRA1B","GO_Biological_Process_2023","yellow"
"Regulation Of Multicellular Organism Growth (GO:0040014)","1/15",0.0724552331756038,0.225529669462091,0,0,14.3477633477633,37.6598138369901,"GHR","GO_Biological_Process_2023","yellow"
"Neurotrophin Signaling Pathway (GO:0038179)","1/15",0.0724552331756038,0.225529669462091,0,0,14.3477633477633,37.6598138369901,"NTF3","GO_Biological_Process_2023","yellow"
"Regulation Of Systemic Arterial Blood Pressure (GO:0003073)","1/15",0.0724552331756038,0.225529669462091,0,0,14.3477633477633,37.6598138369901,"DDAH1","GO_Biological_Process_2023","yellow"
"Positive Regulation Of Peptidyl-Serine Phosphorylation (GO:0033138)","2/89",0.0732536203857354,0.226949300540853,0,0,4.6476659629369,12.1481976031779,"NTRK3;NTF3","GO_Biological_Process_2023","yellow"
"Establishment Of Protein Localization To Endoplasmic Reticulum (GO:0072599)","1/16",0.0770964289305897,0.229267191043146,0,0,13.3905723905724,34.3159973270839,"RYR2","GO_Biological_Process_2023","yellow"
"Positive Regulation Of Myeloid Leukocyte Cytokine Production Involved In Immune Response (GO:0061081)","1/16",0.0770964289305897,0.229267191043146,0,0,13.3905723905724,34.3159973270839,"PLCG2","GO_Biological_Process_2023","yellow"
"Activation Of Cysteine-Type Endopeptidase Activity (GO:0097202)","1/16",0.0770964289305897,0.229267191043146,0,0,13.3905723905724,34.3159973270839,"GRIN2A","GO_Biological_Process_2023","yellow"
"Antifungal Innate Immune Response (GO:0061760)","1/16",0.0770964289305897,0.229267191043146,0,0,13.3905723905724,34.3159973270839,"PLCG2","GO_Biological_Process_2023","yellow"
"Cell Communication By Electrical Coupling Involved In Cardiac Conduction (GO:0086064)","1/16",0.0770964289305897,0.229267191043146,0,0,13.3905723905724,34.3159973270839,"RYR2","GO_Biological_Process_2023","yellow"
"Protein Localization To Endoplasmic Reticulum (GO:0070972)","1/16",0.0770964289305897,0.229267191043146,0,0,13.3905723905724,34.3159973270839,"RYR2","GO_Biological_Process_2023","yellow"
"Regulation Of Secretion (GO:0051046)","1/16",0.0770964289305897,0.229267191043146,0,0,13.3905723905724,34.3159973270839,"OPRK1","GO_Biological_Process_2023","yellow"
"Regulation Of Cardiac Muscle Contraction By Regulation Of The Release Of Sequestered Calcium Ion (GO:0010881)","1/16",0.0770964289305897,0.229267191043146,0,0,13.3905723905724,34.3159973270839,"RYR2","GO_Biological_Process_2023","yellow"
"Regulation Of Peptidyl-Serine Phosphorylation (GO:0033135)","2/93",0.0790200821692443,0.229267191043146,0,0,4.44247589145548,11.2752403927723,"NTRK3;NTF3","GO_Biological_Process_2023","yellow"
"Protein O-linked Glycosylation (GO:0006493)","2/93",0.0790200821692443,0.229267191043146,0,0,4.44247589145548,11.2752403927723,"TMTC1;TMTC4","GO_Biological_Process_2023","yellow"
"Muscle Contraction (GO:0006936)","2/94",0.0804834345723508,0.229267191043146,0,0,4.39396628216504,11.0714939664066,"RYR2;DTNA","GO_Biological_Process_2023","yellow"
"Regulation Of Delayed Rectifier Potassium Channel Activity (GO:1902259)","1/17",0.0817146326715557,0.229267191043146,0,0,12.5530303030303,31.4393429542943,"KCNAB1","GO_Biological_Process_2023","yellow"
"G Protein-Coupled Acetylcholine Receptor Signaling Pathway (GO:0007213)","1/17",0.0817146326715557,0.229267191043146,0,0,12.5530303030303,31.4393429542943,"CHRM3","GO_Biological_Process_2023","yellow"
"Transepithelial Transport (GO:0070633)","1/17",0.0817146326715557,0.229267191043146,0,0,12.5530303030303,31.4393429542943,"SLC1A2","GO_Biological_Process_2023","yellow"
"Growth Hormone Receptor Signaling Pathway (GO:0060396)","1/17",0.0817146326715557,0.229267191043146,0,0,12.5530303030303,31.4393429542943,"GHR","GO_Biological_Process_2023","yellow"
"Ventricular Cardiac Muscle Cell Action Potential (GO:0086005)","1/17",0.0817146326715557,0.229267191043146,0,0,12.5530303030303,31.4393429542943,"RYR2","GO_Biological_Process_2023","yellow"
"Negative Regulation Of Vascular Associated Smooth Muscle Cell Proliferation (GO:1904706)","1/17",0.0817146326715557,0.229267191043146,0,0,12.5530303030303,31.4393429542943,"PRKG1","GO_Biological_Process_2023","yellow"
"Cellular Response To Alkaloid (GO:0071312)","1/17",0.0817146326715557,0.229267191043146,0,0,12.5530303030303,31.4393429542943,"RYR2","GO_Biological_Process_2023","yellow"
"Microtubule Depolymerization (GO:0007019)","1/17",0.0817146326715557,0.229267191043146,0,0,12.5530303030303,31.4393429542943,"NCKAP5","GO_Biological_Process_2023","yellow"
"Myeloid Cell Activation Involved In Immune Response (GO:0002275)","1/17",0.0817146326715557,0.229267191043146,0,0,12.5530303030303,31.4393429542943,"PLCG2","GO_Biological_Process_2023","yellow"
"Positive Regulation Of Cell Cycle Phase Transition (GO:1901989)","1/17",0.0817146326715557,0.229267191043146,0,0,12.5530303030303,31.4393429542943,"PLCG2","GO_Biological_Process_2023","yellow"
"Embryonic Heart Tube Development (GO:0035050)","1/17",0.0817146326715557,0.229267191043146,0,0,12.5530303030303,31.4393429542943,"RYR2","GO_Biological_Process_2023","yellow"
"Positive Regulation Of Epithelial Cell Migration (GO:0010634)","2/95",0.0819552402371427,0.229267191043146,0,0,4.34649989027869,10.873126025504,"PLCG2;DOCK1","GO_Biological_Process_2023","yellow"
"Positive Regulation Of Neutrophil Chemotaxis (GO:0090023)","1/18",0.0863099571505928,0.231674095509486,0,0,11.8140225787285,28.9421143066093,"MCU","GO_Biological_Process_2023","yellow"
"Adrenergic Receptor Signaling Pathway (GO:0071875)","1/18",0.0863099571505928,0.231674095509486,0,0,11.8140225787285,28.9421143066093,"ADRA1B","GO_Biological_Process_2023","yellow"
"Positive Regulation Of Stress-Activated Protein Kinase Signaling Cascade (GO:0070304)","1/18",0.0863099571505928,0.231674095509486,0,0,11.8140225787285,28.9421143066093,"MID1","GO_Biological_Process_2023","yellow"
"Neuromuscular Synaptic Transmission (GO:0007274)","1/18",0.0863099571505928,0.231674095509486,0,0,11.8140225787285,28.9421143066093,"DTNA","GO_Biological_Process_2023","yellow"
"Nitric Oxide Mediated Signal Transduction (GO:0007263)","1/18",0.0863099571505928,0.231674095509486,0,0,11.8140225787285,28.9421143066093,"DDAH1","GO_Biological_Process_2023","yellow"
"Positive Regulation Of NLRP3 Inflammasome Complex Assembly (GO:1900227)","1/18",0.0863099571505928,0.231674095509486,0,0,11.8140225787285,28.9421143066093,"PLCG2","GO_Biological_Process_2023","yellow"
"Myoblast Fusion (GO:0007520)","1/18",0.0863099571505928,0.231674095509486,0,0,11.8140225787285,28.9421143066093,"DOCK1","GO_Biological_Process_2023","yellow"
"Response To Axon Injury (GO:0048678)","1/18",0.0863099571505928,0.231674095509486,0,0,11.8140225787285,28.9421143066093,"PLCG2","GO_Biological_Process_2023","yellow"
"Detection Of Mechanical Stimulus (GO:0050982)","1/18",0.0863099571505928,0.231674095509486,0,0,11.8140225787285,28.9421143066093,"CDH2","GO_Biological_Process_2023","yellow"
"Regulation Of Cell-Cell Adhesion Mediated By Cadherin (GO:2000047)","1/18",0.0863099571505928,0.231674095509486,0,0,11.8140225787285,28.9421143066093,"NEXMIF","GO_Biological_Process_2023","yellow"
"Stimulatory C-type Lectin Receptor Signaling Pathway (GO:0002223)","1/19",0.0908825145361798,0.235371512255809,0,0,11.1571268237935,26.7568838212325,"PLCG2","GO_Biological_Process_2023","yellow"
"Positive Regulation Of Mitochondrial Fission (GO:0090141)","1/19",0.0908825145361798,0.235371512255809,0,0,11.1571268237935,26.7568838212325,"MCU","GO_Biological_Process_2023","yellow"
"Regulation Of Neuroinflammatory Response (GO:0150077)","1/19",0.0908825145361798,0.235371512255809,0,0,11.1571268237935,26.7568838212325,"PLCG2","GO_Biological_Process_2023","yellow"
"Protein Heterooligomerization (GO:0051291)","1/19",0.0908825145361798,0.235371512255809,0,0,11.1571268237935,26.7568838212325,"GRIN2B","GO_Biological_Process_2023","yellow"
"Phosphatidylcholine Biosynthetic Process (GO:0006656)","1/19",0.0908825145361798,0.235371512255809,0,0,11.1571268237935,26.7568838212325,"SLC44A5","GO_Biological_Process_2023","yellow"
"Cellular Response To Catecholamine Stimulus (GO:0071870)","1/19",0.0908825145361798,0.235371512255809,0,0,11.1571268237935,26.7568838212325,"RYR2","GO_Biological_Process_2023","yellow"
"Cellular Response To Lectin (GO:1990858)","1/19",0.0908825145361798,0.235371512255809,0,0,11.1571268237935,26.7568838212325,"PLCG2","GO_Biological_Process_2023","yellow"
"Cortical Actin Cytoskeleton Organization (GO:0030866)","1/19",0.0908825145361798,0.235371512255809,0,0,11.1571268237935,26.7568838212325,"FMNL2","GO_Biological_Process_2023","yellow"
"Positive Regulation Of Axon Extension (GO:0045773)","1/19",0.0908825145361798,0.235371512255809,0,0,11.1571268237935,26.7568838212325,"DSCAM","GO_Biological_Process_2023","yellow"
"Activation Of GTPase Activity (GO:0090630)","2/102",0.0924846891098034,0.23858890614708,0,0,4.04081632653061,9.62002061056518,"NTRK3;NTF3","GO_Biological_Process_2023","yellow"
"Fc-gamma Receptor Signaling Pathway Involved In Phagocytosis (GO:0038096)","1/20",0.0954324164624815,0.239665500434186,0,0,10.5693779904306,24.8310303892707,"PLPP4","GO_Biological_Process_2023","yellow"
"Lipopolysaccharide-Mediated Signaling Pathway (GO:0031663)","1/20",0.0954324164624815,0.239665500434186,0,0,10.5693779904306,24.8310303892707,"PLCG2","GO_Biological_Process_2023","yellow"
"Calcium-Mediated Signaling Using Intracellular Calcium Source (GO:0035584)","1/20",0.0954324164624815,0.239665500434186,0,0,10.5693779904306,24.8310303892707,"RYR2","GO_Biological_Process_2023","yellow"
"Regulation Of Smooth Muscle Contraction (GO:0006940)","1/20",0.0954324164624815,0.239665500434186,0,0,10.5693779904306,24.8310303892707,"CHRM3","GO_Biological_Process_2023","yellow"
"Regulation Of Calcium Ion Import (GO:0090279)","1/20",0.0954324164624815,0.239665500434186,0,0,10.5693779904306,24.8310303892707,"PLPP4","GO_Biological_Process_2023","yellow"
"Sensory Perception Of Pain (GO:0019233)","1/20",0.0954324164624815,0.239665500434186,0,0,10.5693779904306,24.8310303892707,"OPRK1","GO_Biological_Process_2023","yellow"
"Regulation Of Cardiac Muscle Contraction By Calcium Ion Signaling (GO:0010882)","1/20",0.0954324164624815,0.239665500434186,0,0,10.5693779904306,24.8310303892707,"RYR2","GO_Biological_Process_2023","yellow"
"Positive Regulation Of Cell Motility (GO:2000147)","3/221",0.0991226873008845,0.245456778457583,0,0,2.79230114442448,6.45411629408102,"CEMIP;NTRK3;NTF3","GO_Biological_Process_2023","yellow"
"Positive Regulation Of Granulocyte Chemotaxis (GO:0071624)","1/21",0.0999597740324998,0.245456778457583,0,0,10.040404040404,23.1229243332888,"MCU","GO_Biological_Process_2023","yellow"
"Positive Regulation Of Heart Contraction (GO:0045823)","1/21",0.0999597740324998,0.245456778457583,0,0,10.040404040404,23.1229243332888,"RYR2","GO_Biological_Process_2023","yellow"
"Regulation Of Neurotransmitter Transport (GO:0051588)","1/21",0.0999597740324998,0.245456778457583,0,0,10.040404040404,23.1229243332888,"CASK","GO_Biological_Process_2023","yellow"
"Mitochondrial Calcium Ion Homeostasis (GO:0051560)","1/21",0.0999597740324998,0.245456778457583,0,0,10.040404040404,23.1229243332888,"MCU","GO_Biological_Process_2023","yellow"
"Regulation Of Cardiac Conduction (GO:1903779)","1/21",0.0999597740324998,0.245456778457583,0,0,10.040404040404,23.1229243332888,"RYR2","GO_Biological_Process_2023","yellow"
"Glycerophospholipid Biosynthetic Process (GO:0046474)","2/108",0.101805071977306,0.248244066860454,0,0,3.81093569503273,8.70682707358352,"SLC44A5;PLCG2","GO_Biological_Process_2023","yellow"
"Cellular Response To Salt (GO:1902075)","2/109",0.1033831480897,0.248244066860454,0,0,3.77512874308602,8.56694989627224,"ADGRV1;PLCG2","GO_Biological_Process_2023","yellow"
"Negative Regulation Of Extrinsic Apoptotic Signaling Pathway In Absence Of Ligand (GO:2001240)","1/22",0.104464697819105,0.248244066860454,0,0,9.56180856180856,21.5992275397069,"EYA1","GO_Biological_Process_2023","yellow"
"Fc Receptor Mediated Stimulatory Signaling Pathway (GO:0002431)","1/22",0.104464697819105,0.248244066860454,0,0,9.56180856180856,21.5992275397069,"PLPP4","GO_Biological_Process_2023","yellow"
"Fc-epsilon Receptor Signaling Pathway (GO:0038095)","1/22",0.104464697819105,0.248244066860454,0,0,9.56180856180856,21.5992275397069,"PLCG2","GO_Biological_Process_2023","yellow"
"Acetylcholine Receptor Signaling Pathway (GO:0095500)","1/22",0.104464697819105,0.248244066860454,0,0,9.56180856180856,21.5992275397069,"CHRM3","GO_Biological_Process_2023","yellow"
"Negative Regulation Of Signal Transduction In Absence Of Ligand (GO:1901099)","1/22",0.104464697819105,0.248244066860454,0,0,9.56180856180856,21.5992275397069,"EYA1","GO_Biological_Process_2023","yellow"
"Positive Regulation Of Receptor Internalization (GO:0002092)","1/22",0.104464697819105,0.248244066860454,0,0,9.56180856180856,21.5992275397069,"NTF3","GO_Biological_Process_2023","yellow"
"Regulation Of Release Of Sequestered Calcium Ion Into Cytosol By Sarcoplasmic Reticulum (GO:0010880)","1/22",0.104464697819105,0.248244066860454,0,0,9.56180856180856,21.5992275397069,"RYR2","GO_Biological_Process_2023","yellow"
"Calcium Ion Transport (GO:0006816)","2/112",0.108157545302071,0.25433823403271,0,0,3.67161410018553,8.16628057590409,"RYR2;CACNG3","GO_Biological_Process_2023","yellow"
"Positive Regulation Of Neutrophil Migration (GO:1902624)","1/23",0.108947297836033,0.25433823403271,0,0,9.1267217630854,20.2329475165344,"MCU","GO_Biological_Process_2023","yellow"
"Heparan Sulfate Proteoglycan Biosynthetic Process (GO:0015012)","1/23",0.108947297836033,0.25433823403271,0,0,9.1267217630854,20.2329475165344,"NDST3","GO_Biological_Process_2023","yellow"
"Positive Regulation Of Protein Targeting To Membrane (GO:0090314)","1/23",0.108947297836033,0.25433823403271,0,0,9.1267217630854,20.2329475165344,"CEMIP","GO_Biological_Process_2023","yellow"
"Cell-Cell Signaling By Wnt (GO:0198738)","1/23",0.108947297836033,0.25433823403271,0,0,9.1267217630854,20.2329475165344,"PLCG2","GO_Biological_Process_2023","yellow"
"Positive Regulation Of GTPase Activity (GO:0043547)","3/234",0.112580488194083,0.257497582925407,0,0,2.63341812826349,5.75161393750542,"DOCK9;NTRK3;NTF3","GO_Biological_Process_2023","yellow"
"Regulation Of Cysteine-Type Endopeptidase Activity (GO:2000116)","1/24",0.113407683581024,0.257497582925407,0,0,8.72946859903382,19.0020116101552,"GRIN2B","GO_Biological_Process_2023","yellow"
"Fc-gamma Receptor Signaling Pathway (GO:0038094)","1/24",0.113407683581024,0.257497582925407,0,0,8.72946859903382,19.0020116101552,"PLPP4","GO_Biological_Process_2023","yellow"
"Gliogenesis (GO:0042063)","1/24",0.113407683581024,0.257497582925407,0,0,8.72946859903382,19.0020116101552,"CDH2","GO_Biological_Process_2023","yellow"
"Positive Regulation Of Peptidyl-Threonine Phosphorylation (GO:0010800)","1/24",0.113407683581024,0.257497582925407,0,0,8.72946859903382,19.0020116101552,"CEMIP","GO_Biological_Process_2023","yellow"
"Neuromuscular Junction Development (GO:0007528)","1/24",0.113407683581024,0.257497582925407,0,0,8.72946859903382,19.0020116101552,"UNC13C","GO_Biological_Process_2023","yellow"
"Regulation Of AMPA Receptor Activity (GO:2000311)","1/24",0.113407683581024,0.257497582925407,0,0,8.72946859903382,19.0020116101552,"CACNG3","GO_Biological_Process_2023","yellow"
"Response To Purine-Containing Compound (GO:0014074)","1/24",0.113407683581024,0.257497582925407,0,0,8.72946859903382,19.0020116101552,"RYR2","GO_Biological_Process_2023","yellow"
"Positive Regulation Of Interleukin-2 Production (GO:0032743)","1/25",0.117845964040422,0.260439580529332,0,0,8.36531986531987,17.8882067340701,"PLCG2","GO_Biological_Process_2023","yellow"
"Regulation Of Keratinocyte Proliferation (GO:0010837)","1/25",0.117845964040422,0.260439580529332,0,0,8.36531986531987,17.8882067340701,"CASK","GO_Biological_Process_2023","yellow"
"Negative Regulation Of Response To Wounding (GO:1903035)","1/25",0.117845964040422,0.260439580529332,0,0,8.36531986531987,17.8882067340701,"CASK","GO_Biological_Process_2023","yellow"
"Regulation Of Neutrophil Chemotaxis (GO:0090022)","1/25",0.117845964040422,0.260439580529332,0,0,8.36531986531987,17.8882067340701,"MCU","GO_Biological_Process_2023","yellow"
"Regulation Of Platelet Aggregation (GO:0090330)","1/25",0.117845964040422,0.260439580529332,0,0,8.36531986531987,17.8882067340701,"PRKG1","GO_Biological_Process_2023","yellow"
"Proteoglycan Metabolic Process (GO:0006029)","1/25",0.117845964040422,0.260439580529332,0,0,8.36531986531987,17.8882067340701,"CHST8","GO_Biological_Process_2023","yellow"
"Myotube Differentiation (GO:0014902)","1/25",0.117845964040422,0.260439580529332,0,0,8.36531986531987,17.8882067340701,"DOCK1","GO_Biological_Process_2023","yellow"
"Negative Regulation Of TORC1 Signaling (GO:1904262)","1/25",0.117845964040422,0.260439580529332,0,0,8.36531986531987,17.8882067340701,"RNF152","GO_Biological_Process_2023","yellow"
"Fc Receptor Signaling Pathway (GO:0038093)","1/26",0.122262247628669,0.264900169863641,0,0,8.03030303030303,16.8763802180029,"PLCG2","GO_Biological_Process_2023","yellow"
"Regulation Of Potassium Ion Transmembrane Transporter Activity (GO:1901016)","1/26",0.122262247628669,0.264900169863641,0,0,8.03030303030303,16.8763802180029,"KCNAB1","GO_Biological_Process_2023","yellow"
"Regulation Of Reactive Oxygen Species Biosynthetic Process (GO:1903426)","1/26",0.122262247628669,0.264900169863641,0,0,8.03030303030303,16.8763802180029,"PLCG2","GO_Biological_Process_2023","yellow"
"Plasma Membrane Invagination (GO:0099024)","1/26",0.122262247628669,0.264900169863641,0,0,8.03030303030303,16.8763802180029,"DOCK1","GO_Biological_Process_2023","yellow"
"Regulation Of Vasoconstriction (GO:0019229)","1/26",0.122262247628669,0.264900169863641,0,0,8.03030303030303,16.8763802180029,"CHRM3","GO_Biological_Process_2023","yellow"
"Regulation Of Cardiac Muscle Cell Contraction (GO:0086004)","1/26",0.122262247628669,0.264900169863641,0,0,8.03030303030303,16.8763802180029,"RYR2","GO_Biological_Process_2023","yellow"
"Potassium Ion Transport (GO:0006813)","2/122",0.124476246905678,0.264900169863641,0,0,3.36394557823129,7.00925280654715,"KCNG3;KCNAB1","GO_Biological_Process_2023","yellow"
"Establishment Of Protein Localization To Vacuole (GO:0072666)","1/27",0.126656642302827,0.264900169863641,0,0,7.72105672105672,15.9538300108164,"CACNG3","GO_Biological_Process_2023","yellow"
"Regulation Of Extrinsic Apoptotic Signaling Pathway In Absence Of Ligand (GO:2001239)","1/27",0.126656642302827,0.264900169863641,0,0,7.72105672105672,15.9538300108164,"EYA1","GO_Biological_Process_2023","yellow"
"Positive Regulation Of Nitric Oxide Biosynthetic Process (GO:0045429)","1/27",0.126656642302827,0.264900169863641,0,0,7.72105672105672,15.9538300108164,"DDAH1","GO_Biological_Process_2023","yellow"
"Amino Acid Import Across Plasma Membrane (GO:0089718)","1/27",0.126656642302827,0.264900169863641,0,0,7.72105672105672,15.9538300108164,"SLC1A2","GO_Biological_Process_2023","yellow"
"Regulation Of Mitochondrial Fission (GO:0090140)","1/27",0.126656642302827,0.264900169863641,0,0,7.72105672105672,15.9538300108164,"MCU","GO_Biological_Process_2023","yellow"
"Cell Surface Receptor Signaling Pathway Involved In Cell-Cell Signaling (GO:1905114)","1/27",0.126656642302827,0.264900169863641,0,0,7.72105672105672,15.9538300108164,"PLCG2","GO_Biological_Process_2023","yellow"
"Microtubule Polymerization Or Depolymerization (GO:0031109)","1/27",0.126656642302827,0.264900169863641,0,0,7.72105672105672,15.9538300108164,"NCKAP5","GO_Biological_Process_2023","yellow"
"Positive Regulation Of TORC1 Signaling (GO:1904263)","1/27",0.126656642302827,0.264900169863641,0,0,7.72105672105672,15.9538300108164,"GPR137C","GO_Biological_Process_2023","yellow"
"Cortical Cytoskeleton Organization (GO:0030865)","1/27",0.126656642302827,0.264900169863641,0,0,7.72105672105672,15.9538300108164,"FMNL2","GO_Biological_Process_2023","yellow"
"Positive Regulation Of Calcium Ion Transmembrane Transporter Activity (GO:1901021)","1/27",0.126656642302827,0.264900169863641,0,0,7.72105672105672,15.9538300108164,"RYR2","GO_Biological_Process_2023","yellow"
"Positive Regulation Of Nitric Oxide Metabolic Process (GO:1904407)","1/28",0.131029255394866,0.266749905907303,0,0,7.43471754582866,15.1098341340557,"DDAH1","GO_Biological_Process_2023","yellow"
"Negative Regulation Of Wound Healing (GO:0061045)","1/28",0.131029255394866,0.266749905907303,0,0,7.43471754582866,15.1098341340557,"CASK","GO_Biological_Process_2023","yellow"
"Regulation Of Nitric-Oxide Synthase Activity (GO:0050999)","1/28",0.131029255394866,0.266749905907303,0,0,7.43471754582866,15.1098341340557,"DDAH1","GO_Biological_Process_2023","yellow"
"Protein Depolymerization (GO:0051261)","1/28",0.131029255394866,0.266749905907303,0,0,7.43471754582866,15.1098341340557,"NCKAP5","GO_Biological_Process_2023","yellow"
"Regulation Of Protein Targeting To Membrane (GO:0090313)","1/28",0.131029255394866,0.266749905907303,0,0,7.43471754582866,15.1098341340557,"CEMIP","GO_Biological_Process_2023","yellow"
"Negative Regulation Of Cation Channel Activity (GO:2001258)","1/28",0.131029255394866,0.266749905907303,0,0,7.43471754582866,15.1098341340557,"KCNAB1","GO_Biological_Process_2023","yellow"
"Regulation Of Calcium Ion-Dependent Exocytosis (GO:0017158)","1/28",0.131029255394866,0.266749905907303,0,0,7.43471754582866,15.1098341340557,"RPH3A","GO_Biological_Process_2023","yellow"
"Regulation Of Cardiac Muscle Cell Action Potential (GO:0098901)","1/28",0.131029255394866,0.266749905907303,0,0,7.43471754582866,15.1098341340557,"RYR2","GO_Biological_Process_2023","yellow"
"Protein-Containing Complex Organization (GO:0043933)","2/126",0.131162095513998,0.266749905907303,0,0,3.25477287689269,6.61148963539459,"MAGI1;REPS2","GO_Biological_Process_2023","yellow"
"Regulation Of Developmental Growth (GO:0048638)","1/29",0.13538019382269,0.270352615977239,0,0,7.16883116883117,14.3352837783296,"GHR","GO_Biological_Process_2023","yellow"
"Alpha-Amino Acid Metabolic Process (GO:1901605)","1/29",0.13538019382269,0.270352615977239,0,0,7.16883116883117,14.3352837783296,"DDAH1","GO_Biological_Process_2023","yellow"
"Regulation Of Neuron Migration (GO:2001222)","1/29",0.13538019382269,0.270352615977239,0,0,7.16883116883117,14.3352837783296,"NEXMIF","GO_Biological_Process_2023","yellow"
"Regulation Of Striated Muscle Contraction (GO:0006942)","1/29",0.13538019382269,0.270352615977239,0,0,7.16883116883117,14.3352837783296,"RYR2","GO_Biological_Process_2023","yellow"
"Defense Response To Fungus (GO:0050832)","1/29",0.13538019382269,0.270352615977239,0,0,7.16883116883117,14.3352837783296,"PLCG2","GO_Biological_Process_2023","yellow"
"Positive Regulation Of Endopeptidase Activity (GO:0010950)","1/29",0.13538019382269,0.270352615977239,0,0,7.16883116883117,14.3352837783296,"GRIN2B","GO_Biological_Process_2023","yellow"
"Positive Regulation Of Interleukin-10 Production (GO:0032733)","1/30",0.139709563918842,0.271634723982968,0,0,6.92128178335075,13.6223945108193,"PLCG2","GO_Biological_Process_2023","yellow"
"Negative Regulation Of Peptidyl-Tyrosine Phosphorylation (GO:0050732)","1/30",0.139709563918842,0.271634723982968,0,0,6.92128178335075,13.6223945108193,"NTF3","GO_Biological_Process_2023","yellow"
"Positive Regulation Of Phosphate Metabolic Process (GO:0045937)","1/30",0.139709563918842,0.271634723982968,0,0,6.92128178335075,13.6223945108193,"DSCAM","GO_Biological_Process_2023","yellow"
"Innate Immune Response Activating Cell Surface Receptor Signaling Pathway (GO:0002220)","1/30",0.139709563918842,0.271634723982968,0,0,6.92128178335075,13.6223945108193,"PLCG2","GO_Biological_Process_2023","yellow"
"Regulation Of Potassium Ion Transport (GO:0043266)","1/30",0.139709563918842,0.271634723982968,0,0,6.92128178335075,13.6223945108193,"KCNAB1","GO_Biological_Process_2023","yellow"
"Cardiac Muscle Cell Action Potential Involved In Contraction (GO:0086002)","1/30",0.139709563918842,0.271634723982968,0,0,6.92128178335075,13.6223945108193,"RYR2","GO_Biological_Process_2023","yellow"
"Phagocytosis, Engulfment (GO:0006911)","1/30",0.139709563918842,0.271634723982968,0,0,6.92128178335075,13.6223945108193,"DOCK1","GO_Biological_Process_2023","yellow"
"Phospholipid Dephosphorylation (GO:0046839)","1/30",0.139709563918842,0.271634723982968,0,0,6.92128178335075,13.6223945108193,"PLPP4","GO_Biological_Process_2023","yellow"
"Regulation Of Calcium-Mediated Signaling (GO:0050848)","1/30",0.139709563918842,0.271634723982968,0,0,6.92128178335075,13.6223945108193,"PLCG2","GO_Biological_Process_2023","yellow"
"Cellular Component Assembly (GO:0022607)","3/260",0.14141158811655,0.274140008541733,0,0,2.3638734004573,4.62392684309769,"MAGI1;CALD1;REPS2","GO_Biological_Process_2023","yellow"
"Regulation Of Dendrite Morphogenesis (GO:0048814)","1/31",0.144017471501311,0.274378113808533,0,0,6.69023569023569,12.9644769200402,"SDC2","GO_Biological_Process_2023","yellow"
"Toll-Like Receptor Signaling Pathway (GO:0002224)","1/31",0.144017471501311,0.274378113808533,0,0,6.69023569023569,12.9644769200402,"PLCG2","GO_Biological_Process_2023","yellow"
"Glutamine Family Amino Acid Metabolic Process (GO:0009064)","1/31",0.144017471501311,0.274378113808533,0,0,6.69023569023569,12.9644769200402,"DDAH1","GO_Biological_Process_2023","yellow"
"Organic Cation Transport (GO:0015695)","1/31",0.144017471501311,0.274378113808533,0,0,6.69023569023569,12.9644769200402,"SLC44A5","GO_Biological_Process_2023","yellow"
"Receptor Signaling Pathway Via STAT (GO:0097696)","1/31",0.144017471501311,0.274378113808533,0,0,6.69023569023569,12.9644769200402,"GHR","GO_Biological_Process_2023","yellow"
"Regulation Of Cell Morphogenesis (GO:0022604)","1/31",0.144017471501311,0.274378113808533,0,0,6.69023569023569,12.9644769200402,"FMNL2","GO_Biological_Process_2023","yellow"
"Cellular Response To Metal Ion (GO:0071248)","2/135",0.146494146719129,0.278296903366139,0,0,3.03314408470155,5.82597157350083,"ADGRV1;PLCG2","GO_Biological_Process_2023","yellow"
"Negative Regulation Of Osteoblast Differentiation (GO:0045668)","1/32",0.148304021933978,0.278659667102295,0,0,6.47409579667644,12.3557529781019,"CRIM1","GO_Biological_Process_2023","yellow"
"Epithelial Tube Morphogenesis (GO:0060562)","1/33",0.152569319997184,0.278659667102295,0,0,6.27146464646465,11.7912078898077,"RYR2","GO_Biological_Process_2023","yellow"
"Positive Regulation Of Interleukin-12 Production (GO:0032735)","1/33",0.152569319997184,0.278659667102295,0,0,6.27146464646465,11.7912078898077,"PLCG2","GO_Biological_Process_2023","yellow"
"Ventricular Cardiac Muscle Tissue Morphogenesis (GO:0055010)","1/33",0.152569319997184,0.278659667102295,0,0,6.27146464646465,11.7912078898077,"RYR2","GO_Biological_Process_2023","yellow"
"Actin Filament Bundle Assembly (GO:0051017)","1/33",0.152569319997184,0.278659667102295,0,0,6.27146464646465,11.7912078898077,"CALD1","GO_Biological_Process_2023","yellow"
"Actin Filament Bundle Organization (GO:0061572)","1/33",0.152569319997184,0.278659667102295,0,0,6.27146464646465,11.7912078898077,"CALD1","GO_Biological_Process_2023","yellow"
"Positive Regulation Of Release Of Sequestered Calcium Ion Into Cytosol (GO:0051281)","1/33",0.152569319997184,0.278659667102295,0,0,6.27146464646465,11.7912078898077,"CEMIP","GO_Biological_Process_2023","yellow"
"Positive Regulation Of Reproductive Process (GO:2000243)","1/33",0.152569319997184,0.278659667102295,0,0,6.27146464646465,11.7912078898077,"TACR3","GO_Biological_Process_2023","yellow"
"Inositol Lipid-Mediated Signaling (GO:0048017)","1/33",0.152569319997184,0.278659667102295,0,0,6.27146464646465,11.7912078898077,"PLCG2","GO_Biological_Process_2023","yellow"
"Regulation Of Potassium Ion Transmembrane Transport (GO:1901379)","1/33",0.152569319997184,0.278659667102295,0,0,6.27146464646465,11.7912078898077,"KCNAB1","GO_Biological_Process_2023","yellow"
"Cardiac Muscle Contraction (GO:0060048)","1/33",0.152569319997184,0.278659667102295,0,0,6.27146464646465,11.7912078898077,"RYR2","GO_Biological_Process_2023","yellow"
"Regulation Of NLRP3 Inflammasome Complex Assembly (GO:1900225)","1/33",0.152569319997184,0.278659667102295,0,0,6.27146464646465,11.7912078898077,"PLCG2","GO_Biological_Process_2023","yellow"
"Positive Regulation Of Cytokine Production Involved In Immune Response (GO:0002720)","1/33",0.152569319997184,0.278659667102295,0,0,6.27146464646465,11.7912078898077,"PLCG2","GO_Biological_Process_2023","yellow"
"Regulation Of Cell Adhesion Mediated By Integrin (GO:0033628)","1/33",0.152569319997184,0.278659667102295,0,0,6.27146464646465,11.7912078898077,"NEXMIF","GO_Biological_Process_2023","yellow"
"Intracellular Calcium Ion Homeostasis (GO:0006874)","2/139",0.1534237633251,0.279450426056432,0,0,2.94398927454193,5.51865948464525,"RYR2;MCU","GO_Biological_Process_2023","yellow"
"Glial Cell Differentiation (GO:0010001)","1/34",0.156813470025957,0.281754283542572,0,0,6.08111417202326,11.2664696999635,"CDH2","GO_Biological_Process_2023","yellow"
"Positive Regulation Of Neuron Death (GO:1901216)","1/34",0.156813470025957,0.281754283542572,0,0,6.08111417202326,11.2664696999635,"GRIN2B","GO_Biological_Process_2023","yellow"
"Regulation Of Metal Ion Transport (GO:0010959)","1/34",0.156813470025957,0.281754283542572,0,0,6.08111417202326,11.2664696999635,"NKAIN3","GO_Biological_Process_2023","yellow"
"Cellular Response To Amyloid-Beta (GO:1904646)","1/34",0.156813470025957,0.281754283542572,0,0,6.08111417202326,11.2664696999635,"GRIN2A","GO_Biological_Process_2023","yellow"
"Regulation Of calcineurin-NFAT Signaling Cascade (GO:0070884)","1/34",0.156813470025957,0.281754283542572,0,0,6.08111417202326,11.2664696999635,"PLCG2","GO_Biological_Process_2023","yellow"
"Positive Regulation Of Substrate Adhesion-Dependent Cell Spreading (GO:1900026)","1/35",0.161036575774195,0.284712665968777,0,0,5.90196078431373,10.7777108251808,"DOCK1","GO_Biological_Process_2023","yellow"
"Macrophage Activation (GO:0042116)","1/35",0.161036575774195,0.284712665968777,0,0,5.90196078431373,10.7777108251808,"PLCG2","GO_Biological_Process_2023","yellow"
"Regulation Of Regulated Secretory Pathway (GO:1903305)","1/35",0.161036575774195,0.284712665968777,0,0,5.90196078431373,10.7777108251808,"RPH3A","GO_Biological_Process_2023","yellow"
"Regulation Of Sodium Ion Transport (GO:0002028)","1/35",0.161036575774195,0.284712665968777,0,0,5.90196078431373,10.7777108251808,"NKAIN3","GO_Biological_Process_2023","yellow"
"Dendrite Morphogenesis (GO:0048813)","1/35",0.161036575774195,0.284712665968777,0,0,5.90196078431373,10.7777108251808,"SDC2","GO_Biological_Process_2023","yellow"
"Regulation Of Cardiac Muscle Contraction (GO:0055117)","1/35",0.161036575774195,0.284712665968777,0,0,5.90196078431373,10.7777108251808,"RYR2","GO_Biological_Process_2023","yellow"
"Regulation Of Peptidyl-Threonine Phosphorylation (GO:0010799)","1/36",0.165238740567014,0.289823505280239,0,0,5.73304473304473,10.3215669941692,"CEMIP","GO_Biological_Process_2023","yellow"
"Regulation Of Receptor Internalization (GO:0002090)","1/36",0.165238740567014,0.289823505280239,0,0,5.73304473304473,10.3215669941692,"NTF3","GO_Biological_Process_2023","yellow"
"Receptor Signaling Pathway Via JAK-STAT (GO:0007259)","1/36",0.165238740567014,0.289823505280239,0,0,5.73304473304473,10.3215669941692,"GHR","GO_Biological_Process_2023","yellow"
"Neuron Projection Morphogenesis (GO:0048812)","2/146",0.165699874581937,0.289865479809563,0,0,2.79988662131519,5.03301210512649,"SDC2;NTF3","GO_Biological_Process_2023","yellow"
"Monoatomic Cation Transmembrane Transport (GO:0098655)","3/281",0.166311225030135,0.290169321565735,0,0,2.18297114885411,3.91601971139578,"KCNG3;GRIN2A;GRIN2B","GO_Biological_Process_2023","yellow"
"Synaptic Vesicle Cycle (GO:0099504)","1/37",0.169420067180126,0.291754557247853,0,0,5.57351290684624,9.89507014564132,"CDH2","GO_Biological_Process_2023","yellow"
"Negative Regulation Of Smooth Muscle Cell Proliferation (GO:0048662)","1/37",0.169420067180126,0.291754557247853,0,0,5.57351290684624,9.89507014564132,"PRKG1","GO_Biological_Process_2023","yellow"
"Positive Regulation Of Receptor Signaling Pathway Via JAK-STAT (GO:0046427)","1/37",0.169420067180126,0.291754557247853,0,0,5.57351290684624,9.89507014564132,"GHR","GO_Biological_Process_2023","yellow"
"Positive Regulation Of Receptor Signaling Pathway Via STAT (GO:1904894)","1/37",0.169420067180126,0.291754557247853,0,0,5.57351290684624,9.89507014564132,"GHR","GO_Biological_Process_2023","yellow"
"Regulation Of Vascular Associated Smooth Muscle Cell Proliferation (GO:1904705)","1/37",0.169420067180126,0.291754557247853,0,0,5.57351290684624,9.89507014564132,"PRKG1","GO_Biological_Process_2023","yellow"
"Negative Regulation Of Protein Phosphorylation (GO:0001933)","2/149",0.171013633267106,0.293735851958786,0,0,2.74232958489518,4.84298695199844,"NTRK3;NTF3","GO_Biological_Process_2023","yellow"
"G2/M Transition Of Mitotic Cell Cycle (GO:0000086)","1/38",0.173580657931626,0.295845697194519,0,0,5.42260442260442,9.49559255823113,"FBXL7","GO_Biological_Process_2023","yellow"
"Regulation Of Neurotransmitter Secretion (GO:0046928)","1/38",0.173580657931626,0.295845697194519,0,0,5.42260442260442,9.49559255823113,"CASK","GO_Biological_Process_2023","yellow"
"Positive Regulation Of Bone Mineralization (GO:0030501)","1/38",0.173580657931626,0.295845697194519,0,0,5.42260442260442,9.49559255823113,"ADGRV1","GO_Biological_Process_2023","yellow"
"Fibroblast Growth Factor Receptor Signaling Pathway (GO:0008543)","1/39",0.17772061456847,0.300583590456367,0,0,5.27963849016481,9.12080010262218,"FLRT2","GO_Biological_Process_2023","yellow"
"Regulation Of Nitric Oxide Biosynthetic Process (GO:0045428)","1/39",0.17772061456847,0.300583590456367,0,0,5.27963849016481,9.12080010262218,"DDAH1","GO_Biological_Process_2023","yellow"
"Positive Regulation Of ATP-dependent Activity (GO:0032781)","1/39",0.17772061456847,0.300583590456367,0,0,5.27963849016481,9.12080010262218,"RYR2","GO_Biological_Process_2023","yellow"
"Positive Regulation Of Insulin Secretion (GO:0032024)","1/40",0.181840038445641,0.301399863723649,0,0,5.14400414400414,8.76861291991989,"MCU","GO_Biological_Process_2023","yellow"
"Regulation Of Cytosolic Calcium Ion Concentration (GO:0051480)","1/40",0.181840038445641,0.301399863723649,0,0,5.14400414400414,8.76861291991989,"RYR2","GO_Biological_Process_2023","yellow"
"L-alpha-amino Acid Transmembrane Transport (GO:1902475)","1/40",0.181840038445641,0.301399863723649,0,0,5.14400414400414,8.76861291991989,"SLC1A2","GO_Biological_Process_2023","yellow"
"Negative Regulation Of Secretion By Cell (GO:1903531)","1/40",0.181840038445641,0.301399863723649,0,0,5.14400414400414,8.76861291991989,"GRM7","GO_Biological_Process_2023","yellow"
"Regulation Of Microtubule Cytoskeleton Organization (GO:0070507)","1/40",0.181840038445641,0.301399863723649,0,0,5.14400414400414,8.76861291991989,"MID1","GO_Biological_Process_2023","yellow"
"Cell Cycle G2/M Phase Transition (GO:0044839)","1/40",0.181840038445641,0.301399863723649,0,0,5.14400414400414,8.76861291991989,"FBXL7","GO_Biological_Process_2023","yellow"
"Positive Regulation Of Cell Cycle G1/S Phase Transition (GO:1902808)","1/40",0.181840038445641,0.301399863723649,0,0,5.14400414400414,8.76861291991989,"PLCG2","GO_Biological_Process_2023","yellow"
"Negative Regulation Of Cell-Cell Adhesion (GO:0022408)","1/40",0.181840038445641,0.301399863723649,0,0,5.14400414400414,8.76861291991989,"NEXMIF","GO_Biological_Process_2023","yellow"
"Regulation Of Dendrite Development (GO:0050773)","1/41",0.185939030336605,0.301658565297261,0,0,5.01515151515152,8.43717221072756,"SDC2","GO_Biological_Process_2023","yellow"
"Synaptic Vesicle Exocytosis (GO:0016079)","1/41",0.185939030336605,0.301658565297261,0,0,5.01515151515152,8.43717221072756,"UNC13C","GO_Biological_Process_2023","yellow"
"Heart Contraction (GO:0060047)","1/41",0.185939030336605,0.301658565297261,0,0,5.01515151515152,8.43717221072756,"RYR2","GO_Biological_Process_2023","yellow"
"Positive Regulation Of Ossification (GO:0045778)","1/41",0.185939030336605,0.301658565297261,0,0,5.01515151515152,8.43717221072756,"ADGRV1","GO_Biological_Process_2023","yellow"
"Visual System Development (GO:0150063)","1/41",0.185939030336605,0.301658565297261,0,0,5.01515151515152,8.43717221072756,"FREM2","GO_Biological_Process_2023","yellow"
"Regulation Of Microtubule-Based Process (GO:0032886)","1/41",0.185939030336605,0.301658565297261,0,0,5.01515151515152,8.43717221072756,"MID1","GO_Biological_Process_2023","yellow"
"Protein Localization To Lysosome (GO:0061462)","1/41",0.185939030336605,0.301658565297261,0,0,5.01515151515152,8.43717221072756,"CACNG3","GO_Biological_Process_2023","yellow"
"Response To Amino Acid Starvation (GO:1990928)","1/41",0.185939030336605,0.301658565297261,0,0,5.01515151515152,8.43717221072756,"RNF152","GO_Biological_Process_2023","yellow"
"Regulation Of Intracellular Signal Transduction (GO:1902531)","3/297",0.186091030477496,0.301658565297261,0,0,2.06248685041027,3.46811147346916,"PLEKHG1;NTRK3;PLCG2","GO_Biological_Process_2023","yellow"
"Regulation Of Neurotransmitter Receptor Activity (GO:0099601)","1/42",0.190017690585897,0.303570430984217,0,0,4.89258438038926,8.12481204328322,"CACNG3","GO_Biological_Process_2023","yellow"
"Lipid Modification (GO:0030258)","1/42",0.190017690585897,0.303570430984217,0,0,4.89258438038926,8.12481204328322,"PLPP4","GO_Biological_Process_2023","yellow"
"Cellular Response To Amino Acid Starvation (GO:0034198)","1/42",0.190017690585897,0.303570430984217,0,0,4.89258438038926,8.12481204328322,"RNF152","GO_Biological_Process_2023","yellow"
"Positive Regulation Of Calcium Ion Transmembrane Transport (GO:1904427)","1/42",0.190017690585897,0.303570430984217,0,0,4.89258438038926,8.12481204328322,"CEMIP","GO_Biological_Process_2023","yellow"
"Regulation Of Axonogenesis (GO:0050770)","1/42",0.190017690585897,0.303570430984217,0,0,4.89258438038926,8.12481204328322,"CDH2","GO_Biological_Process_2023","yellow"
"Embryonic Heart Tube Morphogenesis (GO:0003143)","1/42",0.190017690585897,0.303570430984217,0,0,4.89258438038926,8.12481204328322,"RYR2","GO_Biological_Process_2023","yellow"
"SCF-dependent Proteasomal Ubiquitin-Dependent Protein Catabolic Process (GO:0031146)","1/43",0.19407611900782,0.304190229083178,0,0,4.77585377585378,7.83003533696715,"FBXL7","GO_Biological_Process_2023","yellow"
"Positive Regulation Of Receptor-Mediated Endocytosis (GO:0048260)","1/43",0.19407611900782,0.304190229083178,0,0,4.77585377585378,7.83003533696715,"NTF3","GO_Biological_Process_2023","yellow"
"Neurotransmitter Secretion (GO:0007269)","1/43",0.19407611900782,0.304190229083178,0,0,4.77585377585378,7.83003533696715,"RPH3A","GO_Biological_Process_2023","yellow"
"Regulation Of Primary Metabolic Process (GO:0080090)","1/43",0.19407611900782,0.304190229083178,0,0,4.77585377585378,7.83003533696715,"PLCG2","GO_Biological_Process_2023","yellow"
"Response To Amyloid-Beta (GO:1904645)","1/43",0.19407611900782,0.304190229083178,0,0,4.77585377585378,7.83003533696715,"GRIN2A","GO_Biological_Process_2023","yellow"
"Negative Regulation Of BMP Signaling Pathway (GO:0030514)","1/43",0.19407611900782,0.304190229083178,0,0,4.77585377585378,7.83003533696715,"CRIM1","GO_Biological_Process_2023","yellow"
"Positive Regulation Of Biomineral Tissue Development (GO:0070169)","1/43",0.19407611900782,0.304190229083178,0,0,4.77585377585378,7.83003533696715,"ADGRV1","GO_Biological_Process_2023","yellow"
"Regulation Of Cell-Cell Adhesion (GO:0022407)","1/43",0.19407611900782,0.304190229083178,0,0,4.77585377585378,7.83003533696715,"MAGI1","GO_Biological_Process_2023","yellow"
"Adenylate Cyclase-Modulating G Protein-Coupled Receptor Signaling Pathway (GO:0007188)","2/163",0.196156627809209,0.306726047729966,0,0,2.50209151983775,4.07551129848272,"OPRK1;ADRA1B","GO_Biological_Process_2023","yellow"
"Neural Crest Cell Development (GO:0014032)","1/44",0.1981144149655,0.307610906609195,0,0,4.6645525017618,7.55149331126355,"CDH2","GO_Biological_Process_2023","yellow"
"Positive Regulation Of Biosynthetic Process (GO:0009891)","1/44",0.1981144149655,0.307610906609195,0,0,4.6645525017618,7.55149331126355,"PLCG2","GO_Biological_Process_2023","yellow"
"Embryonic Organ Morphogenesis (GO:0048562)","1/44",0.1981144149655,0.307610906609195,0,0,4.6645525017618,7.55149331126355,"RYR2","GO_Biological_Process_2023","yellow"
"Epidermal Growth Factor Receptor Signaling Pathway (GO:0007173)","1/45",0.202132677279174,0.312386864885997,0,0,4.55831037649219,7.28796784173202,"REPS2","GO_Biological_Process_2023","yellow"
"Zymogen Activation (GO:0031638)","1/45",0.202132677279174,0.312386864885997,0,0,4.55831037649219,7.28796784173202,"GRIN2A","GO_Biological_Process_2023","yellow"
"B Cell Receptor Signaling Pathway (GO:0050853)","1/46",0.206131004383124,0.314895981350256,0,0,4.45679012345679,7.03835624820852,"PLCG2","GO_Biological_Process_2023","yellow"
"Regulation Of Interleukin-10 Production (GO:0032653)","1/46",0.206131004383124,0.314895981350256,0,0,4.45679012345679,7.03835624820852,"PLCG2","GO_Biological_Process_2023","yellow"
"Positive Regulation Of Peptide Hormone Secretion (GO:0090277)","1/46",0.206131004383124,0.314895981350256,0,0,4.45679012345679,7.03835624820852,"MCU","GO_Biological_Process_2023","yellow"
"Protein Sumoylation (GO:0016925)","1/46",0.206131004383124,0.314895981350256,0,0,4.45679012345679,7.03835624820852,"EYA1","GO_Biological_Process_2023","yellow"
"Positive Regulation Of Cell-Cell Adhesion (GO:0022409)","1/46",0.206131004383124,0.314895981350256,0,0,4.45679012345679,7.03835624820852,"MAGI1","GO_Biological_Process_2023","yellow"
"Regulation Of Interleukin-2 Production (GO:0032663)","1/47",0.210109494168341,0.318770239436179,0,0,4.3596837944664,6.80165814675797,"PLCG2","GO_Biological_Process_2023","yellow"
"Regulation Of Wound Healing (GO:0061041)","1/47",0.210109494168341,0.318770239436179,0,0,4.3596837944664,6.80165814675797,"CASK","GO_Biological_Process_2023","yellow"
"Positive Regulation Of TOR Signaling (GO:0032008)","1/47",0.210109494168341,0.318770239436179,0,0,4.3596837944664,6.80165814675797,"GPR137C","GO_Biological_Process_2023","yellow"
"Heart Development (GO:0007507)","2/171",0.210728128748523,0.31897887981797,0,0,2.38268325081512,3.71028211013766,"FLRT2;NTRK3","GO_Biological_Process_2023","yellow"
"Generation Of Neurons (GO:0048699)","2/172",0.212557721644281,0.321015420159813,0,0,2.36854741896759,3.66779443778241,"EN2;SMARCA1","GO_Biological_Process_2023","yellow"
"Positive Regulation Of Reactive Oxygen Species Metabolic Process (GO:2000379)","1/48",0.214068244088033,0.322312591441781,0,0,4.26670964968837,6.57696403663591,"PLCG2","GO_Biological_Process_2023","yellow"
"Neuron Differentiation (GO:0030182)","2/173",0.21438891828933,0.322312591441781,0,0,2.35457691848669,3.6259626023678,"EN2;SMARCA1","GO_Biological_Process_2023","yellow"
"Regulation Of Neuron Projection Development (GO:0010975)","2/174",0.216221657628596,0.324332486442893,0,0,2.34076886568581,3.58477329939303,"CDH2;NTRK3","GO_Biological_Process_2023","yellow"
"Regulation Of Cell Communication (GO:0010646)","1/49",0.21800735103248,0.326272852673892,0,0,4.17760942760943,6.36344537186664,"RYR2","GO_Biological_Process_2023","yellow"
"G Protein-Coupled Receptor Signaling Pathway, Coupled To Cyclic Nucleotide Second Messenger (GO:0007187)","1/50",0.221926911560385,0.327700539787384,0,0,4.09214594928881,6.16034588762116,"CHRM3","GO_Biological_Process_2023","yellow"
"Regulation Of Interleukin-12 Production (GO:0032655)","1/50",0.221926911560385,0.327700539787384,0,0,4.09214594928881,6.16034588762116,"PLCG2","GO_Biological_Process_2023","yellow"
"Plasma Membrane Bounded Cell Projection Morphogenesis (GO:0120039)","1/50",0.221926911560385,0.327700539787384,0,0,4.09214594928881,6.16034588762116,"NTF3","GO_Biological_Process_2023","yellow"
"Positive Regulation Of Cell Death (GO:0010942)","1/50",0.221926911560385,0.327700539787384,0,0,4.09214594928881,6.16034588762116,"GRIN2B","GO_Biological_Process_2023","yellow"
"Positive Regulation Of Developmental Growth (GO:0048639)","1/50",0.221926911560385,0.327700539787384,0,0,4.09214594928881,6.16034588762116,"GHR","GO_Biological_Process_2023","yellow"
"Negative Regulation Of Cell Projection Organization (GO:0031345)","1/50",0.221926911560385,0.327700539787384,0,0,4.09214594928881,6.16034588762116,"GRIN2B","GO_Biological_Process_2023","yellow"
"Regulation Of Release Of Sequestered Calcium Ion Into Cytosol (GO:0051279)","1/51",0.225827021656465,0.329302967965894,0,0,4.01010101010101,5.96697401593565,"CEMIP","GO_Biological_Process_2023","yellow"
"Microtubule Bundle Formation (GO:0001578)","1/51",0.225827021656465,0.329302967965894,0,0,4.01010101010101,5.96697401593565,"NCKAP5","GO_Biological_Process_2023","yellow"
"Regulation Of Stress-Activated MAPK Cascade (GO:0032872)","1/51",0.225827021656465,0.329302967965894,0,0,4.01010101010101,5.96697401593565,"MID1","GO_Biological_Process_2023","yellow"
"Regulation Of Substrate Adhesion-Dependent Cell Spreading (GO:1900024)","1/51",0.225827021656465,0.329302967965894,0,0,4.01010101010101,5.96697401593565,"DOCK1","GO_Biological_Process_2023","yellow"
"Sensory Perception (GO:0007600)","1/51",0.225827021656465,0.329302967965894,0,0,4.01010101010101,5.96697401593565,"OPRK1","GO_Biological_Process_2023","yellow"
"Protein-Containing Complex Assembly (GO:0065003)","3/328",0.22599223291777,0.329302967965894,0,0,1.86280729579699,2.77046880885506,"MAGI1;REPS2;MCU","GO_Biological_Process_2023","yellow"
"Neurotransmitter Transport (GO:0006836)","1/52",0.229707776816989,0.333983017608911,0,0,3.93127351950881,5.78269622196604,"SLC1A2","GO_Biological_Process_2023","yellow"
"Glycoprotein Metabolic Process (GO:0009100)","1/53",0.233569272224541,0.33591415940319,0,0,3.85547785547786,5.60693113764998,"PCSK6","GO_Biological_Process_2023","yellow"
"Actin Cytoskeleton Reorganization (GO:0031532)","1/53",0.233569272224541,0.33591415940319,0,0,3.85547785547786,5.60693113764998,"MCU","GO_Biological_Process_2023","yellow"
"Blood Vessel Morphogenesis (GO:0048514)","1/53",0.233569272224541,0.33591415940319,0,0,3.85547785547786,5.60693113764998,"CDH2","GO_Biological_Process_2023","yellow"
"Regulation Of Receptor Signaling Pathway Via JAK-STAT (GO:0046425)","1/53",0.233569272224541,0.33591415940319,0,0,3.85547785547786,5.60693113764998,"GHR","GO_Biological_Process_2023","yellow"
"Regulation Of Alternative mRNA Splicing, Via Spliceosome (GO:0000381)","1/53",0.233569272224541,0.33591415940319,0,0,3.85547785547786,5.60693113764998,"KHDRBS2","GO_Biological_Process_2023","yellow"
"ERBB Signaling Pathway (GO:0038127)","1/54",0.237411602446854,0.338502994456482,0,0,3.78254240518391,5.43914439332398,"REPS2","GO_Biological_Process_2023","yellow"
"Regulation Of Lipid Metabolic Process (GO:0019216)","1/54",0.237411602446854,0.338502994456482,0,0,3.78254240518391,5.43914439332398,"PLCG2","GO_Biological_Process_2023","yellow"
"Protein K63-linked Ubiquitination (GO:0070534)","1/54",0.237411602446854,0.338502994456482,0,0,3.78254240518391,5.43914439332398,"RNF152","GO_Biological_Process_2023","yellow"
"Negative Regulation Of TOR Signaling (GO:0032007)","1/54",0.237411602446854,0.338502994456482,0,0,3.78254240518391,5.43914439332398,"RNF152","GO_Biological_Process_2023","yellow"
"Positive Regulation Of Tyrosine Phosphorylation Of STAT Protein (GO:0042531)","1/55",0.241234861655302,0.341749387345011,0,0,3.71230826786382,5.27884403782842,"GHR","GO_Biological_Process_2023","yellow"
"Phosphatidylcholine Metabolic Process (GO:0046470)","1/55",0.241234861655302,0.341749387345011,0,0,3.71230826786382,5.27884403782842,"SLC44A5","GO_Biological_Process_2023","yellow"
"Cellular Response To Fibroblast Growth Factor Stimulus (GO:0044344)","1/55",0.241234861655302,0.341749387345011,0,0,3.71230826786382,5.27884403782842,"FLRT2","GO_Biological_Process_2023","yellow"
"Endocytosis (GO:0006897)","2/189",0.243858065056649,0.344196932596637,0,0,2.1513696387646,3.03594597725027,"REPS2;LDLRAD3","GO_Biological_Process_2023","yellow"
"Pattern Recognition Receptor Signaling Pathway (GO:0002221)","1/56",0.245039143568043,0.344196932596637,0,0,3.64462809917355,5.12557648253206,"PLCG2","GO_Biological_Process_2023","yellow"
"Cellular Response To Peptide (GO:1901653)","1/56",0.245039143568043,0.344196932596637,0,0,3.64462809917355,5.12557648253206,"GRIN2A","GO_Biological_Process_2023","yellow"
"Regulation Of Cation Channel Activity (GO:2001257)","1/56",0.245039143568043,0.344196932596637,0,0,3.64462809917355,5.12557648253206,"KCNAB1","GO_Biological_Process_2023","yellow"
"Regulation Of Calcium Ion Transport (GO:0051924)","1/57",0.248824541413001,0.34803939020426,0,0,3.57936507936508,4.97892289699759,"PLPP4","GO_Biological_Process_2023","yellow"
"Endosome To Lysosome Transport (GO:0008333)","1/57",0.248824541413001,0.34803939020426,0,0,3.57936507936508,4.97892289699759,"CACNG3","GO_Biological_Process_2023","yellow"
"Eye Development (GO:0001654)","1/58",0.252591147960672,0.348891523120678,0,0,3.5163919900762,4.83849599837867,"FREM2","GO_Biological_Process_2023","yellow"
"Positive Regulation Of Mitochondrion Organization (GO:0010822)","1/58",0.252591147960672,0.348891523120678,0,0,3.5163919900762,4.83849599837867,"MCU","GO_Biological_Process_2023","yellow"
"Glycosaminoglycan Biosynthetic Process (GO:0006024)","1/58",0.252591147960672,0.348891523120678,0,0,3.5163919900762,4.83849599837867,"CEMIP","GO_Biological_Process_2023","yellow"
"Regulation Of Neuron Death (GO:1901214)","1/58",0.252591147960672,0.348891523120678,0,0,3.5163919900762,4.83849599837867,"GRIN2B","GO_Biological_Process_2023","yellow"
"Memory (GO:0007613)","1/58",0.252591147960672,0.348891523120678,0,0,3.5163919900762,4.83849599837867,"NTF3","GO_Biological_Process_2023","yellow"
"Regulation Of Bone Mineralization (GO:0030500)","1/58",0.252591147960672,0.348891523120678,0,0,3.5163919900762,4.83849599837867,"ADGRV1","GO_Biological_Process_2023","yellow"
"Positive Regulation Of Phagocytosis (GO:0050766)","1/60",0.260068356267662,0.35847259917975,0,0,3.39684985447697,4.57491398098809,"PLCG2","GO_Biological_Process_2023","yellow"
"Organic Substance Transport (GO:0071702)","2/201",0.266080599970853,0.365998833569867,0,0,2.02040816326531,2.67493152775878,"RYR2;CACNG3","GO_Biological_Process_2023","yellow"
"Cell Junction Organization (GO:0034330)","1/62",0.267471501800711,0.366391747301387,0,0,3.28514654744163,4.33226156152993,"ELFN1","GO_Biological_Process_2023","yellow"
"Phosphatidylinositol-Mediated Signaling (GO:0048015)","1/62",0.267471501800711,0.366391747301387,0,0,3.28514654744163,4.33226156152993,"PLCG2","GO_Biological_Process_2023","yellow"
"Positive Regulation Of Intracellular Signal Transduction (GO:1902533)","4/525",0.268113107836342,0.366513382464937,0,0,1.54982405630198,2.04010522933567,"ADGRV1;NTRK3;PLCG2;ADRA1B","GO_Biological_Process_2023","yellow"
"Phosphatidylinositol Metabolic Process (GO:0046488)","1/63",0.271145528260931,0.369810429351773,0,0,3.23199739328772,4.21807849737542,"PLCG2","GO_Biological_Process_2023","yellow"
"Regulation Of MAPK Cascade (GO:0043408)","2/204",0.271640541620382,0.369810429351773,0,0,1.99009900990099,2.59364753063841,"PLCG2;ADRA1B","GO_Biological_Process_2023","yellow"
"Protein Modification By Small Protein Conjugation (GO:0032446)","3/364",0.274150414132869,0.372462550348549,0,0,1.67395836308079,2.16623330412874,"EYA1;RNF152;FBXL7","GO_Biological_Process_2023","yellow"
"Regulation Of Secretion By Cell (GO:1903530)","1/64",0.274801310842782,0.372583372369661,0,0,3.18053551386885,4.10831982313615,"CASK","GO_Biological_Process_2023","yellow"
"Negative Regulation Of Cell Differentiation (GO:0045596)","2/207",0.277199672471101,0.375068128261919,0,0,1.96067695370831,2.51558224197517,"ADGRV1;CRIM1","GO_Biological_Process_2023","yellow"
"Regulation Of Tyrosine Phosphorylation Of STAT Protein (GO:0042509)","1/65",0.278438939213788,0.375977630751001,0,0,3.13068181818182,4.00275356439037,"GHR","GO_Biological_Process_2023","yellow"
"B Cell Differentiation (GO:0030183)","1/68",0.289243789255229,0.388983026929445,0,0,2.99004975124378,3.70911301693322,"PLCG2","GO_Biological_Process_2023","yellow"
"Neuropeptide Signaling Pathway (GO:0007218)","1/68",0.289243789255229,0.388983026929445,0,0,2.99004975124378,3.70911301693322,"OPRK1","GO_Biological_Process_2023","yellow"
"Regulation Of GTPase Activity (GO:0043087)","2/214",0.290161134004554,0.389426785111376,0,0,1.89526376588371,2.34504563216826,"DOCK9;PRKG1","GO_Biological_Process_2023","yellow"
"Regulation Of Heart Contraction (GO:0008016)","1/69",0.29280968888067,0.390609303275421,0,0,2.94592988710636,3.61828655610275,"RYR2","GO_Biological_Process_2023","yellow"
"Positive Regulation Of Phosphatidylinositol 3-Kinase Signaling (GO:0014068)","1/69",0.29280968888067,0.390609303275421,0,0,2.94592988710636,3.61828655610275,"NTRK3","GO_Biological_Process_2023","yellow"
"Phagocytosis (GO:0006909)","1/69",0.29280968888067,0.390609303275421,0,0,2.94592988710636,3.61828655610275,"DOCK1","GO_Biological_Process_2023","yellow"
"Negative Regulation Of Epithelial Cell Proliferation (GO:0050680)","1/70",0.296357876203525,0.391404924149277,0,0,2.9030888596106,3.53070042231205,"CASK","GO_Biological_Process_2023","yellow"
"Negative Regulation Of Extrinsic Apoptotic Signaling Pathway (GO:2001237)","1/70",0.296357876203525,0.391404924149277,0,0,2.9030888596106,3.53070042231205,"EYA1","GO_Biological_Process_2023","yellow"
"Sulfur Compound Biosynthetic Process (GO:0044272)","1/70",0.296357876203525,0.391404924149277,0,0,2.9030888596106,3.53070042231205,"NDST3","GO_Biological_Process_2023","yellow"
"Protein K48-linked Ubiquitination (GO:0070936)","1/70",0.296357876203525,0.391404924149277,0,0,2.9030888596106,3.53070042231205,"RNF152","GO_Biological_Process_2023","yellow"
"Sensory Organ Development (GO:0007423)","1/70",0.296357876203525,0.391404924149277,0,0,2.9030888596106,3.53070042231205,"FREM2","GO_Biological_Process_2023","yellow"
"Regulation Of Hydrolase Activity (GO:0051336)","1/71",0.299888438313403,0.394496100400369,0,0,2.86147186147186,3.44619860155019,"PRKG1","GO_Biological_Process_2023","yellow"
"Positive Regulation Of Cell-Substrate Adhesion (GO:0010811)","1/71",0.299888438313403,0.394496100400369,0,0,2.86147186147186,3.44619860155019,"DOCK1","GO_Biological_Process_2023","yellow"
"Response To Ionizing Radiation (GO:0010212)","1/72",0.303401461859655,0.398327067748418,0,0,2.82102717313985,3.36463457832852,"EYA1","GO_Biological_Process_2023","yellow"
"Protein Tetramerization (GO:0051262)","1/73",0.306897033111884,0.402120025599168,0,0,2.78170594837262,3.28587063696556,"GRIN2B","GO_Biological_Process_2023","yellow"
"Negative Regulation Of Neuron Apoptotic Process (GO:0043524)","1/74",0.310375237892897,0.405076343942895,0,0,2.74346201743462,3.20977722405069,"NTF3","GO_Biological_Process_2023","yellow"
"Regulation Of Cell Cycle G1/S Phase Transition (GO:1902806)","1/74",0.310375237892897,0.405076343942895,0,0,2.74346201743462,3.20977722405069,"PLCG2","GO_Biological_Process_2023","yellow"
"Protein Polyubiquitination (GO:0000209)","2/226",0.312314066814125,0.406805945575177,0,0,1.79263848396501,2.08617581689357,"RNF152;FBXL7","GO_Biological_Process_2023","yellow"
"Negative Regulation Of Phosphorylation (GO:0042326)","1/75",0.313836161648445,0.407987010142979,0,0,2.70625170625171,3.13623236372496,"NTRK3","GO_Biological_Process_2023","yellow"
"Positive Regulation Of Interleukin-6 Production (GO:0032755)","1/76",0.317279889350664,0.410051786821619,0,0,2.67003367003367,3.0651211233087,"PLCG2","GO_Biological_Process_2023","yellow"
"Wnt Signaling Pathway (GO:0016055)","1/76",0.317279889350664,0.410051786821619,0,0,2.67003367003367,3.0651211233087,"PLCG2","GO_Biological_Process_2023","yellow"
"Positive Regulation Of Protein Secretion (GO:0050714)","1/76",0.317279889350664,0.410051786821619,0,0,2.67003367003367,3.0651211233087,"MCU","GO_Biological_Process_2023","yellow"
"Actomyosin Structure Organization (GO:0031032)","1/77",0.320706505558706,0.412070568188802,0,0,2.6347687400319,2.99633512170869,"FRMD3","GO_Biological_Process_2023","yellow"
"Positive Regulation Of Response To Stimulus (GO:0048584)","1/77",0.320706505558706,0.412070568188802,0,0,2.6347687400319,2.99633512170869,"EYA1","GO_Biological_Process_2023","yellow"
"Cell Morphogenesis Involved In Neuron Differentiation (GO:0048667)","1/77",0.320706505558706,0.412070568188802,0,0,2.6347687400319,2.99633512170869,"SDC2","GO_Biological_Process_2023","yellow"
"Positive Regulation Of Phosphorylation (GO:0042327)","2/231",0.321506425753241,0.41229934289052,0,0,1.75305231262811,1.98925463460844,"DSCAM;NTRK3","GO_Biological_Process_2023","yellow"
"Negative Regulation Of Protein Modification Process (GO:0031400)","1/78",0.324116094429913,0.414044259358444,0,0,2.60041978223796,2.92977207832515,"NTRK3","GO_Biological_Process_2023","yellow"
"Positive Regulation Of Tumor Necrosis Factor Production (GO:0032760)","1/78",0.324116094429913,0.414044259358444,0,0,2.60041978223796,2.92977207832515,"PLCG2","GO_Biological_Process_2023","yellow"
"Positive Regulation Of Protein Localization To Membrane (GO:1905477)","1/79",0.32750873980153,0.416772158327091,0,0,2.56695156695157,2.86533539771871,"CEMIP","GO_Biological_Process_2023","yellow"
"Regulation Of Neuron Differentiation (GO:0045664)","1/79",0.32750873980153,0.416772158327091,0,0,2.56695156695157,2.86533539771871,"NTF3","GO_Biological_Process_2023","yellow"
"Glycoprotein Biosynthetic Process (GO:0009101)","1/80",0.330884524972772,0.42026137941944,0,0,2.5343306482547,2.80293378962301,"CHST8","GO_Biological_Process_2023","yellow"
"Macromolecule Modification (GO:0043412)","1/81",0.334243532854352,0.423715989067755,0,0,2.50252525252525,2.74248091594401,"CHRM3","GO_Biological_Process_2023","yellow"
"Positive Regulation Of Tumor Necrosis Factor Superfamily Cytokine Production (GO:1903557)","1/82",0.337585846063778,0.426322697029114,0,0,2.47150517520888,2.68389506560141,"PLCG2","GO_Biological_Process_2023","yellow"
"Regulation Of Phosphorylation (GO:0042325)","1/82",0.337585846063778,0.426322697029114,0,0,2.47150517520888,2.68389506560141,"DSCAM","GO_Biological_Process_2023","yellow"
"Vesicle-Mediated Transport (GO:0016192)","3/411",0.338374750640599,0.42650657732836,0,0,1.47756215888417,1.60108822888623,"RPH3A;REPS2;SYTL5","GO_Biological_Process_2023","yellow"
"Vascular Transport (GO:0010232)","1/83",0.340911546721369,0.428888720068819,0,0,2.44124168514412,2.62709885646942,"SLC1A2","GO_Biological_Process_2023","yellow"
"Establishment Of Protein Localization To Organelle (GO:0072594)","1/85",0.347513436866072,0.433085354590613,0,0,2.38287638287638,2.51858583349566,"RYR2","GO_Biological_Process_2023","yellow"
"Transport Across Blood-Brain Barrier (GO:0150104)","1/85",0.347513436866072,0.433085354590613,0,0,2.38287638287638,2.51858583349566,"SLC1A2","GO_Biological_Process_2023","yellow"
"Regulation Of Kinase Activity (GO:0043549)","1/85",0.347513436866072,0.433085354590613,0,0,2.38287638287638,2.51858583349566,"NTRK3","GO_Biological_Process_2023","yellow"
"Integrin-Mediated Signaling Pathway (GO:0007229)","1/85",0.347513436866072,0.433085354590613,0,0,2.38287638287638,2.51858583349566,"DOCK1","GO_Biological_Process_2023","yellow"
"Regulation Of Osteoblast Differentiation (GO:0045667)","1/85",0.347513436866072,0.433085354590613,0,0,2.38287638287638,2.51858583349566,"CRIM1","GO_Biological_Process_2023","yellow"
"Glucose Homeostasis (GO:0042593)","1/87",0.354049852499014,0.439578749451023,0,0,2.3272257458304,2.41639933353241,"MCU","GO_Biological_Process_2023","yellow"
"Regulation Of Insulin Secretion (GO:0050796)","1/87",0.354049852499014,0.439578749451023,0,0,2.3272257458304,2.41639933353241,"MCU","GO_Biological_Process_2023","yellow"
"Negative Regulation Of Neuron Death (GO:1901215)","1/88",0.357293708483398,0.441950986426293,0,0,2.30035992104958,2.36752381170365,"NTF3","GO_Biological_Process_2023","yellow"
"Positive Regulation Of Cell Adhesion (GO:0045785)","1/88",0.357293708483398,0.441950986426293,0,0,2.30035992104958,2.36752381170365,"MAGI1","GO_Biological_Process_2023","yellow"
"Positive Regulation Of DNA Repair (GO:0045739)","1/89",0.360521436424534,0.445113058378895,0,0,2.27410468319559,2.32005037808893,"EYA1","GO_Biological_Process_2023","yellow"
"Regulation Of Phosphatidylinositol 3-Kinase Signaling (GO:0014066)","1/90",0.363733115678147,0.448243597945375,0,0,2.24843945068664,2.27392523969427,"NTRK3","GO_Biological_Process_2023","yellow"
"Lymphocyte Differentiation (GO:0030098)","1/91",0.366928825262423,0.451342877827433,0,0,2.22334455667789,2.22909720803597,"PLCG2","GO_Biological_Process_2023","yellow"
"Regulation Of Cell Migration (GO:0030334)","3/434",0.369825263536433,0.452734374226287,0,0,1.39706269285048,1.38969269203565,"CEMIP;NTRK3;NTF3","GO_Biological_Process_2023","yellow"
"B Cell Activation (GO:0042113)","1/92",0.370108643786799,0.452734374226287,0,0,2.1988011988012,2.18551754723327,"PLCG2","GO_Biological_Process_2023","yellow"
"Positive Regulation Of Neuron Projection Development (GO:0010976)","1/92",0.370108643786799,0.452734374226287,0,0,2.1988011988012,2.18551754723327,"NTRK3","GO_Biological_Process_2023","yellow"
"Regulation Of mRNA Splicing, Via Spliceosome (GO:0048024)","1/94",0.376420920115876,0.457921229425369,0,0,2.15129792549147,2.10191981526176,"KHDRBS2","GO_Biological_Process_2023","yellow"
"Peptidyl-Lysine Modification (GO:0018205)","1/94",0.376420920115876,0.457921229425369,0,0,2.15129792549147,2.10191981526176,"EYA1","GO_Biological_Process_2023","yellow"
"Cellular Response To Hormone Stimulus (GO:0032870)","1/94",0.376420920115876,0.457921229425369,0,0,2.15129792549147,2.10191981526176,"GHR","GO_Biological_Process_2023","yellow"
"T Cell Receptor Signaling Pathway (GO:0050852)","1/95",0.379553533216983,0.46088643319205,0,0,2.12830431979368,2.06181530451832,"PLCG2","GO_Biological_Process_2023","yellow"
"Positive Regulation Of Signal Transduction (GO:0009967)","2/266",0.384823642532729,0.46643158135137,0,0,1.51793444650588,1.44958204202647,"GRIN2A;GRIN2B","GO_Biological_Process_2023","yellow"
"Positive Regulation Of Protein-Containing Complex Assembly (GO:0031334)","1/98",0.388858196397513,0.469604707124865,0,0,2.06216807247735,1.94780133547852,"PLCG2","GO_Biological_Process_2023","yellow"
"Phosphatidylinositol Biosynthetic Process (GO:0006661)","1/98",0.388858196397513,0.469604707124865,0,0,2.06216807247735,1.94780133547852,"PLCG2","GO_Biological_Process_2023","yellow"
"Axon Development (GO:0061564)","1/99",0.391928946523868,0.472452530082409,0,0,2.0410224695939,1.91177413897195,"GRM7","GO_Biological_Process_2023","yellow"
"Protein Complex Oligomerization (GO:0051259)","1/100",0.394984420817951,0.475271635212888,0,0,2.02030405060708,1.87667852610055,"MCU","GO_Biological_Process_2023","yellow"
"Visual Perception (GO:0007601)","1/101",0.398024694482133,0.478062268916041,0,0,2,1.84248245836996,"ADGRV1","GO_Biological_Process_2023","yellow"
"Calcium Ion Homeostasis (GO:0055074)","1/102",0.401049842395342,0.479956760844968,0,0,1.98009800980098,1.80915528558786,"RYR2","GO_Biological_Process_2023","yellow"
"Sensory Perception Of Light Stimulus (GO:0050953)","1/102",0.401049842395342,0.479956760844968,0,0,1.98009800980098,1.80915528558786,"ADGRV1","GO_Biological_Process_2023","yellow"
"Positive Regulation Of Inflammatory Response (GO:0050729)","1/104",0.407055058636552,0.485391194021643,0,0,1.94145336863783,1.74499153520703,"PLCG2","GO_Biological_Process_2023","yellow"
"Positive Regulation Of Kinase Activity (GO:0033674)","1/104",0.407055058636552,0.485391194021643,0,0,1.94145336863783,1.74499153520703,"NTRK3","GO_Biological_Process_2023","yellow"
"Positive Regulation Of Stress-Activated MAPK Cascade (GO:0032874)","1/105",0.410035274847405,0.486320907377155,0,0,1.92268842268842,1.71409996792236,"MID1","GO_Biological_Process_2023","yellow"
"Regulation Of Neuron Apoptotic Process (GO:0043523)","1/105",0.410035274847405,0.486320907377155,0,0,1.92268842268842,1.71409996792236,"NTF3","GO_Biological_Process_2023","yellow"
"Cellular Response To Organonitrogen Compound (GO:0071417)","1/105",0.410035274847405,0.486320907377155,0,0,1.92268842268842,1.71409996792236,"GABRB2","GO_Biological_Process_2023","yellow"
"Monoatomic Ion Transport (GO:0006811)","1/107",0.41595129052059,0.49157879788797,0,0,1.88622069754145,1.65456849319568,"SLC1A2","GO_Biological_Process_2023","yellow"
"Positive Regulation Of Autophagy (GO:0010508)","1/107",0.41595129052059,0.49157879788797,0,0,1.88622069754145,1.65456849319568,"RNF152","GO_Biological_Process_2023","yellow"
"Positive Regulation Of DNA Metabolic Process (GO:0051054)","1/108",0.41888723576301,0.494167682047821,0,0,1.86849806475975,1.62588017253325,"EYA1","GO_Biological_Process_2023","yellow"
"Adenylate Cyclase-Activating G Protein-Coupled Receptor Signaling Pathway (GO:0007189)","1/110",0.424715362613925,0.499266463498284,0,0,1.83402835696414,1.57054463447437,"ADRA1B","GO_Biological_Process_2023","yellow"
"Response To Lipid (GO:0033993)","1/110",0.424715362613925,0.499266463498284,0,0,1.83402835696414,1.57054463447437,"PLCG2","GO_Biological_Process_2023","yellow"
"Negative Regulation Of Transmembrane Receptor Protein Serine/Threonine Kinase Signaling Pathway (GO:0090101)","1/111",0.427607687964041,0.500006873227793,0,0,1.81726354453627,1.54385464626272,"CRIM1","GO_Biological_Process_2023","yellow"
"Mitotic Cell Cycle Phase Transition (GO:0044772)","1/111",0.427607687964041,0.500006873227793,0,0,1.81726354453627,1.54385464626272,"FBXL7","GO_Biological_Process_2023","yellow"
"Cytoskeleton Organization (GO:0007010)","1/111",0.427607687964041,0.500006873227793,0,0,1.81726354453627,1.54385464626272,"FMNL2","GO_Biological_Process_2023","yellow"
"Regulation Of Cytoskeleton Organization (GO:0051493)","1/114",0.436198565833718,0.507367805522377,0,0,1.76874944131581,1.46745661650072,"MID1","GO_Biological_Process_2023","yellow"
"Regulation Of Interleukin-6 Production (GO:0032675)","1/114",0.436198565833718,0.507367805522377,0,0,1.76874944131581,1.46745661650072,"PLCG2","GO_Biological_Process_2023","yellow"
"Negative Regulation Of Canonical Wnt Signaling Pathway (GO:0090090)","1/114",0.436198565833718,0.507367805522377,0,0,1.76874944131581,1.46745661650072,"BICC1","GO_Biological_Process_2023","yellow"
"Protein Maturation (GO:0051604)","1/117",0.444661775482094,0.515403421581518,0,0,1.72274468826193,1.39618351518444,"PCSK6","GO_Biological_Process_2023","yellow"
"Protein Processing (GO:0016485)","1/117",0.444661775482094,0.515403421581518,0,0,1.72274468826193,1.39618351518444,"PCSK6","GO_Biological_Process_2023","yellow"
"Regulation Of Small GTPase Mediated Signal Transduction (GO:0051056)","1/118",0.447454800068397,0.516833680218375,0,0,1.70793404126737,1.37348597340122,"PLEKHG1","GO_Biological_Process_2023","yellow"
"Positive Regulation Of Cell Projection Organization (GO:0031346)","1/118",0.447454800068397,0.516833680218375,0,0,1.70793404126737,1.37348597340122,"NTRK3","GO_Biological_Process_2023","yellow"
"Receptor-Mediated Endocytosis (GO:0006898)","1/122",0.458488507016457,0.528657182872888,0,0,1.6511394941147,1.28759168960267,"LDLRAD3","GO_Biological_Process_2023","yellow"
"Organonitrogen Compound Biosynthetic Process (GO:1901566)","1/123",0.461212676190375,0.530875007489963,0,0,1.63752276867031,1.26727232996582,"SLC44A5","GO_Biological_Process_2023","yellow"
"Neuron Projection Guidance (GO:0097485)","1/124",0.463923277206856,0.532147288560806,0,0,1.62412745339575,1.2473885010387,"DSCAM","GO_Biological_Process_2023","yellow"
"Cellular Response To Lipopolysaccharide (GO:0071222)","1/124",0.463923277206856,0.532147288560806,0,0,1.62412745339575,1.2473885010387,"PLCG2","GO_Biological_Process_2023","yellow"
"Positive Regulation Of Intracellular Protein Transport (GO:0090316)","1/126",0.469304042324134,0.536463069070519,0,0,1.5979797979798,1.20887881651748,"CEMIP","GO_Biological_Process_2023","yellow"
"Cellular Response To Starvation (GO:0009267)","1/126",0.469304042324134,0.536463069070519,0,0,1.5979797979798,1.20887881651748,"RNF152","GO_Biological_Process_2023","yellow"
"Regulation Of Tumor Necrosis Factor Production (GO:0032680)","1/127",0.471974339207137,0.538586896547903,0,0,1.58521725188392,1.19022971699885,"PLCG2","GO_Biological_Process_2023","yellow"
"Protein Homooligomerization (GO:0051260)","1/129",0.477275091201804,0.541837988813006,0,0,1.5602904040404,1.15408790031601,"SLC1A2","GO_Biological_Process_2023","yellow"
"Protein Targeting (GO:0006605)","1/129",0.477275091201804,0.541837988813006,0,0,1.5602904040404,1.15408790031601,"CACNG3","GO_Biological_Process_2023","yellow"
"Regulation Of DNA Repair (GO:0006282)","1/129",0.477275091201804,0.541837988813006,0,0,1.5602904040404,1.15408790031601,"EYA1","GO_Biological_Process_2023","yellow"
"Circulatory System Development (GO:0072359)","1/132",0.485127594032975,0.549811273237372,0,0,1.52432724188449,1.1026119616962,"NTRK3","GO_Biological_Process_2023","yellow"
"Antigen Receptor-Mediated Signaling Pathway (GO:0050851)","1/134",0.490297600070642,0.554722370045795,0,0,1.50125313283208,1.07000724904239,"PLCG2","GO_Biological_Process_2023","yellow"
"Proteolysis (GO:0006508)","2/330",0.493288103991879,0.557155047609227,0,0,1.21777003484321,0.860551669771124,"ADGRV1;PCSK6","GO_Biological_Process_2023","yellow"
"Regulation Of Protein Kinase B Signaling (GO:0051896)","1/136",0.49541620618668,0.558607048812532,0,0,1.47886270108492,1.03868964279636,"NTRK3","GO_Biological_Process_2023","yellow"
"Potassium Ion Transmembrane Transport (GO:0071805)","1/137",0.497956392525298,0.560517976645624,0,0,1.46791443850267,1.02349273069514,"KCNG3","GO_Biological_Process_2023","yellow"
"Negative Regulation Of Wnt Signaling Pathway (GO:0030178)","1/140",0.505501237241334,0.568046305577974,0,0,1.43601482450403,0.979656196045578,"BICC1","GO_Biological_Process_2023","yellow"
"Positive Regulation Of Transferase Activity (GO:0051347)","1/143",0.512933812590885,0.575423211079115,0,0,1.40546308151942,0.938299046849509,"NTRK3","GO_Biological_Process_2023","yellow"
"Actin Filament Organization (GO:0007015)","1/144",0.515386675547343,0.576224900316844,0,0,1.39556403192767,0.925032639771104,"MCU","GO_Biological_Process_2023","yellow"
"Regulation Of Cell Adhesion (GO:0030155)","1/144",0.515386675547343,0.576224900316844,0,0,1.39556403192767,0.925032639771104,"DSCAM","GO_Biological_Process_2023","yellow"
"Negative Regulation Of Response To External Stimulus (GO:0032102)","1/146",0.520255772624573,0.579713575210239,0,0,1.37617554858934,0.899240881378034,"CASK","GO_Biological_Process_2023","yellow"
"Positive Regulation Of Cellular Catabolic Process (GO:0031331)","1/146",0.520255772624573,0.579713575210239,0,0,1.37617554858934,0.899240881378034,"RNF152","GO_Biological_Process_2023","yellow"
"Dephosphorylation (GO:0016311)","1/147",0.522672127159014,0.581428893131588,0,0,1.36668050366681,0.886703567337748,"PLPP4","GO_Biological_Process_2023","yellow"
"Defense Response To Symbiont (GO:0140546)","1/148",0.525076432202193,0.583125082998415,0,0,1.35731464302893,0.874397623216168,"OPRK1","GO_Biological_Process_2023","yellow"
"Axon Guidance (GO:0007411)","1/149",0.527468747150282,0.584802306623139,0,0,1.34807534807535,0.862317510620557,"DSCAM","GO_Biological_Process_2023","yellow"
"Cellular Response To Organic Cyclic Compound (GO:0071407)","1/152",0.534574342306715,0.59070464824892,0,0,1.32109171182019,0.827379223374853,"GABRB2","GO_Biological_Process_2023","yellow"
"Positive Regulation Of NF-kappaB Transcription Factor Activity (GO:0051092)","1/152",0.534574342306715,0.59070464824892,0,0,1.32109171182019,0.827379223374853,"PLCG2","GO_Biological_Process_2023","yellow"
"Cellular Response To Growth Factor Stimulus (GO:0071363)","1/155",0.54157414062889,0.597443685918393,0,0,1.29515938606848,0.794289267227046,"NTRK3","GO_Biological_Process_2023","yellow"
"Positive Regulation Of Macromolecule Metabolic Process (GO:0010604)","2/364",0.545905957552914,0.601222009730203,0,0,1.10147705491036,0.666733486661128,"NTRK3;PLCG2","GO_Biological_Process_2023","yellow"
"Negative Regulation Of Cell Migration (GO:0030336)","1/163",0.559734829149778,0.615429837025378,0,0,1.23070208255393,0.714166728910465,"NEXMIF","GO_Biological_Process_2023","yellow"
"Double-Strand Break Repair (GO:0006302)","1/168",0.570721645453221,0.626470945257427,0,0,1.19355228936067,0.669408186906394,"EYA1","GO_Biological_Process_2023","yellow"
"Positive Regulation Of Cellular Process (GO:0048522)","3/594",0.573906946992501,0.628926125381865,0,0,1.01046627243707,0.561099804641665,"RYR2;NTRK3;NTF3","GO_Biological_Process_2023","yellow"
"Positive Regulation Of Cellular Biosynthetic Process (GO:0031328)","1/174",0.58354802824362,0.63843620911802,0,0,1.15180708822327,0.620396147287758,"DDAH1","GO_Biological_Process_2023","yellow"
"Positive Regulation Of Hydrolase Activity (GO:0051345)","1/176",0.587738595192884,0.640905737850135,0,0,1.13852813852814,0.60509696073503,"DOCK9","GO_Biological_Process_2023","yellow"
"Extracellular Matrix Organization (GO:0030198)","1/176",0.587738595192884,0.640905737850135,0,0,1.13852813852814,0.60509696073503,"FLRT2","GO_Biological_Process_2023","yellow"
"Positive Regulation Of ERK1 And ERK2 Cascade (GO:0070374)","1/179",0.593946292416423,0.646611480906549,0,0,1.11916922029282,0.583049537879414,"NTRK3","GO_Biological_Process_2023","yellow"
"Endosomal Transport (GO:0016197)","1/180",0.595994889569521,0.64777805210589,0,0,1.11286044805598,0.57593108520923,"REPS2","GO_Biological_Process_2023","yellow"
"Cellular Response To Oxygen-Containing Compound (GO:1901701)","2/406",0.605549591898324,0.657085727379033,0,0,0.984845423317842,0.494016996124165,"ADGRV1;PLCG2","GO_Biological_Process_2023","yellow"
"Negative Regulation Of Macromolecule Metabolic Process (GO:0010605)","1/186",0.60807334897308,0.65874612805417,0,0,1.07644007644008,0.535485626960847,"SFMBT2","GO_Biological_Process_2023","yellow"
"Axonogenesis (GO:0007409)","1/188",0.612019510291886,0.661939535601175,0,0,1.06481931615621,0.522816825885732,"DSCAM","GO_Biological_Process_2023","yellow"
"Defense Response To Virus (GO:0051607)","1/189",0.613977814396427,0.66297604388409,0,0,1.05910165484634,0.516626063848475,"OPRK1","GO_Biological_Process_2023","yellow"
"Intracellular Monoatomic Cation Homeostasis (GO:0030003)","1/190",0.615926332366024,0.663998631477518,0,0,1.05344449788894,0.510528608383714,"RYR2","GO_Biological_Process_2023","yellow"
"Modification-Dependent Protein Catabolic Process (GO:0019941)","1/192",0.619794203522166,0.66708369632337,0,0,1.04230789571104,0.498606520241977,"FBXL7","GO_Biological_Process_2023","yellow"
"Regulation Of Cell Differentiation (GO:0045595)","1/193",0.621713652685644,0.668065075738382,0,0,1.0368265993266,0.492778443916668,"NTF3","GO_Biological_Process_2023","yellow"
"Regulation Of Programmed Cell Death (GO:0043067)","1/195",0.625523817045148,0.671071667800862,0,0,1.02603353118817,0.481379917376179,"NTF3","GO_Biological_Process_2023","yellow"
"Protein Ubiquitination (GO:0016567)","2/434",0.641954504111114,0.687586165146476,0,0,0.919690098261527,0.407641456001602,"RNF152;FBXL7","GO_Biological_Process_2023","yellow"
"Regulation Of Canonical Wnt Signaling Pathway (GO:0060828)","1/207",0.647599871163211,0.692514055776143,0,0,0.965676179268412,0.419569165053442,"BICC1","GO_Biological_Process_2023","yellow"
"Positive Regulation Of Protein Modification Process (GO:0031401)","1/225",0.678320213394343,0.724196942802656,0,0,0.887265512265512,0.344379519525088,"NTRK3","GO_Biological_Process_2023","yellow"
"Apoptotic Process (GO:0006915)","1/228",0.683175898430978,0.725874392082914,0,0,0.875406042806924,0.333532253769872,"RNF152","GO_Biological_Process_2023","yellow"
"Cellular Response To Lipid (GO:0071396)","1/228",0.683175898430978,0.725874392082914,0,0,0.875406042806924,0.333532253769872,"PLCG2","GO_Biological_Process_2023","yellow"
"Chromatin Remodeling (GO:0006338)","1/228",0.683175898430978,0.725874392082914,0,0,0.875406042806924,0.333532253769872,"SMARCA1","GO_Biological_Process_2023","yellow"
"Regulation Of I-kappaB kinase/NF-kappaB Signaling (GO:0043122)","1/232",0.689537438477132,0.731461314736542,0,0,0.860072587345315,0.319718468488941,"PLCG2","GO_Biological_Process_2023","yellow"
"Positive Regulation Of Developmental Process (GO:0051094)","1/233",0.691107962443606,0.731956196645545,0,0,0.85632183908046,0.316376004340495,"MCU","GO_Biological_Process_2023","yellow"
"Positive Regulation Of Gene Expression (GO:0010628)","2/480",0.69601293553592,0.735975400734155,0,0,0.829220391085304,0.300498717460943,"NTRK3;PLCG2","GO_Biological_Process_2023","yellow"
"Positive Regulation Of Cell Population Proliferation (GO:0008284)","2/483",0.699296107703482,0.738269616890778,0,0,0.823921252492681,0.294700985980597,"NTRK3;NTF3","GO_Biological_Process_2023","yellow"
"Regulation Of Autophagy (GO:0010506)","1/241",0.703392239478639,0.741413441612619,0,0,0.827441077441077,0.291127358427709,"RNF152","GO_Biological_Process_2023","yellow"
"Regulation Of ERK1 And ERK2 Cascade (GO:0070372)","1/244",0.707873072911603,0.744952138635545,0,0,0.817101051668953,0.282300632023774,"NTRK3","GO_Biological_Process_2023","yellow"
"Positive Regulation Of DNA-binding Transcription Factor Activity (GO:0051091)","1/246",0.710822997359591,0.746871073295418,0,0,0.810348381776953,0.276597695305975,"PLCG2","GO_Biological_Process_2023","yellow"
"Cytokine-Mediated Signaling Pathway (GO:0019221)","1/257",0.726528139341902,0.762164804404558,0,0,0.775094696969697,0.247625753183798,"GHR","GO_Biological_Process_2023","yellow"
"Regulation Of Protein Phosphorylation (GO:0001932)","1/265",0.737416777697141,0.772365440147243,0,0,0.751300887664524,0.228847783739634,"NTRK3","GO_Biological_Process_2023","yellow"
"Chromatin Organization (GO:0006325)","1/268",0.741388401309585,0.775044983925843,0,0,0.742745810161541,0.222252298707315,"SMARCA1","GO_Biological_Process_2023","yellow"
"Regulation Of Cell Population Proliferation (GO:0042127)","3/766",0.742313069069246,0.775044983925843,0,0,0.775709016227318,0.2311490297266,"DDAH1;NTRK3;NTF3","GO_Biological_Process_2023","yellow"
"Negative Regulation Of Cellular Process (GO:0048523)","2/537",0.753558530795961,0.785549223141073,0,0,0.738699218004959,0.209013898749227,"DSCAM;DDAH1","GO_Biological_Process_2023","yellow"
"Inorganic Cation Transmembrane Transport (GO:0098662)","1/284",0.761587090848477,0.792672278230048,0,0,0.700182032337509,0.190695098625878,"KCNG3","GO_Biological_Process_2023","yellow"
"DNA Repair (GO:0006281)","1/291",0.769925222013722,0.800094705634949,0,0,0.683037269244166,0.17858821065649,"EYA1","GO_Biological_Process_2023","yellow"
"Cellular Response To Cytokine Stimulus (GO:0071345)","1/308",0.788992179375311,0.818625688459829,0,0,0.644655019247853,0.152782511267399,"GHR","GO_Biological_Process_2023","yellow"
"Supramolecular Fiber Organization (GO:0097435)","1/316",0.797415089775066,0.826072194563857,0,0,0.628026294692961,0.142172542660111,"NCKAP5","GO_Biological_Process_2023","yellow"
"Proteasome-Mediated Ubiquitin-Dependent Protein Catabolic Process (GO:0043161)","1/319",0.800487119011081,0.827718161772644,0,0,0.622006225779811,0.138418054598085,"FBXL7","GO_Biological_Process_2023","yellow"
"Positive Regulation Of Cytokine Production (GO:0001819)","1/320",0.801500844431429,0.827718161772644,0,0,0.620024698394604,0.137192402084256,"PLCG2","GO_Biological_Process_2023","yellow"
"Intracellular Protein Transport (GO:0006886)","1/325",0.806493484318124,0.831578818200492,0,0,0.610300536226462,0.131250904008978,"CACNG3","GO_Biological_Process_2023","yellow"
"Negative Regulation Of Gene Expression (GO:0010629)","1/336",0.817043887452387,0.84114921953561,0,0,0.589929142167948,0.11920253826581,"SFMBT2","GO_Biological_Process_2023","yellow"
"Regulation Of Gene Expression (GO:0010468)","4/1127",0.821898962128064,0.844835677350242,0,0,0.696682991985752,0.136645875336997,"SFMBT2;NTRK3;PLCG2;SMARCA1","GO_Biological_Process_2023","yellow"
"Protein Localization (GO:0008104)","1/351",0.830518537542441,0.8523742885304,0,0,0.564213564213564,0.104777296437494,"CACNG3","GO_Biological_Process_2023","yellow"
"Ubiquitin-Dependent Protein Catabolic Process (GO:0006511)","1/367",0.843809542702429,0.864676548395225,0,0,0.539106916156097,0.0915557028215655,"FBXL7","GO_Biological_Process_2023","yellow"
"Negative Regulation Of Cell Population Proliferation (GO:0008285)","1/379",0.853095628148946,0.872843212133875,0,0,0.521671743893966,0.0828851002051982,"DDAH1","GO_Biological_Process_2023","yellow"
"Positive Regulation Of Multicellular Organismal Process (GO:0051240)","1/387",0.858980507507642,0.877510133247406,0,0,0.510650546919977,0.0776235041772895,"GHR","GO_Biological_Process_2023","yellow"
"Protein Modification Process (GO:0036211)","2/711",0.875098715265278,0.892600689570584,0,0,0.55240206096543,0.0737006994148297,"CHRM3;PRKG1","GO_Biological_Process_2023","yellow"
"Organelle Organization (GO:0006996)","1/418",0.879660621460093,0.895875563791155,0,0,0.471937601434004,0.0605114160819506,"FMNL2","GO_Biological_Process_2023","yellow"
"Phosphorylation (GO:0016310)","1/429",0.886252122655671,0.901204229019494,0,0,0.459548758614179,0.0554922616638907,"PRKG1","GO_Biological_Process_2023","yellow"
"Regulation Of Nucleic Acid-Templated Transcription (GO:1903506)","1/452",0.898901236208478,0.912666951923769,0,0,0.435597661761742,0.0464269179704126,"SMARCA1","GO_Biological_Process_2023","yellow"
"Negative Regulation Of Nucleic Acid-Templated Transcription (GO:1903507)","1/456",0.900954262775652,0.913352715933115,0,0,0.431679431679432,0.0450245037640661,"FOXP2","GO_Biological_Process_2023","yellow"
"Negative Regulation Of Apoptotic Process (GO:0043066)","1/482",0.913328576675492,0.924483734863895,0,0,0.407799407799408,0.0369709215269856,"NTF3","GO_Biological_Process_2023","yellow"
"Protein Phosphorylation (GO:0006468)","1/500",0.920985894125274,0.930813487507709,0,0,0.392724843626647,0.0323254012821092,"PRKG1","GO_Biological_Process_2023","yellow"
"Positive Regulation Of Nucleic Acid-Templated Transcription (GO:1903508)","1/557",0.941081646089334,0.949675999021657,0,0,0.351427948550251,0.0213405949881525,"SMARCA1","GO_Biological_Process_2023","yellow"
"Regulation Of Apoptotic Process (GO:0042981)","1/705",0.972611449744519,0.980002114256255,0,0,0.275424701561065,0.00764871163431264,"NTF3","GO_Biological_Process_2023","yellow"
"Positive Regulation Of Transcription By RNA Polymerase II (GO:0045944)","1/938",0.991896648771657,0.997917265759649,0,0,0.204424177743281,0.00166326907709515,"SMARCA1","GO_Biological_Process_2023","yellow"
"Negative Regulation Of DNA-templated Transcription (GO:0045892)","1/1025",0.994876577336508,0.998389665220904,0,0,0.186197916666667,0.000956422802785584,"FOXP2","GO_Biological_Process_2023","yellow"
"Regulation Of DNA-templated Transcription (GO:0006355)","3/1922",0.997277126300792,0.998389665220904,0,0,0.289793330933744,0.000790146862908593,"EN2;SMARCA1;FOXP2","GO_Biological_Process_2023","yellow"
"Regulation Of Transcription By RNA Polymerase II (GO:0006357)","3/2028",0.998315960351515,0.998389665220904,0,0,0.273004963726613,0.000460138737925555,"EN2;SMARCA1;FOXP2","GO_Biological_Process_2023","yellow"
"Positive Regulation Of DNA-templated Transcription (GO:0045893)","1/1243",0.998389665220904,0.998389665220904,0,0,0.151742871549635,0.000244553783157718,"SMARCA1","GO_Biological_Process_2023","yellow"
"Calcium signaling pathway","8/189",4.85954603435627e-06,0.000459024944588721,0,0,9.47345664184482,115.903626108527,"CHRM3;RYR2;GRIN2A;PDE1C;PLCG2;TACR3;ADRA1B;MCU","KEGG_2019_Mouse","yellow"
"Neuroactive ligand-receptor interaction","10/348",9.66368304397308e-06,0.000459024944588721,0,0,6.43063773833005,74.2554466979305,"GHR;CHRM3;GABRB2;GABRA1;GRIN2A;GRM7;TACR3;OPRK1;ADRA1B;GRIN2B","KEGG_2019_Mouse","yellow"
"Nicotine addiction","4/40",4.68256382440572e-05,0.00148281187772848,0,0,22.9907407407407,229.196526330911,"GABRB2;GABRA1;GRIN2A;GRIN2B","KEGG_2019_Mouse","yellow"
"Circadian entrainment","4/99",0.001539882179182,0.0365722017555726,0,0,8.68640350877193,56.2535779923345,"RYR2;GRIN2A;GRIN2B;PRKG1","KEGG_2019_Mouse","yellow"
"Amyotrophic lateral sclerosis (ALS)","3/52",0.0022441220665619,0.0408262280713225,0,0,12.5295602777193,76.423312366036,"GRIN2A;SLC1A2;GRIN2B","KEGG_2019_Mouse","yellow"
"Glutamatergic synapse","4/114",0.00257849861503089,0.0408262280713225,0,0,7.49621212121212,44.681532028702,"GRIN2A;GRM7;SLC1A2;GRIN2B","KEGG_2019_Mouse","yellow"
"Arrhythmogenic right ventricular cardiomyopathy (ARVC)","3/72",0.00563543249072426,0.0764808695169721,0,0,8.88883908561183,46.0324654948436,"RYR2;CDH2;CACNG3","KEGG_2019_Mouse","yellow"
"Salivary secretion","3/78",0.00703533563956652,0.0835446107198525,0,0,8.17525773195876,40.5231982940018,"CHRM3;ADRA1B;PRKG1","KEGG_2019_Mouse","yellow"
"Taste transduction","3/88",0.00979099603066681,0.103349402545927,0,0,7.2098241358399,33.3547523556272,"CHRM3;GABRA1;PDE1C","KEGG_2019_Mouse","yellow"
"Morphine addiction","3/92",0.0110454740818408,0.104932003777488,0,0,6.88439708096838,31.0192655790006,"GABRB2;GABRA1;PDE1C","KEGG_2019_Mouse","yellow"
"Neurotrophin signaling pathway","3/121",0.0228427106038633,0.190382612921303,0,0,5.18486807618382,19.5942553564973,"NTRK3;NTF3;PLCG2","KEGG_2019_Mouse","yellow"
"Cocaine addiction","2/48",0.0240483300532172,0.190382612921303,0,0,8.80834072759539,32.8347611919466,"GRIN2A;GRIN2B","KEGG_2019_Mouse","yellow"
"Ras signaling pathway","4/233",0.0295572342532096,0.21599517338884,0,0,3.57914847161572,12.6037091741373,"GRIN2A;NTF3;PLCG2;GRIN2B","KEGG_2019_Mouse","yellow"
"Vascular smooth muscle contraction","3/140",0.0331909659721763,0.225224411954054,0,0,4.46150951915118,15.193570503725,"CALD1;ADRA1B;PRKG1","KEGG_2019_Mouse","yellow"
"Adrenergic signaling in cardiomyocytes","3/148",0.0381645668105914,0.241708923133745,0,0,4.21365090650551,13.7611423922677,"RYR2;ADRA1B;CACNG3","KEGG_2019_Mouse","yellow"
"Long-term potentiation","2/67",0.0443537761760119,0.254556716688059,0,0,6.2276295133438,19.4025373950964,"GRIN2A;GRIN2B","KEGG_2019_Mouse","yellow"
"Amphetamine addiction","2/68",0.0455522545652316,0.254556716688059,0,0,6.13296227581942,18.9440774902941,"GRIN2A;GRIN2B","KEGG_2019_Mouse","yellow"
"Cell adhesion molecules (CAMs)","3/170",0.0536732252855458,0.2762987633764,0,0,3.6544848447435,10.6887871072113,"CDH4;CDH2;SDC2","KEGG_2019_Mouse","yellow"
"Synaptic vesicle cycle","2/77",0.0568570608364097,0.2762987633764,0,0,5.39455782312925,15.4673563823572,"UNC13C;SLC1A2","KEGG_2019_Mouse","yellow"
"Cardiac muscle contraction","2/78",0.058168160710821,0.2762987633764,0,0,5.32330827067669,15.1417092906877,"RYR2;CACNG3","KEGG_2019_Mouse","yellow"
"Hypertrophic cardiomyopathy (HCM)","2/86",0.0690235124413976,0.295616050838369,0,0,4.81438289601555,12.8703286595916,"RYR2;CACNG3","KEGG_2019_Mouse","yellow"
"Insulin secretion","2/86",0.0690235124413976,0.295616050838369,0,0,4.81438289601555,12.8703286595916,"CHRM3;RYR2","KEGG_2019_Mouse","yellow"
"Dilated cardiomyopathy (DCM)","2/90",0.0746819496854828,0.295616050838369,0,0,4.59461966604824,11.9208181587653,"RYR2;CACNG3","KEGG_2019_Mouse","yellow"
"GABAergic synapse","2/90",0.0746819496854828,0.295616050838369,0,0,4.59461966604824,11.9208181587653,"GABRB2;GABRA1","KEGG_2019_Mouse","yellow"
"Rap1 signaling pathway","3/209",0.0873302976244391,0.32611245867982,0,0,2.95676108497648,7.2087544984596,"MAGI1;GRIN2A;GRIN2B","KEGG_2019_Mouse","yellow"
"cAMP signaling pathway","3/211",0.0892518307965823,0.32611245867982,0,0,2.92803330689929,7.0749873945873,"RYR2;GRIN2A;GRIN2B","KEGG_2019_Mouse","yellow"
"Pancreatic secretion","2/105",0.0971124998083677,0.341692128955368,0,0,3.92252823459481,9.1468854610462,"CHRM3;RYR2","KEGG_2019_Mouse","yellow"
"Platelet activation","2/125",0.129482770614753,0.439316543157197,0,0,3.28140036502406,6.70786307963644,"PLCG2;PRKG1","KEGG_2019_Mouse","yellow"
"Dopaminergic synapse","2/135",0.146494146719129,0.479894618562664,0,0,3.03314408470155,5.82597157350083,"GRIN2A;GRIN2B","KEGG_2019_Mouse","yellow"
"Systemic lupus erythematosus","2/143",0.160416714470738,0.507986262490672,0,0,2.85989289332754,5.23354789527023,"GRIN2A;GRIN2B","KEGG_2019_Mouse","yellow"
"Phospholipase D signaling pathway","2/149",0.171013633267106,0.512974255278639,0,0,2.74232958489518,4.84298695199844,"GRM7;PLCG2","KEGG_2019_Mouse","yellow"
"Retrograde endocannabinoid signaling","2/150",0.172791328093857,0.512974255278639,0,0,2.72366243794815,4.7818540898178,"GABRB2;GABRA1","KEGG_2019_Mouse","yellow"
"Oxytocin signaling pathway","2/154",0.179932321463797,0.517986986032142,0,0,2.65145005370569,4.54769949538142,"RYR2;CACNG3","KEGG_2019_Mouse","yellow"
"cGMP-PKG signaling pathway","2/172",0.212557721644281,0.548028899787511,0,0,2.36854741896759,3.66779443778241,"ADRA1B;PRKG1","KEGG_2019_Mouse","yellow"
"Malaria","1/49",0.21800735103248,0.548028899787511,0,0,4.17760942760943,6.36344537186664,"SDC2","KEGG_2019_Mouse","yellow"
"Alzheimer disease","2/175",0.218055879258723,0.548028899787511,0,0,2.32712044355314,3.54421356288015,"GRIN2A;GRIN2B","KEGG_2019_Mouse","yellow"
"Glycosaminoglycan biosynthesis","1/53",0.233569272224541,0.548028899787511,0,0,3.85547785547786,5.60693113764998,"NDST3","KEGG_2019_Mouse","yellow"
"Regulation of lipolysis in adipocytes","1/56",0.245039143568043,0.548028899787511,0,0,3.64462809917355,5.12557648253206,"PRKG1","KEGG_2019_Mouse","yellow"
"Huntington disease","2/192",0.249408486067724,0.548028899787511,0,0,2.11707841031149,2.93990892306422,"DNAH7A;GRIN2B","KEGG_2019_Mouse","yellow"
"VEGF signaling pathway","1/58",0.252591147960672,0.548028899787511,0,0,3.5163919900762,4.83849599837867,"PLCG2","KEGG_2019_Mouse","yellow"
"Alcoholism","2/199",0.262374132122319,0.548028899787511,0,0,2.04112711074277,2.73099502551452,"GRIN2A;GRIN2B","KEGG_2019_Mouse","yellow"
"Long-term depression","1/61",0.263779141308675,0.548028899787511,0,0,3.34006734006734,4.45111773409346,"PRKG1","KEGG_2019_Mouse","yellow"
"Glycerolipid metabolism","1/61",0.263779141308675,0.548028899787511,0,0,3.34006734006734,4.45111773409346,"PLPP4","KEGG_2019_Mouse","yellow"
"PI3K-Akt signaling pathway","3/357",0.264678736882378,0.548028899787511,0,0,1.70767080202691,2.26990177895585,"MAGI1;GHR;NTF3","KEGG_2019_Mouse","yellow"
"Proteoglycans in cancer","2/203",0.269787257396922,0.548028899787511,0,0,2.00010153315057,2.62037615304045,"SDC2;PLCG2","KEGG_2019_Mouse","yellow"
"Central carbon metabolism in cancer","1/64",0.274801310842782,0.548028899787511,0,0,3.18053551386885,4.10831982313615,"NTRK3","KEGG_2019_Mouse","yellow"
"Non-small cell lung cancer","1/66",0.282058502576368,0.548028899787511,0,0,3.08236208236208,3.90116313048372,"PLCG2","KEGG_2019_Mouse","yellow"
"Fc epsilon RI signaling pathway","1/68",0.289243789255229,0.548028899787511,0,0,2.99004975124378,3.70911301693322,"PLCG2","KEGG_2019_Mouse","yellow"
"Regulation of actin cytoskeleton","2/217",0.295709072188337,0.548028899787511,0,0,1.86853345989559,2.27658225012256,"CHRM3;DOCK1","KEGG_2019_Mouse","yellow"
"B cell receptor signaling pathway","1/72",0.303401461859655,0.548028899787511,0,0,2.82102717313985,3.36463457832852,"PLCG2","KEGG_2019_Mouse","yellow"
"Inositol phosphate metabolism","1/73",0.306897033111884,0.548028899787511,0,0,2.78170594837262,3.28587063696556,"PLCG2","KEGG_2019_Mouse","yellow"
"Bacterial invasion of epithelial cells","1/74",0.310375237892897,0.548028899787511,0,0,2.74346201743462,3.20977722405069,"DOCK1","KEGG_2019_Mouse","yellow"
"Gastric acid secretion","1/74",0.310375237892897,0.548028899787511,0,0,2.74346201743462,3.20977722405069,"CHRM3","KEGG_2019_Mouse","yellow"
"Glioma","1/75",0.313836161648445,0.548028899787511,0,0,2.70625170625171,3.13623236372496,"PLCG2","KEGG_2019_Mouse","yellow"
"Renin secretion","1/76",0.317279889350664,0.548028899787511,0,0,2.67003367003367,3.0651211233087,"PDE1C","KEGG_2019_Mouse","yellow"
"ErbB signaling pathway","1/84",0.344220716526821,0.579909241162178,0,0,2.41170743580382,2.57201895784243,"PLCG2","KEGG_2019_Mouse","yellow"
"Gap junction","1/86",0.350789788685405,0.579909241162178,0,0,2.35472370766488,2.46673350535558,"PRKG1","KEGG_2019_Mouse","yellow"
"Fc gamma R-mediated phagocytosis","1/87",0.354049852499014,0.579909241162178,0,0,2.3272257458304,2.41639933353241,"PLCG2","KEGG_2019_Mouse","yellow"
"Glycerophospholipid metabolism","1/97",0.385772094842852,0.604222352663631,0,0,2.08375420875421,1.98479362024731,"PLPP4","KEGG_2019_Mouse","yellow"
"Phosphatidylinositol signaling system","1/98",0.388858196397513,0.604222352663631,0,0,2.06216807247735,1.94780133547852,"PLCG2","KEGG_2019_Mouse","yellow"
"Choline metabolism in cancer","1/99",0.391928946523868,0.604222352663631,0,0,2.0410224695939,1.91177413897195,"SLC44A5","KEGG_2019_Mouse","yellow"
"AGE-RAGE signaling pathway in diabetic complications","1/101",0.398024694482133,0.604222352663631,0,0,2,1.84248245836996,"PLCG2","KEGG_2019_Mouse","yellow"
"NF-kappa B signaling pathway","1/102",0.401049842395342,0.604222352663631,0,0,1.98009800980098,1.80915528558786,"PLCG2","KEGG_2019_Mouse","yellow"
"HIF-1 signaling pathway","1/104",0.407055058636552,0.604222352663631,0,0,1.94145336863783,1.74499153520703,"PLCG2","KEGG_2019_Mouse","yellow"
"C-type lectin receptor signaling pathway","1/112",0.43048561638067,0.604466726624709,0,0,1.8008008008008,1.51778940882089,"PLCG2","KEGG_2019_Mouse","yellow"
"Cholinergic synapse","1/113",0.433349218837219,0.604466726624709,0,0,1.78463203463203,1.4923295915181,"CHRM3","KEGG_2019_Mouse","yellow"
"MAPK signaling pathway","2/294",0.433647407322141,0.604466726624709,0,0,1.37042214145932,1.14501990493626,"NTF3;CACNG3","KEGG_2019_Mouse","yellow"
"Leukocyte transendothelial migration","1/115",0.439033727758999,0.604466726624709,0,0,1.7531454899876,1.44315262186649,"PLCG2","KEGG_2019_Mouse","yellow"
"Thyroid hormone signaling pathway","1/115",0.439033727758999,0.604466726624709,0,0,1.7531454899876,1.44315262186649,"PLCG2","KEGG_2019_Mouse","yellow"
"Natural killer cell mediated cytotoxicity","1/118",0.447454800068397,0.60726008580711,0,0,1.70793404126737,1.37348597340122,"PLCG2","KEGG_2019_Mouse","yellow"
"Inflammatory mediator regulation of TRP channels","1/127",0.471974339207137,0.625604897746501,0,0,1.58521725188392,1.19022971699885,"PLCG2","KEGG_2019_Mouse","yellow"
"Osteoclast differentiation","1/128",0.474631333638161,0.625604897746501,0,0,1.57265569076593,1.17196962381658,"PLCG2","KEGG_2019_Mouse","yellow"
"Serotonergic synapse","1/132",0.485127594032975,0.625604897746501,0,0,1.52432724188449,1.1026119616962,"GABRB2","KEGG_2019_Mouse","yellow"
"Purine metabolism","1/136",0.49541620618668,0.625604897746501,0,0,1.47886270108492,1.03868964279636,"PDE1C","KEGG_2019_Mouse","yellow"
"Apelin signaling pathway","1/138",0.500483918197201,0.625604897746501,0,0,1.45712600457126,1.00859320422095,"RYR2","KEGG_2019_Mouse","yellow"
"Ubiquitin mediated proteolysis","1/138",0.500483918197201,0.625604897746501,0,0,1.45712600457126,1.00859320422095,"MID1","KEGG_2019_Mouse","yellow"
"Fluid shear stress and atherosclerosis","1/143",0.512933812590885,0.632840418131612,0,0,1.40546308151942,0.938299046849509,"SDC2","KEGG_2019_Mouse","yellow"
"mTOR signaling pathway","1/154",0.539252532966754,0.656781931177457,0,0,1.30369049976893,0.805121832204194,"RNF152","KEGG_2019_Mouse","yellow"
"JAK-STAT signaling pathway","1/164",0.56195423704509,0.675148633765366,0,0,1.22308979364194,0.7049092863918,"GHR","KEGG_2019_Mouse","yellow"
"Tight junction","1/167",0.568546217907677,0.675148633765366,0,0,1.20080321285141,0.678060757672765,"MAGI1","KEGG_2019_Mouse","yellow"
"Hepatocellular carcinoma","1/171",0.577182984911913,0.676943006995454,0,0,1.17231134878194,0.644297547374328,"PLCG2","KEGG_2019_Mouse","yellow"
"Axon guidance","1/180",0.595994889569521,0.685453719091736,0,0,1.11286044805598,0.57593108520923,"PLCG2","KEGG_2019_Mouse","yellow"
"Transcriptional misregulation in cancer","1/183",0.6020794872594,0.685453719091736,0,0,1.09435009435009,0.555235815206858,"EYA1","KEGG_2019_Mouse","yellow"
"Cellular senescence","1/185",0.606085393723219,0.685453719091736,0,0,1.08234519104084,0.541967458037162,"MCU","KEGG_2019_Mouse","yellow"
"Focal adhesion","1/199",0.633030530285215,0.707504710318769,0,0,1.00510152025304,0.459569228815331,"DOCK1","KEGG_2019_Mouse","yellow"
"NOD-like receptor signaling pathway","1/205",0.644012133765147,0.711408752414987,0,0,0.975242622301446,0.429143531972285,"MCU","KEGG_2019_Mouse","yellow"
"Kaposi sarcoma-associated herpesvirus infection","1/216",0.663306734921852,0.724300457673287,0,0,0.924829692271553,0.37965900333487,"PLCG2","KEGG_2019_Mouse","yellow"
"Epstein-Barr virus infection","1/229",0.684778279205045,0.734338268648852,0,0,0.871522239943293,0.330010762244593,"PLCG2","KEGG_2019_Mouse","yellow"
"Thermogenesis","1/231",0.687959009576293,0.734338268648852,0,0,0.863855950812473,0.323104604801154,"PRKG1","KEGG_2019_Mouse","yellow"
"Human immunodeficiency virus 1 infection","1/238",0.698843373301633,0.737668005151724,0,0,0.83804287601756,0.300294759320438,"PLCG2","KEGG_2019_Mouse","yellow"
"MicroRNAs in cancer","1/281",0.757922669215417,0.791237951378732,0,0,0.707792207792208,0.196181539398202,"PLCG2","KEGG_2019_Mouse","yellow"
"Cytokine-cytokine receptor interaction","1/292",0.771092573236891,0.796236896277225,0,0,0.680655350758444,0.176934209993707,"GHR","KEGG_2019_Mouse","yellow"
"Human papillomavirus infection","1/360",0.838126716029775,0.856150946482028,0,0,0.549815705804564,0.0970897438463633,"MAGI1","KEGG_2019_Mouse","yellow"
"Olfactory transduction","3/1133",0.927590228598292,0.93400856626885,0,0,0.513730499042058,0.0386146596749039,"PDE1C;PRKG1;ANO2","KEGG_2019_Mouse","yellow"
"Pathways in cancer","1/535",0.93400856626885,0.93400856626885,0,0,0.366322400030265,0.0250087090710907,"PLCG2","KEGG_2019_Mouse","yellow"
"Axon Guidance (GO:0007411)","11/149",2.16949810429218e-10,1.581564118029e-07,0,0,17.6992346523368,393.831954848854,"ROBO2;RET;EPHA4;EPHA10;CNTN6;DCC;NRXN3;NCAM1;CNTN4;NTN1;PLXNA4","GO_Biological_Process_2023","blue"
"Modulation Of Chemical Synaptic Transmission (GO:0050804)","8/123",1.88676132972982e-07,4.88100225896927e-05,0,0,14.9603024574669,231.633861773265,"RIMS1;GRM5;CLSTN2;DRD2;SNCAIP;CPLX1;GRIA3;CNTNAP4","GO_Biological_Process_2023","blue"
"Neuron Projection Guidance (GO:0097485)","8/124",2.00864290492563e-07,4.88100225896927e-05,0,0,14.8305847076462,228.697053317066,"ROBO2;RET;EPHA4;EPHA10;CNTN6;DCC;NRXN3;CNTN4","GO_Biological_Process_2023","blue"
"Axonogenesis (GO:0007409)","9/188",4.31033600116256e-07,7.85558736211877e-05,0,0,10.8962490023943,159.707191054781,"ROBO2;RET;EPHA4;EPHA10;CNTN6;DCC;NRXN3;CNTN4;DRD2","GO_Biological_Process_2023","blue"
"Regulation Of Cell Migration (GO:0030334)","12/434",1.75455239024402e-06,0.000255813738497578,0,0,6.29405428694528,83.416969426092,"RET;EPHA4;PTPRU;SERPINE2;ERBB4;CDH11;PRKCA;LDLRAD4;DRD2;SRGAP1;PLXNA4;ROBO1","GO_Biological_Process_2023","blue"
"Cell-Cell Adhesion Via Plasma-Membrane Adhesion Molecules (GO:0098742)","8/172",2.41431072000982e-06,0.000293338752481193,0,0,10.4644750795334,135.348532883748,"ROBO2;TENM1;CADM2;CNTN6;CDH11;CNTN4;CDH18;ROBO1","GO_Biological_Process_2023","blue"
"Negative Regulation Of Cell Motility (GO:2000146)","7/133",4.69810558274099e-06,0.000489274138545454,0,0,11.8124253285544,144.918982430899,"EPHA4;PTPRU;CDH11;LDLRAD4;DRD2;SRGAP1;ROBO1","GO_Biological_Process_2023","blue"
"Homophilic Cell Adhesion Via Plasma Membrane Adhesion Molecules (GO:0007156)","5/60",1.24074490606538e-05,0.00113062879565208,0,0,18.9904306220096,214.53894985886,"ROBO2;CADM2;CNTN6;CNTN4;ROBO1","GO_Biological_Process_2023","blue"
"Negative Regulation Of Cell Migration (GO:0030336)","7/163",1.7796480193903e-05,0.00144151489570614,0,0,9.52633030052385,104.184805281637,"EPHA4;PTPRU;CDH11;LDLRAD4;DRD2;SRGAP1;ROBO1","GO_Biological_Process_2023","blue"
"Catecholamine Metabolic Process (GO:0006584)","3/13",3.34476846171919e-05,0.00243833620859329,0,0,61.5154639175258,633.949335404614,"DDC;SNCAIP;DRD2","GO_Biological_Process_2023","blue"
"Positive Regulation Of Axonogenesis (GO:0050772)","4/38",3.81116028676401e-05,0.0025257598627736,0,0,24.3455882352941,247.716160294751,"ROBO2;NTN1;PLXNA4;ROBO1","GO_Biological_Process_2023","blue"
"Neuron Cell-Cell Adhesion (GO:0007158)","3/14",4.24153224447596e-05,0.00257673083851914,0,0,55.9203373945642,563.006006243408,"RET;NRXN3;CNTN4","GO_Biological_Process_2023","blue"
"Regulation Of Axonogenesis (GO:0050770)","4/42",5.69121176311189e-05,0.00319145644254505,0,0,21.7785087719298,212.863194301798,"ROBO2;EPHA4;PLXNA4;ROBO1","GO_Biological_Process_2023","blue"
"Nervous System Development (GO:0007399)","10/433",6.21835890958704e-05,0.00323798831792068,0,0,5.11610191752036,49.551592937937,"ROBO2;TENM1;CNTN6;ERBB4;NRG1;APBA1;MSI2;CNTN4;DRD2;ROBO1","GO_Biological_Process_2023","blue"
"Regulation Of Cell Adhesion (GO:0030155)","6/144",8.58029327018653e-05,0.00400660197508931,0,0,9.14061054579093,85.5877171939006,"RET;EPHA4;ZFHX3;PRKCA;NRG1;PLXNA4","GO_Biological_Process_2023","blue"
"Central Nervous System Development (GO:0007417)","8/283",8.79363945149918e-05,0.00400660197508931,0,0,6.20553359683794,57.9528378152175,"ROBO2;ZFHX3;CADM2;CNTN6;PBX3;MSI2;CNTN4;PBX1","GO_Biological_Process_2023","blue"
"Regulation Of Neurotransmitter Transport (GO:0051588)","3/21",0.000151087907181529,0.00647900496090202,0,0,34.1615120274914,300.540982690973,"RIMS1;SNCAIP;CPLX1","GO_Biological_Process_2023","blue"
"Brain Development (GO:0007420)","6/169",0.000206049540677144,0.00834500639742435,0,0,7.72888656833312,65.5981049408093,"ROBO2;ZFHX3;CADM2;PBX3;CNTN4;PBX1","GO_Biological_Process_2023","blue"
"Potassium Ion Transport (GO:0006813)","5/122",0.00036883273112096,0.0141515295256411,0,0,8.89923526765632,70.3499438099065,"KCNJ6;KCND3;KCNS3;KCNQ3;KCNN3","GO_Biological_Process_2023","blue"
"Negative Regulation Of Chemotaxis (GO:0050922)","3/31",0.000492443679830411,0.0177505521934307,0,0,21.9499263622975,167.173502753114,"ROBO2;NRG1;ROBO1","GO_Biological_Process_2023","blue"
"Regulation Of Mammary Gland Epithelial Cell Proliferation (GO:0033599)","2/7",0.00051133277923463,0.0177505521934307,0,0,81.2040816326531,615.404316417306,"RREB1;ROBO1","GO_Biological_Process_2023","blue"
"Positive Regulation Of Neurogenesis (GO:0050769)","4/75",0.00054477989716172,0.0180520247741315,0,0,11.6367370892019,87.4515769117314,"ROBO2;DRD2;PLXNA4;ROBO1","GO_Biological_Process_2023","blue"
"Potassium Ion Transmembrane Transport (GO:0071805)","5/137",0.000626659455264981,0.0198623801255727,0,0,7.88197767145136,58.130431050787,"KCNJ6;KCND3;KCNS3;KCNQ3;KCNN3","GO_Biological_Process_2023","blue"
"Aortic Valve Morphogenesis (GO:0003180)","3/37",0.000832937363224714,0.0253004724079507,0,0,18.0709520921771,128.133027538084,"ROBO2;CDH11;ROBO1","GO_Biological_Process_2023","blue"
"Regulation Of Neurotransmitter Secretion (GO:0046928)","3/38",0.000901065662717809,0.0254625631355767,0,0,17.5537555228277,123.085747538255,"RIMS1;SNCAIP;CPLX1","GO_Biological_Process_2023","blue"
"Exocytosis (GO:0006887)","4/86",0.000912726692152766,0.0254625631355767,0,0,10.0701219512195,70.4815294668184,"RIMS1;CADPS2;CADPS;CPLX1","GO_Biological_Process_2023","blue"
"Neuron Development (GO:0048666)","5/150",0.000943057893910248,0.0254625631355767,0,0,7.17059891107078,49.9531375212897,"ROBO2;TENM1;PBX3;CNTN4;PBX1","GO_Biological_Process_2023","blue"
"Positive Regulation Of Cell Adhesion (GO:0045785)","4/88",0.00099466726260602,0.0258968726585639,0,0,9.82936507936508,67.9514062017993,"RET;EPHA4;ZFHX3;PRKCA","GO_Biological_Process_2023","blue"
"Neuron Projection Fasciculation (GO:0106030)","2/10",0.00108503842061186,0.027275620987105,0,0,50.7448979591837,346.391771762865,"EPHA4;CNTN4","GO_Biological_Process_2023","blue"
"Ephrin Receptor Signaling Pathway (GO:0048013)","3/43",0.00129454713089392,0.0310845620020293,0,0,15.3556701030928,102.108977171279,"EPHA4;EPHA10;ANKS1B","GO_Biological_Process_2023","blue"
"Regulation Of Astrocyte Differentiation (GO:0048710)","2/11",0.0013218400851343,0.0310845620020293,0,0,45.1043083900227,298.984305122014,"EPHA4;SERPINE2","GO_Biological_Process_2023","blue"
"Axonal Fasciculation (GO:0007413)","2/12",0.00158104510229119,0.0349267236233417,0,0,40.5918367346939,261.803918893847,"EPHA4;CNTN4","GO_Biological_Process_2023","blue"
"Dendrite Self-Avoidance (GO:0070593)","2/12",0.00158104510229119,0.0349267236233417,0,0,40.5918367346939,261.803918893847,"CNTN6;CNTN4","GO_Biological_Process_2023","blue"
"Regulation Of Synapse Assembly (GO:0051963)","3/51",0.00212229630435684,0.0438567444908569,0,0,12.7912371134021,78.733346844315,"ROBO2;CLSTN2;IL1RAP","GO_Biological_Process_2023","blue"
"Striated Muscle Tissue Development (GO:0014706)","2/14",0.00216576516004231,0.0438567444908569,0,0,33.8231292517007,207.504274169846,"SGCD;SGCZ","GO_Biological_Process_2023","blue"
"Aorta Development (GO:0035904)","2/14",0.00216576516004231,0.0438567444908569,0,0,33.8231292517007,207.504274169846,"ROBO2;ROBO1","GO_Biological_Process_2023","blue"
"Cardiac Muscle Tissue Development (GO:0048738)","3/52",0.0022441220665619,0.044215269906044,0,0,12.5295602777193,76.423312366036,"SGCD;NRG1;SGCZ","GO_Biological_Process_2023","blue"
"Regulation Of Exocytosis (GO:0017157)","3/54",0.002500594818504,0.0467538492613259,0,0,12.0369921164342,72.1163479298262,"CADPS2;CADPS;CPLX1","GO_Biological_Process_2023","blue"
"Chemical Synaptic Transmission (GO:0007268)","6/273",0.002501234734145,0.0467538492613259,0,0,4.69352139612718,28.1187495177967,"KCNQ3;APBA1;DRD2;ERC2;CPLX1;GRIA3","GO_Biological_Process_2023","blue"
"Heart Process (GO:0003015)","2/16",0.00283741499181759,0.0504506226593909,0,0,28.9883381924198,170.012598917729,"SGCD;SGCZ","GO_Biological_Process_2023","blue"
"Regulation Of Synaptic Transmission, GABAergic (GO:0032228)","2/16",0.00283741499181759,0.0504506226593909,0,0,28.9883381924198,170.012598917729,"DRD2;CNTNAP4","GO_Biological_Process_2023","blue"
"Positive Regulation Of Cell Projection Organization (GO:0031346)","4/118",0.00292063617209589,0.0506938992728073,0,0,7.23172514619883,42.2040139869092,"ROBO2;RET;PLXNA4;ROBO1","GO_Biological_Process_2023","blue"
"Transmembrane Receptor Protein Tyrosine Kinase Signaling Pathway (GO:0007169)","6/284",0.0030409558504942,0.0515548096514017,0,0,4.50528088167764,26.1107310382891,"RET;EPHA4;EPHA10;ERBB4;NRG1;ANKS1B","GO_Biological_Process_2023","blue"
"Regulation Of Cell Motility (GO:2000145)","4/123",0.00339042739947073,0.0557489118843767,0,0,6.92612044817927,39.3874568402115,"SERPINE2;ERBB4;NTN1;PLXNA4","GO_Biological_Process_2023","blue"
"Positive Regulation Of Cell Junction Assembly (GO:1901890)","3/61",0.00353793656963806,0.0557489118843767,0,0,10.5805190188411,59.7186883041205,"CLSTN2;NRG1;IL1RAP","GO_Biological_Process_2023","blue"
"Vesicle-Mediated Transport In Synapse (GO:0099003)","2/18",0.00359423711737408,0.0557489118843767,0,0,25.3622448979592,142.749455625051,"RIMS1;CPLX1","GO_Biological_Process_2023","blue"
"Pulmonary Valve Morphogenesis (GO:0003184)","2/18",0.00359423711737408,0.0557489118843767,0,0,25.3622448979592,142.749455625051,"ROBO2;ROBO1","GO_Biological_Process_2023","blue"
"Regulation Of Vascular Endothelial Growth Factor Signaling Pathway (GO:1900746)","2/19",0.00400404563880334,0.0579158336742419,0,0,23.8691476590636,131.768436654952,"NRG1;ROBO1","GO_Biological_Process_2023","blue"
"Regulation Of Behavior (GO:0050795)","2/19",0.00400404563880334,0.0579158336742419,0,0,23.8691476590636,131.768436654952,"ZFHX3;CNTNAP4","GO_Biological_Process_2023","blue"
"Dopamine Metabolic Process (GO:0042417)","2/19",0.00400404563880334,0.0579158336742419,0,0,23.8691476590636,131.768436654952,"SNCAIP;DRD2","GO_Biological_Process_2023","blue"
"Regulation Of Secretion By Cell (GO:1903530)","3/64",0.00405172498955602,0.0579158336742419,0,0,10.0586445834038,55.4091759409798,"RIMS1;SNCAIP;CPLX1","GO_Biological_Process_2023","blue"
"Pulmonary Valve Development (GO:0003177)","2/20",0.00443449984753605,0.0621682767087266,0,0,22.5419501133787,122.139959975335,"ROBO2;ROBO1","GO_Biological_Process_2023","blue"
"Positive Regulation Of MAPK Cascade (GO:0043410)","6/310",0.00465939015158228,0.0640885928396883,0,0,4.11450167973124,22.0902275470163,"RET;TENM1;ERBB4;PRKCA;NRG1;ROBO1","GO_Biological_Process_2023","blue"
"Regulation Of Cellular Biosynthetic Process (GO:0031326)","3/70",0.00520972357949959,0.0703312683232445,0,0,9.15510078473611,48.1304565862878,"GRM5;NOS1AP;MSI2","GO_Biological_Process_2023","blue"
"Mammary Gland Development (GO:0030879)","2/22",0.00535649695773258,0.0704643855658844,0,0,20.2857142857143,106.083028567318,"ERBB4;NRG1","GO_Biological_Process_2023","blue"
"Cell-Cell Junction Assembly (GO:0007043)","3/71",0.00542005642805361,0.0704643855658844,0,0,9.02001212856277,47.0632577361771,"CDH11;PRKCA;CDH18","GO_Biological_Process_2023","blue"
"Negative Regulation Of Cellular Process (GO:0048523)","8/537",0.0055095610113243,0.0704643855658844,0,0,3.18418673461001,16.5618159887258,"EPHA4;PTPRU;TENM1;BRINP1;ERBB4;NRG1;DRD2;PLXNA4","GO_Biological_Process_2023","blue"
"Negative Regulation Of Cell Adhesion (GO:0007162)","3/72",0.00563543249072426,0.0708315566506549,0,0,8.88883908561183,46.0324654948436,"EPHA4;NRG1;PLXNA4","GO_Biological_Process_2023","blue"
"Artery Development (GO:0060840)","2/23",0.00584761959206228,0.0722527912307356,0,0,19.3187560738581,99.3316462237063,"ROBO2;ROBO1","GO_Biological_Process_2023","blue"
"Neuron Projection Morphogenesis (GO:0048812)","4/146",0.00621806957426721,0.0755495453273467,0,0,5.79753521126761,29.4531936579824,"EPHA4;DCC;CNTN4;DRD2","GO_Biological_Process_2023","blue"
"Outflow Tract Septum Morphogenesis (GO:0003148)","2/24",0.00635854736076345,0.0759898528851894,0,0,18.4397031539889,93.2671948534304,"ROBO2;ROBO1","GO_Biological_Process_2023","blue"
"Cell Morphogenesis Involved In Neuron Differentiation (GO:0048667)","3/77",0.0067890554235684,0.0797164277470325,0,0,8.28615213151296,41.3681460172482,"DCC;CNTN4;DRD2","GO_Biological_Process_2023","blue"
"Regulation Of Platelet Aggregation (GO:0090330)","2/25",0.00688907400282997,0.0797164277470325,0,0,17.6370896184561,87.7942327571282,"SERPINE2;PRKCA","GO_Biological_Process_2023","blue"
"Cell-Cell Adhesion Mediated By Cadherin (GO:0044331)","2/26",0.0074389947886241,0.0847348000141714,0,0,16.9013605442177,82.8338984204336,"CDH11;CDH18","GO_Biological_Process_2023","blue"
"Ventricular Septum Morphogenesis (GO:0060412)","2/27",0.00800810651058956,0.0884531764578756,0,0,16.2244897959184,78.3204947866311,"ROBO2;ROBO1","GO_Biological_Process_2023","blue"
"Dorsal/Ventral Pattern Formation (GO:0009953)","2/27",0.00800810651058956,0.0884531764578756,0,0,16.2244897959184,78.3204947866311,"TLL1;ANKS1B","GO_Biological_Process_2023","blue"
"Regulation Of Platelet Activation (GO:0010543)","2/28",0.00859620747114401,0.0935318693502087,0,0,15.5996860282575,74.1988795836398,"NRG1;PRKCA","GO_Biological_Process_2023","blue"
"Regulation Of Blood Coagulation (GO:0030193)","2/29",0.00920309747511436,0.098662618519976,0,0,15.021164021164,70.4224490277819,"SERPINE2;NRG1","GO_Biological_Process_2023","blue"
"Negative Regulation Of Epithelial To Mesenchymal Transition (GO:0010719)","2/30",0.00982857782071015,0.100915961004193,0,0,14.4839650145773,66.9515638793864,"EPHA4;LDLRAD4","GO_Biological_Process_2023","blue"
"Regulation Of Potassium Ion Transport (GO:0043266)","2/30",0.00982857782071015,0.100915961004193,0,0,14.4839650145773,66.9515638793864,"DPP10;DRD2","GO_Biological_Process_2023","blue"
"Positive Regulation Of Cell Communication (GO:0010647)","2/30",0.00982857782071015,0.100915961004193,0,0,14.4839650145773,66.9515638793864,"RIMS1;CLSTN2","GO_Biological_Process_2023","blue"
"Negative Chemotaxis (GO:0050919)","2/31",0.0104724512850622,0.106033569261255,0,0,13.9838142153413,63.7523090878691,"NTN1;ROBO1","GO_Biological_Process_2023","blue"
"Positive Regulation Of Synapse Assembly (GO:0051965)","2/32",0.0111345221222249,0.109788031555897,0,0,13.5170068027211,60.795507674817,"CLSTN2;IL1RAP","GO_Biological_Process_2023","blue"
"Neuron Differentiation (GO:0030182)","4/173",0.0111444641085547,0.109788031555897,0,0,4.8646449704142,21.8753958093568,"TENM1;ERBB4;PBX3;PBX1","GO_Biological_Process_2023","blue"
"Regulation Of Potassium Ion Transmembrane Transport (GO:1901379)","2/33",0.0118145960439168,0.111855071636563,0,0,13.0803159973667,58.0559303610333,"DPP10;NOS1AP","GO_Biological_Process_2023","blue"
"Positive Regulation Of Notch Signaling Pathway (GO:0045747)","2/33",0.0118145960439168,0.111855071636563,0,0,13.0803159973667,58.0559303610333,"ROBO2;ROBO1","GO_Biological_Process_2023","blue"
"Regulation Of Cell Adhesion Mediated By Integrin (GO:0033628)","2/33",0.0118145960439168,0.111855071636563,0,0,13.0803159973667,58.0559303610333,"RET;NRG1","GO_Biological_Process_2023","blue"
"Cell Junction Assembly (GO:0034329)","3/95",0.0120445443435542,0.11257016444168,0,0,6.65889735544599,29.4266227866329,"CDH11;DRD2;CDH18","GO_Biological_Process_2023","blue"
"Regulation Of Metal Ion Transport (GO:0010959)","2/34",0.0125124802245356,0.11401997604608,0,0,12.6709183673469,55.5116572102178,"NKAIN2;DRD2","GO_Biological_Process_2023","blue"
"Cellular Response To Amyloid-Beta (GO:1904646)","2/34",0.0125124802245356,0.11401997604608,0,0,12.6709183673469,55.5116572102178,"EPHA4;GRM5","GO_Biological_Process_2023","blue"
"Glutamate Receptor Signaling Pathway (GO:0007215)","2/35",0.0132279832722483,0.116183130186374,0,0,12.2863327149041,53.1435584472206,"GRM5;GRIA3","GO_Biological_Process_2023","blue"
"Adherens Junction Organization (GO:0034332)","2/35",0.0132279832722483,0.116183130186374,0,0,12.2863327149041,53.1435584472206,"CDH11;CDH18","GO_Biological_Process_2023","blue"
"Regulation Of Sodium Ion Transport (GO:0002028)","2/35",0.0132279832722483,0.116183130186374,0,0,12.2863327149041,53.1435584472206,"NKAIN2;DRD2","GO_Biological_Process_2023","blue"
"Axon Development (GO:0061564)","3/99",0.0134550429542985,0.116770551353376,0,0,6.38015463917526,27.4882665567256,"DCC;CNTN4;DRD2","GO_Biological_Process_2023","blue"
"Synaptic Vesicle Cycle (GO:0099504)","2/37",0.0147110875878219,0.120498683724968,0,0,11.5830903790087,48.8708399253876,"RIMS1;CPLX1","GO_Biological_Process_2023","blue"
"Ventricular Septum Development (GO:0003281)","2/37",0.0147110875878219,0.120498683724968,0,0,11.5830903790087,48.8708399253876,"ROBO2;ROBO1","GO_Biological_Process_2023","blue"
"Positive Regulation Of Signaling (GO:0023056)","2/37",0.0147110875878219,0.120498683724968,0,0,11.5830903790087,48.8708399253876,"RIMS1;CLSTN2","GO_Biological_Process_2023","blue"
"Positive Regulation Of Exocytosis (GO:0045921)","2/37",0.0147110875878219,0.120498683724968,0,0,11.5830903790087,48.8708399253876,"CADPS2;CADPS","GO_Biological_Process_2023","blue"
"Regulation Of Cellular Component Biogenesis (GO:0044087)","2/37",0.0147110875878219,0.120498683724968,0,0,11.5830903790087,48.8708399253876,"NRG1;SNCAIP","GO_Biological_Process_2023","blue"
"Positive Regulation Of Protein Tyrosine Kinase Activity (GO:0061098)","2/38",0.0154783132235365,0.122648808043023,0,0,11.2607709750567,46.9384448645158,"EPHA4;GRM5","GO_Biological_Process_2023","blue"
"Calcium-Dependent Cell-Cell Adhesion Via Plasma Membrane Cell Adhesion Molecules (GO:0016339)","2/38",0.0154783132235365,0.122648808043023,0,0,11.2607709750567,46.9384448645158,"CDH11;CDH18","GO_Biological_Process_2023","blue"
"Signal Release From Synapse (GO:0099643)","2/38",0.0154783132235365,0.122648808043023,0,0,11.2607709750567,46.9384448645158,"RIMS1;CPLX1","GO_Biological_Process_2023","blue"
"Regulation Of Protein Tyrosine Kinase Activity (GO:0061097)","2/39",0.0162624064321538,0.127476282677851,0,0,10.9558742415885,45.1261415257865,"EPHA4;GRM5","GO_Biological_Process_2023","blue"
"Aortic Valve Development (GO:0003176)","2/40",0.0170631829128301,0.130348551563742,0,0,10.6670247046187,43.4236674606069,"ROBO2;ROBO1","GO_Biological_Process_2023","blue"
"Regulation Of Dendrite Development (GO:0050773)","2/41",0.0178804597481127,0.130348551563742,0,0,10.3929879644165,41.8218699251635,"DCC;HECW2","GO_Biological_Process_2023","blue"
"Synaptic Vesicle Exocytosis (GO:0016079)","2/41",0.0178804597481127,0.130348551563742,0,0,10.3929879644165,41.8218699251635,"RIMS1;CPLX1","GO_Biological_Process_2023","blue"
"Heart Contraction (GO:0060047)","2/41",0.0178804597481127,0.130348551563742,0,0,10.3929879644165,41.8218699251635,"SGCD;SGCZ","GO_Biological_Process_2023","blue"
"Visual System Development (GO:0150063)","2/41",0.0178804597481127,0.130348551563742,0,0,10.3929879644165,41.8218699251635,"PBX3;PBX1","GO_Biological_Process_2023","blue"
"Negative Regulation Of Proteolysis (GO:0045861)","2/41",0.0178804597481127,0.130348551563742,0,0,10.3929879644165,41.8218699251635,"EPHA4;SERPINE2","GO_Biological_Process_2023","blue"
"Regulation Of Amide Metabolic Process (GO:0034248)","2/41",0.0178804597481127,0.130348551563742,0,0,10.3929879644165,41.8218699251635,"GRM5;MSI2","GO_Biological_Process_2023","blue"
"Neurotransmitter Secretion (GO:0007269)","2/43",0.0195637897091909,0.135502699686992,0,0,9.88501742160279,38.888398778374,"RIMS1;CPLX1","GO_Biological_Process_2023","blue"
"Learning (GO:0007612)","2/43",0.0195637897091909,0.135502699686992,0,0,9.88501742160279,38.888398778374,"NRXN3;DRD2","GO_Biological_Process_2023","blue"
"Response To Amyloid-Beta (GO:1904645)","2/43",0.0195637897091909,0.135502699686992,0,0,9.88501742160279,38.888398778374,"EPHA4;GRM5","GO_Biological_Process_2023","blue"
"Neural Crest Cell Development (GO:0014032)","2/44",0.0204294838615153,0.135502699686992,0,0,9.6491739552964,37.5427757402553,"ERBB4;NRG1","GO_Biological_Process_2023","blue"
"Oligosaccharide Metabolic Process (GO:0009311)","2/48",0.0240483300532172,0.135502699686992,0,0,8.80834072759539,32.8347611919466,"ST6GAL2;ST6GALNAC5","GO_Biological_Process_2023","blue"
"Enzyme-Linked Receptor Protein Signaling Pathway (GO:0007167)","3/124",0.0243385983169026,0.135502699686992,0,0,5.05555082218625,18.7848686370022,"RET;PTPRU;ERBB4","GO_Biological_Process_2023","blue"
"Positive Regulation Of Growth Hormone Secretion (GO:0060124)","1/5",0.0247535287182936,0.135502699686992,0,0,50.2424242424242,185.836036973753,"DRD2","GO_Biological_Process_2023","blue"
"Equilibrioception (GO:0050957)","1/5",0.0247535287182936,0.135502699686992,0,0,50.2424242424242,185.836036973753,"PCDH15","GO_Biological_Process_2023","blue"
"Negative Regulation Of Lamellipodium Organization (GO:1902744)","1/5",0.0247535287182936,0.135502699686992,0,0,50.2424242424242,185.836036973753,"NRG1","GO_Biological_Process_2023","blue"
"Transmembrane Receptor Protein Tyrosine Phosphatase Signaling Pathway (GO:0007185)","1/5",0.0247535287182936,0.135502699686992,0,0,50.2424242424242,185.836036973753,"PTPRU","GO_Biological_Process_2023","blue"
"Heme Transport (GO:0015886)","1/5",0.0247535287182936,0.135502699686992,0,0,50.2424242424242,185.836036973753,"NRG1","GO_Biological_Process_2023","blue"
"Activation Of Transmembrane Receptor Protein Tyrosine Kinase Activity (GO:0007171)","1/5",0.0247535287182936,0.135502699686992,0,0,50.2424242424242,185.836036973753,"NRG1","GO_Biological_Process_2023","blue"
"Iron Coordination Entity Transport (GO:1901678)","1/5",0.0247535287182936,0.135502699686992,0,0,50.2424242424242,185.836036973753,"NRG1","GO_Biological_Process_2023","blue"
"Regulation Of Nitric Oxide Mediated Signal Transduction (GO:0010749)","1/5",0.0247535287182936,0.135502699686992,0,0,50.2424242424242,185.836036973753,"NOS1AP","GO_Biological_Process_2023","blue"
"Regulation Of Peptidyl-Cysteine S-nitrosylation (GO:2000169)","1/5",0.0247535287182936,0.135502699686992,0,0,50.2424242424242,185.836036973753,"NOS1AP","GO_Biological_Process_2023","blue"
"Prepulse Inhibition (GO:0060134)","1/5",0.0247535287182936,0.135502699686992,0,0,50.2424242424242,185.836036973753,"DRD2","GO_Biological_Process_2023","blue"
"Presynaptic Active Zone Organization (GO:1990709)","1/5",0.0247535287182936,0.135502699686992,0,0,50.2424242424242,185.836036973753,"ERC2","GO_Biological_Process_2023","blue"
"Retinal Ganglion Cell Axon Guidance (GO:0031290)","1/5",0.0247535287182936,0.135502699686992,0,0,50.2424242424242,185.836036973753,"ROBO2","GO_Biological_Process_2023","blue"
"Negative Regulation Of Axon Regeneration (GO:0048681)","1/5",0.0247535287182936,0.135502699686992,0,0,50.2424242424242,185.836036973753,"EPHA4","GO_Biological_Process_2023","blue"
"Regulation Of Blood Vessel Remodeling (GO:0060312)","1/5",0.0247535287182936,0.135502699686992,0,0,50.2424242424242,185.836036973753,"NRG1","GO_Biological_Process_2023","blue"
"Negative Regulation Of Cellular Response To Hypoxia (GO:1900038)","1/5",0.0247535287182936,0.135502699686992,0,0,50.2424242424242,185.836036973753,"EPHA4","GO_Biological_Process_2023","blue"
"Negative Regulation Of Chemokine-Mediated Signaling Pathway (GO:0070100)","1/5",0.0247535287182936,0.135502699686992,0,0,50.2424242424242,185.836036973753,"ROBO1","GO_Biological_Process_2023","blue"
"Positive Regulation Of Cell Motility (GO:2000147)","4/221",0.0249823339690395,0.135502699686992,0,0,3.77937788018433,13.9443410198559,"RET;EPHA4;PRKCA;NTN1","GO_Biological_Process_2023","blue"
"Positive Regulation Of Nervous System Development (GO:0051962)","2/49",0.0249911884332231,0.135502699686992,0,0,8.62049500651324,31.8030058521021,"CLSTN2;IL1RAP","GO_Biological_Process_2023","blue"
"Protein-Containing Complex Organization (GO:0043933)","3/126",0.0253646928571546,0.135502699686992,0,0,4.97284385214986,18.2722031134334,"RIMS1;APBA1;IL1RAP","GO_Biological_Process_2023","blue"
"Blood Circulation (GO:0008015)","2/50",0.0259489619459531,0.135502699686992,0,0,8.44047619047619,30.8214426622313,"SGCD;SGCZ","GO_Biological_Process_2023","blue"
"Positive Regulation Of Developmental Growth (GO:0048639)","2/50",0.0259489619459531,0.135502699686992,0,0,8.44047619047619,30.8214426622313,"RIMS1;NTN1","GO_Biological_Process_2023","blue"
"Negative Regulation Of Cell Projection Organization (GO:0031345)","2/50",0.0259489619459531,0.135502699686992,0,0,8.44047619047619,30.8214426622313,"EPHA4;DCC","GO_Biological_Process_2023","blue"
"Regulated Exocytosis (GO:0045055)","2/51",0.0269214810715392,0.135502699686992,0,0,8.26780508121616,29.8867161104048,"RIMS1;CPLX1","GO_Biological_Process_2023","blue"
"Positive Regulation Of Peptidyl-Tyrosine Phosphorylation (GO:0050731)","3/130",0.0274860097045577,0.135502699686992,0,0,4.81524474389155,17.3063658813262,"EPHA4;GRM5;ERBB4","GO_Biological_Process_2023","blue"
"Regulation Of Macromolecule Biosynthetic Process (GO:0010556)","2/53",0.0289100845392209,0.135502699686992,0,0,7.94277711084434,28.1457453742055,"GRM5;MSI2","GO_Biological_Process_2023","blue"
"Regulation Of Cellular Response To Hypoxia (GO:1900037)","1/6",0.0296309633944118,0.135502699686992,0,0,40.1919191919192,141.432767389918,"EPHA4","GO_Biological_Process_2023","blue"
"Positive Regulation Of Immune Response To Tumor Cell (GO:0002839)","1/6",0.0296309633944118,0.135502699686992,0,0,40.1919191919192,141.432767389918,"NRG1","GO_Biological_Process_2023","blue"
"Substrate-Dependent Cell Migration, Cell Extension (GO:0006930)","1/6",0.0296309633944118,0.135502699686992,0,0,40.1919191919192,141.432767389918,"NTN1","GO_Biological_Process_2023","blue"
"Synaptic Transmission, Dopaminergic (GO:0001963)","1/6",0.0296309633944118,0.135502699686992,0,0,40.1919191919192,141.432767389918,"SLC6A3","GO_Biological_Process_2023","blue"
"Positive Regulation Of Lamellipodium Morphogenesis (GO:2000394)","1/6",0.0296309633944118,0.135502699686992,0,0,40.1919191919192,141.432767389918,"RREB1","GO_Biological_Process_2023","blue"
"Positive Regulation Of Lipopolysaccharide-Mediated Signaling Pathway (GO:0031666)","1/6",0.0296309633944118,0.135502699686992,0,0,40.1919191919192,141.432767389918,"PRKCA","GO_Biological_Process_2023","blue"
"Regulation Of Glial Cell Apoptotic Process (GO:0034350)","1/6",0.0296309633944118,0.135502699686992,0,0,40.1919191919192,141.432767389918,"PRKCA","GO_Biological_Process_2023","blue"
"Regulation Of Glial Cell Differentiation (GO:0045685)","1/6",0.0296309633944118,0.135502699686992,0,0,40.1919191919192,141.432767389918,"EPHA4","GO_Biological_Process_2023","blue"
"Regulation Of Growth Hormone Secretion (GO:0060123)","1/6",0.0296309633944118,0.135502699686992,0,0,40.1919191919192,141.432767389918,"DRD2","GO_Biological_Process_2023","blue"
"Negative Regulation Of Neuron Projection Regeneration (GO:0070571)","1/6",0.0296309633944118,0.135502699686992,0,0,40.1919191919192,141.432767389918,"EPHA4","GO_Biological_Process_2023","blue"
"Negative Regulation Of Plasminogen Activation (GO:0010757)","1/6",0.0296309633944118,0.135502699686992,0,0,40.1919191919192,141.432767389918,"SERPINE2","GO_Biological_Process_2023","blue"
"Adenosine To Inosine Editing (GO:0006382)","1/6",0.0296309633944118,0.135502699686992,0,0,40.1919191919192,141.432767389918,"ADARB2","GO_Biological_Process_2023","blue"
"Neurotransmitter Receptor Transport, Endosome To Postsynaptic Membrane (GO:0098887)","1/6",0.0296309633944118,0.135502699686992,0,0,40.1919191919192,141.432767389918,"GRIP2","GO_Biological_Process_2023","blue"
"Norepinephrine Transport (GO:0015874)","1/6",0.0296309633944118,0.135502699686992,0,0,40.1919191919192,141.432767389918,"SLC6A3","GO_Biological_Process_2023","blue"
"Lymphocyte Migration Into Lymphoid Organs (GO:0097021)","1/6",0.0296309633944118,0.135502699686992,0,0,40.1919191919192,141.432767389918,"RET","GO_Biological_Process_2023","blue"
"Cardiac Muscle Cell Myoblast Differentiation (GO:0060379)","1/6",0.0296309633944118,0.135502699686992,0,0,40.1919191919192,141.432767389918,"NRG1","GO_Biological_Process_2023","blue"
"Catecholamine Uptake (GO:0090493)","1/6",0.0296309633944118,0.135502699686992,0,0,40.1919191919192,141.432767389918,"SLC6A3","GO_Biological_Process_2023","blue"
"Phospholipase C-activating Dopamine Receptor Signaling Pathway (GO:0060158)","1/6",0.0296309633944118,0.135502699686992,0,0,40.1919191919192,141.432767389918,"DRD2","GO_Biological_Process_2023","blue"
"Regulation Of Striated Muscle Cell Differentiation (GO:0051153)","1/6",0.0296309633944118,0.135502699686992,0,0,40.1919191919192,141.432767389918,"NRG1","GO_Biological_Process_2023","blue"
"Mitotic Nuclear Membrane Disassembly (GO:0007077)","1/6",0.0296309633944118,0.135502699686992,0,0,40.1919191919192,141.432767389918,"PRKCA","GO_Biological_Process_2023","blue"
"Response To Alkaloid (GO:0043279)","1/6",0.0296309633944118,0.135502699686992,0,0,40.1919191919192,141.432767389918,"DRD2","GO_Biological_Process_2023","blue"
"Positive Regulation Of Aspartic-Type Endopeptidase Activity Involved In Amyloid Precursor Protein Catabolic Process (GO:1902961)","1/6",0.0296309633944118,0.135502699686992,0,0,40.1919191919192,141.432767389918,"EPHA4","GO_Biological_Process_2023","blue"
"Response To Cocaine (GO:0042220)","1/6",0.0296309633944118,0.135502699686992,0,0,40.1919191919192,141.432767389918,"DRD2","GO_Biological_Process_2023","blue"
"Cytolysis By Host Of Symbiont Cells (GO:0051838)","1/6",0.0296309633944118,0.135502699686992,0,0,40.1919191919192,141.432767389918,"NRG1","GO_Biological_Process_2023","blue"
"Desmosome Organization (GO:0002934)","1/6",0.0296309633944118,0.135502699686992,0,0,40.1919191919192,141.432767389918,"PRKCA","GO_Biological_Process_2023","blue"
"Regulation Of Anion Channel Activity (GO:0010359)","1/6",0.0296309633944118,0.135502699686992,0,0,40.1919191919192,141.432767389918,"GRM5","GO_Biological_Process_2023","blue"
"ERBB Signaling Pathway (GO:0038127)","2/54",0.029925836282038,0.135502699686992,0,0,7.78963893249608,27.3341007109313,"ERBB4;NRG1","GO_Biological_Process_2023","blue"
"Negative Regulation Of Neuron Projection Development (GO:0010977)","2/54",0.029925836282038,0.135502699686992,0,0,7.78963893249608,27.3341007109313,"EPHA4;DCC","GO_Biological_Process_2023","blue"
"Peptidyl-Tyrosine Modification (GO:0018212)","2/54",0.029925836282038,0.135502699686992,0,0,7.78963893249608,27.3341007109313,"EPHA4;ERBB4","GO_Biological_Process_2023","blue"
"Regulation Of Blood Vessel Endothelial Cell Migration (GO:0043535)","2/54",0.029925836282038,0.135502699686992,0,0,7.78963893249608,27.3341007109313,"NRG1;PRKCA","GO_Biological_Process_2023","blue"
"Regulation Of Synaptic Transmission, Glutamatergic (GO:0051966)","2/55",0.030955668405524,0.137371681240996,0,0,7.64227955333077,26.5584434034501,"GRM5;DRD2","GO_Biological_Process_2023","blue"
"Cellular Response To Peptide (GO:1901653)","2/56",0.0319994177727202,0.137371681240996,0,0,7.50037792894936,25.8165826277711,"EPHA4;GRM5","GO_Biological_Process_2023","blue"
"Post-Transcriptional Regulation Of Gene Expression (GO:0010608)","2/57",0.0330569224942901,0.137371681240996,0,0,7.36363636363636,25.1064969666325,"GRM5;MSI2","GO_Biological_Process_2023","blue"
"Eye Development (GO:0001654)","2/58",0.0341280219187038,0.137371681240996,0,0,7.23177842565598,24.4263185896388,"PBX3;PBX1","GO_Biological_Process_2023","blue"
"Regulation Of ERK1 And ERK2 Cascade (GO:0070372)","4/244",0.0341605349912249,0.137371681240996,0,0,3.41319444444444,11.5252799188137,"EPHA4;ERBB4;PRKCA;NRG1","GO_Biological_Process_2023","blue"
"Regulation Of Chemokine-Mediated Signaling Pathway (GO:0070099)","1/7",0.0344842492004147,0.137371681240996,0,0,33.4915824915825,112.774618360503,"ROBO1","GO_Biological_Process_2023","blue"
"Regulation Of Collateral Sprouting (GO:0048670)","1/7",0.0344842492004147,0.137371681240996,0,0,33.4915824915825,112.774618360503,"DCC","GO_Biological_Process_2023","blue"
"Negative Regulation Of Glial Cell Apoptotic Process (GO:0034351)","1/7",0.0344842492004147,0.137371681240996,0,0,33.4915824915825,112.774618360503,"PRKCA","GO_Biological_Process_2023","blue"
"Regulation Of Dopamine Receptor Signaling Pathway (GO:0060159)","1/7",0.0344842492004147,0.137371681240996,0,0,33.4915824915825,112.774618360503,"DRD2","GO_Biological_Process_2023","blue"
"Regulation Of Dopamine Uptake Involved In Synaptic Transmission (GO:0051584)","1/7",0.0344842492004147,0.137371681240996,0,0,33.4915824915825,112.774618360503,"DRD2","GO_Biological_Process_2023","blue"
"Ventricular Trabecula Myocardium Morphogenesis (GO:0003222)","1/7",0.0344842492004147,0.137371681240996,0,0,33.4915824915825,112.774618360503,"NRG1","GO_Biological_Process_2023","blue"
"Neurotransmitter Receptor Transport, Endosome To Plasma Membrane (GO:0099639)","1/7",0.0344842492004147,0.137371681240996,0,0,33.4915824915825,112.774618360503,"GRIP2","GO_Biological_Process_2023","blue"
"Regulation Of Nitric Oxide Metabolic Process (GO:0080164)","1/7",0.0344842492004147,0.137371681240996,0,0,33.4915824915825,112.774618360503,"NOS1AP","GO_Biological_Process_2023","blue"
"Positive Regulation Of Vascular Endothelial Growth Factor Signaling Pathway (GO:1900748)","1/7",0.0344842492004147,0.137371681240996,0,0,33.4915824915825,112.774618360503,"ROBO1","GO_Biological_Process_2023","blue"
"Catecholamine Transport (GO:0051937)","1/7",0.0344842492004147,0.137371681240996,0,0,33.4915824915825,112.774618360503,"SLC6A3","GO_Biological_Process_2023","blue"
"Mammary Gland Epithelial Cell Differentiation (GO:0060644)","1/7",0.0344842492004147,0.137371681240996,0,0,33.4915824915825,112.774618360503,"ERBB4","GO_Biological_Process_2023","blue"
"Regulation Of Wound Healing, Spreading Of Epidermal Cells (GO:1903689)","1/7",0.0344842492004147,0.137371681240996,0,0,33.4915824915825,112.774618360503,"RREB1","GO_Biological_Process_2023","blue"
"Natural Killer Cell Differentiation (GO:0001779)","1/7",0.0344842492004147,0.137371681240996,0,0,33.4915824915825,112.774618360503,"PBX1","GO_Biological_Process_2023","blue"
"Positive Regulation Of Aspartic-Type Peptidase Activity (GO:1905247)","1/7",0.0344842492004147,0.137371681240996,0,0,33.4915824915825,112.774618360503,"EPHA4","GO_Biological_Process_2023","blue"
"Positive Regulation Of Astrocyte Differentiation (GO:0048711)","1/7",0.0344842492004147,0.137371681240996,0,0,33.4915824915825,112.774618360503,"SERPINE2","GO_Biological_Process_2023","blue"
"Dopamine Uptake (GO:0090494)","1/7",0.0344842492004147,0.137371681240996,0,0,33.4915824915825,112.774618360503,"SLC6A3","GO_Biological_Process_2023","blue"
"Sialylation (GO:0097503)","1/7",0.0344842492004147,0.137371681240996,0,0,33.4915824915825,112.774618360503,"ST6GAL2","GO_Biological_Process_2023","blue"
"Negative Regulation Of Protein-Containing Complex Assembly (GO:0031333)","2/59",0.035212556639049,0.139510618423189,0,0,7.10454708199069,23.7743191541034,"LDLRAD4;ANKS1B","GO_Biological_Process_2023","blue"
"Negative Regulation Of Peptidase Activity (GO:0010466)","2/60",0.0363103684614095,0.143082478964149,0,0,6.981703026038,23.1488972243337,"SERPINE2;NRG1","GO_Biological_Process_2023","blue"
"Cdc42 Protein Signal Transduction (GO:0032488)","1/8",0.0393135041520565,0.146222165953312,0,0,28.7056277056277,92.8967850071638,"NTN1","GO_Biological_Process_2023","blue"
"Negative Regulation Of Long-Term Synaptic Potentiation (GO:1900272)","1/8",0.0393135041520565,0.146222165953312,0,0,28.7056277056277,92.8967850071638,"EPHA4","GO_Biological_Process_2023","blue"
"Negative Regulation Of Platelet Aggregation (GO:0090331)","1/8",0.0393135041520565,0.146222165953312,0,0,28.7056277056277,92.8967850071638,"SERPINE2","GO_Biological_Process_2023","blue"
"Lactation (GO:0007595)","1/8",0.0393135041520565,0.146222165953312,0,0,28.7056277056277,92.8967850071638,"ERBB4","GO_Biological_Process_2023","blue"
"Nuclear Membrane Disassembly (GO:0051081)","1/8",0.0393135041520565,0.146222165953312,0,0,28.7056277056277,92.8967850071638,"PRKCA","GO_Biological_Process_2023","blue"
"Cardioblast Differentiation (GO:0010002)","1/8",0.0393135041520565,0.146222165953312,0,0,28.7056277056277,92.8967850071638,"NRG1","GO_Biological_Process_2023","blue"
"Mitochondrial Fragmentation Involved In Apoptotic Process (GO:0043653)","1/8",0.0393135041520565,0.146222165953312,0,0,28.7056277056277,92.8967850071638,"ERBB4","GO_Biological_Process_2023","blue"
"Commissural Neuron Axon Guidance (GO:0071679)","1/8",0.0393135041520565,0.146222165953312,0,0,28.7056277056277,92.8967850071638,"NCAM1","GO_Biological_Process_2023","blue"
"Positive Regulation Of Cell-Cell Adhesion Mediated By Cadherin (GO:2000049)","1/8",0.0393135041520565,0.146222165953312,0,0,28.7056277056277,92.8967850071638,"PTPRU","GO_Biological_Process_2023","blue"
"Regulation Of Aspartic-Type Endopeptidase Activity Involved In Amyloid Precursor Protein Catabolic Process (GO:1902959)","1/8",0.0393135041520565,0.146222165953312,0,0,28.7056277056277,92.8967850071638,"EPHA4","GO_Biological_Process_2023","blue"
"Semaphorin-Plexin Signaling Pathway Involved In Axon Guidance (GO:1902287)","1/8",0.0393135041520565,0.146222165953312,0,0,28.7056277056277,92.8967850071638,"PLXNA4","GO_Biological_Process_2023","blue"
"Negative Regulation Of Cell Population Proliferation (GO:0008285)","5/379",0.0416327727796497,0.150998303170843,0,0,2.74781874472277,8.73495201857966,"PTPRU;TENM1;ERBB4;NRG1;DRD2","GO_Biological_Process_2023","blue"
"Negative Regulation Of Endopeptidase Activity (GO:0010951)","2/66",0.043167352566795,0.150998303170843,0,0,6.32525510204082,19.8781944931298,"SERPINE2;NRG1","GO_Biological_Process_2023","blue"
"Peptidyl-Threonine Modification (GO:0018210)","2/66",0.043167352566795,0.150998303170843,0,0,6.32525510204082,19.8781944931298,"PRKCA;GALNTL6","GO_Biological_Process_2023","blue"
"Regulation Of Protein Phosphorylation (GO:0001932)","4/265",0.0440496935246858,0.150998303170843,0,0,3.13521711366539,9.78951755526381,"GRM5;ERBB4;NRG1;MOB3B","GO_Biological_Process_2023","blue"
"Regulation Of High Voltage-Gated Calcium Channel Activity (GO:1901841)","1/9",0.0441188457824273,0.150998303170843,0,0,25.1161616161616,78.3842312444799,"NOS1AP","GO_Biological_Process_2023","blue"
"Negative Regulation Of Protein Maturation (GO:1903318)","1/9",0.0441188457824273,0.150998303170843,0,0,25.1161616161616,78.3842312444799,"SERPINE2","GO_Biological_Process_2023","blue"
"Negative Regulation Of Sodium Ion Transmembrane Transport (GO:1902306)","1/9",0.0441188457824273,0.150998303170843,0,0,25.1161616161616,78.3842312444799,"HECW2","GO_Biological_Process_2023","blue"
"Negative Regulation Of Vascular Endothelial Growth Factor Signaling Pathway (GO:1900747)","1/9",0.0441188457824273,0.150998303170843,0,0,25.1161616161616,78.3842312444799,"NRG1","GO_Biological_Process_2023","blue"
"Arachidonate Transport (GO:1903963)","1/9",0.0441188457824273,0.150998303170843,0,0,25.1161616161616,78.3842312444799,"DRD2","GO_Biological_Process_2023","blue"
"Arachidonic Acid Secretion (GO:0050482)","1/9",0.0441188457824273,0.150998303170843,0,0,25.1161616161616,78.3842312444799,"DRD2","GO_Biological_Process_2023","blue"
"Positive Regulation Of Tissue Remodeling (GO:0034105)","1/9",0.0441188457824273,0.150998303170843,0,0,25.1161616161616,78.3842312444799,"NRG1","GO_Biological_Process_2023","blue"
"Neurotransmitter Receptor Transport To Postsynaptic Membrane (GO:0098969)","1/9",0.0441188457824273,0.150998303170843,0,0,25.1161616161616,78.3842312444799,"GRIP2","GO_Biological_Process_2023","blue"
"Protein O-linked Glycosylation Via Threonine (GO:0018243)","1/9",0.0441188457824273,0.150998303170843,0,0,25.1161616161616,78.3842312444799,"GALNTL6","GO_Biological_Process_2023","blue"
"Motor Neuron Axon Guidance (GO:0008045)","1/9",0.0441188457824273,0.150998303170843,0,0,25.1161616161616,78.3842312444799,"EPHA4","GO_Biological_Process_2023","blue"
"Response To Histamine (GO:0034776)","1/9",0.0441188457824273,0.150998303170843,0,0,25.1161616161616,78.3842312444799,"DRD2","GO_Biological_Process_2023","blue"
"Dopamine Transport (GO:0015872)","1/9",0.0441188457824273,0.150998303170843,0,0,25.1161616161616,78.3842312444799,"SLC6A3","GO_Biological_Process_2023","blue"
"Negative Regulation Of Cell Adhesion Mediated By Integrin (GO:0033629)","1/9",0.0441188457824273,0.150998303170843,0,0,25.1161616161616,78.3842312444799,"NRG1","GO_Biological_Process_2023","blue"
"Peptidyl-Tyrosine Phosphorylation (GO:0018108)","2/67",0.0443537761760119,0.151052479416925,0,0,6.2276295133438,19.4025373950964,"EPHA4;ERBB4","GO_Biological_Process_2023","blue"
"Cell-Cell Junction Organization (GO:0045216)","2/68",0.0455522545652316,0.151052479416925,0,0,6.13296227581942,18.9440774902941,"CDH11;CDH18","GO_Biological_Process_2023","blue"
"Regulation Of Endopeptidase Activity (GO:0052548)","2/69",0.0467626402187707,0.151052479416925,0,0,6.04112092598233,18.5019639390654,"SERPINE2;NRG1","GO_Biological_Process_2023","blue"
"Positive Regulation Of Cell Migration (GO:0030335)","4/272",0.047668395803679,0.151052479416925,0,0,3.05223880597015,9.28944809657217,"RET;EPHA4;PRKCA;RREB1","GO_Biological_Process_2023","blue"
"Sensory Organ Development (GO:0007423)","2/70",0.0479847867745848,0.151052479416925,0,0,5.95198079231693,18.0753994112781,"PBX3;PBX1","GO_Biological_Process_2023","blue"
"Regulation Of Coagulation (GO:0050818)","1/10",0.0489003911418305,0.151052479416925,0,0,22.324354657688,67.3742300304506,"NRG1","GO_Biological_Process_2023","blue"
"Negative Regulation Of Hemostasis (GO:1900047)","1/10",0.0489003911418305,0.151052479416925,0,0,22.324354657688,67.3742300304506,"SERPINE2","GO_Biological_Process_2023","blue"
"Negative Regulation Of Homotypic Cell-Cell Adhesion (GO:0034111)","1/10",0.0489003911418305,0.151052479416925,0,0,22.324354657688,67.3742300304506,"SERPINE2","GO_Biological_Process_2023","blue"
"Positive Regulation Of Macrophage Differentiation (GO:0045651)","1/10",0.0489003911418305,0.151052479416925,0,0,22.324354657688,67.3742300304506,"PRKCA","GO_Biological_Process_2023","blue"
"Negative Regulation Of Pathway-Restricted SMAD Protein Phosphorylation (GO:0060394)","1/10",0.0489003911418305,0.151052479416925,0,0,22.324354657688,67.3742300304506,"LDLRAD4","GO_Biological_Process_2023","blue"
"Regulation Of Inclusion Body Assembly (GO:0090083)","1/10",0.0489003911418305,0.151052479416925,0,0,22.324354657688,67.3742300304506,"SNCAIP","GO_Biological_Process_2023","blue"
"Regulation Of Lamellipodium Morphogenesis (GO:2000392)","1/10",0.0489003911418305,0.151052479416925,0,0,22.324354657688,67.3742300304506,"RREB1","GO_Biological_Process_2023","blue"
"Regulation Of Long-Term Neuronal Synaptic Plasticity (GO:0048169)","1/10",0.0489003911418305,0.151052479416925,0,0,22.324354657688,67.3742300304506,"DRD2","GO_Biological_Process_2023","blue"
"Negative Regulation Of Sodium Ion Transmembrane Transporter Activity (GO:2000650)","1/10",0.0489003911418305,0.151052479416925,0,0,22.324354657688,67.3742300304506,"HECW2","GO_Biological_Process_2023","blue"
"Positive Regulation Of Voltage-Gated Potassium Channel Activity (GO:1903818)","1/10",0.0489003911418305,0.151052479416925,0,0,22.324354657688,67.3742300304506,"NOS1AP","GO_Biological_Process_2023","blue"
"Cardiac Muscle Cell Membrane Repolarization (GO:0099622)","1/10",0.0489003911418305,0.151052479416925,0,0,22.324354657688,67.3742300304506,"KCND3","GO_Biological_Process_2023","blue"
"Maintenance Of Synapse Structure (GO:0099558)","1/10",0.0489003911418305,0.151052479416925,0,0,22.324354657688,67.3742300304506,"ERC2","GO_Biological_Process_2023","blue"
"Phenol-Containing Compound Biosynthetic Process (GO:0046189)","1/10",0.0489003911418305,0.151052479416925,0,0,22.324354657688,67.3742300304506,"DDC","GO_Biological_Process_2023","blue"
"Mitochondrial Protein Processing (GO:0034982)","1/10",0.0489003911418305,0.151052479416925,0,0,22.324354657688,67.3742300304506,"IMMP2L","GO_Biological_Process_2023","blue"
"Monoamine Transport (GO:0015844)","1/10",0.0489003911418305,0.151052479416925,0,0,22.324354657688,67.3742300304506,"SLC6A3","GO_Biological_Process_2023","blue"
"Positive Regulation Of Bone Resorption (GO:0045780)","1/10",0.0489003911418305,0.151052479416925,0,0,22.324354657688,67.3742300304506,"PRKCA","GO_Biological_Process_2023","blue"
"Regulation Of Axon Regeneration (GO:0048679)","1/10",0.0489003911418305,0.151052479416925,0,0,22.324354657688,67.3742300304506,"EPHA4","GO_Biological_Process_2023","blue"
"Regulation Of Calcium Ion Transmembrane Transport Via High Voltage-Gated Calcium Channel (GO:1902514)","1/10",0.0489003911418305,0.151052479416925,0,0,22.324354657688,67.3742300304506,"NOS1AP","GO_Biological_Process_2023","blue"
"Regulation Of Hydrolase Activity (GO:0051336)","2/71",0.0492185490137595,0.151393764687893,0,0,5.86542443064182,17.6636360143545,"EPHA4;PLXNA4","GO_Biological_Process_2023","blue"
"Positive Regulation Of Secretion By Cell (GO:1903532)","2/73",0.051720345286075,0.158367891382104,0,0,5.699626329405,16.8817463030563,"CADPS2;CADPS","GO_Biological_Process_2023","blue"
"Monoatomic Cation Transmembrane Transport (GO:0098655)","4/281",0.0525572828867447,0.158367891382104,0,0,2.95171480144404,8.69531377529951,"KCNS3;KCNQ3;KCNN3;SLC6A3","GO_Biological_Process_2023","blue"
"Negative Regulation Of Fibrinolysis (GO:0051918)","1/11",0.0536582567508638,0.158367891382104,0,0,20.0909090909091,58.7683184218827,"NRG1","GO_Biological_Process_2023","blue"
"Regulation Of Homotypic Cell-Cell Adhesion (GO:0034110)","1/11",0.0536582567508638,0.158367891382104,0,0,20.0909090909091,58.7683184218827,"PRKCA","GO_Biological_Process_2023","blue"
"Visual Learning (GO:0008542)","1/11",0.0536582567508638,0.158367891382104,0,0,20.0909090909091,58.7683184218827,"DRD2","GO_Biological_Process_2023","blue"
"Melanocyte Differentiation (GO:0030318)","1/11",0.0536582567508638,0.158367891382104,0,0,20.0909090909091,58.7683184218827,"LRMDA","GO_Biological_Process_2023","blue"
"Phasic Smooth Muscle Contraction (GO:0014821)","1/11",0.0536582567508638,0.158367891382104,0,0,20.0909090909091,58.7683184218827,"DRD2","GO_Biological_Process_2023","blue"
"Central Nervous System Projection Neuron Axonogenesis (GO:0021952)","1/11",0.0536582567508638,0.158367891382104,0,0,20.0909090909091,58.7683184218827,"EPHA4","GO_Biological_Process_2023","blue"
"Regulation Of Cell Activation (GO:0050865)","1/11",0.0536582567508638,0.158367891382104,0,0,20.0909090909091,58.7683184218827,"NRG1","GO_Biological_Process_2023","blue"
"Negative Regulation Of Cellular Response To Vascular Endothelial Growth Factor Stimulus (GO:1902548)","1/11",0.0536582567508638,0.158367891382104,0,0,20.0909090909091,58.7683184218827,"NRG1","GO_Biological_Process_2023","blue"
"Inorganic Cation Transmembrane Transport (GO:0098662)","4/284",0.0542457728139074,0.158748080092633,0,0,2.91964285714286,8.50851141692561,"KCNS3;KCNQ3;KCNN3;SLC6A3","GO_Biological_Process_2023","blue"
"Heart Development (GO:0007507)","3/171",0.0544403566847165,0.158748080092633,0,0,3.63254786450663,10.5730738047588,"SGCD;ERBB4;SGCZ","GO_Biological_Process_2023","blue"
"Metal Ion Transport (GO:0030001)","3/171",0.0544403566847165,0.158748080092633,0,0,3.63254786450663,10.5730738047588,"KCNJ6;KCND3;KCNS3","GO_Biological_Process_2023","blue"
"Regulation Of Neuron Projection Development (GO:0010975)","3/174",0.0567733697817361,0.162473951163655,0,0,3.56827636100561,10.2362712387518,"RET;EPHA4;DCC","GO_Biological_Process_2023","blue"
"Positive Regulation Of Synaptic Transmission (GO:0050806)","2/77",0.0568570608364097,0.162473951163655,0,0,5.39455782312925,15.4673563823572,"RIMS1;CLSTN2","GO_Biological_Process_2023","blue"
"Embryonic Organ Development (GO:0048568)","2/77",0.0568570608364097,0.162473951163655,0,0,5.39455782312925,15.4673563823572,"PBX3;PBX1","GO_Biological_Process_2023","blue"
"G Protein-Coupled Glutamate Receptor Signaling Pathway (GO:0007216)","1/12",0.0583925585800791,0.162473951163655,0,0,18.2635445362718,51.8788186041542,"GRM5","GO_Biological_Process_2023","blue"
"Adult Locomotory Behavior (GO:0008344)","1/12",0.0583925585800791,0.162473951163655,0,0,18.2635445362718,51.8788186041542,"DRD2","GO_Biological_Process_2023","blue"
"Icosanoid Secretion (GO:0032309)","1/12",0.0583925585800791,0.162473951163655,0,0,18.2635445362718,51.8788186041542,"DRD2","GO_Biological_Process_2023","blue"
"Regulation Of Monooxygenase Activity (GO:0032768)","1/12",0.0583925585800791,0.162473951163655,0,0,18.2635445362718,51.8788186041542,"NOS1AP","GO_Biological_Process_2023","blue"
"Biogenic Amine Metabolic Process (GO:0006576)","1/12",0.0583925585800791,0.162473951163655,0,0,18.2635445362718,51.8788186041542,"DDC","GO_Biological_Process_2023","blue"
"Defense Response To Tumor Cell (GO:0002357)","1/12",0.0583925585800791,0.162473951163655,0,0,18.2635445362718,51.8788186041542,"RBMS3","GO_Biological_Process_2023","blue"
"Secretion (GO:0046903)","1/12",0.0583925585800791,0.162473951163655,0,0,18.2635445362718,51.8788186041542,"RIMS1","GO_Biological_Process_2023","blue"
"Semaphorin-Plexin Signaling Pathway Involved In Neuron Projection Guidance (GO:1902285)","1/12",0.0583925585800791,0.162473951163655,0,0,18.2635445362718,51.8788186041542,"PLXNA4","GO_Biological_Process_2023","blue"
"Negative Regulation Of Coagulation (GO:0050819)","1/12",0.0583925585800791,0.162473951163655,0,0,18.2635445362718,51.8788186041542,"SERPINE2","GO_Biological_Process_2023","blue"
"Regulation Of Neuron Differentiation (GO:0045664)","2/79",0.0594897545967717,0.164897456657972,0,0,5.25390935595017,14.8262756693766,"ZFHX3;CNTN4","GO_Biological_Process_2023","blue"
"Positive Regulation Of ERK1 And ERK2 Cascade (GO:0070374)","3/179",0.0607660548477866,0.166675316722428,0,0,3.46602624179944,9.70738272180216,"ERBB4;PRKCA;NRG1","GO_Biological_Process_2023","blue"
"Substrate-Dependent Cell Migration (GO:0006929)","1/13",0.0631034120924419,0.166675316722428,0,0,16.7407407407407,46.2543391597171,"NTN1","GO_Biological_Process_2023","blue"
"ERBB2 Signaling Pathway (GO:0038128)","1/13",0.0631034120924419,0.166675316722428,0,0,16.7407407407407,46.2543391597171,"NRG1","GO_Biological_Process_2023","blue"
"Negative Regulation Of Secretion (GO:0051048)","1/13",0.0631034120924419,0.166675316722428,0,0,16.7407407407407,46.2543391597171,"NRG1","GO_Biological_Process_2023","blue"
"Neuromuscular Process Controlling Balance (GO:0050885)","1/13",0.0631034120924419,0.166675316722428,0,0,16.7407407407407,46.2543391597171,"PCDH15","GO_Biological_Process_2023","blue"
"Killing By Host Of Symbiont Cells (GO:0051873)","1/13",0.0631034120924419,0.166675316722428,0,0,16.7407407407407,46.2543391597171,"NRG1","GO_Biological_Process_2023","blue"
"Body Fluid Secretion (GO:0007589)","1/13",0.0631034120924419,0.166675316722428,0,0,16.7407407407407,46.2543391597171,"ERBB4","GO_Biological_Process_2023","blue"
"Potassium Ion Export Across Plasma Membrane (GO:0097623)","1/13",0.0631034120924419,0.166675316722428,0,0,16.7407407407407,46.2543391597171,"KCND3","GO_Biological_Process_2023","blue"
"Cardiocyte Differentiation (GO:0035051)","1/13",0.0631034120924419,0.166675316722428,0,0,16.7407407407407,46.2543391597171,"NRG1","GO_Biological_Process_2023","blue"
"Protein Import Into Peroxisome Matrix (GO:0016558)","1/13",0.0631034120924419,0.166675316722428,0,0,16.7407407407407,46.2543391597171,"PEX5L","GO_Biological_Process_2023","blue"
"Positive Regulation Of Brown Fat Cell Differentiation (GO:0090336)","1/13",0.0631034120924419,0.166675316722428,0,0,16.7407407407407,46.2543391597171,"RREB1","GO_Biological_Process_2023","blue"
"Positive Regulation Of Cardiac Muscle Cell Proliferation (GO:0060045)","1/13",0.0631034120924419,0.166675316722428,0,0,16.7407407407407,46.2543391597171,"ERBB4","GO_Biological_Process_2023","blue"
"Signal Peptide Processing (GO:0006465)","1/13",0.0631034120924419,0.166675316722428,0,0,16.7407407407407,46.2543391597171,"IMMP2L","GO_Biological_Process_2023","blue"
"Regulation Of Epithelial To Mesenchymal Transition (GO:0010717)","2/83",0.0648783802345316,0.170130716514293,0,0,4.99344923154447,13.6582862458477,"EPHA4;LDLRAD4","GO_Biological_Process_2023","blue"
"Phospholipase C-activating G Protein-Coupled Receptor Signaling Pathway (GO:0007200)","2/83",0.0648783802345316,0.170130716514293,0,0,4.99344923154447,13.6582862458477,"GRM5;DRD2","GO_Biological_Process_2023","blue"
"Regulation Of Kinase Activity (GO:0043549)","2/85",0.067632189652766,0.172795767660094,0,0,4.87263339070568,13.1252723836309,"RET;ERBB4","GO_Biological_Process_2023","blue"
"Regulation Of Endothelial Cell Chemotaxis (GO:2001026)","1/14",0.0677909321684321,0.172795767660094,0,0,15.4522144522145,41.5869594433684,"NRG1","GO_Biological_Process_2023","blue"
"Telomere Capping (GO:0016233)","1/14",0.0677909321684321,0.172795767660094,0,0,15.4522144522145,41.5869594433684,"TENM1","GO_Biological_Process_2023","blue"
"Regulation Of Macrophage Differentiation (GO:0045649)","1/14",0.0677909321684321,0.172795767660094,0,0,15.4522144522145,41.5869594433684,"PRKCA","GO_Biological_Process_2023","blue"
"Calcium Ion-Regulated Exocytosis Of Neurotransmitter (GO:0048791)","1/14",0.0677909321684321,0.172795767660094,0,0,15.4522144522145,41.5869594433684,"RIMS1","GO_Biological_Process_2023","blue"
"Mammary Gland Epithelium Development (GO:0061180)","1/14",0.0677909321684321,0.172795767660094,0,0,15.4522144522145,41.5869594433684,"ERBB4","GO_Biological_Process_2023","blue"
"Membrane Repolarization During Cardiac Muscle Cell Action Potential (GO:0086013)","1/14",0.0677909321684321,0.172795767660094,0,0,15.4522144522145,41.5869594433684,"KCND3","GO_Biological_Process_2023","blue"
"Negative Regulation Of Blood Pressure (GO:0045776)","1/14",0.0677909321684321,0.172795767660094,0,0,15.4522144522145,41.5869594433684,"DRD2","GO_Biological_Process_2023","blue"
"Stem Cell Development (GO:0048864)","1/15",0.0724552331756038,0.178445489814241,0,0,14.3477633477633,37.6598138369901,"NRG1","GO_Biological_Process_2023","blue"
"Ganglioside Biosynthetic Process (GO:0001574)","1/15",0.0724552331756038,0.178445489814241,0,0,14.3477633477633,37.6598138369901,"ST6GALNAC5","GO_Biological_Process_2023","blue"
"Positive Regulation Of Muscle Cell Differentiation (GO:0051149)","1/15",0.0724552331756038,0.178445489814241,0,0,14.3477633477633,37.6598138369901,"NRG1","GO_Biological_Process_2023","blue"
"Negative Regulation Of Platelet Activation (GO:0010544)","1/15",0.0724552331756038,0.178445489814241,0,0,14.3477633477633,37.6598138369901,"SERPINE2","GO_Biological_Process_2023","blue"
"Negative Regulation Of Protein Processing (GO:0010955)","1/15",0.0724552331756038,0.178445489814241,0,0,14.3477633477633,37.6598138369901,"SERPINE2","GO_Biological_Process_2023","blue"
"Positive Regulation Of Potassium Ion Transport (GO:0043268)","1/15",0.0724552331756038,0.178445489814241,0,0,14.3477633477633,37.6598138369901,"NOS1AP","GO_Biological_Process_2023","blue"
"Adenylate Cyclase-Activating Adrenergic Receptor Signaling Pathway (GO:0071880)","1/15",0.0724552331756038,0.178445489814241,0,0,14.3477633477633,37.6598138369901,"DRD2","GO_Biological_Process_2023","blue"
"Negative Regulation Of Synaptic Transmission (GO:0050805)","1/15",0.0724552331756038,0.178445489814241,0,0,14.3477633477633,37.6598138369901,"DRD2","GO_Biological_Process_2023","blue"
"Membrane Repolarization During Action Potential (GO:0086011)","1/15",0.0724552331756038,0.178445489814241,0,0,14.3477633477633,37.6598138369901,"KCND3","GO_Biological_Process_2023","blue"
"Regulation Of Systemic Arterial Blood Pressure (GO:0003073)","1/15",0.0724552331756038,0.178445489814241,0,0,14.3477633477633,37.6598138369901,"DRD2","GO_Biological_Process_2023","blue"
"Positive Regulation Of MAP Kinase Activity (GO:0043406)","2/91",0.0761192182371278,0.182376692066035,0,0,4.54276542077505,11.6996856760182,"TENM1;ROBO1","GO_Biological_Process_2023","blue"
"Regulation Of Fibrinolysis (GO:0051917)","1/16",0.0770964289305897,0.182376692066035,0,0,13.3905723905724,34.3159973270839,"NRG1","GO_Biological_Process_2023","blue"
"Positive Regulation Of Muscle Hypertrophy (GO:0014742)","1/16",0.0770964289305897,0.182376692066035,0,0,13.3905723905724,34.3159973270839,"PRKCA","GO_Biological_Process_2023","blue"
"Regulation Of Plasminogen Activation (GO:0010755)","1/16",0.0770964289305897,0.182376692066035,0,0,13.3905723905724,34.3159973270839,"SERPINE2","GO_Biological_Process_2023","blue"
"Protein O-linked Mannosylation (GO:0035269)","1/16",0.0770964289305897,0.182376692066035,0,0,13.3905723905724,34.3159973270839,"TMTC2","GO_Biological_Process_2023","blue"
"Regulation Of Secretion (GO:0051046)","1/16",0.0770964289305897,0.182376692066035,0,0,13.3905723905724,34.3159973270839,"NRG1","GO_Biological_Process_2023","blue"
"Mesonephric Tubule Development (GO:0072164)","1/16",0.0770964289305897,0.182376692066035,0,0,13.3905723905724,34.3159973270839,"ROBO2","GO_Biological_Process_2023","blue"
"Positive Regulation Of Cardiac Muscle Tissue Growth (GO:0055023)","1/16",0.0770964289305897,0.182376692066035,0,0,13.3905723905724,34.3159973270839,"ERBB4","GO_Biological_Process_2023","blue"
"Positive Regulation Of Cellular Process (GO:0048522)","6/594",0.0773896290720062,0.182376692066035,0,0,2.09639600521059,5.36447297596003,"EPHA4;ZFHX3;ERBB4;PRKCA;NRG1;NTN1","GO_Biological_Process_2023","blue"
"Anterograde Trans-Synaptic Signaling (GO:0098916)","3/199",0.0779961129096355,0.182376692066035,0,0,3.10919419314117,7.93185376487499,"KCNQ3;APBA1;CPLX1","GO_Biological_Process_2023","blue"
"Protein O-linked Glycosylation (GO:0006493)","2/93",0.0790200821692443,0.182376692066035,0,0,4.44247589145548,11.2752403927723,"TMTC2;GALNTL6","GO_Biological_Process_2023","blue"
"Positive Regulation Of Cellular Component Biogenesis (GO:0044089)","2/93",0.0790200821692443,0.182376692066035,0,0,4.44247589145548,11.2752403927723,"NRG1;PRKCA","GO_Biological_Process_2023","blue"
"Regulation Of Translation (GO:0006417)","3/202",0.0807477880229416,0.182376692066035,0,0,3.06185567010309,7.70492926718882,"EPHA4;GRM5;MSI2","GO_Biological_Process_2023","blue"
"Positive Regulation Of Glial Cell Differentiation (GO:0045687)","1/17",0.0817146326715557,0.182376692066035,0,0,12.5530303030303,31.4393429542943,"SERPINE2","GO_Biological_Process_2023","blue"
"Regulation Of Delayed Rectifier Potassium Channel Activity (GO:1902259)","1/17",0.0817146326715557,0.182376692066035,0,0,12.5530303030303,31.4393429542943,"NOS1AP","GO_Biological_Process_2023","blue"
"Positive Regulation Of Nitric-Oxide Synthase Activity (GO:0051000)","1/17",0.0817146326715557,0.182376692066035,0,0,12.5530303030303,31.4393429542943,"NOS1AP","GO_Biological_Process_2023","blue"
"Positive Regulation Of Potassium Ion Transmembrane Transport (GO:1901381)","1/17",0.0817146326715557,0.182376692066035,0,0,12.5530303030303,31.4393429542943,"NOS1AP","GO_Biological_Process_2023","blue"
"Base Conversion Or Substitution Editing (GO:0016553)","1/17",0.0817146326715557,0.182376692066035,0,0,12.5530303030303,31.4393429542943,"ADARB2","GO_Biological_Process_2023","blue"
"Cell Migration Involved In Sprouting Angiogenesis (GO:0002042)","1/17",0.0817146326715557,0.182376692066035,0,0,12.5530303030303,31.4393429542943,"ROBO1","GO_Biological_Process_2023","blue"
"Positive Regulation Of Amyloid-Beta Formation (GO:1902004)","1/17",0.0817146326715557,0.182376692066035,0,0,12.5530303030303,31.4393429542943,"EPHA4","GO_Biological_Process_2023","blue"
"Positive Regulation Of Cardiac Muscle Hypertrophy (GO:0010613)","1/17",0.0817146326715557,0.182376692066035,0,0,12.5530303030303,31.4393429542943,"PRKCA","GO_Biological_Process_2023","blue"
"Positive Regulation Of Cell Adhesion Mediated By Integrin (GO:0033630)","1/17",0.0817146326715557,0.182376692066035,0,0,12.5530303030303,31.4393429542943,"RET","GO_Biological_Process_2023","blue"
"Regulation Of Brown Fat Cell Differentiation (GO:0090335)","1/17",0.0817146326715557,0.182376692066035,0,0,12.5530303030303,31.4393429542943,"RREB1","GO_Biological_Process_2023","blue"
"Positive Regulation Of Dendrite Extension (GO:1903861)","1/17",0.0817146326715557,0.182376692066035,0,0,12.5530303030303,31.4393429542943,"RIMS1","GO_Biological_Process_2023","blue"
"Positive Regulation Of Epithelial Cell Migration (GO:0010634)","2/95",0.0819552402371427,0.182376692066035,0,0,4.34649989027869,10.873126025504,"PRKCA;RREB1","GO_Biological_Process_2023","blue"
"Protein-Containing Complex Assembly (GO:0065003)","4/328",0.0823230959463791,0.182376692066035,0,0,2.51748971193416,6.2864325709886,"RIMS1;NRG1;APBA1;IL1RAP","GO_Biological_Process_2023","blue"
"Regulation Of Protein Metabolic Process (GO:0051246)","2/96",0.0834353800745876,0.182376692066035,0,0,4.30004342162397,10.6799440491835,"GRM5;MSI2","GO_Biological_Process_2023","blue"
"Negative Regulation Of Cell Differentiation (GO:0045596)","3/207",0.0854267508719078,0.182376692066035,0,0,2.98605215281989,7.3459749126839,"EPHA4;LDLRAD4;CNTN4","GO_Biological_Process_2023","blue"
"3'-UTR-mediated mRNA Stabilization (GO:0070935)","1/18",0.0863099571505928,0.182376692066035,0,0,11.8140225787285,28.9421143066093,"ELAVL4","GO_Biological_Process_2023","blue"
"Excitatory Postsynaptic Potential (GO:0060079)","1/18",0.0863099571505928,0.182376692066035,0,0,11.8140225787285,28.9421143066093,"DRD2","GO_Biological_Process_2023","blue"
"Regulation Of Dendrite Extension (GO:1903859)","1/18",0.0863099571505928,0.182376692066035,0,0,11.8140225787285,28.9421143066093,"RIMS1","GO_Biological_Process_2023","blue"
"Negative Regulation Of Nervous System Development (GO:0051961)","1/18",0.0863099571505928,0.182376692066035,0,0,11.8140225787285,28.9421143066093,"ROBO2","GO_Biological_Process_2023","blue"
"Positive Regulation Of Nervous System Process (GO:0031646)","1/18",0.0863099571505928,0.182376692066035,0,0,11.8140225787285,28.9421143066093,"RIMS1","GO_Biological_Process_2023","blue"
"Positive Regulation Of Neuroblast Proliferation (GO:0002052)","1/18",0.0863099571505928,0.182376692066035,0,0,11.8140225787285,28.9421143066093,"DRD2","GO_Biological_Process_2023","blue"
"Ureteric Bud Development (GO:0001657)","1/18",0.0863099571505928,0.182376692066035,0,0,11.8140225787285,28.9421143066093,"ROBO2","GO_Biological_Process_2023","blue"
"Heart Trabecula Morphogenesis (GO:0061384)","1/18",0.0863099571505928,0.182376692066035,0,0,11.8140225787285,28.9421143066093,"NRG1","GO_Biological_Process_2023","blue"
"Adrenergic Receptor Signaling Pathway (GO:0071875)","1/18",0.0863099571505928,0.182376692066035,0,0,11.8140225787285,28.9421143066093,"DRD2","GO_Biological_Process_2023","blue"
"Neural Crest Cell Differentiation (GO:0014033)","1/18",0.0863099571505928,0.182376692066035,0,0,11.8140225787285,28.9421143066093,"NRG1","GO_Biological_Process_2023","blue"
"Neuromuscular Synaptic Transmission (GO:0007274)","1/18",0.0863099571505928,0.182376692066035,0,0,11.8140225787285,28.9421143066093,"ERC2","GO_Biological_Process_2023","blue"
"Associative Learning (GO:0008306)","1/18",0.0863099571505928,0.182376692066035,0,0,11.8140225787285,28.9421143066093,"DRD2","GO_Biological_Process_2023","blue"
"Membrane Repolarization (GO:0086009)","1/18",0.0863099571505928,0.182376692066035,0,0,11.8140225787285,28.9421143066093,"KCND3","GO_Biological_Process_2023","blue"
"Regulation Of Synaptic Vesicle Exocytosis (GO:2000300)","1/18",0.0863099571505928,0.182376692066035,0,0,11.8140225787285,28.9421143066093,"RIMS1","GO_Biological_Process_2023","blue"
"Positive Regulation Of G Protein-Coupled Receptor Signaling Pathway (GO:0045745)","1/18",0.0863099571505928,0.182376692066035,0,0,11.8140225787285,28.9421143066093,"PRKCA","GO_Biological_Process_2023","blue"
"Regulation Of Ventricular Cardiac Muscle Cell Membrane Repolarization (GO:0060307)","1/18",0.0863099571505928,0.182376692066035,0,0,11.8140225787285,28.9421143066093,"NOS1AP","GO_Biological_Process_2023","blue"
"Response To Ethanol (GO:0045471)","1/18",0.0863099571505928,0.182376692066035,0,0,11.8140225787285,28.9421143066093,"DRD2","GO_Biological_Process_2023","blue"
"Positive Regulation Of Cation Transmembrane Transport (GO:1904064)","1/18",0.0863099571505928,0.182376692066035,0,0,11.8140225787285,28.9421143066093,"NOS1AP","GO_Biological_Process_2023","blue"
"Regulation Of cAMP-mediated Signaling (GO:0043949)","1/18",0.0863099571505928,0.182376692066035,0,0,11.8140225787285,28.9421143066093,"PEX5L","GO_Biological_Process_2023","blue"
"Regulation Of Cell-Cell Adhesion Mediated By Cadherin (GO:2000047)","1/18",0.0863099571505928,0.182376692066035,0,0,11.8140225787285,28.9421143066093,"PTPRU","GO_Biological_Process_2023","blue"
"Positive Regulation Of Focal Adhesion Assembly (GO:0051894)","1/18",0.0863099571505928,0.182376692066035,0,0,11.8140225787285,28.9421143066093,"NRG1","GO_Biological_Process_2023","blue"
"Ganglioside Metabolic Process (GO:0001573)","1/19",0.0908825145361798,0.1892952945625,0,0,11.1571268237935,26.7568838212325,"ST6GALNAC5","GO_Biological_Process_2023","blue"
"Glycosphingolipid Biosynthetic Process (GO:0006688)","1/19",0.0908825145361798,0.1892952945625,0,0,11.1571268237935,26.7568838212325,"ST6GALNAC5","GO_Biological_Process_2023","blue"
"Negative Regulation Of Telomere Maintenance Via Telomerase (GO:0032211)","1/19",0.0908825145361798,0.1892952945625,0,0,11.1571268237935,26.7568838212325,"TENM1","GO_Biological_Process_2023","blue"
"Interleukin-1-Mediated Signaling Pathway (GO:0070498)","1/19",0.0908825145361798,0.1892952945625,0,0,11.1571268237935,26.7568838212325,"IL1RAP","GO_Biological_Process_2023","blue"
"Positive Regulation Of Axon Extension (GO:0045773)","1/19",0.0908825145361798,0.1892952945625,0,0,11.1571268237935,26.7568838212325,"NTN1","GO_Biological_Process_2023","blue"
"Regulation Of GTPase Activity (GO:0043087)","3/214",0.0921674450838924,0.191424693635777,0,0,2.885962769336,6.88056323316647,"EPHA4;RGS6;PLXNA4","GO_Biological_Process_2023","blue"
"Positive Regulation Of Gene Expression (GO:0010628)","5/480",0.0929122810623489,0.192423445722876,0,0,2.15235457063712,5.11420850142029,"RIMS1;NOS1AP;ELAVL4;ROBO1;RBMS3","GO_Biological_Process_2023","blue"
"Striated Muscle Cell Differentiation (GO:0051146)","1/20",0.0954324164624815,0.194595257513959,0,0,10.5693779904306,24.8310303892707,"NRG1","GO_Biological_Process_2023","blue"
"Calcium-Mediated Signaling Using Intracellular Calcium Source (GO:0035584)","1/20",0.0954324164624815,0.194595257513959,0,0,10.5693779904306,24.8310303892707,"GRM5","GO_Biological_Process_2023","blue"
"Myoblast Differentiation (GO:0045445)","1/20",0.0954324164624815,0.194595257513959,0,0,10.5693779904306,24.8310303892707,"NRG1","GO_Biological_Process_2023","blue"
"Regulation Of Calcium Ion Transmembrane Transport (GO:1903169)","1/20",0.0954324164624815,0.194595257513959,0,0,10.5693779904306,24.8310303892707,"NOS1AP","GO_Biological_Process_2023","blue"
"Regulation Of Cardiac Muscle Cell Proliferation (GO:0060043)","1/20",0.0954324164624815,0.194595257513959,0,0,10.5693779904306,24.8310303892707,"ERBB4","GO_Biological_Process_2023","blue"
"Positive Regulation Of Kinase Activity (GO:0033674)","2/104",0.0955625544444408,0.194595257513959,0,0,3.96118447378952,9.30075904717404,"RET;ERBB4","GO_Biological_Process_2023","blue"
"Positive Regulation Of Cell Growth (GO:0030307)","2/106",0.0986696402849089,0.200194162828825,0,0,3.88461538461538,8.99668367505838,"RIMS1;NTN1","GO_Biological_Process_2023","blue"
"Focal Adhesion Assembly (GO:0048041)","1/21",0.0999597740324998,0.200194162828825,0,0,10.040404040404,23.1229243332888,"CDH11","GO_Biological_Process_2023","blue"
"Regulation Of Lipopolysaccharide-Mediated Signaling Pathway (GO:0031664)","1/21",0.0999597740324998,0.200194162828825,0,0,10.040404040404,23.1229243332888,"PRKCA","GO_Biological_Process_2023","blue"
"Protein Mannosylation (GO:0035268)","1/21",0.0999597740324998,0.200194162828825,0,0,10.040404040404,23.1229243332888,"TMTC2","GO_Biological_Process_2023","blue"
"Positive Regulation Of Amyloid Precursor Protein Catabolic Process (GO:1902993)","1/21",0.0999597740324998,0.200194162828825,0,0,10.040404040404,23.1229243332888,"EPHA4","GO_Biological_Process_2023","blue"
"Positive Regulation Of Blood Coagulation (GO:0030194)","1/21",0.0999597740324998,0.200194162828825,0,0,10.040404040404,23.1229243332888,"NRG1","GO_Biological_Process_2023","blue"
"Positive Regulation Of Protein Modification Process (GO:0031401)","3/225",0.103190270060158,0.20582368840575,0,0,2.74143215380329,6.22628783300974,"ERBB4;NOS1AP;MOB3B","GO_Biological_Process_2023","blue"
"Blood Vessel Endothelial Cell Migration (GO:0043534)","1/22",0.104464697819105,0.20582368840575,0,0,9.56180856180856,21.5992275397069,"ROBO1","GO_Biological_Process_2023","blue"
"Oligosaccharide Biosynthetic Process (GO:0009312)","1/22",0.104464697819105,0.20582368840575,0,0,9.56180856180856,21.5992275397069,"ST6GALNAC5","GO_Biological_Process_2023","blue"
"Negative Regulation Of Axonogenesis (GO:0050771)","1/22",0.104464697819105,0.20582368840575,0,0,9.56180856180856,21.5992275397069,"DCC","GO_Biological_Process_2023","blue"
"Regulation Of Cardiac Muscle Cell Membrane Repolarization (GO:0099623)","1/22",0.104464697819105,0.20582368840575,0,0,9.56180856180856,21.5992275397069,"NOS1AP","GO_Biological_Process_2023","blue"
"Positive Regulation Of Excitatory Postsynaptic Potential (GO:2000463)","1/22",0.104464697819105,0.20582368840575,0,0,9.56180856180856,21.5992275397069,"RIMS1","GO_Biological_Process_2023","blue"
"RNA Metabolic Process (GO:0016070)","2/111",0.10655948968071,0.208822225745262,0,0,3.7054858640704,8.29677502072275,"ELAVL4;ADARB2","GO_Biological_Process_2023","blue"
"Negative Regulation Of Transmembrane Receptor Protein Serine/Threonine Kinase Signaling Pathway (GO:0090101)","2/111",0.10655948968071,0.208822225745262,0,0,3.7054858640704,8.29677502072275,"VWC2L;LDLRAD4","GO_Biological_Process_2023","blue"
"Negative Regulation Of Neuron Differentiation (GO:0045665)","1/23",0.108947297836033,0.211524720060176,0,0,9.1267217630854,20.2329475165344,"CNTN4","GO_Biological_Process_2023","blue"
"Positive Regulation Of Cell-Substrate Junction Organization (GO:0150117)","1/23",0.108947297836033,0.211524720060176,0,0,9.1267217630854,20.2329475165344,"NRG1","GO_Biological_Process_2023","blue"
"Regulation Of Cardiac Muscle Hypertrophy (GO:0010611)","1/23",0.108947297836033,0.211524720060176,0,0,9.1267217630854,20.2329475165344,"PRKCA","GO_Biological_Process_2023","blue"
"Negative Regulation Of Multicellular Organismal Process (GO:0051241)","3/231",0.109414519515626,0.211524720060176,0,0,2.66847531199132,5.90429963851239,"EPHA4;LDLRAD4;ROBO1","GO_Biological_Process_2023","blue"
"Positive Regulation Of Phosphorylation (GO:0042327)","3/231",0.109414519515626,0.211524720060176,0,0,2.66847531199132,5.90429963851239,"RET;ERBB4;MOB3B","GO_Biological_Process_2023","blue"
"Positive Regulation Of Macromolecule Metabolic Process (GO:0010604)","4/364",0.109679484475647,0.211524720060176,0,0,2.26157407407407,4.9985150608465,"RIMS1;NOS1AP;ROBO1;RBMS3","GO_Biological_Process_2023","blue"
"Regulation Of Gene Expression (GO:0010468)","9/1127",0.110688997220733,0.21290838779397,0,0,1.66150307652991,3.65701950716946,"RIMS1;ZFHX3;BNC2;NOS1AP;NRG1;RREB1;ELAVL2;ROBO1;RBMS3","GO_Biological_Process_2023","blue"
"Regulation Of MAP Kinase Activity (GO:0043405)","2/114",0.111372908000063,0.213099343653663,0,0,3.60568513119534,7.91401436691998,"TENM1;ROBO1","GO_Biological_Process_2023","blue"
"Negative Regulation Of Canonical Wnt Signaling Pathway (GO:0090090)","2/114",0.111372908000063,0.213099343653663,0,0,3.60568513119534,7.91401436691998,"PTPRU;RBMS3","GO_Biological_Process_2023","blue"
"Negative Regulation Of Ion Transmembrane Transporter Activity (GO:0032413)","1/24",0.113407683581024,0.214738185274199,0,0,8.72946859903382,19.0020116101552,"HECW2","GO_Biological_Process_2023","blue"
"Regulation Of Neuroblast Proliferation (GO:1902692)","1/24",0.113407683581024,0.214738185274199,0,0,8.72946859903382,19.0020116101552,"DRD2","GO_Biological_Process_2023","blue"
"Regulation Of Proteolysis Involved In Protein Catabolic Process (GO:1903050)","1/24",0.113407683581024,0.214738185274199,0,0,8.72946859903382,19.0020116101552,"EPHA4","GO_Biological_Process_2023","blue"
"Negative Regulation Of Cell Junction Assembly (GO:1901889)","1/24",0.113407683581024,0.214738185274199,0,0,8.72946859903382,19.0020116101552,"ROBO2","GO_Biological_Process_2023","blue"
"Positive Regulation Of Protein Serine/Threonine Kinase Activity (GO:0071902)","2/117",0.11624255158408,0.214774269463669,0,0,3.51109139307897,7.55613660564706,"TENM1;ROBO1","GO_Biological_Process_2023","blue"
"Protein Processing (GO:0016485)","2/117",0.11624255158408,0.214774269463669,0,0,3.51109139307897,7.55613660564706,"IMMP2L;TLL1","GO_Biological_Process_2023","blue"
"Regulation Of Hippo Signaling (GO:0035330)","1/25",0.117845964040422,0.214774269463669,0,0,8.36531986531987,17.8882067340701,"MOB3B","GO_Biological_Process_2023","blue"
"Negative Regulation Of Protein Transport (GO:0051224)","1/25",0.117845964040422,0.214774269463669,0,0,8.36531986531987,17.8882067340701,"DRD2","GO_Biological_Process_2023","blue"
"Negative Regulation Of Proteolysis Involved In Protein Catabolic Process (GO:1903051)","1/25",0.117845964040422,0.214774269463669,0,0,8.36531986531987,17.8882067340701,"EPHA4","GO_Biological_Process_2023","blue"
"Activation Of Protein Kinase B Activity (GO:0032148)","1/25",0.117845964040422,0.214774269463669,0,0,8.36531986531987,17.8882067340701,"NRG1","GO_Biological_Process_2023","blue"
"Negative Regulation Of Response To Wounding (GO:1903035)","1/25",0.117845964040422,0.214774269463669,0,0,8.36531986531987,17.8882067340701,"EPHA4","GO_Biological_Process_2023","blue"
"Negative Regulation Of Telomere Maintenance Via Telomere Lengthening (GO:1904357)","1/25",0.117845964040422,0.214774269463669,0,0,8.36531986531987,17.8882067340701,"TENM1","GO_Biological_Process_2023","blue"
"Positive Regulation Of Striated Muscle Cell Differentiation (GO:0051155)","1/25",0.117845964040422,0.214774269463669,0,0,8.36531986531987,17.8882067340701,"NRG1","GO_Biological_Process_2023","blue"
"Regulation Of Postsynapse Organization (GO:0099175)","1/25",0.117845964040422,0.214774269463669,0,0,8.36531986531987,17.8882067340701,"EPHA4","GO_Biological_Process_2023","blue"
"Carbohydrate Biosynthetic Process (GO:0016051)","1/25",0.117845964040422,0.214774269463669,0,0,8.36531986531987,17.8882067340701,"ST6GALNAC5","GO_Biological_Process_2023","blue"
"Regulation Of Protein Processing (GO:0070613)","1/25",0.117845964040422,0.214774269463669,0,0,8.36531986531987,17.8882067340701,"SERPINE2","GO_Biological_Process_2023","blue"
"Metanephros Development (GO:0001656)","1/25",0.117845964040422,0.214774269463669,0,0,8.36531986531987,17.8882067340701,"ROBO2","GO_Biological_Process_2023","blue"
"Regulation Of Synapse Organization (GO:0050807)","1/25",0.117845964040422,0.214774269463669,0,0,8.36531986531987,17.8882067340701,"EPHA4","GO_Biological_Process_2023","blue"
"Chemical Synaptic Transmission, Postsynaptic (GO:0099565)","1/25",0.117845964040422,0.214774269463669,0,0,8.36531986531987,17.8882067340701,"DRD2","GO_Biological_Process_2023","blue"
"Regulation Of Protein-Containing Complex Assembly (GO:0043254)","2/119",0.119518877292295,0.217279953980258,0,0,3.45072387929531,7.33030700433838,"NRG1;ANKS1B","GO_Biological_Process_2023","blue"
"Positive Regulation Of Monooxygenase Activity (GO:0032770)","1/26",0.122262247628669,0.220072045731605,0,0,8.03030303030303,16.8763802180029,"NOS1AP","GO_Biological_Process_2023","blue"
"Calcium-Ion Regulated Exocytosis (GO:0017156)","1/26",0.122262247628669,0.220072045731605,0,0,8.03030303030303,16.8763802180029,"RIMS1","GO_Biological_Process_2023","blue"
"Protein Localization To Cell Surface (GO:0034394)","1/26",0.122262247628669,0.220072045731605,0,0,8.03030303030303,16.8763802180029,"PTPRU","GO_Biological_Process_2023","blue"
"Regulation Of Transcription By RNA Polymerase III (GO:0006359)","1/26",0.122262247628669,0.220072045731605,0,0,8.03030303030303,16.8763802180029,"TENM1","GO_Biological_Process_2023","blue"
"Positive Regulation Of Epithelial Cell Proliferation (GO:0050679)","2/123",0.126139752927233,0.223565840771817,0,0,3.33597571259909,6.90668681067367,"PRKCA;RREB1","GO_Biological_Process_2023","blue"
"Synaptic Transmission, Glutamatergic (GO:0035249)","1/27",0.126656642302827,0.223565840771817,0,0,7.72105672105672,15.9538300108164,"GRIA3","GO_Biological_Process_2023","blue"
"Regulation Of Extrinsic Apoptotic Signaling Pathway In Absence Of Ligand (GO:2001239)","1/27",0.126656642302827,0.223565840771817,0,0,7.72105672105672,15.9538300108164,"RET","GO_Biological_Process_2023","blue"
"Positive Regulation Of Mitotic Cell Cycle (GO:0045931)","1/27",0.126656642302827,0.223565840771817,0,0,7.72105672105672,15.9538300108164,"PRKCA","GO_Biological_Process_2023","blue"
"Positive Regulation Of Nitric Oxide Biosynthetic Process (GO:0045429)","1/27",0.126656642302827,0.223565840771817,0,0,7.72105672105672,15.9538300108164,"NOS1AP","GO_Biological_Process_2023","blue"
"Cardiac Muscle Cell Differentiation (GO:0055007)","1/27",0.126656642302827,0.223565840771817,0,0,7.72105672105672,15.9538300108164,"NRG1","GO_Biological_Process_2023","blue"
"Positive Regulation Of Cytosolic Calcium Ion Concentration Involved In Phospholipase C-activating G Protein-Coupled Signaling Pathway (GO:0051482)","1/27",0.126656642302827,0.223565840771817,0,0,7.72105672105672,15.9538300108164,"DRD2","GO_Biological_Process_2023","blue"
"Positive Regulation Of Filopodium Assembly (GO:0051491)","1/27",0.126656642302827,0.223565840771817,0,0,7.72105672105672,15.9538300108164,"TENM1","GO_Biological_Process_2023","blue"
"Negative Regulation Of Cell Growth (GO:0030308)","2/125",0.129482770614753,0.226351486215301,0,0,3.28140036502406,6.70786307963644,"DCC;NRG1","GO_Biological_Process_2023","blue"
"Positive Regulation Of Nitric Oxide Metabolic Process (GO:1904407)","1/28",0.131029255394866,0.226351486215301,0,0,7.43471754582866,15.1098341340557,"NOS1AP","GO_Biological_Process_2023","blue"
"Negative Regulation Of Wound Healing (GO:0061045)","1/28",0.131029255394866,0.226351486215301,0,0,7.43471754582866,15.1098341340557,"SERPINE2","GO_Biological_Process_2023","blue"
"Regulation Of Monoatomic Ion Transport (GO:0043269)","1/28",0.131029255394866,0.226351486215301,0,0,7.43471754582866,15.1098341340557,"KCNJ6","GO_Biological_Process_2023","blue"
"Regulation Of Nitric-Oxide Synthase Activity (GO:0050999)","1/28",0.131029255394866,0.226351486215301,0,0,7.43471754582866,15.1098341340557,"NOS1AP","GO_Biological_Process_2023","blue"
"Cell-Substrate Junction Assembly (GO:0007044)","1/28",0.131029255394866,0.226351486215301,0,0,7.43471754582866,15.1098341340557,"CDH11","GO_Biological_Process_2023","blue"
"Membrane Fusion (GO:0061025)","1/28",0.131029255394866,0.226351486215301,0,0,7.43471754582866,15.1098341340557,"RIMS1","GO_Biological_Process_2023","blue"
"Regulation Of Bone Resorption (GO:0045124)","1/28",0.131029255394866,0.226351486215301,0,0,7.43471754582866,15.1098341340557,"PRKCA","GO_Biological_Process_2023","blue"
"Regulation Of Cardiac Muscle Cell Action Potential (GO:0098901)","1/28",0.131029255394866,0.226351486215301,0,0,7.43471754582866,15.1098341340557,"NOS1AP","GO_Biological_Process_2023","blue"
"Regulation Of Anatomical Structure Morphogenesis (GO:0022603)","2/127",0.132846507942149,0.228948237091789,0,0,3.22857142857143,6.5170680254594,"EPHA4;HECW2","GO_Biological_Process_2023","blue"
"Positive Regulation Of Neural Precursor Cell Proliferation (GO:2000179)","1/29",0.13538019382269,0.229516654178468,0,0,7.16883116883117,14.3352837783296,"DRD2","GO_Biological_Process_2023","blue"
"Negative Regulation Of Plasma Membrane Bounded Cell Projection Assembly (GO:0120033)","1/29",0.13538019382269,0.229516654178468,0,0,7.16883116883117,14.3352837783296,"NRG1","GO_Biological_Process_2023","blue"
"Regulation Of Monoatomic Ion Transmembrane Transport (GO:0034765)","1/29",0.13538019382269,0.229516654178468,0,0,7.16883116883117,14.3352837783296,"KCNJ6","GO_Biological_Process_2023","blue"
"Cardiac Muscle Cell Action Potential (GO:0086001)","1/29",0.13538019382269,0.229516654178468,0,0,7.16883116883117,14.3352837783296,"KCND3","GO_Biological_Process_2023","blue"
"Regulation Of Voltage-Gated Calcium Channel Activity (GO:1901385)","1/29",0.13538019382269,0.229516654178468,0,0,7.16883116883117,14.3352837783296,"NOS1AP","GO_Biological_Process_2023","blue"
"Defense Response To Fungus (GO:0050832)","1/29",0.13538019382269,0.229516654178468,0,0,7.16883116883117,14.3352837783296,"NRG1","GO_Biological_Process_2023","blue"
"Positive Regulation Of Endopeptidase Activity (GO:0010950)","1/29",0.13538019382269,0.229516654178468,0,0,7.16883116883117,14.3352837783296,"EPHA4","GO_Biological_Process_2023","blue"
"Synapse Organization (GO:0050808)","2/131",0.139633215691308,0.234673438011142,0,0,3.12782787533618,6.15786790988172,"GRM5;DRD2","GO_Biological_Process_2023","blue"
"Regulation Of Dendritic Spine Morphogenesis (GO:0061001)","1/30",0.139709563918842,0.234673438011142,0,0,6.92128178335075,13.6223945108193,"EPHA4","GO_Biological_Process_2023","blue"
"Positive Regulation Of Locomotion (GO:0040017)","1/30",0.139709563918842,0.234673438011142,0,0,6.92128178335075,13.6223945108193,"NTN1","GO_Biological_Process_2023","blue"
"Negative Regulation Of Blood Coagulation (GO:0030195)","1/30",0.139709563918842,0.234673438011142,0,0,6.92128178335075,13.6223945108193,"SERPINE2","GO_Biological_Process_2023","blue"
"Cellular Component Assembly (GO:0022607)","3/260",0.14141158811655,0.236461118748775,0,0,2.3638734004573,4.62392684309769,"RIMS1;APBA1;IL1RAP","GO_Biological_Process_2023","blue"
"Negative Regulation Of Developmental Growth (GO:0048640)","1/31",0.144017471501311,0.236461118748775,0,0,6.69023569023569,12.9644769200402,"DCC","GO_Biological_Process_2023","blue"
"Regulation Of Dendrite Morphogenesis (GO:0048814)","1/31",0.144017471501311,0.236461118748775,0,0,6.69023569023569,12.9644769200402,"HECW2","GO_Biological_Process_2023","blue"
"Positive Regulation Of Lamellipodium Organization (GO:1902745)","1/31",0.144017471501311,0.236461118748775,0,0,6.69023569023569,12.9644769200402,"RREB1","GO_Biological_Process_2023","blue"
"Regulation Of Long-Term Synaptic Potentiation (GO:1900271)","1/31",0.144017471501311,0.236461118748775,0,0,6.69023569023569,12.9644769200402,"EPHA4","GO_Biological_Process_2023","blue"
"Organic Cation Transport (GO:0015695)","1/31",0.144017471501311,0.236461118748775,0,0,6.69023569023569,12.9644769200402,"SLC6A3","GO_Biological_Process_2023","blue"
"Modulation Of Excitatory Postsynaptic Potential (GO:0098815)","1/31",0.144017471501311,0.236461118748775,0,0,6.69023569023569,12.9644769200402,"RIMS1","GO_Biological_Process_2023","blue"
"Positive Regulation Of Rho Protein Signal Transduction (GO:0035025)","1/31",0.144017471501311,0.236461118748775,0,0,6.69023569023569,12.9644769200402,"ROBO1","GO_Biological_Process_2023","blue"
"Negative Regulation Of DNA Biosynthetic Process (GO:2000279)","1/31",0.144017471501311,0.236461118748775,0,0,6.69023569023569,12.9644769200402,"TENM1","GO_Biological_Process_2023","blue"
"Positive Regulation Of Extrinsic Apoptotic Signaling Pathway (GO:2001238)","1/31",0.144017471501311,0.236461118748775,0,0,6.69023569023569,12.9644769200402,"RET","GO_Biological_Process_2023","blue"
"Regulation Of Protein Kinase B Signaling (GO:0051896)","2/136",0.148220323777077,0.239860380143514,0,0,3.01035638135851,5.7469372202272,"RET;DRD2","GO_Biological_Process_2023","blue"
"Glycosphingolipid Metabolic Process (GO:0006687)","1/32",0.148304021933978,0.239860380143514,0,0,6.47409579667644,12.3557529781019,"ST6GALNAC5","GO_Biological_Process_2023","blue"
"Regulation Of Metaphase/Anaphase Transition Of Cell Cycle (GO:1902099)","1/32",0.148304021933978,0.239860380143514,0,0,6.47409579667644,12.3557529781019,"HECW2","GO_Biological_Process_2023","blue"
"Mesenchymal Cell Migration (GO:0090497)","1/32",0.148304021933978,0.239860380143514,0,0,6.47409579667644,12.3557529781019,"ERBB4","GO_Biological_Process_2023","blue"
"Regulation Of Transmembrane Transport (GO:0034762)","1/32",0.148304021933978,0.239860380143514,0,0,6.47409579667644,12.3557529781019,"KCNJ6","GO_Biological_Process_2023","blue"
"Muscle Cell Development (GO:0055001)","1/32",0.148304021933978,0.239860380143514,0,0,6.47409579667644,12.3557529781019,"SGCZ","GO_Biological_Process_2023","blue"
"Positive Regulation Of Signal Transduction (GO:0009967)","3/266",0.148390989636111,0.239860380143514,0,0,2.30923915173847,4.40580815442835,"RIMS1;PRKCA;ROBO1","GO_Biological_Process_2023","blue"
"Ventricular Cardiac Muscle Tissue Morphogenesis (GO:0055010)","1/33",0.152569319997184,0.244446229182302,0,0,6.27146464646465,11.7912078898077,"NRG1","GO_Biological_Process_2023","blue"
"Regulation Of Lamellipodium Assembly (GO:0010591)","1/33",0.152569319997184,0.244446229182302,0,0,6.27146464646465,11.7912078898077,"NRG1","GO_Biological_Process_2023","blue"
"Regulation Of Amyloid-Beta Formation (GO:1902003)","1/33",0.152569319997184,0.244446229182302,0,0,6.27146464646465,11.7912078898077,"EPHA4","GO_Biological_Process_2023","blue"
"Negative Regulation Of Blood Vessel Endothelial Cell Migration (GO:0043537)","1/33",0.152569319997184,0.244446229182302,0,0,6.27146464646465,11.7912078898077,"NRG1","GO_Biological_Process_2023","blue"
"Negative Regulation Of Wnt Signaling Pathway (GO:0030178)","2/140",0.155166268510966,0.247976181451025,0,0,2.92250813368826,5.44538676806967,"PTPRU;RBMS3","GO_Biological_Process_2023","blue"
"Apoptotic Mitochondrial Changes (GO:0008637)","1/34",0.156813470025957,0.247976181451025,0,0,6.08111417202326,11.2664696999635,"ERBB4","GO_Biological_Process_2023","blue"
"Regulation Of Neuronal Synaptic Plasticity (GO:0048168)","1/34",0.156813470025957,0.247976181451025,0,0,6.08111417202326,11.2664696999635,"DRD2","GO_Biological_Process_2023","blue"
"Membrane Protein Proteolysis (GO:0033619)","1/34",0.156813470025957,0.247976181451025,0,0,6.08111417202326,11.2664696999635,"RET","GO_Biological_Process_2023","blue"
"Negative Regulation Of JNK Cascade (GO:0046329)","1/34",0.156813470025957,0.247976181451025,0,0,6.08111417202326,11.2664696999635,"ANKS1B","GO_Biological_Process_2023","blue"
"Semaphorin-Plexin Signaling Pathway (GO:0071526)","1/34",0.156813470025957,0.247976181451025,0,0,6.08111417202326,11.2664696999635,"PLXNA4","GO_Biological_Process_2023","blue"
"Positive Regulation Of Transferase Activity (GO:0051347)","2/143",0.160416714470738,0.25192202519182,0,0,2.85989289332754,5.23354789527023,"RET;ERBB4","GO_Biological_Process_2023","blue"
"Positive Regulation Of Substrate Adhesion-Dependent Cell Spreading (GO:1900026)","1/35",0.161036575774195,0.25192202519182,0,0,5.90196078431373,10.7777108251808,"RREB1","GO_Biological_Process_2023","blue"
"Regulation Of Postsynaptic Membrane Potential (GO:0060078)","1/35",0.161036575774195,0.25192202519182,0,0,5.90196078431373,10.7777108251808,"DRD2","GO_Biological_Process_2023","blue"
"Regulation Of Regulated Secretory Pathway (GO:1903305)","1/35",0.161036575774195,0.25192202519182,0,0,5.90196078431373,10.7777108251808,"RIMS1","GO_Biological_Process_2023","blue"
"Regulation Of Axon Extension (GO:0030516)","1/35",0.161036575774195,0.25192202519182,0,0,5.90196078431373,10.7777108251808,"NTN1","GO_Biological_Process_2023","blue"
"Positive Regulation Of Protein Kinase Activity (GO:0045860)","2/145",0.163935318030255,0.254670278802015,0,0,2.81960896246611,5.0986518873564,"EPHA4;GRM5","GO_Biological_Process_2023","blue"
"Negative Regulation Of Protein Kinase B Signaling (GO:0051898)","1/36",0.165238740567014,0.254670278802015,0,0,5.73304473304473,10.3215669941692,"DRD2","GO_Biological_Process_2023","blue"
"Regulation Of Intracellular Protein Transport (GO:0033157)","1/36",0.165238740567014,0.254670278802015,0,0,5.73304473304473,10.3215669941692,"TENM1","GO_Biological_Process_2023","blue"
"Negative Regulation Of Sequestering Of Calcium Ion (GO:0051283)","1/36",0.165238740567014,0.254670278802015,0,0,5.73304473304473,10.3215669941692,"DRD2","GO_Biological_Process_2023","blue"
"Neural Crest Cell Migration (GO:0001755)","1/36",0.165238740567014,0.254670278802015,0,0,5.73304473304473,10.3215669941692,"ERBB4","GO_Biological_Process_2023","blue"
"Lytic Vacuole Organization (GO:0080171)","1/36",0.165238740567014,0.254670278802015,0,0,5.73304473304473,10.3215669941692,"CLVS1","GO_Biological_Process_2023","blue"
"Regulation Of Trans-Synaptic Signaling (GO:0099177)","1/36",0.165238740567014,0.254670278802015,0,0,5.73304473304473,10.3215669941692,"GRIA3","GO_Biological_Process_2023","blue"
"Negative Regulation Of Response To External Stimulus (GO:0032102)","2/146",0.165699874581937,0.254842212173485,0,0,2.79988662131519,5.03301210512649,"EPHA4;DRD2","GO_Biological_Process_2023","blue"
"Negative Regulation Of Protein Metabolic Process (GO:0051248)","2/147",0.167467830513668,0.25677178580938,0,0,2.78043631245602,4.96853960242873,"EPHA4;SERPINE2","GO_Biological_Process_2023","blue"
"Negative Regulation Of Endothelial Cell Migration (GO:0010596)","1/37",0.169420067180126,0.25677178580938,0,0,5.57351290684624,9.89507014564132,"NRG1","GO_Biological_Process_2023","blue"
"Negative Regulation Of Stress-Activated MAPK Cascade (GO:0032873)","1/37",0.169420067180126,0.25677178580938,0,0,5.57351290684624,9.89507014564132,"ANKS1B","GO_Biological_Process_2023","blue"
"Positive Regulation Of Receptor Signaling Pathway Via JAK-STAT (GO:0046427)","1/37",0.169420067180126,0.25677178580938,0,0,5.57351290684624,9.89507014564132,"ERBB4","GO_Biological_Process_2023","blue"
"Positive Regulation Of Receptor Signaling Pathway Via STAT (GO:1904894)","1/37",0.169420067180126,0.25677178580938,0,0,5.57351290684624,9.89507014564132,"ERBB4","GO_Biological_Process_2023","blue"
"Regulation Of Sodium Ion Transmembrane Transporter Activity (GO:2000649)","1/37",0.169420067180126,0.25677178580938,0,0,5.57351290684624,9.89507014564132,"HECW2","GO_Biological_Process_2023","blue"
"Muscle Cell Differentiation (GO:0042692)","1/37",0.169420067180126,0.25677178580938,0,0,5.57351290684624,9.89507014564132,"SGCZ","GO_Biological_Process_2023","blue"
"Skeletal System Development (GO:0001501)","2/149",0.171013633267106,0.258649250314772,0,0,2.74232958489518,4.84298695199844,"CDH11;TLL1","GO_Biological_Process_2023","blue"
"Response To Transforming Growth Factor Beta (GO:0071559)","1/38",0.173580657931626,0.26198819799618,0,0,5.42260442260442,9.49559255823113,"ZFHX3","GO_Biological_Process_2023","blue"
"Positive Regulation Of Intracellular Transport (GO:0032388)","1/39",0.17772061456847,0.264404751062071,0,0,5.27963849016481,9.12080010262218,"TENM1","GO_Biological_Process_2023","blue"
"Negative Regulation Of Protein Secretion (GO:0050709)","1/39",0.17772061456847,0.264404751062071,0,0,5.27963849016481,9.12080010262218,"DRD2","GO_Biological_Process_2023","blue"
"Negative Regulation Of Transport (GO:0051051)","1/39",0.17772061456847,0.264404751062071,0,0,5.27963849016481,9.12080010262218,"NRG1","GO_Biological_Process_2023","blue"
"Regulation Of Monoatomic Cation Transmembrane Transport (GO:1904062)","1/39",0.17772061456847,0.264404751062071,0,0,5.27963849016481,9.12080010262218,"DPP10","GO_Biological_Process_2023","blue"
"Regulation Of Nitric Oxide Biosynthetic Process (GO:0045428)","1/39",0.17772061456847,0.264404751062071,0,0,5.27963849016481,9.12080010262218,"NOS1AP","GO_Biological_Process_2023","blue"
"Release Of Sequestered Calcium Ion Into Cytosol (GO:0051209)","1/39",0.17772061456847,0.264404751062071,0,0,5.27963849016481,9.12080010262218,"DRD2","GO_Biological_Process_2023","blue"
"Positive Regulation Of Cytokinesis (GO:0032467)","1/39",0.17772061456847,0.264404751062071,0,0,5.27963849016481,9.12080010262218,"DRD2","GO_Biological_Process_2023","blue"
"Regulation Of Cellular Component Organization (GO:0051128)","2/153",0.178142688387259,0.264492912086174,0,0,2.66914447898365,4.60472912764016,"NRG1;SNCAIP","GO_Biological_Process_2023","blue"
"Positive Regulation Of Response To External Stimulus (GO:0032103)","2/155",0.181724756491973,0.267800783892671,0,0,2.63398692810458,4.49163798449718,"PRKCA;NRG1","GO_Biological_Process_2023","blue"
"Positive Regulation Of Myeloid Leukocyte Differentiation (GO:0002763)","1/40",0.181840038445641,0.267800783892671,0,0,5.14400414400414,8.76861291991989,"PRKCA","GO_Biological_Process_2023","blue"
"Negative Regulation Of Secretion By Cell (GO:1903531)","1/40",0.181840038445641,0.267800783892671,0,0,5.14400414400414,8.76861291991989,"DRD2","GO_Biological_Process_2023","blue"
"Positive Regulation Of Wound Healing (GO:0090303)","1/40",0.181840038445641,0.267800783892671,0,0,5.14400414400414,8.76861291991989,"RREB1","GO_Biological_Process_2023","blue"
"Regulation Of Cell Population Proliferation (GO:0042127)","6/766",0.184984317445594,0.270557990250269,0,0,1.60750279955207,2.71263562080866,"EPHA4;PTPRU;TENM1;ERBB4;NRG1;DRD2","GO_Biological_Process_2023","blue"
"Regulation Of Heart Rate By Cardiac Conduction (GO:0086091)","1/41",0.185939030336605,0.270557990250269,0,0,5.01515151515152,8.43717221072756,"KCND3","GO_Biological_Process_2023","blue"
"Positive Regulation Of Response To Biotic Stimulus (GO:0002833)","1/41",0.185939030336605,0.270557990250269,0,0,5.01515151515152,8.43717221072756,"PRKCA","GO_Biological_Process_2023","blue"
"Lymphocyte Migration (GO:0072676)","1/41",0.185939030336605,0.270557990250269,0,0,5.01515151515152,8.43717221072756,"RET","GO_Biological_Process_2023","blue"
"Cellular Response To Retinoic Acid (GO:0071300)","1/41",0.185939030336605,0.270557990250269,0,0,5.01515151515152,8.43717221072756,"RET","GO_Biological_Process_2023","blue"
"Positive Regulation Of Actin Filament Polymerization (GO:0030838)","1/41",0.185939030336605,0.270557990250269,0,0,5.01515151515152,8.43717221072756,"TENM1","GO_Biological_Process_2023","blue"
"Potassium Ion Import Across Plasma Membrane (GO:1990573)","1/42",0.190017690585897,0.274847016740316,0,0,4.89258438038926,8.12481204328322,"KCNJ6","GO_Biological_Process_2023","blue"
"Ceramide Biosynthetic Process (GO:0046513)","1/42",0.190017690585897,0.274847016740316,0,0,4.89258438038926,8.12481204328322,"ST6GALNAC5","GO_Biological_Process_2023","blue"
"Collagen Fibril Organization (GO:0030199)","1/42",0.190017690585897,0.274847016740316,0,0,4.89258438038926,8.12481204328322,"TLL1","GO_Biological_Process_2023","blue"
"Regulation Of Nucleic Acid-Templated Transcription (GO:1903506)","4/452",0.190465904154528,0.274949790353764,0,0,1.80915178571429,3.00008398851232,"ZFHX3;BNC2;RREB1;ELAVL2","GO_Biological_Process_2023","blue"
"Regulation Of Filopodium Assembly (GO:0051489)","1/43",0.19407611900782,0.276712891418688,0,0,4.77585377585378,7.83003533696715,"TENM1","GO_Biological_Process_2023","blue"
"Glycolipid Biosynthetic Process (GO:0009247)","1/43",0.19407611900782,0.276712891418688,0,0,4.77585377585378,7.83003533696715,"ST6GALNAC5","GO_Biological_Process_2023","blue"
"Lysosome Organization (GO:0007040)","1/43",0.19407611900782,0.276712891418688,0,0,4.77585377585378,7.83003533696715,"CLVS1","GO_Biological_Process_2023","blue"
"Negative Regulation Of BMP Signaling Pathway (GO:0030514)","1/43",0.19407611900782,0.276712891418688,0,0,4.77585377585378,7.83003533696715,"VWC2L","GO_Biological_Process_2023","blue"
"Positive Regulation Of Cell Division (GO:0051781)","1/43",0.19407611900782,0.276712891418688,0,0,4.77585377585378,7.83003533696715,"DRD2","GO_Biological_Process_2023","blue"
"Positive Regulation Of Cell-Matrix Adhesion (GO:0001954)","1/43",0.19407611900782,0.276712891418688,0,0,4.77585377585378,7.83003533696715,"NRG1","GO_Biological_Process_2023","blue"
"Protein Autophosphorylation (GO:0046777)","2/162",0.194344307827666,0.276712891418688,0,0,2.51785714285714,4.12456198860435,"EPHA4;ERBB4","GO_Biological_Process_2023","blue"
"Nitrogen Compound Transport (GO:0071705)","2/163",0.196156627809209,0.278748892149928,0,0,2.50209151983775,4.07551129848272,"NRG1;SLC6A3","GO_Biological_Process_2023","blue"
"Autophagosome Maturation (GO:0097352)","1/44",0.1981144149655,0.280983285038617,0,0,4.6645525017618,7.55149331126355,"LIX1","GO_Biological_Process_2023","blue"
"Regulation Of Protein Modification Process (GO:0031399)","1/45",0.202132677279174,0.285571166156043,0,0,4.55831037649219,7.28796784173202,"GRM5","GO_Biological_Process_2023","blue"
"Natural Killer Cell Activation (GO:0030101)","1/45",0.202132677279174,0.285571166156043,0,0,4.55831037649219,7.28796784173202,"PBX1","GO_Biological_Process_2023","blue"
"Membrane Organization (GO:0061024)","2/167",0.203427034299401,0.286843922638807,0,0,2.44094001236858,3.88706977769903,"RIMS1;SGCZ","GO_Biological_Process_2023","blue"
"Positive Regulation Of Peptide Hormone Secretion (GO:0090277)","1/46",0.206131004383124,0.287872609569535,0,0,4.45679012345679,7.03835624820852,"DRD2","GO_Biological_Process_2023","blue"
"Regulation Of mRNA Catabolic Process (GO:0061013)","1/46",0.206131004383124,0.287872609569535,0,0,4.45679012345679,7.03835624820852,"PRKCA","GO_Biological_Process_2023","blue"
"Cardiac Conduction (GO:0061337)","1/46",0.206131004383124,0.287872609569535,0,0,4.45679012345679,7.03835624820852,"KCND3","GO_Biological_Process_2023","blue"
"Positive Regulation Of Blood Vessel Endothelial Cell Migration (GO:0043536)","1/46",0.206131004383124,0.287872609569535,0,0,4.45679012345679,7.03835624820852,"PRKCA","GO_Biological_Process_2023","blue"
"Positive Regulation Of Cell-Cell Adhesion (GO:0022409)","1/46",0.206131004383124,0.287872609569535,0,0,4.45679012345679,7.03835624820852,"PTPRU","GO_Biological_Process_2023","blue"
"Regulation Of Wound Healing (GO:0061041)","1/47",0.210109494168341,0.291752040473754,0,0,4.3596837944664,6.80165814675797,"NRG1","GO_Biological_Process_2023","blue"
"Cognition (GO:0050890)","1/47",0.210109494168341,0.291752040473754,0,0,4.3596837944664,6.80165814675797,"GRM5","GO_Biological_Process_2023","blue"
"Response To Organonitrogen Compound (GO:0010243)","1/47",0.210109494168341,0.291752040473754,0,0,4.3596837944664,6.80165814675797,"DRD2","GO_Biological_Process_2023","blue"
"Post-Translational Protein Modification (GO:0043687)","1/48",0.214068244088033,0.296120967628418,0,0,4.26670964968837,6.57696403663591,"PRKCA","GO_Biological_Process_2023","blue"
"Negative Regulation Of ERK1 And ERK2 Cascade (GO:0070373)","1/48",0.214068244088033,0.296120967628418,0,0,4.26670964968837,6.57696403663591,"EPHA4","GO_Biological_Process_2023","blue"
"Heterophilic Cell-Cell Adhesion Via Plasma Membrane Cell Adhesion Molecules (GO:0007157)","1/49",0.21800735103248,0.299862941325807,0,0,4.17760942760943,6.36344537186664,"TENM1","GO_Biological_Process_2023","blue"
"Regulation Of Mitotic Metaphase/Anaphase Transition (GO:0030071)","1/49",0.21800735103248,0.299862941325807,0,0,4.17760942760943,6.36344537186664,"HECW2","GO_Biological_Process_2023","blue"
"Neurogenesis (GO:0022008)","1/49",0.21800735103248,0.299862941325807,0,0,4.17760942760943,6.36344537186664,"ERBB4","GO_Biological_Process_2023","blue"
"Regulation Of Epithelial Cell Migration (GO:0010632)","1/50",0.221926911560385,0.304106613773535,0,0,4.09214594928881,6.16034588762116,"RREB1","GO_Biological_Process_2023","blue"
"Positive Regulation Of Fat Cell Differentiation (GO:0045600)","1/50",0.221926911560385,0.304106613773535,0,0,4.09214594928881,6.16034588762116,"RREB1","GO_Biological_Process_2023","blue"
"Positive Regulation Of Protein Localization To Cell Periphery (GO:1904377)","1/51",0.225827021656465,0.305432094225535,0,0,4.01010101010101,5.96697401593565,"DPP10","GO_Biological_Process_2023","blue"
"Positive Regulation Of Protein Localization To Plasma Membrane (GO:1903078)","1/51",0.225827021656465,0.305432094225535,0,0,4.01010101010101,5.96697401593565,"DPP10","GO_Biological_Process_2023","blue"
"Regulation Of Substrate Adhesion-Dependent Cell Spreading (GO:1900024)","1/51",0.225827021656465,0.305432094225535,0,0,4.01010101010101,5.96697401593565,"RREB1","GO_Biological_Process_2023","blue"
"Regulation Of Telomere Maintenance Via Telomerase (GO:0032210)","1/51",0.225827021656465,0.305432094225535,0,0,4.01010101010101,5.96697401593565,"TENM1","GO_Biological_Process_2023","blue"
"Positive Regulation Of Ras Protein Signal Transduction (GO:0046579)","1/51",0.225827021656465,0.305432094225535,0,0,4.01010101010101,5.96697401593565,"ROBO1","GO_Biological_Process_2023","blue"
"Negative Regulation Of MAP Kinase Activity (GO:0043407)","1/51",0.225827021656465,0.305432094225535,0,0,4.01010101010101,5.96697401593565,"ANKS1B","GO_Biological_Process_2023","blue"
"Sensory Perception (GO:0007600)","1/51",0.225827021656465,0.305432094225535,0,0,4.01010101010101,5.96697401593565,"PCDH15","GO_Biological_Process_2023","blue"
"Sprouting Angiogenesis (GO:0002040)","1/52",0.229707776816989,0.307260494127679,0,0,3.93127351950881,5.78269622196604,"ROBO1","GO_Biological_Process_2023","blue"
"Rho Protein Signal Transduction (GO:0007266)","1/52",0.229707776816989,0.307260494127679,0,0,3.93127351950881,5.78269622196604,"NTN1","GO_Biological_Process_2023","blue"
"Negative Regulation Of Response To Stimulus (GO:0048585)","1/52",0.229707776816989,0.307260494127679,0,0,3.93127351950881,5.78269622196604,"EPHA4","GO_Biological_Process_2023","blue"
"Adenylate Cyclase-Inhibiting G Protein-Coupled Receptor Signaling Pathway (GO:0007193)","1/52",0.229707776816989,0.307260494127679,0,0,3.93127351950881,5.78269622196604,"DRD2","GO_Biological_Process_2023","blue"
"Neurotransmitter Transport (GO:0006836)","1/52",0.229707776816989,0.307260494127679,0,0,3.93127351950881,5.78269622196604,"SLC6A3","GO_Biological_Process_2023","blue"
"Regulation Of Proteolysis (GO:0030162)","1/52",0.229707776816989,0.307260494127679,0,0,3.93127351950881,5.78269622196604,"SERPINE2","GO_Biological_Process_2023","blue"
"RNA Processing (GO:0006396)","2/183",0.232775941528175,0.310715327466588,0,0,2.22336227308603,3.24094830013958,"ELAVL4;ADARB2","GO_Biological_Process_2023","blue"
"mRNA Stabilization (GO:0048255)","1/53",0.233569272224541,0.310715327466588,0,0,3.85547785547786,5.60693113764998,"ELAVL4","GO_Biological_Process_2023","blue"
"Regulation Of Receptor Signaling Pathway Via JAK-STAT (GO:0046425)","1/53",0.233569272224541,0.310715327466588,0,0,3.85547785547786,5.60693113764998,"ERBB4","GO_Biological_Process_2023","blue"
"Negative Regulation Of Gene Expression (GO:0010629)","3/336",0.23655820974643,0.314118278515751,0,0,1.81731215751834,2.61976627900037,"EPHA4;ROBO1;RBMS3","GO_Biological_Process_2023","blue"
"Regulation Of Focal Adhesion Assembly (GO:0051893)","1/54",0.237411602446854,0.31467828760683,0,0,3.78254240518391,5.43914439332398,"NRG1","GO_Biological_Process_2023","blue"
"Negative Regulation Of Macromolecule Metabolic Process (GO:0010605)","2/186",0.238313406174166,0.315300314157835,0,0,2.18677905944987,3.13620994728774,"ROBO1;RBMS3","GO_Biological_Process_2023","blue"
"Protein Phosphorylation (GO:0006468)","4/500",0.240763407916619,0.31743720965111,0,0,1.63004032258065,2.32108049320244,"EPHA4;EPHA10;ERBB4;PRKCA","GO_Biological_Process_2023","blue"
"Neuron Migration (GO:0001764)","1/55",0.241234861655302,0.31743720965111,0,0,3.71230826786382,5.27884403782842,"DCC","GO_Biological_Process_2023","blue"
"Positive Regulation Of Tyrosine Phosphorylation Of STAT Protein (GO:0042531)","1/55",0.241234861655302,0.31743720965111,0,0,3.71230826786382,5.27884403782842,"ERBB4","GO_Biological_Process_2023","blue"
"Peptide Metabolic Process (GO:0006518)","1/56",0.245039143568043,0.321862226416403,0,0,3.64462809917355,5.12557648253206,"IMMP2L","GO_Biological_Process_2023","blue"
"Neuron Projection Development (GO:0031175)","2/192",0.249408486067724,0.327012205653545,0,0,2.11707841031149,2.93990892306422,"EPHA4;CNTN4","GO_Biological_Process_2023","blue"
"Regulation Of Signal Transduction (GO:0009966)","2/193",0.251259665145857,0.32823341686868,0,0,2.10588738113046,2.90879559265599,"NCAM1;RGS6","GO_Biological_Process_2023","blue"
"Regulation Of DNA-templated Transcription (GO:0006355)","12/1922",0.251538598653951,0.32823341686868,0,0,1.28438838648263,1.77265996947193,"RET;TENM1;ZFHX3;BNC2;SATB1;ERBB4;PBX3;NRG1;RREB1;NTN1;PBX1;ELAVL2","GO_Biological_Process_2023","blue"
"Peptidyl-Threonine Phosphorylation (GO:0018107)","1/58",0.252591147960672,0.32823341686868,0,0,3.5163919900762,4.83849599837867,"PRKCA","GO_Biological_Process_2023","blue"
"Muscle Organ Development (GO:0007517)","1/58",0.252591147960672,0.32823341686868,0,0,3.5163919900762,4.83849599837867,"SGCD","GO_Biological_Process_2023","blue"
"Response To Organic Cyclic Compound (GO:0014070)","1/58",0.252591147960672,0.32823341686868,0,0,3.5163919900762,4.83849599837867,"DRD2","GO_Biological_Process_2023","blue"
"Protein Targeting To Mitochondrion (GO:0006626)","1/59",0.256339055642632,0.331662745775748,0,0,3.45559038662487,4.70393718537215,"IMMP2L","GO_Biological_Process_2023","blue"
"Negative Regulation Of Cytokine-Mediated Signaling Pathway (GO:0001960)","1/59",0.256339055642632,0.331662745775748,0,0,3.45559038662487,4.70393718537215,"ROBO1","GO_Biological_Process_2023","blue"
"Protein Localization (GO:0008104)","3/351",0.256595046114571,0.331662745775748,0,0,1.73764664059723,2.36364449960517,"PTPRU;PEX5L;DRD2","GO_Biological_Process_2023","blue"
"protein-DNA Complex Organization (GO:0071824)","1/60",0.260068356267662,0.334373600915565,0,0,3.39684985447697,4.57491398098809,"SATB1","GO_Biological_Process_2023","blue"
"Response To Light Stimulus (GO:0009416)","1/60",0.260068356267662,0.334373600915565,0,0,3.39684985447697,4.57491398098809,"DRD2","GO_Biological_Process_2023","blue"
"Response To Retinoic Acid (GO:0032526)","1/60",0.260068356267662,0.334373600915565,0,0,3.39684985447697,4.57491398098809,"RET","GO_Biological_Process_2023","blue"
"Regulation Of Pathway-Restricted SMAD Protein Phosphorylation (GO:0060393)","1/61",0.263779141308675,0.338547524672578,0,0,3.34006734006734,4.45111773409346,"LDLRAD4","GO_Biological_Process_2023","blue"
"Organic Substance Transport (GO:0071702)","2/201",0.266080599970853,0.340901155322939,0,0,2.02040816326531,2.67493152775878,"NRG1;SLC6A3","GO_Biological_Process_2023","blue"
"Cell Junction Organization (GO:0034330)","1/62",0.267471501800711,0.341482880582694,0,0,3.28514654744163,4.33226156152993,"GRM5","GO_Biological_Process_2023","blue"
"Protein-Containing Complex Disassembly (GO:0032984)","1/62",0.267471501800711,0.341482880582694,0,0,3.28514654744163,4.33226156152993,"LIX1","GO_Biological_Process_2023","blue"
"Regulation Of Angiogenesis (GO:0045765)","2/205",0.273493735468433,0.348561071951901,0,0,1.9801950336785,2.5672764502121,"PRKCA;NRG1","GO_Biological_Process_2023","blue"
"Regulation Of Canonical Wnt Signaling Pathway (GO:0060828)","2/207",0.277199672471101,0.352399282442451,0,0,1.96067695370831,2.51558224197517,"PTPRU;RBMS3","GO_Biological_Process_2023","blue"
"Antimicrobial Humoral Immune Response Mediated By Antimicrobial Peptide (GO:0061844)","1/65",0.278438939213788,0.352399282442451,0,0,3.13068181818182,4.00275356439037,"NRG1","GO_Biological_Process_2023","blue"
"Regulation Of Tyrosine Phosphorylation Of STAT Protein (GO:0042509)","1/65",0.278438939213788,0.352399282442451,0,0,3.13068181818182,4.00275356439037,"ERBB4","GO_Biological_Process_2023","blue"
"Positive Regulation Of Cell Cycle (GO:0045787)","1/65",0.278438939213788,0.352399282442451,0,0,3.13068181818182,4.00275356439037,"PRKCA","GO_Biological_Process_2023","blue"
"Activation Of Cysteine-Type Endopeptidase Activity Involved In Apoptotic Process (GO:0006919)","1/67",0.285660089808726,0.360911967886588,0,0,3.03550658096113,3.80334608196671,"ROBO1","GO_Biological_Process_2023","blue"
"Telomere Maintenance (GO:0000723)","1/68",0.289243789255229,0.364807478143705,0,0,2.99004975124378,3.70911301693322,"TENM1","GO_Biological_Process_2023","blue"
"Positive Regulation Of Protein Phosphorylation (GO:0001934)","3/377",0.291833720613704,0.36743831144627,0,0,1.61469761287833,1.98861489728048,"TENM1;ERBB4;MOB3B","GO_Biological_Process_2023","blue"
"Negative Regulation Of Epithelial Cell Proliferation (GO:0050680)","1/70",0.296357876203525,0.369307507269008,0,0,2.9030888596106,3.53070042231205,"ROBO1","GO_Biological_Process_2023","blue"
"Positive Regulation Of Protein Polymerization (GO:0032273)","1/70",0.296357876203525,0.369307507269008,0,0,2.9030888596106,3.53070042231205,"TENM1","GO_Biological_Process_2023","blue"
"Positive Regulation Of Protein Transport (GO:0051222)","1/70",0.296357876203525,0.369307507269008,0,0,2.9030888596106,3.53070042231205,"TENM1","GO_Biological_Process_2023","blue"
"Regulation Of G Protein-Coupled Receptor Signaling Pathway (GO:0008277)","1/70",0.296357876203525,0.369307507269008,0,0,2.9030888596106,3.53070042231205,"RGS6","GO_Biological_Process_2023","blue"
"Regulation Of Actin Filament Polymerization (GO:0030833)","1/70",0.296357876203525,0.369307507269008,0,0,2.9030888596106,3.53070042231205,"TENM1","GO_Biological_Process_2023","blue"
"Regulation Of Actin Filament-Based Process (GO:0032970)","1/70",0.296357876203525,0.369307507269008,0,0,2.9030888596106,3.53070042231205,"NRG1","GO_Biological_Process_2023","blue"
"Synapse Assembly (GO:0007416)","1/71",0.299888438313403,0.371169221613702,0,0,2.86147186147186,3.44619860155019,"DRD2","GO_Biological_Process_2023","blue"
"Kidney Development (GO:0001822)","1/71",0.299888438313403,0.371169221613702,0,0,2.86147186147186,3.44619860155019,"ROBO2","GO_Biological_Process_2023","blue"
"Positive Regulation Of Cell-Substrate Adhesion (GO:0010811)","1/71",0.299888438313403,0.371169221613702,0,0,2.86147186147186,3.44619860155019,"RREB1","GO_Biological_Process_2023","blue"
"Negative Regulation Of Cellular Response To Growth Factor Stimulus (GO:0090288)","1/71",0.299888438313403,0.371169221613702,0,0,2.86147186147186,3.44619860155019,"VWC2L","GO_Biological_Process_2023","blue"
"Positive Regulation Of Nucleic Acid-Templated Transcription (GO:1903508)","4/557",0.30389301181201,0.375488145103314,0,0,1.45773056057866,1.73627309560872,"RET;ZFHX3;ERBB4;RREB1","GO_Biological_Process_2023","blue"
"Regulation Of Rho Protein Signal Transduction (GO:0035023)","1/73",0.306897033111884,0.378558269269988,0,0,2.78170594837262,3.28587063696556,"ROBO1","GO_Biological_Process_2023","blue"
"Gland Development (GO:0048732)","1/74",0.310375237892897,0.381557417241015,0,0,2.74346201743462,3.20977722405069,"NRG1","GO_Biological_Process_2023","blue"
"Regulation Of mRNA Stability (GO:0043488)","1/74",0.310375237892897,0.381557417241015,0,0,2.74346201743462,3.20977722405069,"PRKCA","GO_Biological_Process_2023","blue"
"Regulation Of BMP Signaling Pathway (GO:0030510)","1/75",0.313836161648445,0.385162562023092,0,0,2.70625170625171,3.13623236372496,"VWC2L","GO_Biological_Process_2023","blue"
"Sphingolipid Biosynthetic Process (GO:0030148)","1/77",0.320706505558706,0.390308919119026,0,0,2.6347687400319,2.99633512170869,"ST6GALNAC5","GO_Biological_Process_2023","blue"
"Negative Regulation Of Transforming Growth Factor Beta Receptor Signaling Pathway (GO:0030512)","1/77",0.320706505558706,0.390308919119026,0,0,2.6347687400319,2.99633512170869,"LDLRAD4","GO_Biological_Process_2023","blue"
"Monoatomic Cation Homeostasis (GO:0055080)","1/77",0.320706505558706,0.390308919119026,0,0,2.6347687400319,2.99633512170869,"TMTC2","GO_Biological_Process_2023","blue"
"Negative Regulation Of Blood Vessel Morphogenesis (GO:2000181)","1/77",0.320706505558706,0.390308919119026,0,0,2.6347687400319,2.99633512170869,"NRG1","GO_Biological_Process_2023","blue"
"Positive Regulation Of Endothelial Cell Proliferation (GO:0001938)","1/77",0.320706505558706,0.390308919119026,0,0,2.6347687400319,2.99633512170869,"PRKCA","GO_Biological_Process_2023","blue"
"Positive Regulation Of Protein Localization To Membrane (GO:1905477)","1/79",0.32750873980153,0.39660111514172,0,0,2.56695156695157,2.86533539771871,"DPP10","GO_Biological_Process_2023","blue"
"Positive Regulation Of Cytoskeleton Organization (GO:0051495)","1/79",0.32750873980153,0.39660111514172,0,0,2.56695156695157,2.86533539771871,"TENM1","GO_Biological_Process_2023","blue"
"Negative Regulation Of Cellular Component Organization (GO:0051129)","1/79",0.32750873980153,0.39660111514172,0,0,2.56695156695157,2.86533539771871,"ANKS1B","GO_Biological_Process_2023","blue"
"Positive Regulation Of Immune Response (GO:0050778)","1/80",0.330884524972772,0.398044255289028,0,0,2.5343306482547,2.80293378962301,"NRG1","GO_Biological_Process_2023","blue"
"Regulation Of Cytokinesis (GO:0032465)","1/80",0.330884524972772,0.398044255289028,0,0,2.5343306482547,2.80293378962301,"DRD2","GO_Biological_Process_2023","blue"
"Wound Healing (GO:0042060)","1/80",0.330884524972772,0.398044255289028,0,0,2.5343306482547,2.80293378962301,"NRG1","GO_Biological_Process_2023","blue"
"Regulation Of Protein Localization To Plasma Membrane (GO:1903076)","1/80",0.330884524972772,0.398044255289028,0,0,2.5343306482547,2.80293378962301,"DPP10","GO_Biological_Process_2023","blue"
"Activation Of Protein Kinase Activity (GO:0032147)","1/81",0.334243532854352,0.400104327505456,0,0,2.50252525252525,2.74248091594401,"NRG1","GO_Biological_Process_2023","blue"
"Macromolecule Modification (GO:0043412)","1/81",0.334243532854352,0.400104327505456,0,0,2.50252525252525,2.74248091594401,"ST6GAL2","GO_Biological_Process_2023","blue"
"Cellular Response To Interleukin-1 (GO:0071347)","1/81",0.334243532854352,0.400104327505456,0,0,2.50252525252525,2.74248091594401,"IL1RAP","GO_Biological_Process_2023","blue"
"Regulation Of Phosphorylation (GO:0042325)","1/82",0.337585846063778,0.402124316634795,0,0,2.47150517520888,2.68389506560141,"GRM5","GO_Biological_Process_2023","blue"
"Cellular Response To Organic Substance (GO:0071310)","1/82",0.337585846063778,0.402124316634795,0,0,2.47150517520888,2.68389506560141,"ROBO2","GO_Biological_Process_2023","blue"
"Sodium Ion Transmembrane Transport (GO:0035725)","1/82",0.337585846063778,0.402124316634795,0,0,2.47150517520888,2.68389506560141,"SLC6A3","GO_Biological_Process_2023","blue"
"Vesicle-Mediated Transport (GO:0016192)","3/411",0.338374750640599,0.402406514220223,0,0,1.47756215888417,1.60108822888623,"CADPS2;CADPS;CPLX1","GO_Biological_Process_2023","blue"
"Calcium Ion Transmembrane Import Into Cytosol (GO:0097553)","1/83",0.340911546721369,0.40476305791511,0,0,2.44124168514412,2.62709885646942,"DRD2","GO_Biological_Process_2023","blue"
"Calcium-Mediated Signaling (GO:0019722)","1/85",0.347513436866072,0.40926865181804,0,0,2.38287638287638,2.51858583349566,"GRM5","GO_Biological_Process_2023","blue"
"Positive Regulation Of Amide Metabolic Process (GO:0034250)","1/85",0.347513436866072,0.40926865181804,0,0,2.38287638287638,2.51858583349566,"EPHA4","GO_Biological_Process_2023","blue"
"Response To Interleukin-1 (GO:0070555)","1/85",0.347513436866072,0.40926865181804,0,0,2.38287638287638,2.51858583349566,"PRKCA","GO_Biological_Process_2023","blue"
"Negative Regulation Of Cell Cycle (GO:0045786)","1/85",0.347513436866072,0.40926865181804,0,0,2.38287638287638,2.51858583349566,"BRINP1","GO_Biological_Process_2023","blue"
"Positive Regulation Of Endothelial Cell Migration (GO:0010595)","1/85",0.347513436866072,0.40926865181804,0,0,2.38287638287638,2.51858583349566,"PRKCA","GO_Biological_Process_2023","blue"
"Regulation Of Mitotic Cell Cycle Phase Transition (GO:1901990)","1/86",0.350789788685405,0.411796708456779,0,0,2.35472370766488,2.46673350535558,"HECW2","GO_Biological_Process_2023","blue"
"Negative Regulation Of Angiogenesis (GO:0016525)","1/86",0.350789788685405,0.411796708456779,0,0,2.35472370766488,2.46673350535558,"NRG1","GO_Biological_Process_2023","blue"
"Regulation Of Endothelial Cell Migration (GO:0010594)","1/88",0.357293708483398,0.418085254389081,0,0,2.30035992104958,2.36752381170365,"PRKCA","GO_Biological_Process_2023","blue"
"Positive Regulation Of Plasma Membrane Bounded Cell Projection Assembly (GO:0120034)","1/88",0.357293708483398,0.418085254389081,0,0,2.30035992104958,2.36752381170365,"TENM1","GO_Biological_Process_2023","blue"
"Positive Regulation Of Peptidyl-Serine Phosphorylation (GO:0033138)","1/89",0.360521436424534,0.419170856704124,0,0,2.27410468319559,2.32005037808893,"TENM1","GO_Biological_Process_2023","blue"
"Regulation Of Vesicle-Mediated Transport (GO:0060627)","1/89",0.360521436424534,0.419170856704124,0,0,2.27410468319559,2.32005037808893,"CPLX1","GO_Biological_Process_2023","blue"
"Sensory Perception Of Mechanical Stimulus (GO:0050954)","1/89",0.360521436424534,0.419170856704124,0,0,2.27410468319559,2.32005037808893,"PCDH15","GO_Biological_Process_2023","blue"
"Sodium Ion Transport (GO:0006814)","1/89",0.360521436424534,0.419170856704124,0,0,2.27410468319559,2.32005037808893,"SLC6A3","GO_Biological_Process_2023","blue"
"Phosphorylation (GO:0016310)","3/429",0.363003334608488,0.421384444155394,0,0,1.4138231450559,1.43268815276809,"EPHA4;EPHA10;PRKCA","GO_Biological_Process_2023","blue"
"Regulation Of Peptidyl-Tyrosine Phosphorylation (GO:0050730)","1/90",0.363733115678147,0.421560320078489,0,0,2.24843945068664,2.27392523969427,"NRG1","GO_Biological_Process_2023","blue"
"Lymphocyte Differentiation (GO:0030098)","1/91",0.366928825262423,0.423916186396682,0,0,2.22334455667789,2.22909720803597,"PBX1","GO_Biological_Process_2023","blue"
"Regulation Of Actin Cytoskeleton Organization (GO:0032956)","1/91",0.366928825262423,0.423916186396682,0,0,2.22334455667789,2.22909720803597,"NRG1","GO_Biological_Process_2023","blue"
"Positive Regulation Of Neuron Projection Development (GO:0010976)","1/92",0.370108643786799,0.42623886464546,0,0,2.1988011988012,2.18551754723327,"RET","GO_Biological_Process_2023","blue"
"Sensory Perception Of Sound (GO:0007605)","1/92",0.370108643786799,0.42623886464546,0,0,2.1988011988012,2.18551754723327,"PCDH15","GO_Biological_Process_2023","blue"
"Regulation Of Endothelial Cell Proliferation (GO:0001936)","1/93",0.373272649434986,0.427183298960918,0,0,2.1747913921827,2.14313983216348,"PRKCA","GO_Biological_Process_2023","blue"
"Positive Regulation Of Protein Kinase B Signaling (GO:0051897)","1/93",0.373272649434986,0.427183298960918,0,0,2.1747913921827,2.14313983216348,"RET","GO_Biological_Process_2023","blue"
"Regulation Of Peptidyl-Serine Phosphorylation (GO:0033135)","1/93",0.373272649434986,0.427183298960918,0,0,2.1747913921827,2.14313983216348,"TENM1","GO_Biological_Process_2023","blue"
"Negative Regulation Of Amide Metabolic Process (GO:0034249)","1/93",0.373272649434986,0.427183298960918,0,0,2.1747913921827,2.14313983216348,"EPHA4","GO_Biological_Process_2023","blue"
"Cellular Response To Hormone Stimulus (GO:0032870)","1/94",0.376420920115876,0.430111051354975,0,0,2.15129792549147,2.10191981526176,"ROBO2","GO_Biological_Process_2023","blue"
"Positive Regulation Of Supramolecular Fiber Organization (GO:1902905)","1/96",0.382670565880735,0.436567828680839,0,0,2.10579479000532,2.02278604662789,"TENM1","GO_Biological_Process_2023","blue"
"Negative Regulation Of Signal Transduction (GO:0009968)","2/267",0.386599178140438,0.440360626350592,0,0,1.51212938005391,1.43707761768299,"NRG1;DRD2","GO_Biological_Process_2023","blue"
"Negative Regulation Of Macromolecule Biosynthetic Process (GO:0010558)","1/98",0.388858196397513,0.441553933292503,0,0,2.06216807247735,1.94780133547852,"EPHA4","GO_Biological_Process_2023","blue"
"Positive Regulation Of Protein-Containing Complex Assembly (GO:0031334)","1/98",0.388858196397513,0.441553933292503,0,0,2.06216807247735,1.94780133547852,"NRG1","GO_Biological_Process_2023","blue"
"Antimicrobial Humoral Response (GO:0019730)","1/100",0.394984420817951,0.447812819247724,0,0,2.02030405060708,1.87667852610055,"NRG1","GO_Biological_Process_2023","blue"
"Calcium Ion Homeostasis (GO:0055074)","1/102",0.401049842395342,0.45257791812106,0,0,1.98009800980098,1.80915528558786,"TMTC2","GO_Biological_Process_2023","blue"
"Regulation Of Protein Secretion (GO:0050708)","1/102",0.401049842395342,0.45257791812106,0,0,1.98009800980098,1.80915528558786,"DRD2","GO_Biological_Process_2023","blue"
"Sensory Perception Of Light Stimulus (GO:0050953)","1/102",0.401049842395342,0.45257791812106,0,0,1.98009800980098,1.80915528558786,"PCDH15","GO_Biological_Process_2023","blue"
"Inorganic Cation Import Across Plasma Membrane (GO:0098659)","1/103",0.404059939073185,0.455270008631147,0,0,1.9605862547039,1.77666767339805,"KCNJ6","GO_Biological_Process_2023","blue"
"Positive Regulation Of Vasculature Development (GO:1904018)","1/104",0.407055058636552,0.457231337050919,0,0,1.94145336863783,1.74499153520703,"PRKCA","GO_Biological_Process_2023","blue"
"Macroautophagy (GO:0016236)","1/104",0.407055058636552,0.457231337050919,0,0,1.94145336863783,1.74499153520703,"LIX1","GO_Biological_Process_2023","blue"
"Negative Regulation Of MAPK Cascade (GO:0043409)","1/105",0.410035274847405,0.459870331328859,0,0,1.92268842268842,1.71409996792236,"EPHA4","GO_Biological_Process_2023","blue"
"Negative Regulation Of Translation (GO:0017148)","1/107",0.41595129052059,0.465788772334117,0,0,1.88622069754145,1.65456849319568,"EPHA4","GO_Biological_Process_2023","blue"
"Negative Regulation Of Developmental Process (GO:0051093)","1/109",0.421808569139365,0.470181111471861,0,0,1.85110362888141,1.59787949320038,"DCC","GO_Biological_Process_2023","blue"
"Cell-Matrix Adhesion (GO:0007160)","1/109",0.421808569139365,0.470181111471861,0,0,1.85110362888141,1.59787949320038,"CDH11","GO_Biological_Process_2023","blue"
"Positive Regulation Of Cysteine-Type Endopeptidase Activity Involved In Apoptotic Process (GO:0043280)","1/109",0.421808569139365,0.470181111471861,0,0,1.85110362888141,1.59787949320038,"ROBO1","GO_Biological_Process_2023","blue"
"Adenylate Cyclase-Activating G Protein-Coupled Receptor Signaling Pathway (GO:0007189)","1/110",0.424715362613925,0.471259511941478,0,0,1.83402835696414,1.57054463447437,"DRD2","GO_Biological_Process_2023","blue"
"Regulation Of JNK Cascade (GO:0046328)","1/110",0.424715362613925,0.471259511941478,0,0,1.83402835696414,1.57054463447437,"ANKS1B","GO_Biological_Process_2023","blue"
"Sensory Perception Of Chemical Stimulus (GO:0007606)","1/110",0.424715362613925,0.471259511941478,0,0,1.83402835696414,1.57054463447437,"DRD2","GO_Biological_Process_2023","blue"
"Regulation Of Transforming Growth Factor Beta Receptor Signaling Pathway (GO:0017015)","1/111",0.427607687964041,0.473747727242835,0,0,1.81726354453627,1.54385464626272,"LDLRAD4","GO_Biological_Process_2023","blue"
"Small GTPase Mediated Signal Transduction (GO:0007264)","1/112",0.43048561638067,0.476212464858131,0,0,1.8008008008008,1.51778940882089,"NTN1","GO_Biological_Process_2023","blue"
"Positive Regulation Of Cellular Component Organization (GO:0051130)","1/113",0.433349218837219,0.478653909897473,0,0,1.78463203463203,1.4923295915181,"NRG1","GO_Biological_Process_2023","blue"
"Positive Regulation Of Cell Population Proliferation (GO:0008284)","3/483",0.435781164374659,0.480345550593324,0,0,1.25128865979381,1.03933922801451,"EPHA4;ERBB4;NRG1","GO_Biological_Process_2023","blue"
"Regulation Of Cytoskeleton Organization (GO:0051493)","1/114",0.436198565833718,0.480345550593324,0,0,1.76874944131581,1.46745661650072,"NRG1","GO_Biological_Process_2023","blue"
"Gene Expression (GO:0010467)","2/296",0.43705852301132,0.480566611274891,0,0,1.36096071081494,1.12645108414848,"ELAVL4;ADARB2","GO_Biological_Process_2023","blue"
"Regulation Of Intracellular Signal Transduction (GO:1902531)","2/297",0.438759996999523,0.481710900320259,0,0,1.35627810446212,1.11730559055249,"PEX5L;MOB3B","GO_Biological_Process_2023","blue"
"Protein Maturation (GO:0051604)","1/117",0.444661775482094,0.48745629222022,0,0,1.72274468826193,1.39618351518444,"TLL1","GO_Biological_Process_2023","blue"
"Positive Regulation Of Cell Cycle Process (GO:0090068)","1/118",0.447454800068397,0.489781605480272,0,0,1.70793404126737,1.37348597340122,"DRD2","GO_Biological_Process_2023","blue"
"Positive Regulation Of Angiogenesis (GO:0045766)","1/119",0.450233917137087,0.492084746016397,0,0,1.69337442218798,1.35129249451638,"PRKCA","GO_Biological_Process_2023","blue"
"Negative Regulation Of Growth (GO:0045926)","1/124",0.463923277206856,0.505530746014646,0,0,1.62412745339575,1.2473885010387,"NRG1","GO_Biological_Process_2023","blue"
"Protein Dephosphorylation (GO:0006470)","1/124",0.463923277206856,0.505530746014646,0,0,1.62412745339575,1.2473885010387,"PTPRU","GO_Biological_Process_2023","blue"
"Regulation Of Mitotic Cell Cycle (GO:0007346)","1/125",0.46662037707619,0.506954180161763,0,0,1.61094819159335,1.22792793965158,"PRKCA","GO_Biological_Process_2023","blue"
"Response To Cytokine (GO:0034097)","1/125",0.46662037707619,0.506954180161763,0,0,1.61094819159335,1.22792793965158,"PRKCA","GO_Biological_Process_2023","blue"
"Positive Regulation Of Intracellular Protein Transport (GO:0090316)","1/126",0.469304042324134,0.509111081628413,0,0,1.5979797979798,1.20887881651748,"TENM1","GO_Biological_Process_2023","blue"
"Regulation Of Response To External Stimulus (GO:0032101)","1/127",0.471974339207137,0.511247092543838,0,0,1.58521725188392,1.19022971699885,"NRG1","GO_Biological_Process_2023","blue"
"Protein Modification Process (GO:0036211)","4/711",0.477617309226897,0.516592015469448,0,0,1.13112918434701,0.835842792934665,"EPHA4;PTPRU;EPHA10;PRKCA","GO_Biological_Process_2023","blue"
"Epithelial Cell Differentiation (GO:0030855)","1/132",0.485127594032975,0.522389979394445,0,0,1.52432724188449,1.1026119616962,"ERBB4","GO_Biological_Process_2023","blue"
"Plasma Membrane Bounded Cell Projection Organization (GO:0120036)","1/132",0.485127594032975,0.522389979394445,0,0,1.52432724188449,1.1026119616962,"CNTN4","GO_Biological_Process_2023","blue"
"Circulatory System Development (GO:0072359)","1/132",0.485127594032975,0.522389979394445,0,0,1.52432724188449,1.1026119616962,"ERBB4","GO_Biological_Process_2023","blue"
"Proteolysis (GO:0006508)","2/330",0.493288103991879,0.530393846327552,0,0,1.21777003484321,0.860551669771124,"RET;TLL1","GO_Biological_Process_2023","blue"
"Protein Localization To Plasma Membrane (GO:0072659)","1/137",0.497956392525298,0.533838544339621,0,0,1.46791443850267,1.02349273069514,"DPP10","GO_Biological_Process_2023","blue"
"Negative Regulation Of Cellular Biosynthetic Process (GO:0031327)","1/137",0.497956392525298,0.533838544339621,0,0,1.46791443850267,1.02349273069514,"EPHA4","GO_Biological_Process_2023","blue"
"Protein Localization To Cell Periphery (GO:1990778)","1/142",0.510468659235617,0.546448829049581,0,0,1.41550254316212,0.951820763413215,"DPP10","GO_Biological_Process_2023","blue"
"Ras Protein Signal Transduction (GO:0007265)","1/144",0.515386675547343,0.55090452562172,0,0,1.39556403192767,0.925032639771104,"NTN1","GO_Biological_Process_2023","blue"
"Protein Glycosylation (GO:0006486)","1/147",0.522672127159014,0.557058451314212,0,0,1.36668050366681,0.886703567337748,"GALNTL6","GO_Biological_Process_2023","blue"
"Dephosphorylation (GO:0016311)","1/147",0.522672127159014,0.557058451314212,0,0,1.36668050366681,0.886703567337748,"PTPRU","GO_Biological_Process_2023","blue"
"Negative Regulation Of Protein Phosphorylation (GO:0001933)","1/149",0.527468747150282,0.561349951346796,0,0,1.34807534807535,0.862317510620557,"LDLRAD4","GO_Biological_Process_2023","blue"
"Positive Regulation Of NF-kappaB Transcription Factor Activity (GO:0051092)","1/152",0.534574342306715,0.568082646562092,0,0,1.32109171182019,0.827379223374853,"IL1RAP","GO_Biological_Process_2023","blue"
"Peptidyl-Serine Phosphorylation (GO:0018105)","1/158",0.548469701786421,0.582000600585591,0,0,1.27021810461301,0.762922512360618,"PRKCA","GO_Biological_Process_2023","blue"
"Regulation Of Macromolecule Metabolic Process (GO:0060255)","1/162",0.557504289374834,0.590727655456765,0,0,1.23840893406111,0.723583865255002,"NRG1","GO_Biological_Process_2023","blue"
"Peptidyl-Serine Modification (GO:0018209)","1/166",0.566359876814798,0.599239985773567,0,0,1.20814202632384,0.686859643904913,"PRKCA","GO_Biological_Process_2023","blue"
"Positive Regulation Of Multicellular Organismal Process (GO:0051240)","2/387",0.579314595720883,0.611173444285062,0,0,1.03445534057779,0.564719107143552,"PRKCA;RREB1","GO_Biological_Process_2023","blue"
"Generation Of Neurons (GO:0048699)","1/172",0.579315294925896,0.611173444285062,0,0,1.16539665662473,0.636199822786287,"DCC","GO_Biological_Process_2023","blue"
"Positive Regulation Of Cellular Biosynthetic Process (GO:0031328)","1/174",0.58354802824362,0.614749295649709,0,0,1.15180708822327,0.620396147287758,"NOS1AP","GO_Biological_Process_2023","blue"
"Positive Regulation Of Hydrolase Activity (GO:0051345)","1/176",0.587738595192884,0.617379590627684,0,0,1.13852813852814,0.60509696073503,"RGS6","GO_Biological_Process_2023","blue"
"Extracellular Matrix Organization (GO:0030198)","1/176",0.587738595192884,0.617379590627684,0,0,1.13852813852814,0.60509696073503,"TLL1","GO_Biological_Process_2023","blue"
"Transcription By RNA Polymerase II (GO:0006366)","1/192",0.619794203522166,0.649180997654682,0,0,1.04230789571104,0.498606520241977,"RREB1","GO_Biological_Process_2023","blue"
"Protein Localization To Membrane (GO:0072657)","1/192",0.619794203522166,0.649180997654682,0,0,1.04230789571104,0.498606520241977,"DPP10","GO_Biological_Process_2023","blue"
"Regulation Of Cell Differentiation (GO:0045595)","1/193",0.621713652685644,0.650257177629604,0,0,1.0368265993266,0.492778443916668,"ZFHX3","GO_Biological_Process_2023","blue"
"DNA-templated Transcription (GO:0006351)","1/199",0.633030530285215,0.661145066730547,0,0,1.00510152025304,0.459569228815331,"RREB1","GO_Biological_Process_2023","blue"
"Regulation Of MAPK Cascade (GO:0043408)","1/204",0.642204728471937,0.669767163170304,0,0,0.98009653182067,0.434033920674657,"RET","GO_Biological_Process_2023","blue"
"Protein Stabilization (GO:0050821)","1/208",0.649380292571562,0.67628319040667,0,0,0.96096227980286,0.414882747801942,"EPHA4","GO_Biological_Process_2023","blue"
"Regulation Of Cell Growth (GO:0001558)","1/227",0.681565454039565,0.708442716865125,0,0,0.879324215607401,0.337100359049175,"NRG1","GO_Biological_Process_2023","blue"
"Cellular Response To Lipid (GO:0071396)","1/228",0.683175898430978,0.708442716865125,0,0,0.875406042806924,0.333532253769872,"RET","GO_Biological_Process_2023","blue"
"Chromatin Remodeling (GO:0006338)","1/228",0.683175898430978,0.708442716865125,0,0,0.875406042806924,0.333532253769872,"SATB1","GO_Biological_Process_2023","blue"
"Sensory Perception Of Smell (GO:0007608)","1/230",0.686372636337623,0.710746664616658,0,0,0.867672356755326,0.326535126775689,"DRD2","GO_Biological_Process_2023","blue"
"Negative Regulation Of Intracellular Signal Transduction (GO:1902532)","1/231",0.687959009576293,0.711378890753358,0,0,0.863855950812473,0.323104604801154,"DRD2","GO_Biological_Process_2023","blue"
"Positive Regulation Of Developmental Process (GO:0051094)","1/233",0.691107962443606,0.713622811078455,0,0,0.85632183908046,0.316376004340495,"RREB1","GO_Biological_Process_2023","blue"
"Positive Regulation Of GTPase Activity (GO:0043547)","1/234",0.692670620678898,0.714224727687294,0,0,0.852603286079681,0.313076512912352,"RGS6","GO_Biological_Process_2023","blue"
"Negative Regulation Of Apoptotic Process (GO:0043066)","2/482",0.698204949654375,0.718914418500055,0,0,0.825680272108844,0.296619523734893,"ERBB4;PRKCA","GO_Biological_Process_2023","blue"
"Positive Regulation Of Programmed Cell Death (GO:0043068)","1/245",0.709351740244625,0.72936166239539,0,0,0.81371087928465,0.279431381953944,"NRG1","GO_Biological_Process_2023","blue"
"Positive Regulation Of DNA-binding Transcription Factor Activity (GO:0051091)","1/246",0.710822997359591,0.729845021232594,0,0,0.810348381776953,0.276597695305975,"IL1RAP","GO_Biological_Process_2023","blue"
"Cytokine-Mediated Signaling Pathway (GO:0019221)","1/257",0.726528139341902,0.744921256793596,0,0,0.775094696969697,0.247625753183798,"IL1RAP","GO_Biological_Process_2023","blue"
"Negative Regulation Of Transcription By RNA Polymerase II (GO:0000122)","3/763",0.739887139174817,0.757552983789946,0,0,0.778893109061313,0.234647483525657,"ZFHX3;SATB1;RREB1","GO_Biological_Process_2023","blue"
"Chromatin Organization (GO:0006325)","1/268",0.741388401309585,0.757865886340073,0,0,0.742745810161541,0.222252298707315,"SATB1","GO_Biological_Process_2023","blue"
"Positive Regulation Of Intracellular Signal Transduction (GO:1902533)","2/525",0.742271938061471,0.757865886340073,0,0,0.75611659577789,0.225352695027355,"RET;NOS1AP","GO_Biological_Process_2023","blue"
"Positive Regulation Of Apoptotic Process (GO:0043065)","1/270",0.74400305104999,0.758570942958661,0,0,0.737148436033194,0.217982269640814,"NRG1","GO_Biological_Process_2023","blue"
"Plasma Membrane Bounded Cell Projection Assembly (GO:0120031)","1/275",0.750425733287746,0.76405078151783,0,0,0.723512497235125,0.207730993364859,"NTN1","GO_Biological_Process_2023","blue"
"Positive Regulation Of DNA-templated Transcription (GO:0045893)","5/1243",0.752188633965653,0.764777565078049,0,0,0.793384916248618,0.225930749640337,"RET;ZFHX3;ERBB4;RREB1;PBX1","GO_Biological_Process_2023","blue"
"Negative Regulation Of DNA-templated Transcription (GO:0045892)","4/1025",0.760221471526827,0.771868318583645,0,0,0.770445641527914,0.211214188862035,"ZFHX3;SATB1;NRG1;RREB1","GO_Biological_Process_2023","blue"
"Regulation Of Cell Cycle (GO:0051726)","1/298",0.777974552087712,0.788794782297555,0,0,0.666700676801687,0.167382848459339,"BRINP1","GO_Biological_Process_2023","blue"
"Supramolecular Fiber Organization (GO:0097435)","1/316",0.797415089775066,0.807382778397254,0,0,0.628026294692961,0.142172542660111,"TLL1","GO_Biological_Process_2023","blue"
"Positive Regulation Of Cytokine Production (GO:0001819)","1/320",0.801500844431429,0.810394057684482,0,0,0.620024698394604,0.137192402084256,"DRD2","GO_Biological_Process_2023","blue"
"Protein Modification By Small Protein Conjugation (GO:0032446)","1/364",0.841398644336136,0.849556248921112,0,0,0.54364582463756,0.0938820447069887,"HECW2","GO_Biological_Process_2023","blue"
"Positive Regulation Of Transcription By RNA Polymerase II (GO:0045944)","3/938",0.853820145281257,0.86049111206936,0,0,0.627322344120404,0.0991387047851618,"ZFHX3;RREB1;PBX1","GO_Biological_Process_2023","blue"
"Negative Regulation Of Programmed Cell Death (GO:0043069)","1/381",0.854589252590146,0.86049111206936,0,0,0.518872939925571,0.0815327527067876,"ERBB4","GO_Biological_Process_2023","blue"
"Regulation Of Apoptotic Process (GO:0042981)","2/705",0.872030598986579,0.87564158975959,0,0,0.557290910674369,0.0763102707863079,"ERBB4;NRG1","GO_Biological_Process_2023","blue"
"Cellular Response To Oxygen-Containing Compound (GO:1901701)","1/406",0.872038126427246,0.87564158975959,0,0,0.486220226960968,0.0665743106133628,"RET","GO_Biological_Process_2023","blue"
"Protein Ubiquitination (GO:0016567)","1/434",0.889128852651689,0.891574874254582,0,0,0.454125551123242,0.0533657071397892,"HECW2","GO_Biological_Process_2023","blue"
"Negative Regulation Of Nucleic Acid-Templated Transcription (GO:1903507)","1/456",0.900954262775652,0.902191837312432,0,0,0.431679431679432,0.0450245037640661,"NRG1","GO_Biological_Process_2023","blue"
"Regulation Of Transcription By RNA Polymerase II (GO:0006357)","6/2028",0.947654955387766,0.947654955387766,0,0,0.564366437275081,0.0303430565790846,"ZFHX3;SATB1;PBX3;RREB1;NTN1;PBX1","GO_Biological_Process_2023","blue"
"Axon guidance","8/180",3.38660673512008e-06,0.000328500853306647,0,0,9.9737108190091,125.625690843158,"ROBO2;EPHA4;DCC;PRKCA;SRGAP1;NTN1;PLXNA4;ROBO1","KEGG_2019_Mouse","blue"
"Dopaminergic synapse","6/135",5.9967616456674e-05,0.00290842939814869,0,0,9.78278080158337,95.1053175159777,"DDC;KCNJ6;PRKCA;DRD2;GRIA3;SLC6A3","KEGG_2019_Mouse","blue"
"Amphetamine addiction","4/68",0.000374898293077499,0.0121217114761725,0,0,12.9140625,101.877176689907,"DDC;PRKCA;SLC6A3;GRIA3","KEGG_2019_Mouse","blue"
"Retrograde endocannabinoid signaling","5/150",0.000943057893910248,0.0228691539273235,0,0,7.17059891107078,49.9531375212897,"RIMS1;GRM5;KCNJ6;PRKCA;GRIA3","KEGG_2019_Mouse","blue"
"Circadian entrainment","4/99",0.001539882179182,0.0288064407243754,0,0,8.68640350877193,56.2535779923345,"KCNJ6;NOS1AP;PRKCA;GRIA3","KEGG_2019_Mouse","blue"
"Cocaine addiction","3/48",0.00178184169429126,0.0288064407243754,0,0,13.6460481099656,86.3809554416349,"DDC;DRD2;SLC6A3","KEGG_2019_Mouse","blue"
"Synaptic vesicle cycle","3/77",0.0067890554235684,0.0940769108694478,0,0,8.28615213151296,41.3681460172482,"RIMS1;CPLX1;SLC6A3","KEGG_2019_Mouse","blue"
"ErbB signaling pathway","3/84",0.00862416910440388,0.0991200350104293,0,0,7.56739213440244,35.9692273171892,"ERBB4;NRG1;PRKCA","KEGG_2019_Mouse","blue"
"Gap junction","3/86",0.00919670427931818,0.0991200350104293,0,0,7.38430008694572,34.6243191824314,"GRM5;PRKCA;DRD2","KEGG_2019_Mouse","blue"
"Cholinergic synapse","3/113",0.0191074760635156,0.172432544986757,0,0,5.56419868791003,22.0212934005866,"KCNJ6;KCNQ3;PRKCA","KEGG_2019_Mouse","blue"
"Glutamatergic synapse","3/114",0.0195542061325189,0.172432544986757,0,0,5.51379214265812,21.6943728553258,"GRM5;PRKCA;GRIA3","KEGG_2019_Mouse","blue"
"Serotonergic synapse","3/132",0.0285811776295865,0.231031185839158,0,0,4.74011028530328,16.8511247836,"DDC;KCNJ6;PRKCA","KEGG_2019_Mouse","blue"
"Parkinson disease","3/144",0.035632562673451,0.259276152935865,0,0,4.33406448782628,14.4519179998029,"DRD2;SNCAIP;SLC6A3","KEGG_2019_Mouse","blue"
"Long-term depression","2/61",0.0374213004237331,0.259276152935865,0,0,6.86302317537184,22.5485670061795,"PRKCA;GRIA3","KEGG_2019_Mouse","blue"
"Long-term potentiation","2/67",0.0443537761760119,0.28682108593821,0,0,6.2276295133438,19.4025373950964,"GRM5;PRKCA","KEGG_2019_Mouse","blue"
"Transcriptional misregulation in cancer","3/183",0.0640527712862689,0.360267759630221,0,0,3.38831615120275,9.31125536856977,"PBX3;GRIA3;PBX1","KEGG_2019_Mouse","blue"
"Insulin secretion","2/86",0.0690235124413976,0.360267759630221,0,0,4.81438289601555,12.8703286595916,"PRKCA;KCNN3","KEGG_2019_Mouse","blue"
"Calcium signaling pathway","3/189",0.0691342274417198,0.360267759630221,0,0,3.27801795809777,8.75789807945467,"GRM5;ERBB4;PRKCA","KEGG_2019_Mouse","blue"
"GABAergic synapse","2/90",0.0746819496854828,0.360267759630221,0,0,4.59461966604824,11.9208181587653,"KCNJ6;PRKCA","KEGG_2019_Mouse","blue"
"Morphine addiction","2/92",0.0775653030615549,0.360267759630221,0,0,4.49206349206349,11.484567093173,"KCNJ6;PRKCA","KEGG_2019_Mouse","blue"
"Alcoholism","3/199",0.0779961129096355,0.360267759630221,0,0,3.10919419314117,7.93185376487499,"DDC;DRD2;SLC6A3","KEGG_2019_Mouse","blue"
"Other types of O-glycan biosynthesis","1/22",0.104464697819105,0.459473386525878,0,0,9.56180856180856,21.5992275397069,"ST6GAL2","KEGG_2019_Mouse","blue"
"Phenylalanine metabolism","1/23",0.108947297836033,0.459473386525878,0,0,9.1267217630854,20.2329475165344,"DDC","KEGG_2019_Mouse","blue"
"Mucin type O-glycan biosynthesis","1/28",0.131029255394866,0.495619664245709,0,0,7.43471754582866,15.1098341340557,"GALNTL6","KEGG_2019_Mouse","blue"
"Protein export","1/28",0.131029255394866,0.495619664245709,0,0,7.43471754582866,15.1098341340557,"IMMP2L","KEGG_2019_Mouse","blue"
"Inflammatory mediator regulation of TRP channels","2/127",0.132846507942149,0.495619664245709,0,0,3.22857142857143,6.5170680254594,"PRKCA;IL1RAP","KEGG_2019_Mouse","blue"
"Prion diseases","1/34",0.156813470025957,0.505327414826646,0,0,6.08111417202326,11.2664696999635,"NCAM1","KEGG_2019_Mouse","blue"
"Thyroid cancer","1/37",0.169420067180126,0.505327414826646,0,0,5.57351290684624,9.89507014564132,"RET","KEGG_2019_Mouse","blue"
"Phospholipase D signaling pathway","2/149",0.171013633267106,0.505327414826646,0,0,2.74232958489518,4.84298695199844,"GRM5;PRKCA","KEGG_2019_Mouse","blue"
"Aldosterone-regulated sodium reabsorption","1/38",0.173580657931626,0.505327414826646,0,0,5.42260442260442,9.49559255823113,"PRKCA","KEGG_2019_Mouse","blue"
"African trypanosomiasis","1/39",0.17772061456847,0.505327414826646,0,0,5.27963849016481,9.12080010262218,"PRKCA","KEGG_2019_Mouse","blue"
"Oxytocin signaling pathway","2/154",0.179932321463797,0.505327414826646,0,0,2.65145005370569,4.54769949538142,"KCNJ6;PRKCA","KEGG_2019_Mouse","blue"
"Tyrosine metabolism","1/40",0.181840038445641,0.505327414826646,0,0,5.14400414400414,8.76861291991989,"DDC","KEGG_2019_Mouse","blue"
"Nicotine addiction","1/40",0.181840038445641,0.505327414826646,0,0,5.14400414400414,8.76861291991989,"GRIA3","KEGG_2019_Mouse","blue"
"MAPK signaling pathway","3/294",0.1823346342158,0.505327414826646,0,0,2.08406844510575,3.54690032572311,"ERBB4;PRKCA;IL1RAP","KEGG_2019_Mouse","blue"
"Glycosphingolipid biosynthesis","1/45",0.202132677279174,0.544635269335553,0,0,4.55831037649219,7.28796784173202,"ST6GALNAC5","KEGG_2019_Mouse","blue"
"Cell adhesion molecules (CAMs)","2/170",0.208900201139448,0.546437359908927,0,0,2.39698736637512,3.75343927524843,"NRXN3;NCAM1","KEGG_2019_Mouse","blue"
"Tryptophan metabolism","1/48",0.214068244088033,0.546437359908927,0,0,4.26670964968837,6.57696403663591,"DDC","KEGG_2019_Mouse","blue"
"N-Glycan biosynthesis","1/50",0.221926911560385,0.551972062086086,0,0,4.09214594928881,6.16034588762116,"ST6GAL2","KEGG_2019_Mouse","blue"
"Endocrine and other factor-regulated calcium reabsorption","1/55",0.241234861655302,0.552702399732839,0,0,3.71230826786382,5.27884403782842,"PRKCA","KEGG_2019_Mouse","blue"
"Neuroactive ligand-receptor interaction","3/348",0.252566804141897,0.552702399732839,0,0,1.75302554908113,2.41230251125059,"GRM5;DRD2;GRIA3","KEGG_2019_Mouse","blue"
"VEGF signaling pathway","1/58",0.252591147960672,0.552702399732839,0,0,3.5163919900762,4.83849599837867,"PRKCA","KEGG_2019_Mouse","blue"
"Proteoglycans in cancer","2/203",0.269787257396922,0.552702399732839,0,0,2.00010153315057,2.62037615304045,"ERBB4;PRKCA","KEGG_2019_Mouse","blue"
"Central carbon metabolism in cancer","1/64",0.274801310842782,0.552702399732839,0,0,3.18053551386885,4.10831982313615,"RET","KEGG_2019_Mouse","blue"
"Rap1 signaling pathway","2/209",0.280904713771957,0.552702399732839,0,0,1.94153603470374,2.46524550660258,"PRKCA;DRD2","KEGG_2019_Mouse","blue"
"Non-small cell lung cancer","1/66",0.282058502576368,0.552702399732839,0,0,3.08236208236208,3.90116313048372,"PRKCA","KEGG_2019_Mouse","blue"
"cAMP signaling pathway","2/211",0.284608511779544,0.552702399732839,0,0,1.92276144907724,2.41622026619919,"DRD2;GRIA3","KEGG_2019_Mouse","blue"
"Fc epsilon RI signaling pathway","1/68",0.289243789255229,0.552702399732839,0,0,2.99004975124378,3.70911301693322,"PRKCA","KEGG_2019_Mouse","blue"
"Cortisol synthesis and secretion","1/69",0.29280968888067,0.552702399732839,0,0,2.94592988710636,3.61828655610275,"PBX1","KEGG_2019_Mouse","blue"
"Arrhythmogenic right ventricular cardiomyopathy (ARVC)","1/72",0.303401461859655,0.552702399732839,0,0,2.82102717313985,3.36463457832852,"SGCD","KEGG_2019_Mouse","blue"
"Thyroid hormone synthesis","1/73",0.306897033111884,0.552702399732839,0,0,2.78170594837262,3.28587063696556,"PRKCA","KEGG_2019_Mouse","blue"
"Gastric acid secretion","1/74",0.310375237892897,0.552702399732839,0,0,2.74346201743462,3.20977722405069,"PRKCA","KEGG_2019_Mouse","blue"
"Glioma","1/75",0.313836161648445,0.552702399732839,0,0,2.70625170625171,3.13623236372496,"PRKCA","KEGG_2019_Mouse","blue"
"Salivary secretion","1/78",0.324116094429913,0.552702399732839,0,0,2.60041978223796,2.92977207832515,"PRKCA","KEGG_2019_Mouse","blue"
"ECM-receptor interaction","1/83",0.340911546721369,0.552702399732839,0,0,2.44124168514412,2.62709885646942,"SV2C","KEGG_2019_Mouse","blue"
"Peroxisome","1/84",0.344220716526821,0.552702399732839,0,0,2.41170743580382,2.57201895784243,"PEX5L","KEGG_2019_Mouse","blue"
"Hypertrophic cardiomyopathy (HCM)","1/86",0.350789788685405,0.552702399732839,0,0,2.35472370766488,2.46673350535558,"SGCD","KEGG_2019_Mouse","blue"
"Viral myocarditis","1/87",0.354049852499014,0.552702399732839,0,0,2.3272257458304,2.41639933353241,"SGCD","KEGG_2019_Mouse","blue"
"Fc gamma R-mediated phagocytosis","1/87",0.354049852499014,0.552702399732839,0,0,2.3272257458304,2.41639933353241,"PRKCA","KEGG_2019_Mouse","blue"
"Colorectal cancer","1/88",0.357293708483398,0.552702399732839,0,0,2.30035992104958,2.36752381170365,"DCC","KEGG_2019_Mouse","blue"
"Dilated cardiomyopathy (DCM)","1/90",0.363733115678147,0.552702399732839,0,0,2.24843945068664,2.27392523969427,"SGCD","KEGG_2019_Mouse","blue"
"GnRH signaling pathway","1/90",0.363733115678147,0.552702399732839,0,0,2.24843945068664,2.27392523969427,"PRKCA","KEGG_2019_Mouse","blue"
"mRNA surveillance pathway","1/96",0.382670565880735,0.552702399732839,0,0,2.10579479000532,2.02278604662789,"MSI2","KEGG_2019_Mouse","blue"
"Phosphatidylinositol signaling system","1/98",0.388858196397513,0.552702399732839,0,0,2.06216807247735,1.94780133547852,"PRKCA","KEGG_2019_Mouse","blue"
"Choline metabolism in cancer","1/99",0.391928946523868,0.552702399732839,0,0,2.0410224695939,1.91177413897195,"PRKCA","KEGG_2019_Mouse","blue"
"Melanogenesis","1/100",0.394984420817951,0.552702399732839,0,0,2.02030405060708,1.87667852610055,"PRKCA","KEGG_2019_Mouse","blue"
"AGE-RAGE signaling pathway in diabetic complications","1/101",0.398024694482133,0.552702399732839,0,0,2,1.84248245836996,"PRKCA","KEGG_2019_Mouse","blue"
"Aldosterone synthesis and secretion","1/102",0.401049842395342,0.552702399732839,0,0,1.98009800980098,1.80915528558786,"PRKCA","KEGG_2019_Mouse","blue"
"Th17 cell differentiation","1/102",0.401049842395342,0.552702399732839,0,0,1.98009800980098,1.80915528558786,"IL1RAP","KEGG_2019_Mouse","blue"
"HIF-1 signaling pathway","1/104",0.407055058636552,0.552702399732839,0,0,1.94145336863783,1.74499153520703,"PRKCA","KEGG_2019_Mouse","blue"
"Pancreatic secretion","1/105",0.410035274847405,0.552702399732839,0,0,1.92268842268842,1.71409996792236,"PRKCA","KEGG_2019_Mouse","blue"
"Amoebiasis","1/106",0.413000661133786,0.552702399732839,0,0,1.9042809042809,1.68396719161278,"PRKCA","KEGG_2019_Mouse","blue"
"Parathyroid hormone synthesis, secretion and action","1/107",0.41595129052059,0.552702399732839,0,0,1.88622069754145,1.65456849319568,"PRKCA","KEGG_2019_Mouse","blue"
"Thyroid hormone signaling pathway","1/115",0.439033727758999,0.567816954568306,0,0,1.7531454899876,1.44315262186649,"PRKCA","KEGG_2019_Mouse","blue"
"Leukocyte transendothelial migration","1/115",0.439033727758999,0.567816954568306,0,0,1.7531454899876,1.44315262186649,"PRKCA","KEGG_2019_Mouse","blue"
"Natural killer cell mediated cytotoxicity","1/118",0.447454800068397,0.571093626403085,0,0,1.70793404126737,1.37348597340122,"PRKCA","KEGG_2019_Mouse","blue"
"Sphingolipid signaling pathway","1/124",0.463923277206856,0.584422829728118,0,0,1.62412745339575,1.2473885010387,"PRKCA","KEGG_2019_Mouse","blue"
"Relaxin signaling pathway","1/131",0.482523156606063,0.59797097576109,0,0,1.53613053613054,1.11941882389327,"PRKCA","KEGG_2019_Mouse","blue"
"Estrogen signaling pathway","1/134",0.490297600070642,0.59797097576109,0,0,1.50125313283208,1.07000724904239,"KCNJ6","KEGG_2019_Mouse","blue"
"Signaling pathways regulating pluripotency of stem cells","1/137",0.497956392525298,0.59797097576109,0,0,1.46791443850267,1.02349273069514,"ZFHX3","KEGG_2019_Mouse","blue"
"Pathways in cancer","3/535",0.502893268361744,0.59797097576109,0,0,1.12595922796682,0.773958838275883,"RET;DCC;PRKCA","KEGG_2019_Mouse","blue"
"Vascular smooth muscle contraction","1/140",0.505501237241334,0.59797097576109,0,0,1.43601482450403,0.979656196045578,"PRKCA","KEGG_2019_Mouse","blue"
"Adrenergic signaling in cardiomyocytes","1/148",0.525076432202193,0.613643541248346,0,0,1.35731464302893,0.874397623216168,"PRKCA","KEGG_2019_Mouse","blue"
"PI3K-Akt signaling pathway","2/357",0.535383524596221,0.615382302326767,0,0,1.12359873526876,0.701992939715793,"ERBB4;PRKCA","KEGG_2019_Mouse","blue"
"mTOR signaling pathway","1/154",0.539252532966754,0.615382302326767,0,0,1.30369049976893,0.805121832204194,"PRKCA","KEGG_2019_Mouse","blue"
"Cushing syndrome","1/159",0.550745324592532,0.616573913726667,0,0,1.26211481907684,0.75282975911799,"PBX1","KEGG_2019_Mouse","blue"
"Wnt signaling pathway","1/160",0.553009592723917,0.616573913726667,0,0,1.25411346166063,0.742911645774827,"PRKCA","KEGG_2019_Mouse","blue"
"Hepatitis B","1/163",0.559734829149778,0.61698043667646,0,0,1.23070208255393,0.714166728910465,"PRKCA","KEGG_2019_Mouse","blue"
"Influenza A","1/168",0.570721645453221,0.622022467516432,0,0,1.19355228936067,0.669408186906394,"PRKCA","KEGG_2019_Mouse","blue"
"Hepatocellular carcinoma","1/171",0.577182984911913,0.622074994849507,0,0,1.17231134878194,0.644297547374328,"PRKCA","KEGG_2019_Mouse","blue"
"Huntington disease","1/192",0.619794203522166,0.660659755402748,0,0,1.04230789571104,0.498606520241977,"GRM5","KEGG_2019_Mouse","blue"
"Focal adhesion","1/199",0.633030530285215,0.667434363452889,0,0,1.00510152025304,0.459569228815331,"PRKCA","KEGG_2019_Mouse","blue"
"Ras signaling pathway","1/233",0.691107962443606,0.720833036097095,0,0,0.85632183908046,0.316376004340495,"PRKCA","KEGG_2019_Mouse","blue"
"Human immunodeficiency virus 1 infection","1/238",0.698843373301633,0.721146885215515,0,0,0.83804287601756,0.300294759320438,"PRKCA","KEGG_2019_Mouse","blue"
"Human cytomegalovirus infection","1/255",0.723736859618685,0.738973425084341,0,0,0.781277340332458,0.252608375993645,"PRKCA","KEGG_2019_Mouse","blue"
"MicroRNAs in cancer","1/281",0.757922669215417,0.765817697019744,0,0,0.707792207792208,0.196181539398202,"PRKCA","KEGG_2019_Mouse","blue"
"Cytokine-cytokine receptor interaction","1/292",0.771092573236891,0.771092573236891,0,0,0.680655350758444,0.176934209993707,"IL1RAP","KEGG_2019_Mouse","blue"
"Cytoplasmic Translation (GO:0002181)","16/93",1.21142233498051e-20,9.76406401994289e-18,0,0,49.0364873222016,2248.80873384285,"RPL41;RPL32;RPL21;RPS8;RPSA;RPL8;RPL14;RPS3;RPL24;RPL26;FAU;RPL18;RPS27A;RPL28;RPS24;RPL19","GO_Biological_Process_2023","brown"
"Peptide Biosynthetic Process (GO:0043043)","17/158",2.8593455897754e-18,1.15231627267949e-15,0,0,28.7022985559258,1159.45629846792,"RPL41;RPL32;RPL21;RPS8;RPSA;RPL8;EEF1A1;RPS3;RPL14;RPL24;RPL26;FAU;RPS27A;RPL18;RPL28;RPS24;RPL19","GO_Biological_Process_2023","brown"
"Macromolecule Biosynthetic Process (GO:0009059)","17/183",3.5689944270292e-17,9.58869836061846e-15,0,0,24.3488169545652,922.130182795853,"RPL41;RPL32;RPL21;RPS8;RPSA;RPL8;EEF1A1;RPS3;RPL14;RPL24;RPL26;FAU;RPS27A;RPL18;RPL28;RPS24;RPL19","GO_Biological_Process_2023","brown"
"Translation (GO:0006412)","17/234",2.26113250204886e-15,4.55618199162845e-13,0,0,18.578146688135,626.50917987836,"RPL41;RPL32;RPL21;RPS8;RPSA;RPL8;EEF1A1;RPS3;RPL14;RPL24;RPL26;FAU;RPS27A;RPL18;RPL28;RPS24;RPL19","GO_Biological_Process_2023","brown"
"Gene Expression (GO:0010467)","17/296",1.09175995116472e-13,1.75991704127754e-11,0,0,14.4041542514143,429.903725622086,"RPL41;RPL32;RPL21;RPS8;RPSA;RPL8;EEF1A1;RPS3;RPL14;RPL24;RPL26;FAU;RPS27A;RPL18;RPL28;RPS24;RPL19","GO_Biological_Process_2023","brown"
"Cellular Respiration (GO:0045333)","11/85",4.36098257808631e-13,5.85825326322927e-11,0,0,33.1135742484057,942.442417222787,"COX8A;NDUFB7;NDUFA11;NDUFA4;UQCRQ;NDUFC2;COX7A2;UQCR11;COX6C;COX5A;COX6B1","GO_Biological_Process_2023","brown"
"Energy Derivation By Oxidation Of Organic Compounds (GO:0015980)","9/43",6.62173282498147e-13,7.62445236705009e-11,0,0,57.7873303167421,1620.54449988953,"COX8A;NDUFA4;UQCRQ;COX7A2;UQCR11;COX6C;COX5A;MT3;COX6B1","GO_Biological_Process_2023","brown"
"Aerobic Electron Transport Chain (GO:0019646)","10/68",1.40854496142188e-12,1.41910904863254e-10,0,0,38.0114942528736,1037.27528819568,"COX8A;NDUFB7;NDUFA4;UQCRQ;NDUFC2;COX7A2;UQCR11;COX6C;COX5A;COX6B1","GO_Biological_Process_2023","brown"
"Mitochondrial ATP Synthesis Coupled Electron Transport (GO:0042775)","10/70",1.90613341737003e-12,1.70704837155583e-10,0,0,36.7407407407407,991.483583704072,"COX8A;NDUFB7;NDUFA4;UQCRQ;NDUFC2;COX7A2;UQCR11;COX6C;COX5A;COX6B1","GO_Biological_Process_2023","brown"
"Mitochondrial Electron Transport, Cytochrome C To Oxygen (GO:0006123)","6/16",1.03194016955378e-10,8.31743776660347e-09,0,0,126.957446808511,2919.31161491252,"COX8A;NDUFA4;COX7A2;COX6C;COX5A;COX6B1","GO_Biological_Process_2023","brown"
"Positive Regulation Of Protein Dephosphorylation (GO:0035307)","6/33",1.3327605124336e-08,9.76549975474076e-07,0,0,46.9810874704492,851.928184835787,"HSP90AB1;CALM3;DYNLL1;CALM1;CALM2;PPIA","GO_Biological_Process_2023","brown"
"Substantia Nigra Development (GO:0021762)","6/42",6.08752485044758e-08,4.08878752455062e-06,0,0,35.2198581560284,585.1581910271,"CALM3;DYNLL1;CALM1;CALM2;YWHAH;COX6B1","GO_Biological_Process_2023","brown"
"Positive Regulation Of Dephosphorylation (GO:0035306)","5/29",3.04971982817141e-07,1.89082629346627e-05,0,0,43.5877192982456,653.948554361597,"CALM3;DYNLL1;CALM1;CALM2;PPIA","GO_Biological_Process_2023","brown"
"Regulation Of Protein Dephosphorylation (GO:0035304)","5/40",1.61784357056159e-06,9.16626647671148e-05,0,0,29.8721804511278,398.328093650392,"CALM3;DYNLL1;CALM1;CALM2;PPIA","GO_Biological_Process_2023","brown"
"Positive Regulation Of Phosphoprotein Phosphatase Activity (GO:0032516)","4/18",1.70588085794879e-06,9.16626647671148e-05,0,0,59.1845238095238,786.055047821626,"HSP90AB1;CALM3;CALM1;CALM2","GO_Biological_Process_2023","brown"
"Positive Regulation Of Phosphatase Activity (GO:0010922)","4/22",4.01581434035079e-06,0.000198348594312376,0,0,46.0231481481481,571.850060705401,"HSP90AB1;CALM3;CALM1;CALM2","GO_Biological_Process_2023","brown"
"Positive Regulation Of Ryanodine-Sensitive Calcium-Release Channel Activity (GO:0060316)","3/7",4.18353114554638e-06,0.000198348594312376,0,0,153.835051546392,1905.14787385413,"CALM3;CALM1;CALM2","GO_Biological_Process_2023","brown"
"Glycolytic Process (GO:0006096)","4/29",1.26933951089874e-05,0.00056838202543577,0,0,33.125,373.465453004315,"TPI1;PKM;PGAM1;ALDOC","GO_Biological_Process_2023","brown"
"Regulation Of Cell Communication By Electrical Coupling (GO:0010649)","3/12",2.58226944038973e-05,0.00109542587839691,0,0,68.3539518900344,722.108702744365,"CALM3;CALM1;CALM2","GO_Biological_Process_2023","brown"
"Regulation Of Phosphoprotein Phosphatase Activity (GO:0043666)","4/37",3.42307648755364e-05,0.00137949982448412,0,0,25.084595959596,257.929492302622,"HSP90AB1;CALM3;CALM1;CALM2","GO_Biological_Process_2023","brown"
"Positive Regulation Of Cation Channel Activity (GO:2001259)","4/38",3.81116028676401e-05,0.00146275961482466,0,0,24.3455882352941,247.716160294751,"TMSB4X;CALM3;CALM1;CALM2","GO_Biological_Process_2023","brown"
"Negative Regulation Of Peptidyl-Threonine Phosphorylation (GO:0010801)","3/14",4.24153224447596e-05,0.00155394317683983,0,0,55.9203373945642,563.006006243408,"CALM3;CALM1;CALM2","GO_Biological_Process_2023","brown"
"Carbohydrate Catabolic Process (GO:0016052)","4/41",5.16895019369385e-05,0.00181137993744228,0,0,22.3682432432432,220.780283823849,"TPI1;PKM;PGAM1;ALDOC","GO_Biological_Process_2023","brown"
"Regulation Of Cardiac Muscle Contraction By Regulation Of The Release Of Sequestered Calcium Ion (GO:0010881)","3/16",6.4781775896681e-05,0.00217558797386354,0,0,47.3124504361618,456.304276754387,"CALM3;CALM1;CALM2","GO_Biological_Process_2023","brown"
"Synaptic Vesicle Recycling (GO:0036465)","4/44",6.84975876903426e-05,0.00220836222713665,0,0,20.6875,198.366480110604,"RAB3A;SNCG;SNCB;VAMP2","GO_Biological_Process_2023","brown"
"Pyruvate Metabolic Process (GO:0006090)","4/50",0.000113567209069975,0.00352058348116923,0,0,17.9836956521739,163.347989147706,"TPI1;PKM;PGAM1;ALDOC","GO_Biological_Process_2023","brown"
"Regulation Of Cardiac Muscle Contraction By Calcium Ion Signaling (GO:0010882)","3/20",0.00012997496316054,0.00387999334471835,0,0,36.1728320194057,323.680603886026,"CALM3;CALM1;CALM2","GO_Biological_Process_2023","brown"
"Regulation Of Release Of Sequestered Calcium Ion Into Cytosol By Sarcoplasmic Reticulum (GO:0010880)","3/22",0.000174309995477304,0.00484461573636921,0,0,32.3619099294628,280.081821254999,"CALM3;CALM1;CALM2","GO_Biological_Process_2023","brown"
"Positive Regulation Of Protein Autophosphorylation (GO:0031954)","3/22",0.000174309995477304,0.00484461573636921,0,0,32.3619099294628,280.081821254999,"CALM3;CALM1;CALM2","GO_Biological_Process_2023","brown"
"Aerobic Respiration (GO:0009060)","4/59",0.000216842579171967,0.00555496196078379,0,0,15.0340909090909,126.832686102133,"NDUFB7;NDUFA11;NDUFC2;CHCHD10","GO_Biological_Process_2023","brown"
"Regulation Of Ryanodine-Sensitive Calcium-Release Channel Activity (GO:0060314)","3/24",0.000227436407823654,0.00555496196078379,0,0,29.2768777614138,245.593184488819,"CALM3;CALM1;CALM2","GO_Biological_Process_2023","brown"
"Positive Regulation Of Peptidyl-Threonine Phosphorylation (GO:0010800)","3/24",0.000227436407823654,0.00555496196078379,0,0,29.2768777614138,245.593184488819,"CALM3;CALM1;CALM2","GO_Biological_Process_2023","brown"
"Natural Killer Cell Mediated Cytotoxicity (GO:0042267)","3/24",0.000227436407823654,0.00555496196078379,0,0,29.2768777614138,245.593184488819,"TUBB2A;TUBB4B;VAMP2","GO_Biological_Process_2023","brown"
"Positive Regulation Of Intrinsic Apoptotic Signaling Pathway By P53 Class Mediator (GO:1902255)","2/5",0.000245087170998512,0.00581000764190591,0,0,135.353741496599,1125.31701267514,"UBB;RPL26","GO_Biological_Process_2023","brown"
"Oxidative Phosphorylation (GO:0006119)","4/63",0.000279497344115111,0.00643642455305084,0,0,14.0120056497175,114.653485189727,"NDUFB7;NDUFA11;NDUFC2;CHCHD10","GO_Biological_Process_2023","brown"
"Positive Regulation Of Calcium Ion Transmembrane Transporter Activity (GO:1901021)","3/27",0.000325124352919345,0.00727917301258311,0,0,25.6134020618557,205.708988323138,"CALM3;CALM1;CALM2","GO_Biological_Process_2023","brown"
"Regulation Of Striated Muscle Contraction (GO:0006942)","3/29",0.000403221018968546,0.00878367949428779,0,0,23.6407613005551,184.776798180826,"CALM3;CALM1;CALM2","GO_Biological_Process_2023","brown"
"Negative Regulation Of Calcium Ion Transmembrane Transporter Activity (GO:1901020)","3/30",0.00044640250260442,0.00946843202892533,0,0,22.7640320733104,175.608334527758,"CALM3;CALM1;CALM2","GO_Biological_Process_2023","brown"
"Regulation Of Protein Autophosphorylation (GO:0031952)","3/31",0.000492443679830411,0.00981271952531218,0,0,21.9499263622975,167.173502753114,"CALM3;CALM1;CALM2","GO_Biological_Process_2023","brown"
"Presynaptic Endocytosis (GO:0140238)","3/31",0.000492443679830411,0.00981271952531218,0,0,21.9499263622975,167.173502753114,"SNCG;SNCB;VAMP2","GO_Biological_Process_2023","brown"
"Regulation Of Cyclic-Nucleotide Phosphodiesterase Activity (GO:0051342)","2/7",0.00051133277923463,0.00981271952531218,0,0,81.2040816326531,615.404316417306,"CALM3;CALM2","GO_Biological_Process_2023","brown"
"Fructose Metabolic Process (GO:0006000)","2/7",0.00051133277923463,0.00981271952531218,0,0,81.2040816326531,615.404316417306,"ALDOC;ALDOA","GO_Biological_Process_2023","brown"
"Gluconeogenesis (GO:0006094)","3/32",0.000541421069107827,0.0101484972488583,0,0,21.1919658727337,159.391414042061,"TPI1;MDH1;PGAM1","GO_Biological_Process_2023","brown"
"Positive Regulation Of Release Of Sequestered Calcium Ion Into Cytosol (GO:0051281)","3/33",0.000593409864284098,0.0108701897866587,0,0,20.4845360824742,152.192426040013,"CALM3;CALM1;CALM2","GO_Biological_Process_2023","brown"
"Mitochondrial Electron Transport, NADH To Ubiquinone (GO:0006120)","3/34",0.000648483947959066,0.0113625665664132,0,0,19.8227469238444,145.516273766311,"NDUFB7;NDUFA4;NDUFC2","GO_Biological_Process_2023","brown"
"Negative Regulation Of Ras Protein Signal Transduction (GO:0046580)","3/34",0.000648483947959066,0.0113625665664132,0,0,19.8227469238444,145.516273766311,"STMN1;STMN3;DYNLL1","GO_Biological_Process_2023","brown"
"Sequestering Of Actin Monomers (GO:0042989)","2/8",0.000679555166686154,0.0113922603802541,0,0,67.6666666666667,493.565548173325,"TMSB4X;TMSB10","GO_Biological_Process_2023","brown"
"Modification-Dependent Macromolecule Catabolic Process (GO:0043632)","2/8",0.000679555166686154,0.0113922603802541,0,0,67.6666666666667,493.565548173325,"UBB;RPS27A","GO_Biological_Process_2023","brown"
"Hexose Biosynthetic Process (GO:0019319)","3/35",0.000706715904482267,0.0113922603802541,0,0,19.2023195876289,139.310558994682,"TPI1;MDH1;PGAM1","GO_Biological_Process_2023","brown"
"Regulation Of Cardiac Muscle Contraction (GO:0055117)","3/35",0.000706715904482267,0.0113922603802541,0,0,19.2023195876289,139.310558994682,"CALM3;CALM1;CALM2","GO_Biological_Process_2023","brown"
"Regulation Of Peptidyl-Threonine Phosphorylation (GO:0010799)","3/36",0.000768177033599937,0.0121402095898343,0,0,18.6194939081537,133.529520677171,"CALM3;CALM1;CALM2","GO_Biological_Process_2023","brown"
"Regulation Of High Voltage-Gated Calcium Channel Activity (GO:1901841)","2/9",0.000870867194754317,0.0134984415186919,0,0,57.997084548105,408.648679561366,"CALM3;CALM1","GO_Biological_Process_2023","brown"
"Positive Regulation Of Protein Modification Process (GO:0031401)","6/225",0.000938075144495306,0.0142658220087399,0,0,5.73622850480909,39.9911524149074,"CALM3;CALM1;DYNLL1;PPIA;MT3;CALM2","GO_Biological_Process_2023","brown"
"Synaptic Vesicle Endocytosis (GO:0048488)","3/40",0.00104769503107265,0.0156168029823778,0,0,16.6032320980775,113.917477373754,"SNCG;SNCB;VAMP2","GO_Biological_Process_2023","brown"
"Removal Of Superoxide Radicals (GO:0019430)","2/10",0.00108503842061186,0.0156168029823778,0,0,50.7448979591837,346.391771762865,"PRDX2;MT3","GO_Biological_Process_2023","brown"
"Maintenance Of Synapse Structure (GO:0099558)","2/10",0.00108503842061186,0.0156168029823778,0,0,50.7448979591837,346.391771762865,"RAB3A;CHCHD10","GO_Biological_Process_2023","brown"
"Negative Regulation Of Release Of Sequestered Calcium Ion Into Cytosol (GO:0051280)","2/11",0.0013218400851343,0.0171839211067459,0,0,45.1043083900227,298.984305122014,"CALM3;CALM2","GO_Biological_Process_2023","brown"
"Negative Regulation Of Ryanodine-Sensitive Calcium-Release Channel Activity (GO:0060315)","2/11",0.0013218400851343,0.0171839211067459,0,0,45.1043083900227,298.984305122014,"CALM3;CALM2","GO_Biological_Process_2023","brown"
"Cellular Response To Nitrogen Levels (GO:0043562)","2/11",0.0013218400851343,0.0171839211067459,0,0,45.1043083900227,298.984305122014,"GABARAPL2;MAP1LC3A","GO_Biological_Process_2023","brown"
"Cellular Response To Nitrogen Starvation (GO:0006995)","2/11",0.0013218400851343,0.0171839211067459,0,0,45.1043083900227,298.984305122014,"GABARAPL2;MAP1LC3A","GO_Biological_Process_2023","brown"
"Cellular Response To Superoxide (GO:0071451)","2/11",0.0013218400851343,0.0171839211067459,0,0,45.1043083900227,298.984305122014,"PRDX2;MT3","GO_Biological_Process_2023","brown"
"Regulation Of Cell Communication By Electrical Coupling Involved In Cardiac Conduction (GO:1901844)","2/11",0.0013218400851343,0.0171839211067459,0,0,45.1043083900227,298.984305122014,"CALM3;CALM2","GO_Biological_Process_2023","brown"
"Detection Of Calcium Ion (GO:0005513)","2/12",0.00158104510229119,0.0199112867569797,0,0,40.5918367346939,261.803918893847,"CALM3;CALM2","GO_Biological_Process_2023","brown"
"Mitochondrial Electron Transport, Ubiquinol To Cytochrome C (GO:0006122)","2/12",0.00158104510229119,0.0199112867569797,0,0,40.5918367346939,261.803918893847,"UQCRQ;UQCR11","GO_Biological_Process_2023","brown"
"Regulation Of Release Of Sequestered Calcium Ion Into Cytosol (GO:0051279)","3/51",0.00212229630435684,0.0263164741740248,0,0,12.7912371134021,78.733346844315,"CALM3;CALM1;CALM2","GO_Biological_Process_2023","brown"
"Positive Regulation Of Cysteine-Type Endopeptidase Activity Involved In Apoptotic Process (GO:0043280)","4/109",0.00219090583353209,0.0267556076034374,0,0,7.85515873015873,48.1005947303534,"BEX3;RPS3;NLRC4;DYNLL1","GO_Biological_Process_2023","brown"
"NADH Dehydrogenase Complex Assembly (GO:0010257)","3/53",0.00237020480089914,0.0272912152789244,0,0,12.2783505154639,74.219914290735,"NDUFB7;NDUFA11;NDUFC2","GO_Biological_Process_2023","brown"
"Regulation Of Proteasomal Protein Catabolic Process (GO:0061136)","3/53",0.00237020480089914,0.0272912152789244,0,0,12.2783505154639,74.219914290735,"GABARAPL2;HSP90AB1;UBB","GO_Biological_Process_2023","brown"
"Proton Motive Force-Driven Mitochondrial ATP Synthesis (GO:0042776)","3/53",0.00237020480089914,0.0272912152789244,0,0,12.2783505154639,74.219914290735,"NDUFB7;NDUFA11;NDUFC2","GO_Biological_Process_2023","brown"
"Mitochondrial Respiratory Chain Complex I Assembly (GO:0032981)","3/53",0.00237020480089914,0.0272912152789244,0,0,12.2783505154639,74.219914290735,"NDUFB7;NDUFA11;NDUFC2","GO_Biological_Process_2023","brown"
"Regulation Of Protein Serine/Threonine Kinase Activity (GO:0071900)","4/112",0.00241823548284816,0.0274520816785298,0,0,7.6358024691358,46.0035500446402,"CALM3;CALM1;CALM2;ACTB","GO_Biological_Process_2023","brown"
"Regulation Of Intrinsic Apoptotic Signaling Pathway In Response To DNA Damage (GO:1902229)","2/15",0.00249083430520832,0.0276093071741675,0,0,31.2197802197802,187.166877082159,"RPS3;TPT1","GO_Biological_Process_2023","brown"
"Negative Regulation Of Protein Catabolic Process (GO:0042177)","3/54",0.002500594818504,0.0276093071741675,0,0,12.0369921164342,72.1163479298262,"CST3;GABARAPL2;HSP90AB1","GO_Biological_Process_2023","brown"
"Regulation Of Cation Channel Activity (GO:2001257)","3/56",0.00277449269216819,0.0302194744579401,0,0,11.5815989107178,68.1842009003188,"CALM1;CALM2;VAMP2","GO_Biological_Process_2023","brown"
"Cellular Response To Oxidative Stress (GO:0034599)","4/117",0.00283235163750651,0.03043833893107,0,0,7.29609144542773,42.8035998853789,"PRDX2;RPS3;PPIA;MT3","GO_Biological_Process_2023","brown"
"Ribonucleoprotein Complex Biogenesis (GO:0022613)","4/118",0.00292063617209589,0.0309741151935433,0,0,7.23172514619883,42.2040139869092,"RPS8;RPL14;RPL26;RPS24","GO_Biological_Process_2023","brown"
"Regulation Of Neuron Death (GO:1901214)","3/58",0.00306619730639825,0.0320294640856229,0,0,11.1593252108716,64.5825541481917,"UBB;SNCG;SNCB","GO_Biological_Process_2023","brown"
"Positive Regulation By Host Of Viral Process (GO:0044794)","2/17",0.00320528834894988,0.0320294640856229,0,0,27.0544217687075,155.372278725068,"EEF1A1;CFL1","GO_Biological_Process_2023","brown"
"Microtubule Depolymerization (GO:0007019)","2/17",0.00320528834894988,0.0320294640856229,0,0,27.0544217687075,155.372278725068,"STMN1;STMN3","GO_Biological_Process_2023","brown"
"Negative Regulation Of Rho Protein Signal Transduction (GO:0035024)","2/17",0.00320528834894988,0.0320294640856229,0,0,27.0544217687075,155.372278725068,"STMN1;DYNLL1","GO_Biological_Process_2023","brown"
"Glucose Metabolic Process (GO:0006006)","3/59",0.00321884192423753,0.0320294640856229,0,0,10.959499263623,62.8936470466217,"TPI1;MDH1;PGAM1","GO_Biological_Process_2023","brown"
"Proton Motive Force-Driven ATP Synthesis (GO:0015986)","3/60",0.00337607395601961,0.0331843366896562,0,0,10.7666847531199,61.2736529352707,"NDUFB7;NDUFA11;NDUFC2","GO_Biological_Process_2023","brown"
"Regulation Of Mitochondrial Outer Membrane Permeabilization Involved In Apoptotic Signaling Pathway (GO:1901028)","2/18",0.00359423711737408,0.0344875609119465,0,0,25.3622448979592,142.749455625051,"CHCHD10;SLC25A4","GO_Biological_Process_2023","brown"
"Vesicle-Mediated Transport In Synapse (GO:0099003)","2/18",0.00359423711737408,0.0344875609119465,0,0,25.3622448979592,142.749455625051,"RAB3A;VAMP2","GO_Biological_Process_2023","brown"
"Response To Metal Ion (GO:0010038)","3/64",0.00405172498955602,0.0384198863715547,0,0,10.0586445834038,55.4091759409798,"CALM3;CALM1;CALM2","GO_Biological_Process_2023","brown"
"Activation Of Cysteine-Type Endopeptidase Activity Involved In Apoptotic Process (GO:0006919)","3/67",0.00460865008263432,0.0431926972860844,0,0,9.58569587628866,51.5693211554,"BEX3;NLRC4;DYNLL1","GO_Biological_Process_2023","brown"
"Regulation Of Heart Contraction (GO:0008016)","3/69",0.00500440096029744,0.0463626111953993,0,0,9.29428303655108,49.2358840662501,"CALM3;CALM1;CALM2","GO_Biological_Process_2023","brown"
"Supramolecular Fiber Organization (GO:0097435)","6/316",0.00510901851788735,0.0467939650615592,0,0,4.03363074811256,21.2844528379455,"CST3;HSP90AB1;STMN1;STMN3;TAGLN3;ALDOA","GO_Biological_Process_2023","brown"
"Cytoskeleton-Dependent Intracellular Transport (GO:0030705)","2/22",0.00535649695773258,0.0479704060881385,0,0,20.2857142857143,106.083028567318,"TUBA1B;TUBB2A","GO_Biological_Process_2023","brown"
"Natural Killer Cell Mediated Immunity (GO:0002228)","2/22",0.00535649695773258,0.0479704060881385,0,0,20.2857142857143,106.083028567318,"TUBB2A;TUBB4B","GO_Biological_Process_2023","brown"
"Negative Regulation Of Actin Filament Polymerization (GO:0030837)","2/23",0.00584761959206228,0.051793202101123,0,0,19.3187560738581,99.3316462237063,"TMSB4X;TMSB10","GO_Biological_Process_2023","brown"
"Positive Regulation Of Protein Kinase Activity (GO:0045860)","4/145",0.00607059643117075,0.0531837035165611,0,0,5.83894799054374,29.8037330019864,"HSP90AB1;CALM3;CALM1;CALM2","GO_Biological_Process_2023","brown"
"Regulation Of Stress Fiber Assembly (GO:0051492)","3/75",0.00631213688567951,0.0545211614125036,0,0,8.51718213058419,43.1419208970586,"STMN1;DYNLL1;ACTG1","GO_Biological_Process_2023","brown"
"Regulation Of Cysteine-Type Endopeptidase Activity (GO:2000116)","2/24",0.00635854736076345,0.0545211614125036,0,0,18.4397031539889,93.2671948534304,"CST3;MT3","GO_Biological_Process_2023","brown"
"Negative Regulation Of Protein Phosphorylation (GO:0001933)","4/149",0.0066747485612657,0.0566299720040016,0,0,5.67672413793103,28.4371166854251,"CALM3;CALM1;PPIA;CALM2","GO_Biological_Process_2023","brown"
"Negative Regulation Of Proteolysis Involved In Protein Catabolic Process (GO:1903051)","2/25",0.00688907400282997,0.0566591188396016,0,0,17.6370896184561,87.7942327571282,"GABARAPL2;HSP90AB1","GO_Biological_Process_2023","brown"
"Activation Of Protein Kinase B Activity (GO:0032148)","2/25",0.00688907400282997,0.0566591188396016,0,0,17.6370896184561,87.7942327571282,"MT3;PPIA","GO_Biological_Process_2023","brown"
"Negative Regulation Of Stress Fiber Assembly (GO:0051497)","2/25",0.00688907400282997,0.0566591188396016,0,0,17.6370896184561,87.7942327571282,"STMN1;DYNLL1","GO_Biological_Process_2023","brown"
"Positive Regulation Of NF-kappaB Transcription Factor Activity (GO:0051092)","4/152",0.00715315286742312,0.0582367799105357,0,0,5.56081081081081,27.4715290172323,"TRAF5;RPS3;NLRC4;PPIA","GO_Biological_Process_2023","brown"
"Calcium-Ion Regulated Exocytosis (GO:0017156)","2/26",0.0074389947886241,0.0599582979963103,0,0,16.9013605442177,82.8338984204336,"RAB3A;VAMP2","GO_Biological_Process_2023","brown"
"Regulation Of Cytokinesis (GO:0032465)","3/80",0.00754367358989859,0.0602000090441412,0,0,7.96211005489356,38.9111981120306,"CALM3;CALM1;CALM2","GO_Biological_Process_2023","brown"
"Ribosome Biogenesis (GO:0042254)","4/155",0.00765370569167659,0.0604792822303072,0,0,5.44950331125828,26.553060978024,"RPS8;RPL14;RPL26;RPS24","GO_Biological_Process_2023","brown"
"Regulation Of Microtubule Polymerization Or Depolymerization (GO:0031110)","2/27",0.00800810651058956,0.0620628254570691,0,0,16.2244897959184,78.3204947866311,"STMN1;STMN3","GO_Biological_Process_2023","brown"
"Microtubule Polymerization Or Depolymerization (GO:0031109)","2/27",0.00800810651058956,0.0620628254570691,0,0,16.2244897959184,78.3204947866311,"STMN1;STMN3","GO_Biological_Process_2023","brown"
"Regulation Of Cell Division (GO:0051302)","3/83",0.00834600734283341,0.0631916390740866,0,0,7.66237113402062,36.6718938313713,"CALM3;CALM1;CALM2","GO_Biological_Process_2023","brown"
"Protein Depolymerization (GO:0051261)","2/28",0.00859620747114401,0.0631916390740866,0,0,15.5996860282575,74.1988795836398,"STMN1;STMN3","GO_Biological_Process_2023","brown"
"Negative Regulation Of Actin Filament Bundle Assembly (GO:0032232)","2/28",0.00859620747114401,0.0631916390740866,0,0,15.5996860282575,74.1988795836398,"STMN1;DYNLL1","GO_Biological_Process_2023","brown"
"Negative Regulation Of Cation Channel Activity (GO:2001258)","2/28",0.00859620747114401,0.0631916390740866,0,0,15.5996860282575,74.1988795836398,"CALM3;CALM2","GO_Biological_Process_2023","brown"
"Regulation Of Cardiac Muscle Cell Action Potential (GO:0098901)","2/28",0.00859620747114401,0.0631916390740866,0,0,15.5996860282575,74.1988795836398,"CALM3;CALM1","GO_Biological_Process_2023","brown"
"Ribosomal Small Subunit Biogenesis (GO:0042274)","3/84",0.00862416910440388,0.0631916390740866,0,0,7.56739213440244,35.9692273171892,"RPS8;RPSA;RPS24","GO_Biological_Process_2023","brown"
"Regulation Of Apoptotic Process (GO:0042981)","9/705",0.00877812501172556,0.0637402590941513,0,0,2.72887457370216,12.9225649307647,"PRDX2;UBB;CFL1;RPS3;NLRC4;PPIA;MT3;ACTB;TPT1","GO_Biological_Process_2023","brown"
"Cellular Response To Chemical Stress (GO:0062197)","3/89",0.0100963507773187,0.0726576672010615,0,0,7.1256293454807,32.7464084691722,"PRDX2;PPIA;MT3","GO_Biological_Process_2023","brown"
"Mitochondrial Respiratory Chain Complex Assembly (GO:0033108)","3/90",0.0104072034150418,0.0742319110842802,0,0,7.04337006754355,32.1547950435062,"NDUFB7;NDUFA11;NDUFC2","GO_Biological_Process_2023","brown"
"rRNA Metabolic Process (GO:0016072)","3/91",0.0107235720485245,0.0758175357114979,0,0,6.96298031865042,31.5792809907681,"RPL14;RPL26;RPS24","GO_Biological_Process_2023","brown"
"Transition Metal Ion Transport (GO:0000041)","2/32",0.0111345221222249,0.077365731297528,0,0,13.5170068027211,60.795507674817,"FTH1;MT3","GO_Biological_Process_2023","brown"
"Regulation Of Calcium Ion Transmembrane Transporter Activity (GO:1901019)","2/32",0.0111345221222249,0.077365731297528,0,0,13.5170068027211,60.795507674817,"CALM1;CALM2","GO_Biological_Process_2023","brown"
"Positive Regulation Of Protein Phosphorylation (GO:0001934)","6/377",0.0116596853037354,0.0803222765368441,0,0,3.35992429890463,14.9570997826831,"HSP90AB1;CALM3;CALM1;PPIA;MT3;CALM2","GO_Biological_Process_2023","brown"
"Positive Regulation Of Hydrolase Activity (GO:0051345)","4/176",0.0118109810643015,0.0806750062527713,0,0,4.77906976744186,21.2129792328969,"RPS3;CALM3;CALM1;CALM2","GO_Biological_Process_2023","brown"
"ATP Metabolic Process (GO:0046034)","2/34",0.0125124802245356,0.0840421588414639,0,0,12.6709183673469,55.5116572102178,"HSPA8;ALDOA","GO_Biological_Process_2023","brown"
"Superoxide Metabolic Process (GO:0006801)","2/34",0.0125124802245356,0.0840421588414639,0,0,12.6709183673469,55.5116572102178,"PRDX2;MT3","GO_Biological_Process_2023","brown"
"Platelet Aggregation (GO:0070527)","2/35",0.0132279832722483,0.0881136736977865,0,0,12.2863327149041,53.1435584472206,"PPIA;ACTG1","GO_Biological_Process_2023","brown"
"ncRNA Processing (GO:0034470)","3/100",0.0138217578324638,0.091314236171851,0,0,6.31406100542034,27.0337233788467,"RPL14;RPL26;RPS24","GO_Biological_Process_2023","brown"
"rRNA Processing (GO:0006364)","3/101",0.0141941327321631,0.0930119592042556,0,0,6.24931622133389,26.590381744701,"RPL14;RPL26;RPS24","GO_Biological_Process_2023","brown"
"Synaptic Vesicle Cycle (GO:0099504)","2/37",0.0147110875878219,0.0948570927662756,0,0,11.5830903790087,48.8708399253876,"RAB3A;VAMP2","GO_Biological_Process_2023","brown"
"Mitochondrion Disassembly (GO:0061726)","2/37",0.0147110875878219,0.0948570927662756,0,0,11.5830903790087,48.8708399253876,"GABARAPL2;MAP1LC3A","GO_Biological_Process_2023","brown"
"Signal Release From Synapse (GO:0099643)","2/38",0.0154783132235365,0.0982324445525231,0,0,11.2607709750567,46.9384448645158,"RAB3A;VAMP2","GO_Biological_Process_2023","brown"
"Tumor Necrosis Factor-Mediated Signaling Pathway (GO:0033209)","2/38",0.0154783132235365,0.0982324445525231,0,0,11.2607709750567,46.9384448645158,"TMSB4X;TRAF5","GO_Biological_Process_2023","brown"
"Negative Regulation Of MAPK Cascade (GO:0043409)","3/105",0.0157404409875109,0.0991155893432329,0,0,6.00303214069133,24.9217201151844,"UCHL1;PEBP1;PPIA","GO_Biological_Process_2023","brown"
"Response To Calcium Ion (GO:0051592)","3/106",0.0161412670571554,0.100057248735237,0,0,5.9444500050045,24.5290365178238,"CALM3;CALM1;CALM2","GO_Biological_Process_2023","brown"
"Negative Regulation Of Proteasomal Protein Catabolic Process (GO:1901799)","2/39",0.0162624064321538,0.100057248735237,0,0,10.9558742415885,45.1261415257865,"GABARAPL2;HSP90AB1","GO_Biological_Process_2023","brown"
"Positive Regulation Of Intrinsic Apoptotic Signaling Pathway (GO:2001244)","2/39",0.0162624064321538,0.100057248735237,0,0,10.9558742415885,45.1261415257865,"UBB;RPS3","GO_Biological_Process_2023","brown"
"Regulation Of Programmed Cell Death (GO:0043067)","4/195",0.0166285972765378,0.101535222764314,0,0,4.29952006980803,17.6135486576699,"PRDX2;RPS3;ACTB;TPT1","GO_Biological_Process_2023","brown"
"Regulation Of Microtubule Cytoskeleton Organization (GO:0070507)","2/40",0.0170631829128301,0.102633771848814,0,0,10.6670247046187,43.4236674606069,"STMN1;STMN3","GO_Biological_Process_2023","brown"
"Regulation Of Microtubule Polymerization (GO:0031113)","2/40",0.0170631829128301,0.102633771848814,0,0,10.6670247046187,43.4236674606069,"STMN1;RPS3","GO_Biological_Process_2023","brown"
"Synaptic Vesicle Exocytosis (GO:0016079)","2/41",0.0178804597481127,0.106752967088732,0,0,10.3929879644165,41.8218699251635,"RAB3A;VAMP2","GO_Biological_Process_2023","brown"
"Regulation Of Protein Ubiquitination (GO:0031396)","3/113",0.0191074760635156,0.113239894905835,0,0,5.56419868791003,22.0212934005866,"HSP90AB1;UBB;RPS3","GO_Biological_Process_2023","brown"
"Neurotransmitter Secretion (GO:0007269)","2/43",0.0195637897091909,0.115097916099327,0,0,9.88501742160279,38.888398778374,"RAB3A;VAMP2","GO_Biological_Process_2023","brown"
"Autophagosome Maturation (GO:0097352)","2/44",0.0204294838615153,0.117615457088438,0,0,9.6491739552964,37.5427757402553,"MAP1LC3A;CALM1","GO_Biological_Process_2023","brown"
"Regulation Of Transport (GO:0051049)","2/44",0.0204294838615153,0.117615457088438,0,0,9.6491739552964,37.5427757402553,"VAMP2;ACTG1","GO_Biological_Process_2023","brown"
"Response To Unfolded Protein (GO:0006986)","2/44",0.0204294838615153,0.117615457088438,0,0,9.6491739552964,37.5427757402553,"HSPA8;HSP90AB1","GO_Biological_Process_2023","brown"
"Positive Regulation Of Protein Serine/Threonine Kinase Activity (GO:0071902)","3/117",0.0209289640116766,0.119636489314974,0,0,5.36787845903418,20.7555528715947,"CALM3;CALM1;CALM2","GO_Biological_Process_2023","brown"
"Hexose Metabolic Process (GO:0019318)","2/45",0.0213109604144822,0.120116322336172,0,0,9.42429995253915,36.2697365803843,"ALDOC;ALDOA","GO_Biological_Process_2023","brown"
"Regulation Of Apoptotic Signaling Pathway (GO:2001233)","2/45",0.0213109604144822,0.120116322336172,0,0,9.42429995253915,36.2697365803843,"RPS3;PPIA","GO_Biological_Process_2023","brown"
"Cellular Response To Tumor Necrosis Factor (GO:0071356)","3/119",0.0218742991047355,0.122435313044561,0,0,5.27479559189477,20.1626048968317,"TMSB4X;TRAF5;RPS3","GO_Biological_Process_2023","brown"
"Homotypic Cell-Cell Adhesion (GO:0034109)","2/46",0.0222080432575084,0.123446088727943,0,0,9.20964749536178,35.0638977870873,"PPIA;ACTG1","GO_Biological_Process_2023","brown"
"Negative Regulation Of Protein Polyubiquitination (GO:1902915)","1/5",0.0247535287182936,0.127078625139775,0,0,50.2424242424242,185.836036973753,"PPIA","GO_Biological_Process_2023","brown"
"Neutrophil Degranulation (GO:0043312)","1/5",0.0247535287182936,0.127078625139775,0,0,50.2424242424242,185.836036973753,"VAMP2","GO_Biological_Process_2023","brown"
"Axo-Dendritic Transport (GO:0008088)","1/5",0.0247535287182936,0.127078625139775,0,0,50.2424242424242,185.836036973753,"HSPA8","GO_Biological_Process_2023","brown"
"Regulation Of Pentose-Phosphate Shunt (GO:0043456)","1/5",0.0247535287182936,0.127078625139775,0,0,50.2424242424242,185.836036973753,"PGAM1","GO_Biological_Process_2023","brown"
"Regulation Of Plasma Membrane Repair (GO:1905684)","1/5",0.0247535287182936,0.127078625139775,0,0,50.2424242424242,185.836036973753,"RAB3A","GO_Biological_Process_2023","brown"
"Establishment Of Mitochondrion Localization, Microtubule-Mediated (GO:0034643)","1/5",0.0247535287182936,0.127078625139775,0,0,50.2424242424242,185.836036973753,"UBB","GO_Biological_Process_2023","brown"
"Positive Regulation Of Tau-Protein Kinase Activity (GO:1902949)","1/5",0.0247535287182936,0.127078625139775,0,0,50.2424242424242,185.836036973753,"HSP90AB1","GO_Biological_Process_2023","brown"
"Presynaptic Active Zone Organization (GO:1990709)","1/5",0.0247535287182936,0.127078625139775,0,0,50.2424242424242,185.836036973753,"RAB3A","GO_Biological_Process_2023","brown"
"Protein Targeting To Vacuole Involved In Autophagy (GO:0071211)","1/5",0.0247535287182936,0.127078625139775,0,0,50.2424242424242,185.836036973753,"HSPA8","GO_Biological_Process_2023","brown"
"Regulation Of DNA Damage Response, Signal Transduction By P53 Class Mediator Resulting In Transcription Of P21 Class Mediator (GO:1902162)","1/5",0.0247535287182936,0.127078625139775,0,0,50.2424242424242,185.836036973753,"RPL26","GO_Biological_Process_2023","brown"
"Natural Killer Cell Degranulation (GO:0043320)","1/5",0.0247535287182936,0.127078625139775,0,0,50.2424242424242,185.836036973753,"VAMP2","GO_Biological_Process_2023","brown"
"Regulation Of Blood Vessel Remodeling (GO:0060312)","1/5",0.0247535287182936,0.127078625139775,0,0,50.2424242424242,185.836036973753,"CST3","GO_Biological_Process_2023","brown"
"Autophagy Of Mitochondrion (GO:0000422)","2/49",0.0249911884332231,0.127486695425176,0,0,8.62049500651324,31.8030058521021,"GABARAPL2;MAP1LC3A","GO_Biological_Process_2023","brown"
"Cellular Response To Starvation (GO:0009267)","3/126",0.0253646928571546,0.128578254357652,0,0,4.97284385214986,18.2722031134334,"GABARAPL2;HSPA8;MAP1LC3A","GO_Biological_Process_2023","brown"
"Positive Regulation Of Transport (GO:0051050)","2/50",0.0259489619459531,0.129905983406448,0,0,8.44047619047619,30.8214426622313,"CHCHD10;ACTB","GO_Biological_Process_2023","brown"
"Negative Regulation Of Cell Projection Organization (GO:0031345)","2/50",0.0259489619459531,0.129905983406448,0,0,8.44047619047619,30.8214426622313,"MT3;YWHAH","GO_Biological_Process_2023","brown"
"Regulated Exocytosis (GO:0045055)","2/51",0.0269214810715392,0.133942677430004,0,0,8.26780508121616,29.8867161104048,"RAB3A;VAMP2","GO_Biological_Process_2023","brown"
"Regulation Of Cell Cycle Process (GO:0010564)","3/130",0.0274860097045577,0.13550687664788,0,0,4.81524474389155,17.3063658813262,"CALM3;CALM1;CALM2","GO_Biological_Process_2023","brown"
"Synapse Organization (GO:0050808)","3/131",0.0280307213331603,0.13550687664788,0,0,4.77738402061856,17.0765402810598,"CHCHD10;SNCG;SNCB","GO_Biological_Process_2023","brown"
"Negative Regulation Of Cysteine-Type Endopeptidase Activity (GO:2000117)","2/53",0.0289100845392209,0.13550687664788,0,0,7.94277711084434,28.1457453742055,"CST3;MT3","GO_Biological_Process_2023","brown"
"Regulation Of Histamine Secretion By Mast Cell (GO:1903593)","1/6",0.0296309633944118,0.13550687664788,0,0,40.1919191919192,141.432767389918,"VAMP2","GO_Biological_Process_2023","brown"
"Aldehyde Biosynthetic Process (GO:0046184)","1/6",0.0296309633944118,0.13550687664788,0,0,40.1919191919192,141.432767389918,"TPI1","GO_Biological_Process_2023","brown"
"Negative Regulation Of Stress-Activated Protein Kinase Signaling Cascade (GO:0070303)","1/6",0.0296309633944118,0.13550687664788,0,0,40.1919191919192,141.432767389918,"PPIA","GO_Biological_Process_2023","brown"
"Autophagosome Membrane Docking (GO:0016240)","1/6",0.0296309633944118,0.13550687664788,0,0,40.1919191919192,141.432767389918,"CALM1","GO_Biological_Process_2023","brown"
"Clathrin Coat Disassembly (GO:0072318)","1/6",0.0296309633944118,0.13550687664788,0,0,40.1919191919192,141.432767389918,"HSPA8","GO_Biological_Process_2023","brown"
"Positive Regulation Of Mitophagy (GO:1901526)","1/6",0.0296309633944118,0.13550687664788,0,0,40.1919191919192,141.432767389918,"SLC25A4","GO_Biological_Process_2023","brown"
"Positive Regulation Of Necrotic Cell Death (GO:0010940)","1/6",0.0296309633944118,0.13550687664788,0,0,40.1919191919192,141.432767389918,"MT3","GO_Biological_Process_2023","brown"
"Hepatocyte Growth Factor Receptor Signaling Pathway (GO:0048012)","1/6",0.0296309633944118,0.13550687664788,0,0,40.1919191919192,141.432767389918,"STMN1","GO_Biological_Process_2023","brown"
"Intracellular Sequestering Of Iron Ion (GO:0006880)","1/6",0.0296309633944118,0.13550687664788,0,0,40.1919191919192,141.432767389918,"FTH1","GO_Biological_Process_2023","brown"
"Mitochondrion-Endoplasmic Reticulum Membrane Tethering (GO:1990456)","1/6",0.0296309633944118,0.13550687664788,0,0,40.1919191919192,141.432767389918,"CALM1","GO_Biological_Process_2023","brown"
"Regulation Of Exocytosis (GO:0017157)","2/54",0.029925836282038,0.13550687664788,0,0,7.78963893249608,27.3341007109313,"RAB3A;VAMP2","GO_Biological_Process_2023","brown"
"Regulation Of Focal Adhesion Assembly (GO:0051893)","2/54",0.029925836282038,0.13550687664788,0,0,7.78963893249608,27.3341007109313,"DYNLL1;ACTG1","GO_Biological_Process_2023","brown"
"Ribosomal Large Subunit Biogenesis (GO:0042273)","2/54",0.029925836282038,0.13550687664788,0,0,7.78963893249608,27.3341007109313,"RPL14;RPL26","GO_Biological_Process_2023","brown"
"ADP Transport (GO:0015866)","1/7",0.0344842492004147,0.145519920709603,0,0,33.4915824915825,112.774618360503,"SLC25A4","GO_Biological_Process_2023","brown"
"Regulation Of Chaperone-Mediated Autophagy (GO:1904714)","1/7",0.0344842492004147,0.145519920709603,0,0,33.4915824915825,112.774618360503,"EEF1A1","GO_Biological_Process_2023","brown"
"Regulation Of Endodeoxyribonuclease Activity (GO:0032071)","1/7",0.0344842492004147,0.145519920709603,0,0,33.4915824915825,112.774618360503,"RPS3","GO_Biological_Process_2023","brown"
"NADH Metabolic Process (GO:0006734)","1/7",0.0344842492004147,0.145519920709603,0,0,33.4915824915825,112.774618360503,"MDH1","GO_Biological_Process_2023","brown"
"Regulation Of Mitophagy (GO:1901524)","1/7",0.0344842492004147,0.145519920709603,0,0,33.4915824915825,112.774618360503,"SLC25A4","GO_Biological_Process_2023","brown"
"Neuroepithelial Cell Differentiation (GO:0060563)","1/7",0.0344842492004147,0.145519920709603,0,0,33.4915824915825,112.774618360503,"TUBB2A","GO_Biological_Process_2023","brown"
"Cellular Response To Leptin Stimulus (GO:0044320)","1/7",0.0344842492004147,0.145519920709603,0,0,33.4915824915825,112.774618360503,"MT3","GO_Biological_Process_2023","brown"
"Regulation Of Transforming Growth Factor Beta Activation (GO:1901388)","1/7",0.0344842492004147,0.145519920709603,0,0,33.4915824915825,112.774618360503,"HSP90AB1","GO_Biological_Process_2023","brown"
"Cytoplasmic Sequestering Of NF-kappaB (GO:0007253)","1/7",0.0344842492004147,0.145519920709603,0,0,33.4915824915825,112.774618360503,"TMSB4X","GO_Biological_Process_2023","brown"
"Positive Regulation Of Execution Phase Of Apoptosis (GO:1900119)","1/7",0.0344842492004147,0.145519920709603,0,0,33.4915824915825,112.774618360503,"DYNLL1","GO_Biological_Process_2023","brown"
"Glucocorticoid Metabolic Process (GO:0008211)","1/7",0.0344842492004147,0.145519920709603,0,0,33.4915824915825,112.774618360503,"YWHAH","GO_Biological_Process_2023","brown"
"Malate Metabolic Process (GO:0006108)","1/7",0.0344842492004147,0.145519920709603,0,0,33.4915824915825,112.774618360503,"MDH1","GO_Biological_Process_2023","brown"
"Purine Nucleotide Catabolic Process (GO:0006195)","1/7",0.0344842492004147,0.145519920709603,0,0,33.4915824915825,112.774618360503,"HINT1","GO_Biological_Process_2023","brown"
"Positive Regulation Of DNA-binding Transcription Factor Activity (GO:0051091)","4/246",0.0350399519708803,0.146295467273575,0,0,3.38464187327824,11.3428365304725,"TRAF5;RPS3;NLRC4;PPIA","GO_Biological_Process_2023","brown"
"Mitotic Cytokinesis (GO:0000281)","2/59",0.035212556639049,0.146295467273575,0,0,7.10454708199069,23.7743191541034,"CFL1;STMN1","GO_Biological_Process_2023","brown"
"Regulation Of Cell Death (GO:0010941)","2/59",0.035212556639049,0.146295467273575,0,0,7.10454708199069,23.7743191541034,"SNCG;SNCB","GO_Biological_Process_2023","brown"
"Negative Regulation Of Intrinsic Apoptotic Signaling Pathway (GO:2001243)","2/61",0.0374213004237331,0.153075769790133,0,0,6.86302317537184,22.5485670061795,"PPIA;TPT1","GO_Biological_Process_2023","brown"
"Autophagosome Organization (GO:1905037)","2/61",0.0374213004237331,0.153075769790133,0,0,6.86302317537184,22.5485670061795,"GABARAPL2;MAP1LC3A","GO_Biological_Process_2023","brown"
"Negative Regulation Of Protein Metabolic Process (GO:0051248)","3/147",0.0375231245710671,0.153075769790133,0,0,4.24312714776632,13.9293288087839,"CST3;HSP90AB1;RPS3","GO_Biological_Process_2023","brown"
"Cell Junction Organization (GO:0034330)","2/62",0.0385451967593686,0.153075769790133,0,0,6.74829931972789,21.9719482594704,"SNCG;SNCB","GO_Biological_Process_2023","brown"
"Protein-Containing Complex Disassembly (GO:0032984)","2/62",0.0385451967593686,0.153075769790133,0,0,6.74829931972789,21.9719482594704,"HSPA8;MAP1LC3A","GO_Biological_Process_2023","brown"
"Regulation Of Generation Of Precursor Metabolites And Energy (GO:0043467)","1/8",0.0393135041520565,0.153075769790133,0,0,28.7056277056277,92.8967850071638,"PGAM1","GO_Biological_Process_2023","brown"
"Regulation Of Intrinsic Apoptotic Signaling Pathway By P53 Class Mediator (GO:1902253)","1/8",0.0393135041520565,0.153075769790133,0,0,28.7056277056277,92.8967850071638,"UBB","GO_Biological_Process_2023","brown"
"Regulation Of Necrotic Cell Death (GO:0010939)","1/8",0.0393135041520565,0.153075769790133,0,0,28.7056277056277,92.8967850071638,"MT3","GO_Biological_Process_2023","brown"
"Positive Regulation Of ATP Biosynthetic Process (GO:2001171)","1/8",0.0393135041520565,0.153075769790133,0,0,28.7056277056277,92.8967850071638,"TMSB4X","GO_Biological_Process_2023","brown"
"Regulation Of Vesicle Fusion (GO:0031338)","1/8",0.0393135041520565,0.153075769790133,0,0,28.7056277056277,92.8967850071638,"RAB3A","GO_Biological_Process_2023","brown"
"Positive Regulation Of Ligase Activity (GO:0051351)","1/8",0.0393135041520565,0.153075769790133,0,0,28.7056277056277,92.8967850071638,"TMSB4X","GO_Biological_Process_2023","brown"
"Fructose 1,6-Bisphosphate Metabolic Process (GO:0030388)","1/8",0.0393135041520565,0.153075769790133,0,0,28.7056277056277,92.8967850071638,"ALDOC","GO_Biological_Process_2023","brown"
"Leptin-Mediated Signaling Pathway (GO:0033210)","1/8",0.0393135041520565,0.153075769790133,0,0,28.7056277056277,92.8967850071638,"MT3","GO_Biological_Process_2023","brown"
"Regulation Of Secretion By Cell (GO:1903530)","2/64",0.0408312655246501,0.158221153908019,0,0,6.52995391705069,20.8847984924896,"RAB3A;VAMP2","GO_Biological_Process_2023","brown"
"Autophagosome Assembly (GO:0000045)","2/65",0.041993132410768,0.158749061163555,0,0,6.42597991577583,20.3719576107223,"GABARAPL2;MAP1LC3A","GO_Biological_Process_2023","brown"
"Negative Regulation Of Endopeptidase Activity (GO:0010951)","2/66",0.043167352566795,0.158749061163555,0,0,6.32525510204082,19.8781944931298,"CST3;MT3","GO_Biological_Process_2023","brown"
"Response To Reactive Oxygen Species (GO:0000302)","2/66",0.043167352566795,0.158749061163555,0,0,6.32525510204082,19.8781944931298,"RPS3;MT3","GO_Biological_Process_2023","brown"
"Negative Regulation Of Extracellular Matrix Organization (GO:1903054)","1/9",0.0441188457824273,0.158749061163555,0,0,25.1161616161616,78.3842312444799,"CST3","GO_Biological_Process_2023","brown"
"Golgi Lumen Acidification (GO:0061795)","1/9",0.0441188457824273,0.158749061163555,0,0,25.1161616161616,78.3842312444799,"ATP6V1F","GO_Biological_Process_2023","brown"
"Negative Regulation Of Necroptotic Process (GO:0060546)","1/9",0.0441188457824273,0.158749061163555,0,0,25.1161616161616,78.3842312444799,"SLC25A4","GO_Biological_Process_2023","brown"
"SNARE Complex Assembly (GO:0035493)","1/9",0.0441188457824273,0.158749061163555,0,0,25.1161616161616,78.3842312444799,"VAMP2","GO_Biological_Process_2023","brown"
"Negative Regulation Of Transforming Growth Factor Beta Production (GO:0071635)","1/9",0.0441188457824273,0.158749061163555,0,0,25.1161616161616,78.3842312444799,"HSP90AB1","GO_Biological_Process_2023","brown"
"Calcium Import Into The Mitochondrion (GO:0036444)","1/9",0.0441188457824273,0.158749061163555,0,0,25.1161616161616,78.3842312444799,"SMDT1","GO_Biological_Process_2023","brown"
"Regulation Of Tau-Protein Kinase Activity (GO:1902947)","1/9",0.0441188457824273,0.158749061163555,0,0,25.1161616161616,78.3842312444799,"HSP90AB1","GO_Biological_Process_2023","brown"
"Positive Regulation Of ATP Metabolic Process (GO:1903580)","1/9",0.0441188457824273,0.158749061163555,0,0,25.1161616161616,78.3842312444799,"TMSB4X","GO_Biological_Process_2023","brown"
"Regulation Of Transmembrane Transporter Activity (GO:0022898)","1/9",0.0441188457824273,0.158749061163555,0,0,25.1161616161616,78.3842312444799,"ACTB","GO_Biological_Process_2023","brown"
"Positive Regulation Of Mitochondrial Membrane Permeability (GO:0035794)","1/9",0.0441188457824273,0.158749061163555,0,0,25.1161616161616,78.3842312444799,"CHCHD10","GO_Biological_Process_2023","brown"
"Ketone Biosynthetic Process (GO:0042181)","1/9",0.0441188457824273,0.158749061163555,0,0,25.1161616161616,78.3842312444799,"TPI1","GO_Biological_Process_2023","brown"
"Positive Regulation Of Vascular Endothelial Growth Factor Receptor Signaling Pathway (GO:0030949)","1/9",0.0441188457824273,0.158749061163555,0,0,25.1161616161616,78.3842312444799,"MT3","GO_Biological_Process_2023","brown"
"Regulation Of RNA Polymerase II Regulatory Region Sequence-Specific DNA Binding (GO:1903025)","1/9",0.0441188457824273,0.158749061163555,0,0,25.1161616161616,78.3842312444799,"TMSB4X","GO_Biological_Process_2023","brown"
"Mitochondrion Organization (GO:0007005)","3/162",0.0477283097674536,0.169886703708256,0,0,3.83991441353822,11.6819049803522,"CHCHD10;COX7A2;SLC25A4","GO_Biological_Process_2023","brown"
"Positive Regulation Of Protein Transport (GO:0051222)","2/70",0.0479847867745848,0.169886703708256,0,0,5.95198079231693,18.0753994112781,"PPIA;VAMP2","GO_Biological_Process_2023","brown"
"Negative Regulation Of Mitochondrial Outer Membrane Permeabilization Involved In Apoptotic Signaling Pathway (GO:1901029)","1/10",0.0489003911418305,0.169886703708256,0,0,22.324354657688,67.3742300304506,"SLC25A4","GO_Biological_Process_2023","brown"
"Negative Regulation Of Oxidoreductase Activity (GO:0051354)","1/10",0.0489003911418305,0.169886703708256,0,0,22.324354657688,67.3742300304506,"MT3","GO_Biological_Process_2023","brown"
"Negative Regulation Of Programmed Necrotic Cell Death (GO:0062099)","1/10",0.0489003911418305,0.169886703708256,0,0,22.324354657688,67.3742300304506,"SLC25A4","GO_Biological_Process_2023","brown"
"Positive Regulation Of Autophagy Of Mitochondrion (GO:1903599)","1/10",0.0489003911418305,0.169886703708256,0,0,22.324354657688,67.3742300304506,"SLC25A4","GO_Biological_Process_2023","brown"
"Positive Regulation Of Mitochondrial Outer Membrane Permeabilization Involved In Apoptotic Signaling Pathway (GO:1901030)","1/10",0.0489003911418305,0.169886703708256,0,0,22.324354657688,67.3742300304506,"CHCHD10","GO_Biological_Process_2023","brown"
"Mitochondrial Respirasome Assembly (GO:0097250)","1/10",0.0489003911418305,0.169886703708256,0,0,22.324354657688,67.3742300304506,"COX7A2","GO_Biological_Process_2023","brown"
"Negative Regulation Of Supramolecular Fiber Organization (GO:1902904)","2/71",0.0492185490137595,0.170258156674207,0,0,5.86542443064182,17.6636360143545,"HSPA8;STMN1","GO_Biological_Process_2023","brown"
"Cellular Response To Reactive Oxygen Species (GO:0034614)","2/73",0.051720345286075,0.176638128392273,0,0,5.699626329405,16.8817463030563,"RPS3;MT3","GO_Biological_Process_2023","brown"
"Positive Regulation Of Secretion By Cell (GO:1903532)","2/73",0.051720345286075,0.176638128392273,0,0,5.699626329405,16.8817463030563,"RAB3A;PPIA","GO_Biological_Process_2023","brown"
"Regulation Of Rho Protein Signal Transduction (GO:0035023)","2/73",0.051720345286075,0.176638128392273,0,0,5.699626329405,16.8817463030563,"STMN1;DYNLL1","GO_Biological_Process_2023","brown"
"Negative Regulation Of Microtubule Polymerization (GO:0031115)","1/11",0.0536582567508638,0.177248175988509,0,0,20.0909090909091,58.7683184218827,"STMN1","GO_Biological_Process_2023","brown"
"Negative Regulation Of Nitrogen Compound Metabolic Process (GO:0051172)","1/11",0.0536582567508638,0.177248175988509,0,0,20.0909090909091,58.7683184218827,"HSP90AB1","GO_Biological_Process_2023","brown"
"Neutrophil Activation Involved In Immune Response (GO:0002283)","1/11",0.0536582567508638,0.177248175988509,0,0,20.0909090909091,58.7683184218827,"VAMP2","GO_Biological_Process_2023","brown"
"Central Nervous System Neuron Axonogenesis (GO:0021955)","1/11",0.0536582567508638,0.177248175988509,0,0,20.0909090909091,58.7683184218827,"HSP90AB1","GO_Biological_Process_2023","brown"
"Endosomal Lumen Acidification (GO:0048388)","1/11",0.0536582567508638,0.177248175988509,0,0,20.0909090909091,58.7683184218827,"ATP6V1F","GO_Biological_Process_2023","brown"
"Glycerol Metabolic Process (GO:0006071)","1/11",0.0536582567508638,0.177248175988509,0,0,20.0909090909091,58.7683184218827,"TPI1","GO_Biological_Process_2023","brown"
"Positive Regulation Of Protein Maturation (GO:1903319)","1/11",0.0536582567508638,0.177248175988509,0,0,20.0909090909091,58.7683184218827,"NLRC4","GO_Biological_Process_2023","brown"
"Mitochondrial Genome Maintenance (GO:0000002)","1/11",0.0536582567508638,0.177248175988509,0,0,20.0909090909091,58.7683184218827,"SLC25A4","GO_Biological_Process_2023","brown"
"Negative Regulation Of Phosphorylation (GO:0042326)","2/75",0.0542668897312266,0.17852699234028,0,0,5.54291305563321,16.1511673406941,"DYNLL1;PPIA","GO_Biological_Process_2023","brown"
"Cellular Response To Nutrient Levels (GO:0031669)","2/78",0.058168160710821,0.183129969710287,0,0,5.32330827067669,15.1417092906877,"HSPA8;MAP1LC3A","GO_Biological_Process_2023","brown"
"Proteolysis Involved In Protein Catabolic Process (GO:0051603)","2/78",0.058168160710821,0.183129969710287,0,0,5.32330827067669,15.1417092906877,"UBB;RPS27A","GO_Biological_Process_2023","brown"
"Negative Regulation Of Mitochondrial Membrane Permeability (GO:0035795)","1/12",0.0583925585800791,0.183129969710287,0,0,18.2635445362718,51.8788186041542,"SLC25A4","GO_Biological_Process_2023","brown"
"Negative Regulation Of Voltage-Gated Calcium Channel Activity (GO:1901386)","1/12",0.0583925585800791,0.183129969710287,0,0,18.2635445362718,51.8788186041542,"CALM3","GO_Biological_Process_2023","brown"
"Neutrophil Mediated Immunity (GO:0002446)","1/12",0.0583925585800791,0.183129969710287,0,0,18.2635445362718,51.8788186041542,"VAMP2","GO_Biological_Process_2023","brown"
"Defense Response To Tumor Cell (GO:0002357)","1/12",0.0583925585800791,0.183129969710287,0,0,18.2635445362718,51.8788186041542,"PRDX2","GO_Biological_Process_2023","brown"
"Detection Of Bacterium (GO:0016045)","1/12",0.0583925585800791,0.183129969710287,0,0,18.2635445362718,51.8788186041542,"NLRC4","GO_Biological_Process_2023","brown"
"Steroid Catabolic Process (GO:0006706)","1/12",0.0583925585800791,0.183129969710287,0,0,18.2635445362718,51.8788186041542,"YWHAH","GO_Biological_Process_2023","brown"
"Positive Regulation Of Protein Localization To Cell Surface (GO:2000010)","1/12",0.0583925585800791,0.183129969710287,0,0,18.2635445362718,51.8788186041542,"HSP90AB1","GO_Biological_Process_2023","brown"
"Positive Regulation Of Purine Nucleotide Biosynthetic Process (GO:1900373)","1/12",0.0583925585800791,0.183129969710287,0,0,18.2635445362718,51.8788186041542,"TMSB4X","GO_Biological_Process_2023","brown"
"Positive Regulation Of Regulated Secretory Pathway (GO:1903307)","1/12",0.0583925585800791,0.183129969710287,0,0,18.2635445362718,51.8788186041542,"RAB3A","GO_Biological_Process_2023","brown"
"Morphogenesis Of A Polarized Epithelium (GO:0001738)","1/12",0.0583925585800791,0.183129969710287,0,0,18.2635445362718,51.8788186041542,"ACTG1","GO_Biological_Process_2023","brown"
"Regulation Of Neuron Differentiation (GO:0045664)","2/79",0.0594897545967717,0.185130278783776,0,0,5.25390935595017,14.8262756693766,"PCP4;YWHAH","GO_Biological_Process_2023","brown"
"Response To Insulin (GO:0032868)","2/79",0.0594897545967717,0.185130278783776,0,0,5.25390935595017,14.8262756693766,"PKM;VAMP2","GO_Biological_Process_2023","brown"
"Regulation Of Intracellular Signal Transduction (GO:1902531)","4/297",0.0619002851576648,0.186990257891574,0,0,2.78825369738339,7.75756445783869,"TMSB4X;TRAF5;DYNLL1;CALM2","GO_Biological_Process_2023","brown"
"Activation Of Protein Kinase Activity (GO:0032147)","2/81",0.0621638842786596,0.186990257891574,0,0,5.12038233014725,14.2243252686936,"PPIA;MT3","GO_Biological_Process_2023","brown"
"Cytoskeleton-Dependent Cytokinesis (GO:0061640)","2/81",0.0621638842786596,0.186990257891574,0,0,5.12038233014725,14.2243252686936,"CFL1;STMN1","GO_Biological_Process_2023","brown"
"ATP Transport (GO:0015867)","1/13",0.0631034120924419,0.186990257891574,0,0,16.7407407407407,46.2543391597171,"SLC25A4","GO_Biological_Process_2023","brown"
"Regulation Of Intrinsic Apoptotic Signaling Pathway In Response To DNA Damage By P53 Class Mediator (GO:1902165)","1/13",0.0631034120924419,0.186990257891574,0,0,16.7407407407407,46.2543391597171,"RPL26","GO_Biological_Process_2023","brown"
"Regulation Of Oxidoreductase Activity (GO:0051341)","1/13",0.0631034120924419,0.186990257891574,0,0,16.7407407407407,46.2543391597171,"MT3","GO_Biological_Process_2023","brown"
"Regulation Of Short-Term Neuronal Synaptic Plasticity (GO:0048172)","1/13",0.0631034120924419,0.186990257891574,0,0,16.7407407407407,46.2543391597171,"RAB3A","GO_Biological_Process_2023","brown"
"Positive Regulation Of T Cell Receptor Signaling Pathway (GO:0050862)","1/13",0.0631034120924419,0.186990257891574,0,0,16.7407407407407,46.2543391597171,"RPS3","GO_Biological_Process_2023","brown"
"Cytoplasmic Sequestering Of Transcription Factor (GO:0042994)","1/13",0.0631034120924419,0.186990257891574,0,0,16.7407407407407,46.2543391597171,"TMSB4X","GO_Biological_Process_2023","brown"
"Intraciliary Retrograde Transport (GO:0035721)","1/13",0.0631034120924419,0.186990257891574,0,0,16.7407407407407,46.2543391597171,"DYNLL1","GO_Biological_Process_2023","brown"
"Membrane Depolarization (GO:0051899)","1/13",0.0631034120924419,0.186990257891574,0,0,16.7407407407407,46.2543391597171,"YWHAH","GO_Biological_Process_2023","brown"
"Membrane Depolarization During Action Potential (GO:0086010)","1/13",0.0631034120924419,0.186990257891574,0,0,16.7407407407407,46.2543391597171,"YWHAH","GO_Biological_Process_2023","brown"
"Negative Regulation Of NLRP3 Inflammasome Complex Assembly (GO:1900226)","1/13",0.0631034120924419,0.186990257891574,0,0,16.7407407407407,46.2543391597171,"HSPA8","GO_Biological_Process_2023","brown"
"Regulation Of NIK/NF-kappaB Signaling (GO:1901222)","2/83",0.0648783802345316,0.19154569402576,0,0,4.99344923154447,13.6582862458477,"TMSB4X;RPS3","GO_Biological_Process_2023","brown"
"Purine Ribonucleotide Metabolic Process (GO:0009150)","2/84",0.0662504359060044,0.193072407518573,0,0,4.93230462916874,13.3878197311643,"HSPA8;HINT1","GO_Biological_Process_2023","brown"
"Regulation Of Endothelial Cell Chemotaxis (GO:2001026)","1/14",0.0677909321684321,0.193072407518573,0,0,15.4522144522145,41.5869594433684,"TMSB4X","GO_Biological_Process_2023","brown"
"Regulation Of Extracellular Matrix Disassembly (GO:0010715)","1/14",0.0677909321684321,0.193072407518573,0,0,15.4522144522145,41.5869594433684,"CST3","GO_Biological_Process_2023","brown"
"Negative Regulation Of Transcription Regulatory Region DNA Binding (GO:2000678)","1/14",0.0677909321684321,0.193072407518573,0,0,15.4522144522145,41.5869594433684,"TMSB4X","GO_Biological_Process_2023","brown"
"Positive Regulation Of Cytoplasmic Translation (GO:2000767)","1/14",0.0677909321684321,0.193072407518573,0,0,15.4522144522145,41.5869594433684,"PKM","GO_Biological_Process_2023","brown"
"Positive Regulation Of Endothelial Cell Chemotaxis (GO:2001028)","1/14",0.0677909321684321,0.193072407518573,0,0,15.4522144522145,41.5869594433684,"TMSB4X","GO_Biological_Process_2023","brown"
"Mitochondrial Calcium Ion Transmembrane Transport (GO:0006851)","1/14",0.0677909321684321,0.193072407518573,0,0,15.4522144522145,41.5869594433684,"SMDT1","GO_Biological_Process_2023","brown"
"Mitochondrion Transport Along Microtubule (GO:0047497)","1/14",0.0677909321684321,0.193072407518573,0,0,15.4522144522145,41.5869594433684,"UBB","GO_Biological_Process_2023","brown"
"Regulation Of ATP Biosynthetic Process (GO:2001169)","1/14",0.0677909321684321,0.193072407518573,0,0,15.4522144522145,41.5869594433684,"TMSB4X","GO_Biological_Process_2023","brown"
"Regulation Of Carbohydrate Catabolic Process (GO:0043470)","1/14",0.0677909321684321,0.193072407518573,0,0,15.4522144522145,41.5869594433684,"PGAM1","GO_Biological_Process_2023","brown"
"Exocytosis (GO:0006887)","2/86",0.0690235124413976,0.195890672632981,0,0,4.81438289601555,12.8703286595916,"RAB3A;VAMP2","GO_Biological_Process_2023","brown"
"Intracellular Monoatomic Cation Homeostasis (GO:0030003)","3/190",0.0699985406299853,0.197960785079888,0,0,3.2603230608082,8.67011479548778,"FTH1;MT3;TPT1","GO_Biological_Process_2023","brown"
"Neuron Projection Development (GO:0031175)","3/192",0.0717418991703997,0.199313713104221,0,0,3.22549500900016,8.49814826848241,"UBB;STMN1;STMN3","GO_Biological_Process_2023","brown"
"Negative Regulation Of Focal Adhesion Assembly (GO:0051895)","1/15",0.0724552331756038,0.199313713104221,0,0,14.3477633477633,37.6598138369901,"DYNLL1","GO_Biological_Process_2023","brown"
"Regulation Of Hormone Secretion (GO:0046883)","1/15",0.0724552331756038,0.199313713104221,0,0,14.3477633477633,37.6598138369901,"VAMP2","GO_Biological_Process_2023","brown"
"Positive Regulation Of DNA Damage Response, Signal Transduction By P53 Class Mediator (GO:0043517)","1/15",0.0724552331756038,0.199313713104221,0,0,14.3477633477633,37.6598138369901,"RPL26","GO_Biological_Process_2023","brown"
"Positive Regulation Of Sprouting Angiogenesis (GO:1903672)","1/15",0.0724552331756038,0.199313713104221,0,0,14.3477633477633,37.6598138369901,"PKM","GO_Biological_Process_2023","brown"
"Protein Localization To Cell-Cell Junction (GO:0150105)","1/15",0.0724552331756038,0.199313713104221,0,0,14.3477633477633,37.6598138369901,"ACTG1","GO_Biological_Process_2023","brown"
"Regulation Of Rac Protein Signal Transduction (GO:0035020)","1/15",0.0724552331756038,0.199313713104221,0,0,14.3477633477633,37.6598138369901,"STMN3","GO_Biological_Process_2023","brown"
"Negative Regulation Of Cell-Substrate Junction Organization (GO:0150118)","1/15",0.0724552331756038,0.199313713104221,0,0,14.3477633477633,37.6598138369901,"DYNLL1","GO_Biological_Process_2023","brown"
"Cellular Response To Peptide Hormone Stimulus (GO:0071375)","2/89",0.0732536203857354,0.19946762848278,0,0,4.6476659629369,12.1481976031779,"PKM;VAMP2","GO_Biological_Process_2023","brown"
"Positive Regulation Of DNA Repair (GO:0045739)","2/89",0.0732536203857354,0.19946762848278,0,0,4.6476659629369,12.1481976031779,"RPS3;ACTB","GO_Biological_Process_2023","brown"
"Regulation Of Vesicle-Mediated Transport (GO:0060627)","2/89",0.0732536203857354,0.19946762848278,0,0,4.6476659629369,12.1481976031779,"RAB3A;VAMP2","GO_Biological_Process_2023","brown"
"Activation Of Cysteine-Type Endopeptidase Activity (GO:0097202)","1/16",0.0770964289305897,0.207132405726851,0,0,13.3905723905724,34.3159973270839,"NLRC4","GO_Biological_Process_2023","brown"
"Cellular Response To Gamma Radiation (GO:0071480)","1/16",0.0770964289305897,0.207132405726851,0,0,13.3905723905724,34.3159973270839,"RPL26","GO_Biological_Process_2023","brown"
"Innate Immune Response-Activating Signaling Pathway (GO:0002758)","1/16",0.0770964289305897,0.207132405726851,0,0,13.3905723905724,34.3159973270839,"NLRC4","GO_Biological_Process_2023","brown"
"Protein Localization To Endoplasmic Reticulum (GO:0070972)","1/16",0.0770964289305897,0.207132405726851,0,0,13.3905723905724,34.3159973270839,"GABARAPL2","GO_Biological_Process_2023","brown"
"Regulation Of Translation (GO:0006417)","3/202",0.0807477880229416,0.209751573035904,0,0,3.06185567010309,7.70492926718882,"RPS3;RPL26;EIF1","GO_Biological_Process_2023","brown"
"Negative Regulation Of Fibroblast Proliferation (GO:0048147)","1/17",0.0817146326715557,0.209751573035904,0,0,12.5530303030303,31.4393429542943,"FTH1","GO_Biological_Process_2023","brown"
"DNA Damage Response, Signal Transduction By P53 Class Mediator Resulting In Cell Cycle Arrest (GO:0006977)","1/17",0.0817146326715557,0.209751573035904,0,0,12.5530303030303,31.4393429542943,"RPL26","GO_Biological_Process_2023","brown"
"Regulation Of Delayed Rectifier Potassium Channel Activity (GO:1902259)","1/17",0.0817146326715557,0.209751573035904,0,0,12.5530303030303,31.4393429542943,"VAMP2","GO_Biological_Process_2023","brown"
"Negative Regulation Of Interleukin-8 Production (GO:0032717)","1/17",0.0817146326715557,0.209751573035904,0,0,12.5530303030303,31.4393429542943,"TMSB4X","GO_Biological_Process_2023","brown"
"Negative Regulation Of Oxidative Stress-Induced Intrinsic Apoptotic Signaling Pathway (GO:1902176)","1/17",0.0817146326715557,0.209751573035904,0,0,12.5530303030303,31.4393429542943,"PPIA","GO_Biological_Process_2023","brown"
"Nicotinamide Nucleotide Metabolic Process (GO:0046496)","1/17",0.0817146326715557,0.209751573035904,0,0,12.5530303030303,31.4393429542943,"MDH1","GO_Biological_Process_2023","brown"
"Regulation Of Oxidative Phosphorylation (GO:0002082)","1/17",0.0817146326715557,0.209751573035904,0,0,12.5530303030303,31.4393429542943,"COX7A2","GO_Biological_Process_2023","brown"
"Carboxylic Acid Biosynthetic Process (GO:0046394)","1/17",0.0817146326715557,0.209751573035904,0,0,12.5530303030303,31.4393429542943,"NLRC4","GO_Biological_Process_2023","brown"
"Central Nervous System Neuron Development (GO:0021954)","1/17",0.0817146326715557,0.209751573035904,0,0,12.5530303030303,31.4393429542943,"HSP90AB1","GO_Biological_Process_2023","brown"
"Ribosomal Small Subunit Assembly (GO:0000028)","1/17",0.0817146326715557,0.209751573035904,0,0,12.5530303030303,31.4393429542943,"RPSA","GO_Biological_Process_2023","brown"
"Intracellular Zinc Ion Homeostasis (GO:0006882)","1/17",0.0817146326715557,0.209751573035904,0,0,12.5530303030303,31.4393429542943,"MT3","GO_Biological_Process_2023","brown"
"Motile Cilium Assembly (GO:0044458)","1/17",0.0817146326715557,0.209751573035904,0,0,12.5530303030303,31.4393429542943,"DYNLL1","GO_Biological_Process_2023","brown"
"Regulation Of Aerobic Respiration (GO:1903715)","1/17",0.0817146326715557,0.209751573035904,0,0,12.5530303030303,31.4393429542943,"COX7A2","GO_Biological_Process_2023","brown"
"Protein-Containing Complex Assembly (GO:0065003)","4/328",0.0823230959463791,0.210642588358037,0,0,2.51748971193416,6.2864325709886,"HSP90AB1;CHCHD10;COX7A2;VAMP2","GO_Biological_Process_2023","brown"
"Regulation Of Mitochondrial Membrane Permeability (GO:0046902)","1/18",0.0863099571505928,0.214709337849931,0,0,11.8140225787285,28.9421143066093,"SLC25A4","GO_Biological_Process_2023","brown"
"Regulation Of Oxidative Stress-Induced Intrinsic Apoptotic Signaling Pathway (GO:1902175)","1/18",0.0863099571505928,0.214709337849931,0,0,11.8140225787285,28.9421143066093,"PPIA","GO_Biological_Process_2023","brown"
"Cell Junction Maintenance (GO:0034331)","1/18",0.0863099571505928,0.214709337849931,0,0,11.8140225787285,28.9421143066093,"CHCHD10","GO_Biological_Process_2023","brown"
"Positive Regulation Of Cyclin-Dependent Protein Kinase Activity (GO:1904031)","1/18",0.0863099571505928,0.214709337849931,0,0,11.8140225787285,28.9421143066093,"HSP90AB1","GO_Biological_Process_2023","brown"
"Energy Reserve Metabolic Process (GO:0006112)","1/18",0.0863099571505928,0.214709337849931,0,0,11.8140225787285,28.9421143066093,"MT3","GO_Biological_Process_2023","brown"
"Icosanoid Biosynthetic Process (GO:0046456)","1/18",0.0863099571505928,0.214709337849931,0,0,11.8140225787285,28.9421143066093,"NLRC4","GO_Biological_Process_2023","brown"
"Lysosomal Lumen Acidification (GO:0007042)","1/18",0.0863099571505928,0.214709337849931,0,0,11.8140225787285,28.9421143066093,"ATP6V1F","GO_Biological_Process_2023","brown"
"Maintenance Of Protein Localization In Organelle (GO:0072595)","1/18",0.0863099571505928,0.214709337849931,0,0,11.8140225787285,28.9421143066093,"CHCHD10","GO_Biological_Process_2023","brown"
"Maintenance Of Protein Location In Nucleus (GO:0051457)","1/18",0.0863099571505928,0.214709337849931,0,0,11.8140225787285,28.9421143066093,"CHCHD10","GO_Biological_Process_2023","brown"
"Cellular Response To Insulin Stimulus (GO:0032869)","2/99",0.0879246283814667,0.218053078386037,0,0,4.16642120765832,10.129717084782,"PKM;VAMP2","GO_Biological_Process_2023","brown"
"NADP Metabolic Process (GO:0006739)","1/19",0.0908825145361798,0.219973894042525,0,0,11.1571268237935,26.7568838212325,"MDH1","GO_Biological_Process_2023","brown"
"RNA-templated DNA Biosynthetic Process (GO:0006278)","1/19",0.0908825145361798,0.219973894042525,0,0,11.1571268237935,26.7568838212325,"HSP90AB1","GO_Biological_Process_2023","brown"
"Regulation Of Tissue Remodeling (GO:0034103)","1/19",0.0908825145361798,0.219973894042525,0,0,11.1571268237935,26.7568838212325,"CST3","GO_Biological_Process_2023","brown"
"Positive Regulation Of Activated T Cell Proliferation (GO:0042104)","1/19",0.0908825145361798,0.219973894042525,0,0,11.1571268237935,26.7568838212325,"RPS3","GO_Biological_Process_2023","brown"
"Establishment Of Skin Barrier (GO:0061436)","1/19",0.0908825145361798,0.219973894042525,0,0,11.1571268237935,26.7568838212325,"STMN1","GO_Biological_Process_2023","brown"
"Telomere Maintenance Via Telomerase (GO:0007004)","1/19",0.0908825145361798,0.219973894042525,0,0,11.1571268237935,26.7568838212325,"HSP90AB1","GO_Biological_Process_2023","brown"
"Purine Ribonucleotide Transport (GO:0015868)","1/19",0.0908825145361798,0.219973894042525,0,0,11.1571268237935,26.7568838212325,"SLC25A4","GO_Biological_Process_2023","brown"
"Negative Regulation Of Calcium Ion Transmembrane Transport (GO:1903170)","1/19",0.0908825145361798,0.219973894042525,0,0,11.1571268237935,26.7568838212325,"CALM2","GO_Biological_Process_2023","brown"
"Negative Regulation Of Phosphate Metabolic Process (GO:0045936)","1/20",0.0954324164624815,0.222611037231848,0,0,10.5693779904306,24.8310303892707,"DYNLL1","GO_Biological_Process_2023","brown"
"Adenine Nucleotide Transport (GO:0051503)","1/20",0.0954324164624815,0.222611037231848,0,0,10.5693779904306,24.8310303892707,"SLC25A4","GO_Biological_Process_2023","brown"
"Negative Regulation Of Viral Life Cycle (GO:1903901)","1/20",0.0954324164624815,0.222611037231848,0,0,10.5693779904306,24.8310303892707,"PPIA","GO_Biological_Process_2023","brown"
"Regulation Of Necroptotic Process (GO:0060544)","1/20",0.0954324164624815,0.222611037231848,0,0,10.5693779904306,24.8310303892707,"SLC25A4","GO_Biological_Process_2023","brown"
"Regulation Of Protein Localization To Cell Periphery (GO:1904375)","1/20",0.0954324164624815,0.222611037231848,0,0,10.5693779904306,24.8310303892707,"ACTB","GO_Biological_Process_2023","brown"
"Cellular Response To Copper Ion (GO:0071280)","1/20",0.0954324164624815,0.222611037231848,0,0,10.5693779904306,24.8310303892707,"MT3","GO_Biological_Process_2023","brown"
"Positive Regulation Of Antigen Receptor-Mediated Signaling Pathway (GO:0050857)","1/20",0.0954324164624815,0.222611037231848,0,0,10.5693779904306,24.8310303892707,"RPS3","GO_Biological_Process_2023","brown"
"Positive Regulation Of Embryonic Development (GO:0040019)","1/20",0.0954324164624815,0.222611037231848,0,0,10.5693779904306,24.8310303892707,"CFL1","GO_Biological_Process_2023","brown"
"Hydrogen Peroxide Catabolic Process (GO:0042744)","1/20",0.0954324164624815,0.222611037231848,0,0,10.5693779904306,24.8310303892707,"PRDX2","GO_Biological_Process_2023","brown"
"Positive Regulation Of Protein Processing (GO:0010954)","1/20",0.0954324164624815,0.222611037231848,0,0,10.5693779904306,24.8310303892707,"NLRC4","GO_Biological_Process_2023","brown"
"Intracellular Monoatomic Ion Homeostasis (GO:0006873)","1/20",0.0954324164624815,0.222611037231848,0,0,10.5693779904306,24.8310303892707,"MT3","GO_Biological_Process_2023","brown"
"Long-Term Synaptic Potentiation (GO:0060291)","1/20",0.0954324164624815,0.222611037231848,0,0,10.5693779904306,24.8310303892707,"VAMP2","GO_Biological_Process_2023","brown"
"Macroautophagy (GO:0016236)","2/104",0.0955625544444408,0.222611037231848,0,0,3.96118447378952,9.30075904717404,"GABARAPL2;MAP1LC3A","GO_Biological_Process_2023","brown"
"Regulation Of Neuron Apoptotic Process (GO:0043523)","2/105",0.0971124998083677,0.225569668142779,0,0,3.92252823459481,9.1468854610462,"UBB;MT3","GO_Biological_Process_2023","brown"
"Negative Regulation Of Reactive Oxygen Species Metabolic Process (GO:2000378)","1/21",0.0999597740324998,0.226313420983693,0,0,10.040404040404,23.1229243332888,"MT3","GO_Biological_Process_2023","brown"
"Plasma Membrane Repair (GO:0001778)","1/21",0.0999597740324998,0.226313420983693,0,0,10.040404040404,23.1229243332888,"RAB3A","GO_Biological_Process_2023","brown"
"Chaperone-Mediated Protein Complex Assembly (GO:0051131)","1/21",0.0999597740324998,0.226313420983693,0,0,10.040404040404,23.1229243332888,"HSP90AB1","GO_Biological_Process_2023","brown"
"Skin Epidermis Development (GO:0098773)","1/21",0.0999597740324998,0.226313420983693,0,0,10.040404040404,23.1229243332888,"STMN1","GO_Biological_Process_2023","brown"
"Focal Adhesion Assembly (GO:0048041)","1/21",0.0999597740324998,0.226313420983693,0,0,10.040404040404,23.1229243332888,"DYNLL1","GO_Biological_Process_2023","brown"
"Innate Immune Response In Mucosa (GO:0002227)","1/21",0.0999597740324998,0.226313420983693,0,0,10.040404040404,23.1229243332888,"FAU","GO_Biological_Process_2023","brown"
"Positive Regulation Of Signal Transduction By P53 Class Mediator (GO:1901798)","1/21",0.0999597740324998,0.226313420983693,0,0,10.040404040404,23.1229243332888,"UBB","GO_Biological_Process_2023","brown"
"Mitochondrial Calcium Ion Homeostasis (GO:0051560)","1/21",0.0999597740324998,0.226313420983693,0,0,10.040404040404,23.1229243332888,"SMDT1","GO_Biological_Process_2023","brown"
"Modulation By Host Of Viral Genome Replication (GO:0044827)","1/21",0.0999597740324998,0.226313420983693,0,0,10.040404040404,23.1229243332888,"EEF1A1","GO_Biological_Process_2023","brown"
"Positive Regulation Of Translation (GO:0045727)","2/108",0.101805071977306,0.229423832267571,0,0,3.81093569503273,8.70682707358352,"PKM;RPL26","GO_Biological_Process_2023","brown"
"NAD Metabolic Process (GO:0019674)","1/22",0.104464697819105,0.229423832267571,0,0,9.56180856180856,21.5992275397069,"MDH1","GO_Biological_Process_2023","brown"
"Cellular Response To Interferon-Beta (GO:0035458)","1/22",0.104464697819105,0.229423832267571,0,0,9.56180856180856,21.5992275397069,"CALM1","GO_Biological_Process_2023","brown"
"Regulation Of Vascular Endothelial Growth Factor Receptor Signaling Pathway (GO:0030947)","1/22",0.104464697819105,0.229423832267571,0,0,9.56180856180856,21.5992275397069,"MT3","GO_Biological_Process_2023","brown"
"Response To Gamma Radiation (GO:0010332)","1/22",0.104464697819105,0.229423832267571,0,0,9.56180856180856,21.5992275397069,"RPL26","GO_Biological_Process_2023","brown"
"Protein Peptidyl-Prolyl Isomerization (GO:0000413)","1/22",0.104464697819105,0.229423832267571,0,0,9.56180856180856,21.5992275397069,"PPIA","GO_Biological_Process_2023","brown"
"Modulation By Host Of Viral Process (GO:0044788)","1/22",0.104464697819105,0.229423832267571,0,0,9.56180856180856,21.5992275397069,"CFL1","GO_Biological_Process_2023","brown"
"Natural Killer Cell Activation Involved In Immune Response (GO:0002323)","1/22",0.104464697819105,0.229423832267571,0,0,9.56180856180856,21.5992275397069,"VAMP2","GO_Biological_Process_2023","brown"
"Negative Regulation Of G Protein-Coupled Receptor Signaling Pathway (GO:0045744)","1/22",0.104464697819105,0.229423832267571,0,0,9.56180856180856,21.5992275397069,"STMN1","GO_Biological_Process_2023","brown"
"Negative Regulation Of Axonogenesis (GO:0050771)","1/22",0.104464697819105,0.229423832267571,0,0,9.56180856180856,21.5992275397069,"MT3","GO_Biological_Process_2023","brown"
"Negative Regulation Of Cell Communication (GO:0010648)","1/22",0.104464697819105,0.229423832267571,0,0,9.56180856180856,21.5992275397069,"HSP90AB1","GO_Biological_Process_2023","brown"
"Negative Regulation Of Oxidative Stress-Induced Cell Death (GO:1903202)","1/23",0.108947297836033,0.23619274668296,0,0,9.1267217630854,20.2329475165344,"PPIA","GO_Biological_Process_2023","brown"
"Axon Extension (GO:0048675)","1/23",0.108947297836033,0.23619274668296,0,0,9.1267217630854,20.2329475165344,"HSP90AB1","GO_Biological_Process_2023","brown"
"Zinc Ion Transport (GO:0006829)","1/23",0.108947297836033,0.23619274668296,0,0,9.1267217630854,20.2329475165344,"MT3","GO_Biological_Process_2023","brown"
"Long-Chain Fatty Acid Transport (GO:0015909)","1/23",0.108947297836033,0.23619274668296,0,0,9.1267217630854,20.2329475165344,"FABP5","GO_Biological_Process_2023","brown"
"Regulation Of Cytoskeleton Organization (GO:0051493)","2/114",0.111372908000063,0.23619274668296,0,0,3.60568513119534,7.91401436691998,"STMN3;DYNLL1","GO_Biological_Process_2023","brown"
"Protein Modification By Small Protein Removal (GO:0070646)","2/114",0.111372908000063,0.23619274668296,0,0,3.60568513119534,7.91401436691998,"UCHL1;HINT1","GO_Biological_Process_2023","brown"
"Regulation Of Cytoplasmic Translation (GO:2000765)","1/24",0.113407683581024,0.23619274668296,0,0,8.72946859903382,19.0020116101552,"PKM","GO_Biological_Process_2023","brown"
"ERK1 And ERK2 Cascade (GO:0070371)","1/24",0.113407683581024,0.23619274668296,0,0,8.72946859903382,19.0020116101552,"MT3","GO_Biological_Process_2023","brown"
"Negative Regulation Of Ion Transmembrane Transporter Activity (GO:0032413)","1/24",0.113407683581024,0.23619274668296,0,0,8.72946859903382,19.0020116101552,"CALM2","GO_Biological_Process_2023","brown"
"Regulation Of Execution Phase Of Apoptosis (GO:1900117)","1/24",0.113407683581024,0.23619274668296,0,0,8.72946859903382,19.0020116101552,"DYNLL1","GO_Biological_Process_2023","brown"
"Regulation Of Proteolysis Involved In Protein Catabolic Process (GO:1903050)","1/24",0.113407683581024,0.23619274668296,0,0,8.72946859903382,19.0020116101552,"UBB","GO_Biological_Process_2023","brown"
"Regulation Of Supramolecular Fiber Organization (GO:1902903)","1/24",0.113407683581024,0.23619274668296,0,0,8.72946859903382,19.0020116101552,"HSPA8","GO_Biological_Process_2023","brown"
"Regulation Of Viral Life Cycle (GO:1903900)","1/24",0.113407683581024,0.23619274668296,0,0,8.72946859903382,19.0020116101552,"PPIA","GO_Biological_Process_2023","brown"
"Response To Copper Ion (GO:0046688)","1/24",0.113407683581024,0.23619274668296,0,0,8.72946859903382,19.0020116101552,"MT3","GO_Biological_Process_2023","brown"
"Response To Hexose (GO:0009746)","1/24",0.113407683581024,0.23619274668296,0,0,8.72946859903382,19.0020116101552,"VAMP2","GO_Biological_Process_2023","brown"
"Positive Regulation Of Cellular Response To Transforming Growth Factor Beta Stimulus (GO:1903846)","1/24",0.113407683581024,0.23619274668296,0,0,8.72946859903382,19.0020116101552,"HSP90AB1","GO_Biological_Process_2023","brown"
"Iron Ion Transport (GO:0006826)","1/24",0.113407683581024,0.23619274668296,0,0,8.72946859903382,19.0020116101552,"FTH1","GO_Biological_Process_2023","brown"
"Positive Regulation Of Transforming Growth Factor Beta Receptor Signaling Pathway (GO:0030511)","1/24",0.113407683581024,0.23619274668296,0,0,8.72946859903382,19.0020116101552,"HSP90AB1","GO_Biological_Process_2023","brown"
"Protein Kinase B Signaling (GO:0043491)","1/24",0.113407683581024,0.23619274668296,0,0,8.72946859903382,19.0020116101552,"MT3","GO_Biological_Process_2023","brown"
"Negative Regulation Of Cell Junction Assembly (GO:1901889)","1/24",0.113407683581024,0.23619274668296,0,0,8.72946859903382,19.0020116101552,"DYNLL1","GO_Biological_Process_2023","brown"
"ATP Biosynthetic Process (GO:0006754)","1/25",0.117845964040422,0.240465435485012,0,0,8.36531986531987,17.8882067340701,"ALDOA","GO_Biological_Process_2023","brown"
"Negative Regulation Of Intrinsic Apoptotic Signaling Pathway In Response To DNA Damage (GO:1902230)","1/25",0.117845964040422,0.240465435485012,0,0,8.36531986531987,17.8882067340701,"TPT1","GO_Biological_Process_2023","brown"
"Regulation Of Lysosomal Lumen pH (GO:0035751)","1/25",0.117845964040422,0.240465435485012,0,0,8.36531986531987,17.8882067340701,"ATP6V1F","GO_Biological_Process_2023","brown"
"Regulation Of Postsynapse Organization (GO:0099175)","1/25",0.117845964040422,0.240465435485012,0,0,8.36531986531987,17.8882067340701,"CFL1","GO_Biological_Process_2023","brown"
"Regulation Of Protein Processing (GO:0070613)","1/25",0.117845964040422,0.240465435485012,0,0,8.36531986531987,17.8882067340701,"NLRC4","GO_Biological_Process_2023","brown"
"Cellular Response To Steroid Hormone Stimulus (GO:0071383)","1/25",0.117845964040422,0.240465435485012,0,0,8.36531986531987,17.8882067340701,"HSPA8","GO_Biological_Process_2023","brown"
"Positive Regulation Of Interleukin-2 Production (GO:0032743)","1/25",0.117845964040422,0.240465435485012,0,0,8.36531986531987,17.8882067340701,"RPS3","GO_Biological_Process_2023","brown"
"Purine Ribonucleotide Catabolic Process (GO:0009154)","1/25",0.117845964040422,0.240465435485012,0,0,8.36531986531987,17.8882067340701,"HINT1","GO_Biological_Process_2023","brown"
"Regulation Of Inflammatory Response (GO:0050727)","3/240",0.119016733630229,0.242241129560516,0,0,2.56596633172387,5.461636697592,"TMSB4X;NLRC4;VAMP2","GO_Biological_Process_2023","brown"
"Regulation Of Protein-Containing Complex Assembly (GO:0043254)","2/119",0.119518877292295,0.242650415862947,0,0,3.45072387929531,7.33030700433838,"HSPA8;RPS3","GO_Biological_Process_2023","brown"
"Negative Regulation Of Protein Polymerization (GO:0032272)","1/26",0.122262247628669,0.243316966885697,0,0,8.03030303030303,16.8763802180029,"STMN1","GO_Biological_Process_2023","brown"
"Regulation Of Potassium Ion Transmembrane Transporter Activity (GO:1901016)","1/26",0.122262247628669,0.243316966885697,0,0,8.03030303030303,16.8763802180029,"VAMP2","GO_Biological_Process_2023","brown"
"Organelle Membrane Fusion (GO:0090174)","1/26",0.122262247628669,0.243316966885697,0,0,8.03030303030303,16.8763802180029,"VAMP2","GO_Biological_Process_2023","brown"
"Telomere Maintenance Via Telomere Lengthening (GO:0010833)","1/26",0.122262247628669,0.243316966885697,0,0,8.03030303030303,16.8763802180029,"HSP90AB1","GO_Biological_Process_2023","brown"
"Positive Regulation Of Microtubule Polymerization Or Depolymerization (GO:0031112)","1/26",0.122262247628669,0.243316966885697,0,0,8.03030303030303,16.8763802180029,"RPS3","GO_Biological_Process_2023","brown"
"Protein Targeting To Lysosome (GO:0006622)","1/26",0.122262247628669,0.243316966885697,0,0,8.03030303030303,16.8763802180029,"HSPA8","GO_Biological_Process_2023","brown"
"Mitotic G1 DNA Damage Checkpoint Signaling (GO:0031571)","1/26",0.122262247628669,0.243316966885697,0,0,8.03030303030303,16.8763802180029,"RPL26","GO_Biological_Process_2023","brown"
"Negative Regulation Of Catalytic Activity (GO:0043086)","1/26",0.122262247628669,0.243316966885697,0,0,8.03030303030303,16.8763802180029,"MT3","GO_Biological_Process_2023","brown"
"Negative Regulation Of Programmed Cell Death (GO:0043069)","4/381",0.123855840538352,0.245881299196828,0,0,2.15771441202476,4.5066820830189,"PRDX2;CFL1;MT3;TPT1","GO_Biological_Process_2023","brown"
"Regulation Of Protein Catabolic Process (GO:0042176)","2/122",0.124476246905678,0.24598856312308,0,0,3.36394557823129,7.00925280654715,"EEF1A1;UBB","GO_Biological_Process_2023","brown"
"Regulation Of Cell Motility (GO:2000145)","2/123",0.126139752927233,0.24598856312308,0,0,3.33597571259909,6.90668681067367,"TMSB4X;TMSB10","GO_Biological_Process_2023","brown"
"Negative Regulation Of Neurogenesis (GO:0050768)","1/27",0.126656642302827,0.24598856312308,0,0,7.72105672105672,15.9538300108164,"YWHAH","GO_Biological_Process_2023","brown"
"Regulation Of Peptidase Activity (GO:0052547)","1/27",0.126656642302827,0.24598856312308,0,0,7.72105672105672,15.9538300108164,"CST3","GO_Biological_Process_2023","brown"
"Peptidyl-Proline Modification (GO:0018208)","1/27",0.126656642302827,0.24598856312308,0,0,7.72105672105672,15.9538300108164,"PPIA","GO_Biological_Process_2023","brown"
"Cellular Response To Epidermal Growth Factor Stimulus (GO:0071364)","1/27",0.126656642302827,0.24598856312308,0,0,7.72105672105672,15.9538300108164,"EEF1A1","GO_Biological_Process_2023","brown"
"Chaperone Cofactor-Dependent Protein Refolding (GO:0051085)","1/27",0.126656642302827,0.24598856312308,0,0,7.72105672105672,15.9538300108164,"HSPA8","GO_Biological_Process_2023","brown"
"Positive Regulation Of Nitric Oxide Biosynthetic Process (GO:0045429)","1/27",0.126656642302827,0.24598856312308,0,0,7.72105672105672,15.9538300108164,"HSP90AB1","GO_Biological_Process_2023","brown"
"Negative Regulation Of NIK/NF-kappaB Signaling (GO:1901223)","1/27",0.126656642302827,0.24598856312308,0,0,7.72105672105672,15.9538300108164,"TMSB4X","GO_Biological_Process_2023","brown"
"Golgi To Plasma Membrane Protein Transport (GO:0043001)","1/28",0.131029255394866,0.248161147850428,0,0,7.43471754582866,15.1098341340557,"VAMP2","GO_Biological_Process_2023","brown"
"Negative Regulation Of Signaling (GO:0023057)","1/28",0.131029255394866,0.248161147850428,0,0,7.43471754582866,15.1098341340557,"HSP90AB1","GO_Biological_Process_2023","brown"
"Regulation Of Protein Transport (GO:0051223)","1/28",0.131029255394866,0.248161147850428,0,0,7.43471754582866,15.1098341340557,"HSPA8","GO_Biological_Process_2023","brown"
"Cell-Substrate Junction Assembly (GO:0007044)","1/28",0.131029255394866,0.248161147850428,0,0,7.43471754582866,15.1098341340557,"DYNLL1","GO_Biological_Process_2023","brown"
"Regulation Of Sodium Ion Transmembrane Transport (GO:1902305)","1/28",0.131029255394866,0.248161147850428,0,0,7.43471754582866,15.1098341340557,"YWHAH","GO_Biological_Process_2023","brown"
"Positive Regulation Of Nitric Oxide Metabolic Process (GO:1904407)","1/28",0.131029255394866,0.248161147850428,0,0,7.43471754582866,15.1098341340557,"HSP90AB1","GO_Biological_Process_2023","brown"
"Primary Neural Tube Formation (GO:0014020)","1/28",0.131029255394866,0.248161147850428,0,0,7.43471754582866,15.1098341340557,"DYNLL1","GO_Biological_Process_2023","brown"
"Membrane Fusion (GO:0061025)","1/28",0.131029255394866,0.248161147850428,0,0,7.43471754582866,15.1098341340557,"VAMP2","GO_Biological_Process_2023","brown"
"Pyroptosis (GO:0070269)","1/28",0.131029255394866,0.248161147850428,0,0,7.43471754582866,15.1098341340557,"NLRC4","GO_Biological_Process_2023","brown"
"Mucosal Immune Response (GO:0002385)","1/28",0.131029255394866,0.248161147850428,0,0,7.43471754582866,15.1098341340557,"FAU","GO_Biological_Process_2023","brown"
"Protein-Containing Complex Organization (GO:0043933)","2/126",0.131162095513998,0.248161147850428,0,0,3.25477287689269,6.61148963539459,"CHCHD10;VAMP2","GO_Biological_Process_2023","brown"
"Carbohydrate Derivative Biosynthetic Process (GO:1901137)","1/29",0.13538019382269,0.249694362061987,0,0,7.16883116883117,14.3352837783296,"TPI1","GO_Biological_Process_2023","brown"
"Regulation Of Protein Modification By Small Protein Conjugation Or Removal (GO:1903320)","1/29",0.13538019382269,0.249694362061987,0,0,7.16883116883117,14.3352837783296,"HSP90AB1","GO_Biological_Process_2023","brown"
"Response To Interferon-Beta (GO:0035456)","1/29",0.13538019382269,0.249694362061987,0,0,7.16883116883117,14.3352837783296,"CALM1","GO_Biological_Process_2023","brown"
"Response To Steroid Hormone (GO:0048545)","1/29",0.13538019382269,0.249694362061987,0,0,7.16883116883117,14.3352837783296,"HSPA8","GO_Biological_Process_2023","brown"
"Positive Regulation Of Microtubule Polymerization (GO:0031116)","1/29",0.13538019382269,0.249694362061987,0,0,7.16883116883117,14.3352837783296,"RPS3","GO_Biological_Process_2023","brown"
"Tube Closure (GO:0060606)","1/29",0.13538019382269,0.249694362061987,0,0,7.16883116883117,14.3352837783296,"DYNLL1","GO_Biological_Process_2023","brown"
"Vacuolar Acidification (GO:0007035)","1/29",0.13538019382269,0.249694362061987,0,0,7.16883116883117,14.3352837783296,"ATP6V1F","GO_Biological_Process_2023","brown"
"Positive Regulation Of Viral Genome Replication (GO:0045070)","1/29",0.13538019382269,0.249694362061987,0,0,7.16883116883117,14.3352837783296,"PPIA","GO_Biological_Process_2023","brown"
"Lipid Droplet Organization (GO:0034389)","1/29",0.13538019382269,0.249694362061987,0,0,7.16883116883117,14.3352837783296,"PPIA","GO_Biological_Process_2023","brown"
"Maintenance Of Blood-Brain Barrier (GO:0035633)","1/29",0.13538019382269,0.249694362061987,0,0,7.16883116883117,14.3352837783296,"ACTG1","GO_Biological_Process_2023","brown"
"Morphogenesis Of An Epithelium (GO:0002009)","1/29",0.13538019382269,0.249694362061987,0,0,7.16883116883117,14.3352837783296,"ACTG1","GO_Biological_Process_2023","brown"
"Protein Homooligomerization (GO:0051260)","2/129",0.136230230372323,0.250117461685859,0,0,3.17740639562912,6.33387036002479,"NLRC4;ALDOA","GO_Biological_Process_2023","brown"
"Regulation Of DNA Repair (GO:0006282)","2/129",0.136230230372323,0.250117461685859,0,0,3.17740639562912,6.33387036002479,"RPS3;ACTB","GO_Biological_Process_2023","brown"
"Cytokine-Mediated Signaling Pathway (GO:0019221)","3/257",0.137965089594304,0.252479615512526,0,0,2.39215845442,4.73827886200115,"TMSB4X;TRAF5;MT3","GO_Biological_Process_2023","brown"
"Regulation Of Dendritic Spine Morphogenesis (GO:0061001)","1/30",0.139709563918842,0.252479615512526,0,0,6.92128178335075,13.6223945108193,"CFL1","GO_Biological_Process_2023","brown"
"Positive Regulation Of JUN Kinase Activity (GO:0043507)","1/30",0.139709563918842,0.252479615512526,0,0,6.92128178335075,13.6223945108193,"RPS3","GO_Biological_Process_2023","brown"
"Response To Epidermal Growth Factor (GO:0070849)","1/30",0.139709563918842,0.252479615512526,0,0,6.92128178335075,13.6223945108193,"EEF1A1","GO_Biological_Process_2023","brown"
"Maturation Of SSU-rRNA From Tricistronic rRNA Transcript (SSU-rRNA, 5.8S rRNA, LSU-rRNA) (GO:0000462)","1/30",0.139709563918842,0.252479615512526,0,0,6.92128178335075,13.6223945108193,"RPS8","GO_Biological_Process_2023","brown"
"Negative Regulation Of Axon Extension (GO:0030517)","1/30",0.139709563918842,0.252479615512526,0,0,6.92128178335075,13.6223945108193,"MT3","GO_Biological_Process_2023","brown"
"Regulation Of Calcium-Mediated Signaling (GO:0050848)","1/30",0.139709563918842,0.252479615512526,0,0,6.92128178335075,13.6223945108193,"CALM2","GO_Biological_Process_2023","brown"
"Plasma Membrane Bounded Cell Projection Organization (GO:0120036)","2/132",0.141341709574619,0.254857758203898,0,0,3.10361067503925,6.07244658574773,"STMN1;STMN3","GO_Biological_Process_2023","brown"
"Negative Regulation Of Developmental Growth (GO:0048640)","1/31",0.144017471501311,0.256243006688867,0,0,6.69023569023569,12.9644769200402,"MT3","GO_Biological_Process_2023","brown"
"Regulation Of Dendrite Morphogenesis (GO:0048814)","1/31",0.144017471501311,0.256243006688867,0,0,6.69023569023569,12.9644769200402,"YWHAH","GO_Biological_Process_2023","brown"
"Negative Regulation Of Microtubule Polymerization Or Depolymerization (GO:0031111)","1/31",0.144017471501311,0.256243006688867,0,0,6.69023569023569,12.9644769200402,"STMN1","GO_Biological_Process_2023","brown"
"Regulation Of Protein Localization To Cell Surface (GO:2000008)","1/31",0.144017471501311,0.256243006688867,0,0,6.69023569023569,12.9644769200402,"HSP90AB1","GO_Biological_Process_2023","brown"
"Negative Regulation Of Cell-Matrix Adhesion (GO:0001953)","1/31",0.144017471501311,0.256243006688867,0,0,6.69023569023569,12.9644769200402,"DYNLL1","GO_Biological_Process_2023","brown"
"Regulation Of Cell Morphogenesis (GO:0022604)","1/31",0.144017471501311,0.256243006688867,0,0,6.69023569023569,12.9644769200402,"CFL1","GO_Biological_Process_2023","brown"
"'De Novo' Post-Translational Protein Folding (GO:0051084)","1/32",0.148304021933978,0.259854438432144,0,0,6.47409579667644,12.3557529781019,"HSPA8","GO_Biological_Process_2023","brown"
"Negative Regulation Of Proteasomal Ubiquitin-Dependent Protein Catabolic Process (GO:0032435)","1/32",0.148304021933978,0.259854438432144,0,0,6.47409579667644,12.3557529781019,"HSP90AB1","GO_Biological_Process_2023","brown"
"Neural Tube Closure (GO:0001843)","1/32",0.148304021933978,0.259854438432144,0,0,6.47409579667644,12.3557529781019,"DYNLL1","GO_Biological_Process_2023","brown"
"Regulation Of Transmembrane Transport (GO:0034762)","1/32",0.148304021933978,0.259854438432144,0,0,6.47409579667644,12.3557529781019,"ACTB","GO_Biological_Process_2023","brown"
"Intracellular pH Reduction (GO:0051452)","1/32",0.148304021933978,0.259854438432144,0,0,6.47409579667644,12.3557529781019,"ATP6V1F","GO_Biological_Process_2023","brown"
"Mitochondrial Membrane Organization (GO:0007006)","1/32",0.148304021933978,0.259854438432144,0,0,6.47409579667644,12.3557529781019,"SLC25A4","GO_Biological_Process_2023","brown"
"Purine Ribonucleoside Triphosphate Metabolic Process (GO:0009205)","1/32",0.148304021933978,0.259854438432144,0,0,6.47409579667644,12.3557529781019,"HSPA8","GO_Biological_Process_2023","brown"
"Regulation Of Sprouting Angiogenesis (GO:1903670)","1/33",0.152569319997184,0.263320924877367,0,0,6.27146464646465,11.7912078898077,"PKM","GO_Biological_Process_2023","brown"
"Signal Transduction By P53 Class Mediator (GO:0072331)","1/33",0.152569319997184,0.263320924877367,0,0,6.27146464646465,11.7912078898077,"HINT1","GO_Biological_Process_2023","brown"
"Positive Regulation Of Ion Transmembrane Transporter Activity (GO:0032414)","1/33",0.152569319997184,0.263320924877367,0,0,6.27146464646465,11.7912078898077,"NDUFA4","GO_Biological_Process_2023","brown"
"intra-Golgi Vesicle-Mediated Transport (GO:0006891)","1/33",0.152569319997184,0.263320924877367,0,0,6.27146464646465,11.7912078898077,"GABARAPL2","GO_Biological_Process_2023","brown"
"Positive Regulation Of Telomerase Activity (GO:0051973)","1/33",0.152569319997184,0.263320924877367,0,0,6.27146464646465,11.7912078898077,"HSP90AB1","GO_Biological_Process_2023","brown"
"Regulation Of NLRP3 Inflammasome Complex Assembly (GO:1900225)","1/33",0.152569319997184,0.263320924877367,0,0,6.27146464646465,11.7912078898077,"HSPA8","GO_Biological_Process_2023","brown"
"Regulation Of Activated T Cell Proliferation (GO:0046006)","1/33",0.152569319997184,0.263320924877367,0,0,6.27146464646465,11.7912078898077,"RPS3","GO_Biological_Process_2023","brown"
"Positive Regulation Of Apoptotic Process (GO:0043065)","3/270",0.153105703772365,0.263666424818829,0,0,2.27418047028843,4.26778784074879,"RPS3;NLRC4;DYNLL1","GO_Biological_Process_2023","brown"
"Intracellular Calcium Ion Homeostasis (GO:0006874)","2/139",0.1534237633251,0.263666424818829,0,0,2.94398927454193,5.51865948464525,"SMDT1;TPT1","GO_Biological_Process_2023","brown"
"Regulation Of Metal Ion Transport (GO:0010959)","1/34",0.156813470025957,0.266087698612465,0,0,6.08111417202326,11.2664696999635,"YWHAH","GO_Biological_Process_2023","brown"
"Regulation Of Neuronal Synaptic Plasticity (GO:0048168)","1/34",0.156813470025957,0.266087698612465,0,0,6.08111417202326,11.2664696999635,"RAB3A","GO_Biological_Process_2023","brown"
"Organophosphate Biosynthetic Process (GO:0090407)","1/34",0.156813470025957,0.266087698612465,0,0,6.08111417202326,11.2664696999635,"TPI1","GO_Biological_Process_2023","brown"
"Cellular Response To Hydrogen Peroxide (GO:0070301)","1/34",0.156813470025957,0.266087698612465,0,0,6.08111417202326,11.2664696999635,"RPS3","GO_Biological_Process_2023","brown"
"Purine Nucleotide Metabolic Process (GO:0006163)","1/34",0.156813470025957,0.266087698612465,0,0,6.08111417202326,11.2664696999635,"MDH1","GO_Biological_Process_2023","brown"
"Regulation Of T Cell Receptor Signaling Pathway (GO:0050856)","1/34",0.156813470025957,0.266087698612465,0,0,6.08111417202326,11.2664696999635,"RPS3","GO_Biological_Process_2023","brown"
"Action Potential (GO:0001508)","1/35",0.161036575774195,0.270407250154169,0,0,5.90196078431373,10.7777108251808,"YWHAH","GO_Biological_Process_2023","brown"
"Regulation Of Regulated Secretory Pathway (GO:1903305)","1/35",0.161036575774195,0.270407250154169,0,0,5.90196078431373,10.7777108251808,"RAB3A","GO_Biological_Process_2023","brown"
"Regulation Of Sodium Ion Transport (GO:0002028)","1/35",0.161036575774195,0.270407250154169,0,0,5.90196078431373,10.7777108251808,"YWHAH","GO_Biological_Process_2023","brown"
"Intrinsic Apoptotic Signaling Pathway By P53 Class Mediator (GO:0072332)","1/35",0.161036575774195,0.270407250154169,0,0,5.90196078431373,10.7777108251808,"HINT1","GO_Biological_Process_2023","brown"
"Regulation Of Axon Extension (GO:0030516)","1/35",0.161036575774195,0.270407250154169,0,0,5.90196078431373,10.7777108251808,"MT3","GO_Biological_Process_2023","brown"
"Actin Filament Organization (GO:0007015)","2/144",0.162174238541576,0.271751426745344,0,0,2.83960908306985,5.16548737879535,"TAGLN3;ALDOA","GO_Biological_Process_2023","brown"
"DNA Damage Response, Signal Transduction By P53 Class Mediator (GO:0030330)","1/36",0.165238740567014,0.275170299373994,0,0,5.73304473304473,10.3215669941692,"RPL26","GO_Biological_Process_2023","brown"
"Regulation Of Intracellular Protein Transport (GO:0033157)","1/36",0.165238740567014,0.275170299373994,0,0,5.73304473304473,10.3215669941692,"VAMP2","GO_Biological_Process_2023","brown"
"Regulation Of Trans-Synaptic Signaling (GO:0099177)","1/36",0.165238740567014,0.275170299373994,0,0,5.73304473304473,10.3215669941692,"FABP5","GO_Biological_Process_2023","brown"
"Neuron Projection Morphogenesis (GO:0048812)","2/146",0.165699874581937,0.275369276109363,0,0,2.79988662131519,5.03301210512649,"RAB3A;UBB","GO_Biological_Process_2023","brown"
"Positive Regulation Of Cell Differentiation (GO:0045597)","3/283",0.16874817701987,0.278678722749349,0,0,2.16715758468336,3.85612697682446,"PCP4;HSP90AB1;ACTB","GO_Biological_Process_2023","brown"
"Negative Regulation Of Stress-Activated MAPK Cascade (GO:0032873)","1/37",0.169420067180126,0.278678722749349,0,0,5.57351290684624,9.89507014564132,"PPIA","GO_Biological_Process_2023","brown"
"Regulation Of Sodium Ion Transmembrane Transporter Activity (GO:2000649)","1/37",0.169420067180126,0.278678722749349,0,0,5.57351290684624,9.89507014564132,"YWHAH","GO_Biological_Process_2023","brown"
"Positive Regulation Of Exocytosis (GO:0045921)","1/37",0.169420067180126,0.278678722749349,0,0,5.57351290684624,9.89507014564132,"RAB3A","GO_Biological_Process_2023","brown"
"Regulation Of Cellular Component Biogenesis (GO:0044087)","1/37",0.169420067180126,0.278678722749349,0,0,5.57351290684624,9.89507014564132,"HSPA8","GO_Biological_Process_2023","brown"
"Regulation Of Cell Migration (GO:0030334)","4/434",0.172573934794097,0.282068569138892,0,0,1.88662790697674,3.31467227591773,"TMSB4X;DYNLL1;TMSB10;ACTG1","GO_Biological_Process_2023","brown"
"Neuron Development (GO:0048666)","2/150",0.172791328093857,0.282068569138892,0,0,2.72366243794815,4.7818540898178,"STMN1;STMN3","GO_Biological_Process_2023","brown"
"protein-RNA Complex Assembly (GO:0022618)","2/150",0.172791328093857,0.282068569138892,0,0,2.72366243794815,4.7818540898178,"HSP90AB1;RPSA","GO_Biological_Process_2023","brown"
"Establishment Of Protein Localization To Plasma Membrane (GO:0061951)","1/38",0.173580657931626,0.282068569138892,0,0,5.42260442260442,9.49559255823113,"VAMP2","GO_Biological_Process_2023","brown"
"Fatty Acid Transport (GO:0015908)","1/38",0.173580657931626,0.282068569138892,0,0,5.42260442260442,9.49559255823113,"FABP5","GO_Biological_Process_2023","brown"
"Maturation Of SSU-rRNA (GO:0030490)","1/38",0.173580657931626,0.282068569138892,0,0,5.42260442260442,9.49559255823113,"RPS8","GO_Biological_Process_2023","brown"
"Cellular Response To Organic Cyclic Compound (GO:0071407)","2/152",0.176355929682795,0.283088567869935,0,0,2.68707482993197,4.66274928128808,"HSPA8;ACTB","GO_Biological_Process_2023","brown"
"Negative Regulation Of Mitochondrion Organization (GO:0010823)","1/39",0.17772061456847,0.283088567869935,0,0,5.27963849016481,9.12080010262218,"SLC25A4","GO_Biological_Process_2023","brown"
"Regulation Of Mitochondrial Membrane Potential (GO:0051881)","1/39",0.17772061456847,0.283088567869935,0,0,5.27963849016481,9.12080010262218,"UBB","GO_Biological_Process_2023","brown"
"Negative Regulation Of Ubiquitin-Dependent Protein Catabolic Process (GO:2000059)","1/39",0.17772061456847,0.283088567869935,0,0,5.27963849016481,9.12080010262218,"HSP90AB1","GO_Biological_Process_2023","brown"
"Neuron Projection Extension (GO:1990138)","1/39",0.17772061456847,0.283088567869935,0,0,5.27963849016481,9.12080010262218,"HSP90AB1","GO_Biological_Process_2023","brown"
"Regulation Of Nitric Oxide Biosynthetic Process (GO:0045428)","1/39",0.17772061456847,0.283088567869935,0,0,5.27963849016481,9.12080010262218,"HSP90AB1","GO_Biological_Process_2023","brown"
"Organelle Transport Along Microtubule (GO:0072384)","1/39",0.17772061456847,0.283088567869935,0,0,5.27963849016481,9.12080010262218,"UBB","GO_Biological_Process_2023","brown"
"Positive Regulation Of ATP-dependent Activity (GO:0032781)","1/39",0.17772061456847,0.283088567869935,0,0,5.27963849016481,9.12080010262218,"GABARAPL2","GO_Biological_Process_2023","brown"
"Retina Homeostasis (GO:0001895)","1/39",0.17772061456847,0.283088567869935,0,0,5.27963849016481,9.12080010262218,"ACTG1","GO_Biological_Process_2023","brown"
"Positive Regulation Of Intracellular Transport (GO:0032388)","1/39",0.17772061456847,0.283088567869935,0,0,5.27963849016481,9.12080010262218,"VAMP2","GO_Biological_Process_2023","brown"
"Regulation Of Glycolytic Process (GO:0006110)","1/40",0.181840038445641,0.287943165004295,0,0,5.14400414400414,8.76861291991989,"PGAM1","GO_Biological_Process_2023","brown"
"Regulation Of Small Molecule Metabolic Process (GO:0062012)","1/40",0.181840038445641,0.287943165004295,0,0,5.14400414400414,8.76861291991989,"PGAM1","GO_Biological_Process_2023","brown"
"Cellular Response To Heat (GO:0034605)","1/40",0.181840038445641,0.287943165004295,0,0,5.14400414400414,8.76861291991989,"HSP90AB1","GO_Biological_Process_2023","brown"
"Negative Regulation Of Proteolysis (GO:0045861)","1/41",0.185939030336605,0.292708707912702,0,0,5.01515151515152,8.43717221072756,"CST3","GO_Biological_Process_2023","brown"
"Positive Regulation Of Viral Process (GO:0048524)","1/41",0.185939030336605,0.292708707912702,0,0,5.01515151515152,8.43717221072756,"PPIA","GO_Biological_Process_2023","brown"
"Regulation Of Amide Metabolic Process (GO:0034248)","1/41",0.185939030336605,0.292708707912702,0,0,5.01515151515152,8.43717221072756,"PGAM1","GO_Biological_Process_2023","brown"
"Translational Elongation (GO:0006414)","1/42",0.190017690585897,0.297386909926667,0,0,4.89258438038926,8.12481204328322,"EEF1A1","GO_Biological_Process_2023","brown"
"Positive Regulation Of Neuron Differentiation (GO:0045666)","1/42",0.190017690585897,0.297386909926667,0,0,4.89258438038926,8.12481204328322,"PCP4","GO_Biological_Process_2023","brown"
"Lysosome Localization (GO:0032418)","1/42",0.190017690585897,0.297386909926667,0,0,4.89258438038926,8.12481204328322,"RAB3A","GO_Biological_Process_2023","brown"
"Regulation Of JUN Kinase Activity (GO:0043506)","1/43",0.19407611900782,0.303149906822292,0,0,4.77585377585378,7.83003533696715,"RPS3","GO_Biological_Process_2023","brown"
"Positive Regulation Of Chemotaxis (GO:0050921)","1/44",0.1981144149655,0.308859223331127,0,0,4.6645525017618,7.55149331126355,"TMSB4X","GO_Biological_Process_2023","brown"
"Regulation Of Cellular Metabolic Process (GO:0031323)","1/45",0.202132677279174,0.31270429536855,0,0,4.55831037649219,7.28796784173202,"PGAM1","GO_Biological_Process_2023","brown"
"Regulation Of Telomerase Activity (GO:0051972)","1/45",0.202132677279174,0.31270429536855,0,0,4.55831037649219,7.28796784173202,"HSP90AB1","GO_Biological_Process_2023","brown"
"Establishment Of Protein Localization To Extracellular Region (GO:0035592)","1/45",0.202132677279174,0.31270429536855,0,0,4.55831037649219,7.28796784173202,"RAB3A","GO_Biological_Process_2023","brown"
"Zymogen Activation (GO:0031638)","1/45",0.202132677279174,0.31270429536855,0,0,4.55831037649219,7.28796784173202,"NLRC4","GO_Biological_Process_2023","brown"
"Membrane Organization (GO:0061024)","2/167",0.203427034299401,0.314103811581068,0,0,2.44094001236858,3.88706977769903,"HSPA8;VAMP2","GO_Biological_Process_2023","brown"
"Regulation Of Fibroblast Proliferation (GO:0048145)","1/46",0.206131004383124,0.315159074203424,0,0,4.45679012345679,7.03835624820852,"FTH1","GO_Biological_Process_2023","brown"
"Response To Glucose (GO:0009749)","1/46",0.206131004383124,0.315159074203424,0,0,4.45679012345679,7.03835624820852,"VAMP2","GO_Biological_Process_2023","brown"
"Positive Regulation Of Blood Vessel Endothelial Cell Migration (GO:0043536)","1/46",0.206131004383124,0.315159074203424,0,0,4.45679012345679,7.03835624820852,"TMSB4X","GO_Biological_Process_2023","brown"
"Response To Hydrogen Peroxide (GO:0042542)","1/46",0.206131004383124,0.315159074203424,0,0,4.45679012345679,7.03835624820852,"RPS3","GO_Biological_Process_2023","brown"
"Negative Regulation Of Cellular Metabolic Process (GO:0031324)","1/46",0.206131004383124,0.315159074203424,0,0,4.45679012345679,7.03835624820852,"MT3","GO_Biological_Process_2023","brown"
"Protein Transport (GO:0015031)","3/313",0.206456564738719,0.315159074203424,0,0,1.95443964083804,3.08345146343952,"RAB3A;VAMP2;YWHAH","GO_Biological_Process_2023","brown"
"Negative Regulation Of Hydrolase Activity (GO:0051346)","1/47",0.210109494168341,0.318323782518201,0,0,4.3596837944664,6.80165814675797,"CST3","GO_Biological_Process_2023","brown"
"Golgi To Plasma Membrane Transport (GO:0006893)","1/47",0.210109494168341,0.318323782518201,0,0,4.3596837944664,6.80165814675797,"VAMP2","GO_Biological_Process_2023","brown"
"Regulation Of Interleukin-2 Production (GO:0032663)","1/47",0.210109494168341,0.318323782518201,0,0,4.3596837944664,6.80165814675797,"RPS3","GO_Biological_Process_2023","brown"
"Regulation Of T Cell Differentiation (GO:0045580)","1/47",0.210109494168341,0.318323782518201,0,0,4.3596837944664,6.80165814675797,"ACTB","GO_Biological_Process_2023","brown"
"Cytoplasmic Microtubule Organization (GO:0031122)","1/48",0.214068244088033,0.323712954474587,0,0,4.26670964968837,6.57696403663591,"STMN3","GO_Biological_Process_2023","brown"
"Regulation Of Neuron Projection Development (GO:0010975)","2/174",0.216221657628596,0.325747020651679,0,0,2.34076886568581,3.58477329939303,"CFL1;MT3","GO_Biological_Process_2023","brown"
"Positive Regulation Of Cellular Biosynthetic Process (GO:0031328)","2/174",0.216221657628596,0.325747020651679,0,0,2.34076886568581,3.58477329939303,"HSP90AB1;RPL26","GO_Biological_Process_2023","brown"
"Antibacterial Humoral Response (GO:0019731)","1/49",0.21800735103248,0.326605808424124,0,0,4.17760942760943,6.36344537186664,"FAU","GO_Biological_Process_2023","brown"
"Proton Transmembrane Transport (GO:1902600)","1/49",0.21800735103248,0.326605808424124,0,0,4.17760942760943,6.36344537186664,"ATP6V1F","GO_Biological_Process_2023","brown"
"Negative Regulation Of DNA Metabolic Process (GO:0051053)","1/49",0.21800735103248,0.326605808424124,0,0,4.17760942760943,6.36344537186664,"RPS3","GO_Biological_Process_2023","brown"
"Positive Regulation Of Gene Expression (GO:0010628)","4/480",0.219401380463062,0.328084439059792,0,0,1.70028011204482,2.57907403522525,"RPS3;RPL26;MT3;ACTG1","GO_Biological_Process_2023","brown"
"Negative Regulation Of Apoptotic Process (GO:0043066)","4/482",0.221513758688617,0.328207505903982,0,0,1.69299163179916,2.55179647109458,"PRDX2;CFL1;MT3;TPT1","GO_Biological_Process_2023","brown"
"Plasma Membrane Bounded Cell Projection Morphogenesis (GO:0120039)","1/50",0.221926911560385,0.328207505903982,0,0,4.09214594928881,6.16034588762116,"UBB","GO_Biological_Process_2023","brown"
"Positive Regulation Of Cell Death (GO:0010942)","1/50",0.221926911560385,0.328207505903982,0,0,4.09214594928881,6.16034588762116,"MT3","GO_Biological_Process_2023","brown"
"Dicarboxylic Acid Metabolic Process (GO:0043648)","1/50",0.221926911560385,0.328207505903982,0,0,4.09214594928881,6.16034588762116,"MDH1","GO_Biological_Process_2023","brown"
"Ribosome Assembly (GO:0042255)","1/50",0.221926911560385,0.328207505903982,0,0,4.09214594928881,6.16034588762116,"RPSA","GO_Biological_Process_2023","brown"
"Intracellular Iron Ion Homeostasis (GO:0006879)","1/50",0.221926911560385,0.328207505903982,0,0,4.09214594928881,6.16034588762116,"FTH1","GO_Biological_Process_2023","brown"
"Regulation Of Stress-Activated MAPK Cascade (GO:0032872)","1/51",0.225827021656465,0.332754258601666,0,0,4.01010101010101,5.96697401593565,"PPIA","GO_Biological_Process_2023","brown"
"Negative Regulation Of MAP Kinase Activity (GO:0043407)","1/51",0.225827021656465,0.332754258601666,0,0,4.01010101010101,5.96697401593565,"UCHL1","GO_Biological_Process_2023","brown"
"Rho Protein Signal Transduction (GO:0007266)","1/52",0.229707776816989,0.335406645134951,0,0,3.93127351950881,5.78269622196604,"CFL1","GO_Biological_Process_2023","brown"
"Negative Regulation Of Response To Stimulus (GO:0048585)","1/52",0.229707776816989,0.335406645134951,0,0,3.93127351950881,5.78269622196604,"RPS3","GO_Biological_Process_2023","brown"
"Regulation Of Proteolysis (GO:0030162)","1/52",0.229707776816989,0.335406645134951,0,0,3.93127351950881,5.78269622196604,"CST3","GO_Biological_Process_2023","brown"
"Cellular Response To Ionizing Radiation (GO:0071479)","1/52",0.229707776816989,0.335406645134951,0,0,3.93127351950881,5.78269622196604,"RPL26","GO_Biological_Process_2023","brown"
"Icosanoid Metabolic Process (GO:0006690)","1/52",0.229707776816989,0.335406645134951,0,0,3.93127351950881,5.78269622196604,"NLRC4","GO_Biological_Process_2023","brown"
"Regulation Of Cyclin-Dependent Protein Kinase Activity (GO:1904029)","1/53",0.233569272224541,0.336774299486548,0,0,3.85547785547786,5.60693113764998,"HSP90AB1","GO_Biological_Process_2023","brown"
"Actin Polymerization Or Depolymerization (GO:0008154)","1/53",0.233569272224541,0.336774299486548,0,0,3.85547785547786,5.60693113764998,"CFL1","GO_Biological_Process_2023","brown"
"Regulation Of Receptor Signaling Pathway Via JAK-STAT (GO:0046425)","1/53",0.233569272224541,0.336774299486548,0,0,3.85547785547786,5.60693113764998,"CALM1","GO_Biological_Process_2023","brown"
"Positive Regulation Of NIK/NF-kappaB Signaling (GO:1901224)","1/53",0.233569272224541,0.336774299486548,0,0,3.85547785547786,5.60693113764998,"RPS3","GO_Biological_Process_2023","brown"
"Endosome Organization (GO:0007032)","1/53",0.233569272224541,0.336774299486548,0,0,3.85547785547786,5.60693113764998,"ATP6V1F","GO_Biological_Process_2023","brown"
"Protein Homotetramerization (GO:0051289)","1/53",0.233569272224541,0.336774299486548,0,0,3.85547785547786,5.60693113764998,"ALDOA","GO_Biological_Process_2023","brown"
"Mitochondrial Transport (GO:0006839)","1/53",0.233569272224541,0.336774299486548,0,0,3.85547785547786,5.60693113764998,"SLC25A4","GO_Biological_Process_2023","brown"
"Phosphate-Containing Compound Metabolic Process (GO:0006796)","2/184",0.234620873621518,0.337686471676685,0,0,2.21103386409509,3.20552234069518,"ALDOC;ALDOA","GO_Biological_Process_2023","brown"
"Negative Regulation Of Neuron Projection Development (GO:0010977)","1/54",0.237411602446854,0.338679206322414,0,0,3.78254240518391,5.43914439332398,"MT3","GO_Biological_Process_2023","brown"
"Negative Regulation Of Protein Modification By Small Protein Conjugation Or Removal (GO:1903321)","1/54",0.237411602446854,0.338679206322414,0,0,3.78254240518391,5.43914439332398,"RPS3","GO_Biological_Process_2023","brown"
"Negative Regulation Of Protein Ubiquitination (GO:0031397)","1/54",0.237411602446854,0.338679206322414,0,0,3.78254240518391,5.43914439332398,"RPS3","GO_Biological_Process_2023","brown"
"Protein K63-linked Ubiquitination (GO:0070534)","1/54",0.237411602446854,0.338679206322414,0,0,3.78254240518391,5.43914439332398,"TRAF5","GO_Biological_Process_2023","brown"
"Regulation Of Blood Vessel Endothelial Cell Migration (GO:0043535)","1/54",0.237411602446854,0.338679206322414,0,0,3.78254240518391,5.43914439332398,"TMSB4X","GO_Biological_Process_2023","brown"
"Purine Ribonucleotide Biosynthetic Process (GO:0009152)","1/55",0.241234861655302,0.343525262357197,0,0,3.71230826786382,5.27884403782842,"ALDOA","GO_Biological_Process_2023","brown"
"Axonogenesis (GO:0007409)","2/188",0.242009135316354,0.344020040678979,0,0,2.16304586350669,3.06888578691104,"RAB3A;HSP90AB1","GO_Biological_Process_2023","brown"
"Pattern Recognition Receptor Signaling Pathway (GO:0002221)","1/56",0.245039143568043,0.3464939468699,0,0,3.64462809917355,5.12557648253206,"NLRC4","GO_Biological_Process_2023","brown"
"Regulation Of Reactive Oxygen Species Metabolic Process (GO:2000377)","1/56",0.245039143568043,0.3464939468699,0,0,3.64462809917355,5.12557648253206,"MT3","GO_Biological_Process_2023","brown"
"Positive Regulation Of Cellular Metabolic Process (GO:0031325)","1/56",0.245039143568043,0.3464939468699,0,0,3.64462809917355,5.12557648253206,"MT3","GO_Biological_Process_2023","brown"
"Positive Regulation Of Interleukin-1 Beta Production (GO:0032731)","1/57",0.248824541413001,0.351230438491906,0,0,3.57936507936508,4.97892289699759,"NLRC4","GO_Biological_Process_2023","brown"
"Modification-Dependent Protein Catabolic Process (GO:0019941)","2/192",0.249408486067724,0.351439230368157,0,0,2.11707841031149,2.93990892306422,"UBB;RPS27A","GO_Biological_Process_2023","brown"
"Regulation Of Cell Differentiation (GO:0045595)","2/193",0.251259665145857,0.353429825667645,0,0,2.10588738113046,2.90879559265599,"HSP90AB1;YWHAH","GO_Biological_Process_2023","brown"
"Positive Regulation Of Mitochondrion Organization (GO:0010822)","1/58",0.252591147960672,0.354683737380316,0,0,3.5163919900762,4.83849599837867,"CHCHD10","GO_Biological_Process_2023","brown"
"Negative Regulation Of Protein-Containing Complex Assembly (GO:0031333)","1/59",0.256339055642632,0.357455499736958,0,0,3.45559038662487,4.70393718537215,"HSPA8","GO_Biological_Process_2023","brown"
"Heart Morphogenesis (GO:0003007)","1/59",0.256339055642632,0.357455499736958,0,0,3.45559038662487,4.70393718537215,"DYNLL1","GO_Biological_Process_2023","brown"
"Positive Regulation Of Proteolysis (GO:0045862)","1/59",0.256339055642632,0.357455499736958,0,0,3.45559038662487,4.70393718537215,"NLRC4","GO_Biological_Process_2023","brown"
"Microtubule Cytoskeleton Organization Involved In Mitosis (GO:1902850)","1/59",0.256339055642632,0.357455499736958,0,0,3.45559038662487,4.70393718537215,"STMN1","GO_Biological_Process_2023","brown"
"Negative Regulation Of Peptidase Activity (GO:0010466)","1/60",0.260068356267662,0.362029525305243,0,0,3.39684985447697,4.57491398098809,"CST3","GO_Biological_Process_2023","brown"
"Anterograde Trans-Synaptic Signaling (GO:0098916)","2/199",0.262374132122319,0.364609569811361,0,0,2.04112711074277,2.73099502551452,"SNCG;SNCB","GO_Biological_Process_2023","brown"
"Negative Regulation Of Viral Process (GO:0048525)","1/61",0.263779141308675,0.36593113234904,0,0,3.34006734006734,4.45111773409346,"PPIA","GO_Biological_Process_2023","brown"
"Organic Substance Transport (GO:0071702)","2/201",0.266080599970853,0.368489628138329,0,0,2.02040816326531,2.67493152775878,"VAMP2;TPT1","GO_Biological_Process_2023","brown"
"Regulation Of Embryonic Development (GO:0045995)","1/62",0.267471501800711,0.368516291369868,0,0,3.28514654744163,4.33226156152993,"CFL1","GO_Biological_Process_2023","brown"
"Negative Regulation Of Kinase Activity (GO:0033673)","1/62",0.267471501800711,0.368516291369868,0,0,3.28514654744163,4.33226156152993,"PPIA","GO_Biological_Process_2023","brown"
"Positive Regulation Of Apoptotic Signaling Pathway (GO:2001235)","1/62",0.267471501800711,0.368516291369868,0,0,3.28514654744163,4.33226156152993,"RPS3","GO_Biological_Process_2023","brown"
"Positive Regulation Of Intracellular Signal Transduction (GO:1902533)","4/525",0.268113107836342,0.368769906000156,0,0,1.54982405630198,2.04010522933567,"HSP90AB1;TRAF5;RPS3;PPIA","GO_Biological_Process_2023","brown"
"Defense Response To Bacterium (GO:0042742)","2/204",0.271640541620382,0.372350810452429,0,0,1.99009900990099,2.59364753063841,"NLRC4;FAU","GO_Biological_Process_2023","brown"
"Regulation Of MAPK Cascade (GO:0043408)","2/204",0.271640541620382,0.372350810452429,0,0,1.99009900990099,2.59364753063841,"PEBP1;PPIA","GO_Biological_Process_2023","brown"
"Positive Regulation Of Macromolecule Metabolic Process (GO:0010604)","3/364",0.274150414132869,0.373507346609245,0,0,1.67395836308079,2.16623330412874,"RPS3;MT3;ACTG1","GO_Biological_Process_2023","brown"
"Positive Regulation Of Cysteine-Type Endopeptidase Activity (GO:2001056)","1/64",0.274801310842782,0.373507346609245,0,0,3.18053551386885,4.10831982313615,"NLRC4","GO_Biological_Process_2023","brown"
"Positive Regulation Of Interleukin-1 Production (GO:0032732)","1/64",0.274801310842782,0.373507346609245,0,0,3.18053551386885,4.10831982313615,"NLRC4","GO_Biological_Process_2023","brown"
"Positive Regulation Of Macroautophagy (GO:0016239)","1/64",0.274801310842782,0.373507346609245,0,0,3.18053551386885,4.10831982313615,"SLC25A4","GO_Biological_Process_2023","brown"
"Negative Regulation Of Cell Death (GO:0060548)","1/64",0.274801310842782,0.373507346609245,0,0,3.18053551386885,4.10831982313615,"MT3","GO_Biological_Process_2023","brown"
"Antimicrobial Humoral Immune Response Mediated By Antimicrobial Peptide (GO:0061844)","1/65",0.278438939213788,0.374660742915381,0,0,3.13068181818182,4.00275356439037,"FAU","GO_Biological_Process_2023","brown"
"Cellular Response To Light Stimulus (GO:0071482)","1/65",0.278438939213788,0.374660742915381,0,0,3.13068181818182,4.00275356439037,"RPL26","GO_Biological_Process_2023","brown"
"Regulation Of Translational Initiation (GO:0006446)","1/65",0.278438939213788,0.374660742915381,0,0,3.13068181818182,4.00275356439037,"EIF1","GO_Biological_Process_2023","brown"
"Positive Regulation Of DNA Biosynthetic Process (GO:2000573)","1/65",0.278438939213788,0.374660742915381,0,0,3.13068181818182,4.00275356439037,"HSP90AB1","GO_Biological_Process_2023","brown"
"Positive Regulation Of T Cell Proliferation (GO:0042102)","1/65",0.278438939213788,0.374660742915381,0,0,3.13068181818182,4.00275356439037,"RPS3","GO_Biological_Process_2023","brown"
"Regulation Of Cell-Matrix Adhesion (GO:0001952)","1/65",0.278438939213788,0.374660742915381,0,0,3.13068181818182,4.00275356439037,"ACTG1","GO_Biological_Process_2023","brown"
"Protein Stabilization (GO:0050821)","2/208",0.279052326989714,0.374860292589515,0,0,1.95106003566475,2.49024711032486,"HSP90AB1;MT3","GO_Biological_Process_2023","brown"
"Negative Regulation Of Cellular Process (GO:0048523)","4/537",0.281446130968718,0.377446891116118,0,0,1.51399312070044,1.91946199824164,"FTH1;DYNLL1;MT3;ACTB","GO_Biological_Process_2023","brown"
"Cellular Response To Type II Interferon (GO:0071346)","1/66",0.282058502576368,0.377639789163709,0,0,3.08236208236208,3.90116313048372,"CALM1","GO_Biological_Process_2023","brown"
"Regulation Of Viral Genome Replication (GO:0045069)","1/67",0.285660089808726,0.38119541785734,0,0,3.03550658096113,3.80334608196671,"PPIA","GO_Biological_Process_2023","brown"
"Protein Secretion (GO:0009306)","1/67",0.285660089808726,0.38119541785734,0,0,3.03550658096113,3.80334608196671,"RAB3A","GO_Biological_Process_2023","brown"
"Regulation Of Monoatomic Ion Transmembrane Transporter Activity (GO:0032412)","1/69",0.29280968888067,0.390090263203008,0,0,2.94592988710636,3.61828655610275,"YWHAH","GO_Biological_Process_2023","brown"
"Neutrophil Chemotaxis (GO:0030593)","1/70",0.296357876203525,0.392224052906471,0,0,2.9030888596106,3.53070042231205,"PPIA","GO_Biological_Process_2023","brown"
"Positive Regulation Of Protein Polymerization (GO:0032273)","1/70",0.296357876203525,0.392224052906471,0,0,2.9030888596106,3.53070042231205,"RPS3","GO_Biological_Process_2023","brown"
"Protein K48-linked Ubiquitination (GO:0070936)","1/70",0.296357876203525,0.392224052906471,0,0,2.9030888596106,3.53070042231205,"RNF187","GO_Biological_Process_2023","brown"
"Regulation Of Actin Filament-Based Process (GO:0032970)","1/70",0.296357876203525,0.392224052906471,0,0,2.9030888596106,3.53070042231205,"DYNLL1","GO_Biological_Process_2023","brown"
"Regulation Of Double-Strand Break Repair Via Homologous Recombination (GO:0010569)","1/71",0.299888438313403,0.394306821012402,0,0,2.86147186147186,3.44619860155019,"ACTB","GO_Biological_Process_2023","brown"
"Regulation Of Hydrolase Activity (GO:0051336)","1/71",0.299888438313403,0.394306821012402,0,0,2.86147186147186,3.44619860155019,"STMN3","GO_Biological_Process_2023","brown"
"Cell-Cell Junction Assembly (GO:0007043)","1/71",0.299888438313403,0.394306821012402,0,0,2.86147186147186,3.44619860155019,"ACTG1","GO_Biological_Process_2023","brown"
"Protein Autoubiquitination (GO:0051865)","1/71",0.299888438313403,0.394306821012402,0,0,2.86147186147186,3.44619860155019,"RNF187","GO_Biological_Process_2023","brown"
"Proteasomal Protein Catabolic Process (GO:0010498)","2/220",0.301251238358975,0.395453579995658,0,0,1.84253885040255,2.21069779738564,"UCHL1;RNF187","GO_Biological_Process_2023","brown"
"Regulation Of Cellular Localization (GO:0060341)","1/72",0.303401461859655,0.39569834669722,0,0,2.82102717313985,3.36463457832852,"HSP90AB1","GO_Biological_Process_2023","brown"
"Cellular Response To Hypoxia (GO:0071456)","1/72",0.303401461859655,0.39569834669722,0,0,2.82102717313985,3.36463457832852,"MT3","GO_Biological_Process_2023","brown"
"Plasma Membrane Organization (GO:0007009)","1/72",0.303401461859655,0.39569834669722,0,0,2.82102717313985,3.36463457832852,"RAB3A","GO_Biological_Process_2023","brown"
"Negative Regulation Of Catabolic Process (GO:0009895)","1/72",0.303401461859655,0.39569834669722,0,0,2.82102717313985,3.36463457832852,"CST3","GO_Biological_Process_2023","brown"
"Positive Regulation Of Multicellular Organismal Process (GO:0051240)","3/387",0.305495664726813,0.397044957765936,0,0,1.57184278350515,1.86392212417949,"FABP5;CFL1;ACTB","GO_Biological_Process_2023","brown"
"Cellular Response To Decreased Oxygen Levels (GO:0036294)","1/73",0.306897033111884,0.397044957765936,0,0,2.78170594837262,3.28587063696556,"MT3","GO_Biological_Process_2023","brown"
"Granulocyte Chemotaxis (GO:0071621)","1/73",0.306897033111884,0.397044957765936,0,0,2.78170594837262,3.28587063696556,"PPIA","GO_Biological_Process_2023","brown"
"Protein Tetramerization (GO:0051262)","1/73",0.306897033111884,0.397044957765936,0,0,2.78170594837262,3.28587063696556,"ALDOA","GO_Biological_Process_2023","brown"
"Monocarboxylic Acid Transport (GO:0015718)","1/73",0.306897033111884,0.397044957765936,0,0,2.78170594837262,3.28587063696556,"FABP5","GO_Biological_Process_2023","brown"
"Negative Regulation Of Neuron Apoptotic Process (GO:0043524)","1/74",0.310375237892897,0.400901348944992,0,0,2.74346201743462,3.20977722405069,"MT3","GO_Biological_Process_2023","brown"
"Protein Polyubiquitination (GO:0000209)","2/226",0.312314066814125,0.402760220563496,0,0,1.79263848396501,2.08617581689357,"TRAF5;RNF187","GO_Biological_Process_2023","brown"
"Apoptotic Process (GO:0006915)","2/228",0.315994207705089,0.406855161997287,0,0,1.77659382337006,2.04669186176984,"DYNLL1;PPIA","GO_Biological_Process_2023","brown"
"Positive Regulation Of Protein Secretion (GO:0050714)","1/76",0.317279889350664,0.407209539516936,0,0,2.67003367003367,3.0651211233087,"PPIA","GO_Biological_Process_2023","brown"
"Regulation Of Ras Protein Signal Transduction (GO:0046578)","1/76",0.317279889350664,0.407209539516936,0,0,2.67003367003367,3.0651211233087,"DYNLL1","GO_Biological_Process_2023","brown"
"Neutrophil Migration (GO:1990266)","1/77",0.320706505558706,0.407443677919988,0,0,2.6347687400319,2.99633512170869,"PPIA","GO_Biological_Process_2023","brown"
"Cell Morphogenesis Involved In Neuron Differentiation (GO:0048667)","1/77",0.320706505558706,0.407443677919988,0,0,2.6347687400319,2.99633512170869,"RAB3A","GO_Biological_Process_2023","brown"
"Positive Regulation Of JNK Cascade (GO:0046330)","1/77",0.320706505558706,0.407443677919988,0,0,2.6347687400319,2.99633512170869,"TRAF5","GO_Biological_Process_2023","brown"
"Positive Regulation Of Response To Stimulus (GO:0048584)","1/77",0.320706505558706,0.407443677919988,0,0,2.6347687400319,2.99633512170869,"RPS3","GO_Biological_Process_2023","brown"
"Positive Regulation Of Synaptic Transmission (GO:0050806)","1/77",0.320706505558706,0.407443677919988,0,0,2.6347687400319,2.99633512170869,"VAMP2","GO_Biological_Process_2023","brown"
"Monoatomic Cation Homeostasis (GO:0055080)","1/77",0.320706505558706,0.407443677919988,0,0,2.6347687400319,2.99633512170869,"MT3","GO_Biological_Process_2023","brown"
"Negative Regulation Of Intracellular Signal Transduction (GO:1902532)","2/231",0.321506425753241,0.407443677919988,0,0,1.75305231262811,1.98925463460844,"TMSB4X;PEBP1","GO_Biological_Process_2023","brown"
"Positive Regulation Of Phosphorylation (GO:0042327)","2/231",0.321506425753241,0.407443677919988,0,0,1.75305231262811,1.98925463460844,"PPIA;MT3","GO_Biological_Process_2023","brown"
"Negative Regulation Of Protein Modification Process (GO:0031400)","1/78",0.324116094429913,0.41010607866642,0,0,2.60041978223796,2.92977207832515,"PPIA","GO_Biological_Process_2023","brown"
"Positive Regulation Of Developmental Process (GO:0051094)","2/233",0.325175502475933,0.410801653598122,0,0,1.73769767647319,1.95211260075993,"HSP90AB1;CFL1","GO_Biological_Process_2023","brown"
"Cellular Response To UV (GO:0034644)","1/79",0.32750873980153,0.411171408535877,0,0,2.56695156695157,2.86533539771871,"RPL26","GO_Biological_Process_2023","brown"
"Vesicle Fusion (GO:0006906)","1/79",0.32750873980153,0.411171408535877,0,0,2.56695156695157,2.86533539771871,"VAMP2","GO_Biological_Process_2023","brown"
"Positive Regulation Of Protein Modification By Small Protein Conjugation Or Removal (GO:1903322)","1/79",0.32750873980153,0.411171408535877,0,0,2.56695156695157,2.86533539771871,"UBB","GO_Biological_Process_2023","brown"
"Negative Regulation Of Cellular Component Organization (GO:0051129)","1/79",0.32750873980153,0.411171408535877,0,0,2.56695156695157,2.86533539771871,"HSPA8","GO_Biological_Process_2023","brown"
"Negative Regulation Of Protein Serine/Threonine Kinase Activity (GO:0071901)","1/80",0.330884524972772,0.41219926913146,0,0,2.5343306482547,2.80293378962301,"UCHL1","GO_Biological_Process_2023","brown"
"Calcium Ion Transmembrane Transport (GO:0070588)","1/80",0.330884524972772,0.41219926913146,0,0,2.5343306482547,2.80293378962301,"SMDT1","GO_Biological_Process_2023","brown"
"Regulation Of Protein Localization To Plasma Membrane (GO:1903076)","1/80",0.330884524972772,0.41219926913146,0,0,2.5343306482547,2.80293378962301,"ACTB","GO_Biological_Process_2023","brown"
"Response To Type II Interferon (GO:0034341)","1/80",0.330884524972772,0.41219926913146,0,0,2.5343306482547,2.80293378962301,"CALM1","GO_Biological_Process_2023","brown"
"Wound Healing (GO:0042060)","1/80",0.330884524972772,0.41219926913146,0,0,2.5343306482547,2.80293378962301,"RAB3A","GO_Biological_Process_2023","brown"
"Cellular Response To Oxygen-Containing Compound (GO:1901701)","3/406",0.331522659119937,0.412356887732514,0,0,1.49627791563275,1.65197927639876,"RPS3;MT3;ACTB","GO_Biological_Process_2023","brown"
"Regulation Of Interleukin-8 Production (GO:0032677)","1/81",0.334243532854352,0.413825326391103,0,0,2.50252525252525,2.74248091594401,"TMSB4X","GO_Biological_Process_2023","brown"
"Spindle Assembly (GO:0051225)","1/81",0.334243532854352,0.413825326391103,0,0,2.50252525252525,2.74248091594401,"RPS3","GO_Biological_Process_2023","brown"
"Negative Regulation Of NF-kappaB Transcription Factor Activity (GO:0032088)","1/81",0.334243532854352,0.413825326391103,0,0,2.50252525252525,2.74248091594401,"TMSB4X","GO_Biological_Process_2023","brown"
"Regulation Of Phosphorylation (GO:0042325)","1/82",0.337585846063778,0.416683295447788,0,0,2.47150517520888,2.68389506560141,"DYNLL1","GO_Biological_Process_2023","brown"
"Negative Regulation Of Apoptotic Signaling Pathway (GO:2001234)","1/82",0.337585846063778,0.416683295447788,0,0,2.47150517520888,2.68389506560141,"SLC25A4","GO_Biological_Process_2023","brown"
"Regulation Of Autophagy (GO:0010506)","2/241",0.339800125154753,0.418775077790109,0,0,1.67884894543592,1.81214569274415,"EEF1A1;UCHL1","GO_Biological_Process_2023","brown"
"Regulation Of Interleukin-1 Beta Production (GO:0032651)","1/84",0.344220716526821,0.422375893984305,0,0,2.41170743580382,2.57201895784243,"NLRC4","GO_Biological_Process_2023","brown"
"Positive Regulation Of Protein Ubiquitination (GO:0031398)","1/84",0.344220716526821,0.422375893984305,0,0,2.41170743580382,2.57201895784243,"UBB","GO_Biological_Process_2023","brown"
"Positive Regulation Of Amide Metabolic Process (GO:0034250)","1/85",0.347513436866072,0.422375893984305,0,0,2.38287638287638,2.51858583349566,"RPL26","GO_Biological_Process_2023","brown"
"Defense Response To Gram-positive Bacterium (GO:0050830)","1/85",0.347513436866072,0.422375893984305,0,0,2.38287638287638,2.51858583349566,"FAU","GO_Biological_Process_2023","brown"
"Positive Regulation Of Endothelial Cell Migration (GO:0010595)","1/85",0.347513436866072,0.422375893984305,0,0,2.38287638287638,2.51858583349566,"TMSB4X","GO_Biological_Process_2023","brown"
"Epidermis Development (GO:0008544)","1/85",0.347513436866072,0.422375893984305,0,0,2.38287638287638,2.51858583349566,"FABP5","GO_Biological_Process_2023","brown"
"Transport Across Blood-Brain Barrier (GO:0150104)","1/85",0.347513436866072,0.422375893984305,0,0,2.38287638287638,2.51858583349566,"FABP5","GO_Biological_Process_2023","brown"
"Positive Regulation Of Protein Localization (GO:1903829)","1/85",0.347513436866072,0.422375893984305,0,0,2.38287638287638,2.51858583349566,"HSP90AB1","GO_Biological_Process_2023","brown"
"Mitotic Spindle Organization (GO:0007052)","1/85",0.347513436866072,0.422375893984305,0,0,2.38287638287638,2.51858583349566,"STMN1","GO_Biological_Process_2023","brown"
"Organelle Organization (GO:0006996)","3/418",0.347962274944887,0.422375893984305,0,0,1.45211774934791,1.53294438094133,"CFL1;CHCHD10;PPIA","GO_Biological_Process_2023","brown"
"Negative Regulation Of Neuron Death (GO:1901215)","1/88",0.357293708483398,0.432400494050479,0,0,2.30035992104958,2.36752381170365,"MT3","GO_Biological_Process_2023","brown"
"Negative Regulation Of Protein Kinase Activity (GO:0006469)","1/88",0.357293708483398,0.432400494050479,0,0,2.30035992104958,2.36752381170365,"PPIA","GO_Biological_Process_2023","brown"
"Organic Anion Transport (GO:0015711)","1/89",0.360521436424534,0.435000415805651,0,0,2.27410468319559,2.32005037808893,"SLC25A4","GO_Biological_Process_2023","brown"
"Positive Regulation Of Peptidyl-Serine Phosphorylation (GO:0033138)","1/89",0.360521436424534,0.435000415805651,0,0,2.27410468319559,2.32005037808893,"HSP90AB1","GO_Biological_Process_2023","brown"
"Positive Regulation Of MAP Kinase Activity (GO:0043406)","1/91",0.366928825262423,0.440752061343537,0,0,2.22334455667789,2.22909720803597,"RPS3","GO_Biological_Process_2023","brown"
"Positive Regulation Of Binding (GO:0051099)","1/91",0.366928825262423,0.440752061343537,0,0,2.22334455667789,2.22909720803597,"STMN1","GO_Biological_Process_2023","brown"
"Regulation Of Actin Cytoskeleton Organization (GO:0032956)","1/91",0.366928825262423,0.440752061343537,0,0,2.22334455667789,2.22909720803597,"DYNLL1","GO_Biological_Process_2023","brown"
"Nervous System Development (GO:0007399)","3/433",0.368461775376536,0.4419348079665,0,0,1.4003836010549,1.3981686185907,"STMN3;TAGLN3;NRGN","GO_Biological_Process_2023","brown"
"Protein Ubiquitination (GO:0016567)","3/434",0.369825263536433,0.442911088276916,0,0,1.39706269285048,1.38969269203565,"UBB;RPS27A;RNF187","GO_Biological_Process_2023","brown"
"Regulation Of Peptidyl-Serine Phosphorylation (GO:0033135)","1/93",0.373272649434986,0.444398457082125,0,0,2.1747913921827,2.14313983216348,"HSP90AB1","GO_Biological_Process_2023","brown"
"Positive Regulation Of Cellular Component Biogenesis (GO:0044089)","1/93",0.373272649434986,0.444398457082125,0,0,2.1747913921827,2.14313983216348,"RPS3","GO_Biological_Process_2023","brown"
"Positive Regulation Of Protein Kinase B Signaling (GO:0051897)","1/93",0.373272649434986,0.444398457082125,0,0,2.1747913921827,2.14313983216348,"HSP90AB1","GO_Biological_Process_2023","brown"
"Negative Regulation Of Amide Metabolic Process (GO:0034249)","1/93",0.373272649434986,0.444398457082125,0,0,2.1747913921827,2.14313983216348,"RPS3","GO_Biological_Process_2023","brown"
"Cellular Component Assembly (GO:0022607)","2/260",0.374126034355235,0.444757498068318,0,0,1.55370985603544,1.52754934103903,"CHCHD10;VAMP2","GO_Biological_Process_2023","brown"
"Peptidyl-Lysine Modification (GO:0018205)","1/94",0.376420920115876,0.444861087409672,0,0,2.15129792549147,2.10191981526176,"HINT1","GO_Biological_Process_2023","brown"
"Cellular Response To Hormone Stimulus (GO:0032870)","1/94",0.376420920115876,0.444861087409672,0,0,2.15129792549147,2.10191981526176,"HSPA8","GO_Biological_Process_2023","brown"
"Vesicle Organization (GO:0016050)","1/94",0.376420920115876,0.444861087409672,0,0,2.15129792549147,2.10191981526176,"VAMP2","GO_Biological_Process_2023","brown"
"Muscle Contraction (GO:0006936)","1/94",0.376420920115876,0.444861087409672,0,0,2.15129792549147,2.10191981526176,"ALDOA","GO_Biological_Process_2023","brown"
"Positive Regulation Of Transmembrane Receptor Protein Serine/Threonine Kinase Signaling Pathway (GO:0090100)","1/95",0.379553533216983,0.447906512112574,0,0,2.12830431979368,2.06181530451832,"HSP90AB1","GO_Biological_Process_2023","brown"
"Regulation Of Macroautophagy (GO:0016241)","1/96",0.382670565880735,0.449395980776495,0,0,2.10579479000532,2.02278604662789,"UCHL1","GO_Biological_Process_2023","brown"
"Regulation Of Protein Metabolic Process (GO:0051246)","1/96",0.382670565880735,0.449395980776495,0,0,2.10579479000532,2.02278604662789,"HSP90AB1","GO_Biological_Process_2023","brown"
"Positive Regulation Of Supramolecular Fiber Organization (GO:1902905)","1/96",0.382670565880735,0.449395980776495,0,0,2.10579479000532,2.02278604662789,"RPS3","GO_Biological_Process_2023","brown"
"Regulation Of Protein Phosphorylation (GO:0001932)","2/265",0.38304595383803,0.449395980776495,0,0,1.52378365794987,1.46222327524659,"PPIA;MT3","GO_Biological_Process_2023","brown"
"Positive Regulation Of Signal Transduction (GO:0009967)","2/266",0.384823642532729,0.450626533975853,0,0,1.51793444650588,1.44958204202647,"RPS3;MT3","GO_Biological_Process_2023","brown"
"Regulation Of Defense Response (GO:0031347)","1/97",0.385772094842852,0.450626533975853,0,0,2.08375420875421,1.98479362024731,"TMSB4X","GO_Biological_Process_2023","brown"
"Regulation Of Protein Localization (GO:0032880)","1/97",0.385772094842852,0.450626533975853,0,0,2.08375420875421,1.98479362024731,"HSP90AB1","GO_Biological_Process_2023","brown"
"Negative Regulation Of Macromolecule Biosynthetic Process (GO:0010558)","1/98",0.388858196397513,0.451613409648985,0,0,2.06216807247735,1.94780133547852,"RPS3","GO_Biological_Process_2023","brown"
"MAPK Cascade (GO:0000165)","1/98",0.388858196397513,0.451613409648985,0,0,2.06216807247735,1.94780133547852,"MT3","GO_Biological_Process_2023","brown"
"Positive Regulation Of Cold-Induced Thermogenesis (GO:0120162)","1/98",0.388858196397513,0.451613409648985,0,0,2.06216807247735,1.94780133547852,"FABP5","GO_Biological_Process_2023","brown"
"Positive Regulation Of Protein-Containing Complex Assembly (GO:0031334)","1/98",0.388858196397513,0.451613409648985,0,0,2.06216807247735,1.94780133547852,"RPS3","GO_Biological_Process_2023","brown"
"Axon Development (GO:0061564)","1/99",0.391928946523868,0.454524792659335,0,0,2.0410224695939,1.91177413897195,"RAB3A","GO_Biological_Process_2023","brown"
"Antimicrobial Humoral Response (GO:0019730)","1/100",0.394984420817951,0.455446985950313,0,0,2.02030405060708,1.87667852610055,"FAU","GO_Biological_Process_2023","brown"
"Regulation Of Organelle Organization (GO:0033043)","1/100",0.394984420817951,0.455446985950313,0,0,2.02030405060708,1.87667852610055,"STMN3","GO_Biological_Process_2023","brown"
"Response To UV (GO:0009411)","1/100",0.394984420817951,0.455446985950313,0,0,2.02030405060708,1.87667852610055,"RPL26","GO_Biological_Process_2023","brown"
"Protein Complex Oligomerization (GO:0051259)","1/100",0.394984420817951,0.455446985950313,0,0,2.02030405060708,1.87667852610055,"NLRC4","GO_Biological_Process_2023","brown"
"Chemical Synaptic Transmission (GO:0007268)","2/273",0.397205912414823,0.457354236294782,0,0,1.47819865953762,1.36482150481797,"SNCG;SNCB","GO_Biological_Process_2023","brown"
"Calcium Ion Homeostasis (GO:0055074)","1/102",0.401049842395342,0.459809634382142,0,0,1.98009800980098,1.80915528558786,"TPT1","GO_Biological_Process_2023","brown"
"Regulation Of Protein Secretion (GO:0050708)","1/102",0.401049842395342,0.459809634382142,0,0,1.98009800980098,1.80915528558786,"PPIA","GO_Biological_Process_2023","brown"
"Protein Catabolic Process (GO:0030163)","1/102",0.401049842395342,0.459809634382142,0,0,1.98009800980098,1.80915528558786,"HSPA8","GO_Biological_Process_2023","brown"
"Positive Regulation Of Inflammatory Response (GO:0050729)","1/104",0.407055058636552,0.466031785882188,0,0,1.94145336863783,1.74499153520703,"NLRC4","GO_Biological_Process_2023","brown"
"Cellular Response To Organonitrogen Compound (GO:0071417)","1/105",0.410035274847405,0.467451812626603,0,0,1.92268842268842,1.71409996792236,"ACTB","GO_Biological_Process_2023","brown"
"Positive Regulation Of Stress-Activated MAPK Cascade (GO:0032874)","1/105",0.410035274847405,0.467451812626603,0,0,1.92268842268842,1.71409996792236,"TRAF5","GO_Biological_Process_2023","brown"
"Intrinsic Apoptotic Signaling Pathway (GO:0097193)","1/105",0.410035274847405,0.467451812626603,0,0,1.92268842268842,1.71409996792236,"HINT1","GO_Biological_Process_2023","brown"
"Negative Regulation Of Translation (GO:0017148)","1/107",0.41595129052059,0.472858589787864,0,0,1.88622069754145,1.65456849319568,"RPS3","GO_Biological_Process_2023","brown"
"Positive Regulation Of T Cell Activation (GO:0050870)","1/107",0.41595129052059,0.472858589787864,0,0,1.88622069754145,1.65456849319568,"ACTB","GO_Biological_Process_2023","brown"
"Positive Regulation Of DNA Metabolic Process (GO:0051054)","1/108",0.41888723576301,0.473524701297315,0,0,1.86849806475975,1.62588017253325,"RPS3","GO_Biological_Process_2023","brown"
"Response To Tumor Necrosis Factor (GO:0034612)","1/108",0.41888723576301,0.473524701297315,0,0,1.86849806475975,1.62588017253325,"RPS3","GO_Biological_Process_2023","brown"
"Positive Regulation Of Metabolic Process (GO:0009893)","1/108",0.41888723576301,0.473524701297315,0,0,1.86849806475975,1.62588017253325,"FABP5","GO_Biological_Process_2023","brown"
"Lipid Transport (GO:0006869)","1/108",0.41888723576301,0.473524701297315,0,0,1.86849806475975,1.62588017253325,"FABP5","GO_Biological_Process_2023","brown"
"Negative Regulation Of Developmental Process (GO:0051093)","1/109",0.421808569139365,0.474829199338447,0,0,1.85110362888141,1.59787949320038,"CST3","GO_Biological_Process_2023","brown"
"Regulation Of Proteasomal Ubiquitin-Dependent Protein Catabolic Process (GO:0032434)","1/109",0.421808569139365,0.474829199338447,0,0,1.85110362888141,1.59787949320038,"HSP90AB1","GO_Biological_Process_2023","brown"
"Cell-Matrix Adhesion (GO:0007160)","1/109",0.421808569139365,0.474829199338447,0,0,1.85110362888141,1.59787949320038,"DYNLL1","GO_Biological_Process_2023","brown"
"Regulation Of JNK Cascade (GO:0046328)","1/110",0.424715362613925,0.477434563830995,0,0,1.83402835696414,1.57054463447437,"TRAF5","GO_Biological_Process_2023","brown"
"Regulation Of Transforming Growth Factor Beta Receptor Signaling Pathway (GO:0017015)","1/111",0.427607687964041,0.479348812933264,0,0,1.81726354453627,1.54385464626272,"HSP90AB1","GO_Biological_Process_2023","brown"
"Cytoskeleton Organization (GO:0007010)","1/111",0.427607687964041,0.479348812933264,0,0,1.81726354453627,1.54385464626272,"CFL1","GO_Biological_Process_2023","brown"
"Calcium Ion Transport (GO:0006816)","1/112",0.43048561638067,0.48123634785412,0,0,1.8008008008008,1.51778940882089,"TPT1","GO_Biological_Process_2023","brown"
"Protein Deubiquitination (GO:0016579)","1/112",0.43048561638067,0.48123634785412,0,0,1.8008008008008,1.51778940882089,"UCHL1","GO_Biological_Process_2023","brown"
"Positive Regulation Of Cellular Component Organization (GO:0051130)","1/113",0.433349218837219,0.48376657947756,0,0,1.78463203463203,1.4923295915181,"RPS3","GO_Biological_Process_2023","brown"
"Regulation Of MAP Kinase Activity (GO:0043405)","1/114",0.436198565833718,0.486273919864422,0,0,1.76874944131581,1.46745661650072,"UCHL1","GO_Biological_Process_2023","brown"
"Regulation Of Cell Cycle (GO:0051726)","2/298",0.440458727702992,0.490344937194215,0,0,1.35162713734142,1.10825117107316,"HSP90AB1;ACTB","GO_Biological_Process_2023","brown"
"Regulation Of Small GTPase Mediated Signal Transduction (GO:0051056)","1/118",0.447454800068397,0.497446301869142,0,0,1.70793404126737,1.37348597340122,"DYNLL1","GO_Biological_Process_2023","brown"
"Regulation Of Protein Kinase Activity (GO:0045859)","1/119",0.450233917137087,0.4991589232634,0,0,1.69337442218798,1.35129249451638,"PPIA","GO_Biological_Process_2023","brown"
"Positive Regulation Of Angiogenesis (GO:0045766)","1/119",0.450233917137087,0.4991589232634,0,0,1.69337442218798,1.35129249451638,"PKM","GO_Biological_Process_2023","brown"
"Cellular Response To Cytokine Stimulus (GO:0071345)","2/308",0.45729190962662,0.506221557062006,0,0,1.30678938241963,1.02247558127408,"RPS3;CALM1","GO_Biological_Process_2023","brown"
"Positive Regulation Of Macromolecule Biosynthetic Process (GO:0010557)","1/122",0.458488507016457,0.506221557062006,0,0,1.6511394941147,1.28759168960267,"RPL26","GO_Biological_Process_2023","brown"
"Protein Localization To Nucleus (GO:0034504)","1/122",0.458488507016457,0.506221557062006,0,0,1.6511394941147,1.28759168960267,"CHCHD10","GO_Biological_Process_2023","brown"
"Positive Regulation Of MAPK Cascade (GO:0043410)","2/310",0.460624189973071,0.507883853786998,0,0,1.29817121653856,1.00630698380262,"PPIA;MT3","GO_Biological_Process_2023","brown"
"Negative Regulation Of Growth (GO:0045926)","1/124",0.463923277206856,0.510125731826366,0,0,1.62412745339575,1.2473885010387,"MT3","GO_Biological_Process_2023","brown"
"Positive Regulation Of Defense Response (GO:0031349)","1/124",0.463923277206856,0.510125731826366,0,0,1.62412745339575,1.2473885010387,"NLRC4","GO_Biological_Process_2023","brown"
"Negative Regulation Of Cell Growth (GO:0030308)","1/125",0.46662037707619,0.512392403165408,0,0,1.61094819159335,1.22792793965158,"MT3","GO_Biological_Process_2023","brown"
"Positive Regulation Of Intracellular Protein Transport (GO:0090316)","1/126",0.469304042324134,0.514638174303744,0,0,1.5979797979798,1.20887881651748,"VAMP2","GO_Biological_Process_2023","brown"
"Regulation Of Response To External Stimulus (GO:0032101)","1/127",0.471974339207137,0.516161896066421,0,0,1.58521725188392,1.19022971699885,"TMSB4X","GO_Biological_Process_2023","brown"
"Regulation Of Anatomical Structure Morphogenesis (GO:0022603)","1/127",0.471974339207137,0.516161896066421,0,0,1.58521725188392,1.19022971699885,"CFL1","GO_Biological_Process_2023","brown"
"Proteasome-Mediated Ubiquitin-Dependent Protein Catabolic Process (GO:0043161)","2/319",0.47547326334747,0.519283807937752,0,0,1.26073520891006,0.937286817233775,"UCHL1;RNF187","GO_Biological_Process_2023","brown"
"Organelle Assembly (GO:0070925)","2/322",0.480368809844865,0.523920515202924,0,0,1.24872448979592,0.915566189831342,"GABARAPL2;MAP1LC3A","GO_Biological_Process_2023","brown"
"Epithelial Cell Differentiation (GO:0030855)","1/132",0.485127594032975,0.528395730798078,0,0,1.52432724188449,1.1026119616962,"ALDOC","GO_Biological_Process_2023","brown"
"Negative Regulation Of Cell Motility (GO:2000146)","1/133",0.487719053875974,0.530501427022989,0,0,1.51270278543006,1.0861444222602,"DYNLL1","GO_Biological_Process_2023","brown"
"Non-Membrane-Bounded Organelle Assembly (GO:0140694)","1/135",0.492863296366116,0.534653858507523,0,0,1.48997437057139,1.05419178131578,"RPS3","GO_Biological_Process_2023","brown"
"Cellular Response To Metal Ion (GO:0071248)","1/135",0.492863296366116,0.534653858507523,0,0,1.48997437057139,1.05419178131578,"MT3","GO_Biological_Process_2023","brown"
"Regulation Of Protein Kinase B Signaling (GO:0051896)","1/136",0.49541620618668,0.53670089003557,0,0,1.47886270108492,1.03868964279636,"HSP90AB1","GO_Biological_Process_2023","brown"
"Protein Localization To Organelle (GO:0033365)","1/137",0.497956392525298,0.537286281627028,0,0,1.46791443850267,1.02349273069514,"GABARAPL2","GO_Biological_Process_2023","brown"
"Protein Localization To Plasma Membrane (GO:0072659)","1/137",0.497956392525298,0.537286281627028,0,0,1.46791443850267,1.02349273069514,"RAB3A","GO_Biological_Process_2023","brown"
"Negative Regulation Of Cellular Biosynthetic Process (GO:0031327)","1/137",0.497956392525298,0.537286281627028,0,0,1.46791443850267,1.02349273069514,"RPS3","GO_Biological_Process_2023","brown"
"Protein Localization To Cell Periphery (GO:1990778)","1/142",0.510468659235617,0.550050453668325,0,0,1.41550254316212,0.951820763413215,"RAB3A","GO_Biological_Process_2023","brown"
"Positive Regulation Of Transferase Activity (GO:0051347)","1/143",0.512933812590885,0.551968829036387,0,0,1.40546308151942,0.938299046849509,"HSP90AB1","GO_Biological_Process_2023","brown"
"Ras Protein Signal Transduction (GO:0007265)","1/144",0.515386675547343,0.553868880654878,0,0,1.39556403192767,0.925032639771104,"CFL1","GO_Biological_Process_2023","brown"
"Regulation Of Cold-Induced Thermogenesis (GO:0120161)","1/146",0.520255772624573,0.558357060899342,0,0,1.37617554858934,0.899240881378034,"FABP5","GO_Biological_Process_2023","brown"
"Protein Localization (GO:0008104)","2/351",0.526234479058159,0.564022593245846,0,0,1.1432664756447,0.73398666696496,"ACTB;YWHAH","GO_Biological_Process_2023","brown"
"Negative Regulation Of DNA-binding Transcription Factor Activity (GO:0043433)","1/149",0.527468747150282,0.564594701464976,0,0,1.34807534807535,0.862317510620557,"TMSB4X","GO_Biological_Process_2023","brown"
"Positive Regulation Of Nucleic Acid-Templated Transcription (GO:1903508)","3/557",0.53007847386694,0.566635609995694,0,0,1.08001786445346,0.685519976164643,"MT3;RNF187;YWHAH","GO_Biological_Process_2023","brown"
"Regulation Of Cell Population Proliferation (GO:0042127)","4/766",0.536342148050462,0.572429820906257,0,0,1.04647856517935,0.65193834094998,"FTH1;DYNLL1;ACTB;RNF187","GO_Biological_Process_2023","brown"
"Regulation Of Cellular Component Organization (GO:0051128)","1/153",0.536919286110584,0.572429820906257,0,0,1.31233386496544,0.816150274391971,"HSPA8","GO_Biological_Process_2023","brown"
"Epithelium Development (GO:0060429)","1/154",0.539252532966754,0.574157914889305,0,0,1.30369049976893,0.805121832204194,"ALDOC","GO_Biological_Process_2023","brown"
"Cellular Response To Growth Factor Stimulus (GO:0071363)","1/155",0.54157414062889,0.575110352235686,0,0,1.29515938606848,0.794289267227046,"EEF1A1","GO_Biological_Process_2023","brown"
"Positive Regulation Of Response To External Stimulus (GO:0032103)","1/155",0.54157414062889,0.575110352235686,0,0,1.29515938606848,0.794289267227046,"NLRC4","GO_Biological_Process_2023","brown"
"Protein Modification By Small Protein Conjugation (GO:0032446)","2/364",0.545905957552914,0.578947633931117,0,0,1.10147705491036,0.666733486661128,"UBB;RPS27A","GO_Biological_Process_2023","brown"
"Ubiquitin-Dependent Protein Catabolic Process (GO:0006511)","2/367",0.550365270449262,0.58290986594232,0,0,1.0922560805144,0.652265942059725,"UCHL1;RNF187","GO_Biological_Process_2023","brown"
"Nitrogen Compound Transport (GO:0071705)","1/163",0.559734829149778,0.591279518079582,0,0,1.23070208255393,0.714166728910465,"VAMP2","GO_Biological_Process_2023","brown"
"Negative Regulation Of Cell Migration (GO:0030336)","1/163",0.559734829149778,0.591279518079582,0,0,1.23070208255393,0.714166728910465,"DYNLL1","GO_Biological_Process_2023","brown"
"Negative Regulation Of Cell Population Proliferation (GO:0008285)","2/379",0.567898224526514,0.599117760429804,0,0,1.05683971201213,0.597973709784798,"FTH1;DYNLL1","GO_Biological_Process_2023","brown"
"Positive Regulation Of Cellular Process (GO:0048522)","3/594",0.573906946992501,0.604665358530661,0,0,1.01046627243707,0.561099804641665,"HSP90AB1;ACTB;RNF187","GO_Biological_Process_2023","brown"
"Heart Development (GO:0007507)","1/171",0.577182984911913,0.606531272280316,0,0,1.17231134878194,0.644297547374328,"DYNLL1","GO_Biological_Process_2023","brown"
"Metal Ion Transport (GO:0030001)","1/171",0.577182984911913,0.606531272280316,0,0,1.17231134878194,0.644297547374328,"TPT1","GO_Biological_Process_2023","brown"
"Positive Regulation Of I-kappaB kinase/NF-kappaB Signaling (GO:0043123)","1/175",0.585648556428657,0.614625958960283,0,0,1.14512945547428,0.612684798979807,"TRAF5","GO_Biological_Process_2023","brown"
"Negative Regulation Of Cytokine Production (GO:0001818)","1/178",0.591887411720754,0.620365739722923,0,0,1.12554927809165,0.590281763493508,"TMSB4X","GO_Biological_Process_2023","brown"
"Positive Regulation Of ERK1 And ERK2 Cascade (GO:0070374)","1/179",0.593946292416423,0.621715209983944,0,0,1.11916922029282,0.583049537879414,"MT3","GO_Biological_Process_2023","brown"
"RNA Splicing, Via Transesterification Reactions With Bulged Adenosine As Nucleophile (GO:0000377)","1/180",0.595994889569521,0.623050429303546,0,0,1.11286044805598,0.57593108520923,"HSPA8","GO_Biological_Process_2023","brown"
"Negative Regulation Of Macromolecule Metabolic Process (GO:0010605)","1/186",0.60807334897308,0.634853781440806,0,0,1.07644007644008,0.535485626960847,"HSP90AB1","GO_Biological_Process_2023","brown"
"Vesicle-Mediated Transport (GO:0016192)","2/411",0.612247498395652,0.638384843087834,0,0,0.972556259667681,0.477154257721564,"RAB3A;VAMP2","GO_Biological_Process_2023","brown"
"Protein Localization To Membrane (GO:0072657)","1/192",0.619794203522166,0.645418770076054,0,0,1.04230789571104,0.498606520241977,"RAB3A","GO_Biological_Process_2023","brown"
"Regulation Of Signal Transduction (GO:0009966)","1/193",0.621713652685644,0.646582198793069,0,0,1.0368265993266,0.492778443916668,"PPIA","GO_Biological_Process_2023","brown"
"Positive Regulation Of Protein Metabolic Process (GO:0051247)","1/196",0.627414626895937,0.651670347007894,0,0,1.02072002072002,0.475806259368427,"RPL26","GO_Biological_Process_2023","brown"
"Golgi Vesicle Transport (GO:0048193)","1/197",0.62929598455177,0.652783222070433,0,0,1.01546072974644,0.470314261452597,"GABARAPL2","GO_Biological_Process_2023","brown"
"Negative Regulation Of Cell Differentiation (GO:0045596)","1/207",0.647599871163211,0.670906807400447,0,0,0.965676179268412,0.419569165053442,"ACTB","GO_Biological_Process_2023","brown"
"mRNA Splicing, Via Spliceosome (GO:0000398)","1/211",0.654668298556741,0.677358984129311,0,0,0.947089947089947,0.401212480953937,"HSPA8","GO_Biological_Process_2023","brown"
"mRNA Processing (GO:0006397)","1/214",0.659877336669453,0.681000170749782,0,0,0.93360838431261,0.388102232835037,"HSPA8","GO_Biological_Process_2023","brown"
"Regulation Of GTPase Activity (GO:0043087)","1/214",0.659877336669453,0.681000170749782,0,0,0.93360838431261,0.388102232835037,"STMN3","GO_Biological_Process_2023","brown"
"Regulation Of Cell Growth (GO:0001558)","1/227",0.681565454039565,0.702483063882212,0,0,0.879324215607401,0.337100359049175,"MT3","GO_Biological_Process_2023","brown"
"Cellular Response To Lipid (GO:0071396)","1/228",0.683175898430978,0.703243645128184,0,0,0.875406042806924,0.333532253769872,"HSPA8","GO_Biological_Process_2023","brown"
"Regulation Of I-kappaB kinase/NF-kappaB Signaling (GO:0043122)","1/232",0.689537438477132,0.708886703332358,0,0,0.860072587345315,0.319718468488941,"TRAF5","GO_Biological_Process_2023","brown"
"Inflammatory Response (GO:0006954)","1/236",0.695772495721961,0.71438551790051,0,0,0.845261121856867,0.306603718804295,"NLRC4","GO_Biological_Process_2023","brown"
"Positive Regulation Of Cell Population Proliferation (GO:0008284)","2/483",0.699296107703482,0.717089901792629,0,0,0.823921252492681,0.294700985980597,"ACTB;RNF187","GO_Biological_Process_2023","brown"
"Cilium Assembly (GO:0060271)","1/243",0.706386958483719,0.723440773237455,0,0,0.820519242006845,0.285205999695782,"DYNLL1","GO_Biological_Process_2023","brown"
"Regulation Of ERK1 And ERK2 Cascade (GO:0070372)","1/244",0.707873072911603,0.724042762394356,0,0,0.817101051668953,0.282300632023774,"MT3","GO_Biological_Process_2023","brown"
"Positive Regulation Of Programmed Cell Death (GO:0043068)","1/245",0.709351740244625,0.724635618044572,0,0,0.81371087928465,0.279431381953944,"NLRC4","GO_Biological_Process_2023","brown"
"Positive Regulation Of DNA-templated Transcription (GO:0045893)","5/1243",0.752188633965653,0.767422834147236,0,0,0.793384916248618,0.225930749640337,"CHCHD10;MT3;ACTB;RNF187;YWHAH","GO_Biological_Process_2023","brown"
"Monoatomic Cation Transmembrane Transport (GO:0098655)","1/281",0.757922669215417,0.772295412626582,0,0,0.707792207792208,0.196181539398202,"ATP6V1F","GO_Biological_Process_2023","brown"
"Central Nervous System Development (GO:0007417)","1/283",0.760371760220726,0.77309722320387,0,0,0.702700766530554,0.192503334049398,"TAGLN3","GO_Biological_Process_2023","brown"
"Transmembrane Receptor Protein Tyrosine Kinase Signaling Pathway (GO:0007169)","1/284",0.761587090848477,0.77309722320387,0,0,0.700182032337509,0.190695098625878,"STMN1","GO_Biological_Process_2023","brown"
"Inorganic Cation Transmembrane Transport (GO:0098662)","1/284",0.761587090848477,0.77309722320387,0,0,0.700182032337509,0.190695098625878,"ATP6V1F","GO_Biological_Process_2023","brown"
"DNA Metabolic Process (GO:0006259)","1/288",0.766387690368496,0.77699179677611,0,0,0.690282617111885,0.183661503836082,"RPS3","GO_Biological_Process_2023","brown"
"DNA Repair (GO:0006281)","1/291",0.769925222013722,0.779597649425955,0,0,0.683037269244166,0.17858821065649,"RPS3","GO_Biological_Process_2023","brown"
"Positive Regulation Of Cytokine Production (GO:0001819)","1/320",0.801500844431429,0.810551669525385,0,0,0.620024698394604,0.137192402084256,"RPS3","GO_Biological_Process_2023","brown"
"Intracellular Protein Transport (GO:0006886)","1/325",0.806493484318124,0.814578632030587,0,0,0.610300536226462,0.131250904008978,"YWHAH","GO_Biological_Process_2023","brown"
"Negative Regulation Of Gene Expression (GO:0010629)","1/336",0.817043887452387,0.824201969069617,0,0,0.589929142167948,0.11920253826581,"RPS3","GO_Biological_Process_2023","brown"
"Regulation Of Gene Expression (GO:0010468)","4/1127",0.821898962128064,0.828063204344024,0,0,0.696682991985752,0.136645875336997,"HINT1;RPS3;MT3;ACTG1","GO_Biological_Process_2023","brown"
"DNA Damage Response (GO:0006974)","1/384",0.856801543526548,0.862149867768287,0,0,0.514729540839201,0.0795509143679763,"RPS3","GO_Biological_Process_2023","brown"
"Regulation Of Nucleic Acid-Templated Transcription (GO:1903506)","1/452",0.898901236208478,0.90338453414468,0,0,0.435597661761742,0.0464269179704126,"HINT1","GO_Biological_Process_2023","brown"
"Negative Regulation Of Nucleic Acid-Templated Transcription (GO:1903507)","1/456",0.900954262775652,0.904320218925499,0,0,0.431679431679432,0.0450245037640661,"HSPA8","GO_Biological_Process_2023","brown"
"Regulation Of DNA-templated Transcription (GO:0006355)","6/1922",0.927410948602949,0.929717941012409,0,0,0.599120508150846,0.0451488236510245,"HSPA8;HINT1;MT3;ACTB;RNF187;YWHAH","GO_Biological_Process_2023","brown"
"Negative Regulation Of DNA-templated Transcription (GO:0045892)","1/1025",0.994876577336508,0.996112448861149,0,0,0.186197916666667,0.000956422802785584,"HSPA8","GO_Biological_Process_2023","brown"
"Regulation Of Transcription By RNA Polymerase II (GO:0006357)","1/2028",0.999974648173956,0.999974648173956,0,0,0.0890652952813782,2.25799649484046e-06,"ACTB","GO_Biological_Process_2023","brown"
"Parkinson disease","21/144",2.81619613163122e-25,3.85818870033478e-23,0,0,42.7412781722754,2416.13198196368,"COX8A;NDUFB7;NDUFA11;NDUFA4;ATP5J;NDUFC2;COX7A2;UQCR11;ATP5H;ATP5G3;COX6C;ATP5G1;COX5A;COX6B1;ATP5B;UCHL1;UBB;UQCRQ;ATP5E;ATP5D;SLC25A4","KEGG_2019_Mouse","brown"
"Alzheimer disease","21/175",1.99391791322289e-23,1.36583377055768e-21,0,0,34.0840046029919,1781.54895806081,"COX8A;NDUFB7;NDUFA11;NDUFA4;ATP5J;NDUFC2;COX7A2;UQCR11;ATP5H;ATP5G3;COX6C;ATP5G1;COX5A;COX6B1;ATP5B;UQCRQ;ATP5E;ATP5D;CALM3;CALM1;CALM2","KEGG_2019_Mouse","brown"
"Oxidative phosphorylation","19/134",1.11053886583976e-22,5.07146082066822e-21,0,0,40.3558776167472,2040.07140212287,"COX8A;NDUFB7;NDUFA11;NDUFA4;ATP5J;NDUFC2;COX7A2;UQCR11;ATP5H;ATP5G3;COX6C;ATP5G1;COX5A;COX6B1;ATP5B;UQCRQ;ATP5E;ATP5D;ATP6V1F","KEGG_2019_Mouse","brown"
"Huntington disease","19/192",1.25159382785375e-19,4.28670886039909e-18,0,0,26.7475201598516,1164.17776303095,"COX8A;NDUFB7;NDUFA11;NDUFA4;ATP5J;NDUFC2;COX7A2;UQCR11;ATP5H;ATP5G3;COX6C;ATP5G1;COX5A;COX6B1;ATP5B;UQCRQ;ATP5E;ATP5D;SLC25A4","KEGG_2019_Mouse","brown"
"Thermogenesis","20/231",1.84193747753632e-19,5.04690868844952e-18,0,0,23.3281990521327,1006.33882053141,"COX8A;NDUFB7;NDUFA11;NDUFA4;ATP5J;NDUFC2;COX7A2;UQCR11;ATP5H;ATP5G3;COX6C;ATP5G1;COX5A;ACTB;ACTG1;COX6B1;ATP5B;UQCRQ;ATP5E;ATP5D","KEGG_2019_Mouse","brown"
"Ribosome","17/170",1.01033395979099e-17,2.30692920818943e-16,0,0,26.4350736278447,1034.5013328233,"RPL41;RPL32;RPL21;RPS8;RPL23;RPSA;RPL8;RPS3;RPL14;RPL24;RPL26;FAU;RPS27A;RPL18;RPL28;RPS24;RPL19","KEGG_2019_Mouse","brown"
"Non-alcoholic fatty liver disease (NAFLD)","11/151",2.50452661988216e-10,4.90171638462652e-09,0,0,17.4446227929374,385.661380263616,"COX8A;NDUFB7;NDUFA11;UQCRQ;NDUFA4;NDUFC2;COX7A2;UQCR11;COX6C;COX5A;COX6B1","KEGG_2019_Mouse","brown"
"Cardiac muscle contraction","7/78",1.24796194790291e-07,2.13713483578373e-06,0,0,21.0212024837195,334.165308371446,"COX8A;UQCRQ;UQCR11;COX7A2;COX6C;COX5A;COX6B1","KEGG_2019_Mouse","brown"
"Glycolysis / Gluconeogenesis","5/67",2.13419841401958e-05,0.000324872425245203,0,0,16.8404074702886,181.115792542471,"TPI1;PKM;PGAM1;ALDOC;ALDOA","KEGG_2019_Mouse","brown"
"Phagosome","7/180",3.36796271340684e-05,0.000461410891736737,0,0,8.58282056063149,88.3911855057554,"TUBA1B;TUBB5;TUBB2A;TUBB4B;ACTB;ACTG1;ATP6V1F","KEGG_2019_Mouse","brown"
"Salivary secretion","5/78",4.46703981093848e-05,0.000556349503725975,0,0,14.294881038212,143.180380456285,"CST3;CALM3;CALM1;CALM2;VAMP2","KEGG_2019_Mouse","brown"
"Fluid shear stress and atherosclerosis","6/143",8.2558370612844e-05,0.000942541397829969,0,0,9.20779624165243,86.571746231359,"HSP90AB1;CALM3;CALM1;CALM2;ACTB;ACTG1","KEGG_2019_Mouse","brown"
"Glucagon signaling pathway","5/102",0.000160335595437995,0.00168969050576964,0,0,10.7449810092241,93.8922386262267,"PKM;PGAM1;CALM3;CALM1;CALM2","KEGG_2019_Mouse","brown"
"Phototransduction","3/27",0.000325124352919345,0.00318157402499644,0,0,25.6134020618557,205.708988323138,"CALM3;CALM1;CALM2","KEGG_2019_Mouse","brown"
"Gastric acid secretion","4/74",0.0005176957720029,0.00461655029359238,0,0,11.8035714285714,89.3072709186654,"CALM3;CALM1;CALM2;ACTB","KEGG_2019_Mouse","brown"
"Estrogen signaling pathway","5/134",0.000566686314646105,0.00461655029359238,0,0,8.06650346797226,60.3027974386554,"HSPA8;HSP90AB1;CALM3;CALM1;CALM2","KEGG_2019_Mouse","brown"
"Pertussis","4/76",0.000572856605774237,0.00461655029359238,0,0,11.474537037037,85.6559860902997,"CFL1;CALM3;CALM1;CALM2","KEGG_2019_Mouse","brown"
"Apelin signaling pathway","5/138",0.00064767043552711,0.00492949164817856,0,0,7.82231895528294,57.4324715488765,"GABARAPL2;GNG3;CALM3;CALM1;CALM2","KEGG_2019_Mouse","brown"
"Fructose and mannose metabolism","3/35",0.000706715904482267,0.00509579362705634,0,0,19.2023195876289,139.310558994682,"TPI1;ALDOC;ALDOA","KEGG_2019_Mouse","brown"
"Kaposi sarcoma-associated herpesvirus infection","6/216",0.000759019083843797,0.00519928072433001,0,0,5.98480243161094,42.9917303410308,"GABARAPL2;GNG3;UBB;CALM3;CALM1;CALM2","KEGG_2019_Mouse","brown"
"Gap junction","4/86",0.000912726692152766,0.00587267870298654,0,0,10.0701219512195,70.4815294668184,"TUBA1B;TUBB5;TUBB2A;TUBB4B","KEGG_2019_Mouse","brown"
"Retrograde endocannabinoid signaling","5/150",0.000943057893910248,0.00587267870298654,0,0,7.17059891107078,49.9531375212897,"GNG3;NDUFB7;NDUFA11;NDUFA4;NDUFC2","KEGG_2019_Mouse","brown"
"Oxytocin signaling pathway","5/154",0.00106081991515856,0.00631879688594449,0,0,6.97668668315083,47.7813259349216,"CALM3;CALM1;CALM2;ACTB;ACTG1","KEGG_2019_Mouse","brown"
"Human immunodeficiency virus 1 infection","6/238",0.00125219488034415,0.00709411827729867,0,0,5.41122523844461,36.1624464286207,"GNG3;CFL1;TRAF5;CALM3;CALM1;CALM2","KEGG_2019_Mouse","brown"
"Vasopressin-regulated water reabsorption","3/43",0.00129454713089392,0.00709411827729867,0,0,15.3556701030928,102.108977171279,"DYNLL1;DYNLL2;VAMP2","KEGG_2019_Mouse","brown"
"Circadian entrainment","4/99",0.001539882179182,0.00811399455953594,0,0,8.68640350877193,56.2535779923345,"GNG3;CALM3;CALM1;CALM2","KEGG_2019_Mouse","brown"
"Necroptosis","5/176",0.0019132618463391,0.00970803233142434,0,0,6.07232994767621,38.00638353982,"HSP90AB1;FTH1;TRAF5;PPIA;SLC25A4","KEGG_2019_Mouse","brown"
"Oocyte meiosis","4/116",0.00274591347645052,0.0134353623669186,0,0,7.36160714285714,43.4161196530766,"CALM3;CALM1;CALM2;YWHAH","KEGG_2019_Mouse","brown"
"Legionellosis","3/58",0.00306619730639825,0.0144851389991917,0,0,11.1593252108716,64.5825541481917,"EEF1A1;HSPA8;NLRC4","KEGG_2019_Mouse","brown"
"Neurotrophin signaling pathway","4/121",0.00319676071907088,0.0145985406170903,0,0,7.04522792022792,40.4791831191114,"BEX3;CALM3;CALM1;CALM2","KEGG_2019_Mouse","brown"
"Rap1 signaling pathway","5/209",0.00400790424142242,0.0177123510024152,0,0,5.08152734778122,28.0474231572446,"CALM3;CALM1;CALM2;ACTB;ACTG1","KEGG_2019_Mouse","brown"
"Long-term potentiation","3/67",0.00460865008263432,0.0193575145680108,0,0,9.58569587628866,51.5693211554,"CALM3;CALM1;CALM2","KEGG_2019_Mouse","brown"
"Dopaminergic synapse","4/135",0.00472233374393165,0.0193575145680108,0,0,6.28784987277354,33.674279209969,"GNG3;CALM3;CALM1;CALM2","KEGG_2019_Mouse","brown"
"Amphetamine addiction","3/68",0.00480405471030925,0.0193575145680108,0,0,9.43774781919112,50.3814818655157,"CALM3;CALM1;CALM2","KEGG_2019_Mouse","brown"
"Glioma","3/75",0.00631213688567951,0.0247075072382312,0,0,8.51718213058419,43.1419208970586,"CALM3;CALM1;CALM2","KEGG_2019_Mouse","brown"
"Renin secretion","3/76",0.00654799848395007,0.0249187720083656,0,0,8.40008473379466,42.2406312404249,"CALM3;CALM1;CALM2","KEGG_2019_Mouse","brown"
"Synaptic vesicle cycle","3/77",0.0067890554235684,0.0251378538656451,0,0,8.28615213151296,41.3681460172482,"RAB3A;VAMP2;ATP6V1F","KEGG_2019_Mouse","brown"
"Salmonella infection","3/78",0.00703533563956652,0.025364236384753,0,0,8.17525773195876,40.5231982940018,"NLRC4;ACTB;ACTG1","KEGG_2019_Mouse","brown"
"Human cytomegalovirus infection","5/255",0.00914003972034554,0.0321073190176241,0,0,4.13684210526316,19.4228482659746,"GNG3;TRAF5;CALM3;CALM1;CALM2","KEGG_2019_Mouse","brown"
"GnRH signaling pathway","3/90",0.0104072034150418,0.035644671696518,0,0,7.04337006754355,32.1547950435062,"CALM3;CALM1;CALM2","KEGG_2019_Mouse","brown"
"cGMP-PKG signaling pathway","4/172",0.0109278197077072,0.0363197507320192,0,0,4.89384920634921,22.1027933131365,"CALM3;CALM1;CALM2;SLC25A4","KEGG_2019_Mouse","brown"
"Pentose phosphate pathway","2/32",0.0111345221222249,0.0363197507320192,0,0,13.5170068027211,60.795507674817,"ALDOC;ALDOA","KEGG_2019_Mouse","brown"
"Phosphatidylinositol signaling system","3/98",0.0130939766052085,0.0417180184863621,0,0,6.44763971785133,27.954405817651,"CALM3;CALM1;CALM2","KEGG_2019_Mouse","brown"
"Melanogenesis","3/100",0.0138217578324638,0.0425083582181139,0,0,6.31406100542034,27.0337233788467,"CALM3;CALM1;CALM2","KEGG_2019_Mouse","brown"
"Cellular senescence","4/185",0.013962599414709,0.0425083582181139,0,0,4.53936464088398,19.3893195392136,"CALM3;CALM1;CALM2;SLC25A4","KEGG_2019_Mouse","brown"
"Aldosterone synthesis and secretion","3/102",0.0145721785315227,0.0433997491047524,0,0,6.18587941268354,26.1578642224501,"CALM3;CALM1;CALM2","KEGG_2019_Mouse","brown"
"Calcium signaling pathway","4/189",0.014993672320653,0.0437049597431801,0,0,4.44031531531532,18.6498882984146,"CALM3;CALM1;CALM2;SLC25A4","KEGG_2019_Mouse","brown"
"Pyruvate metabolism","2/38",0.0154783132235365,0.0441776856588438,0,0,11.2607709750567,46.9384448645158,"PKM;MDH1","KEGG_2019_Mouse","brown"
"Ferroptosis","2/40",0.0170631829128301,0.0477072665113822,0,0,10.6670247046187,43.4236674606069,"MAP1LC3A;FTH1","KEGG_2019_Mouse","brown"
"Alcoholism","4/199",0.0177783315627962,0.0487126284820616,0,0,4.21047008547009,16.9672466304178,"GNG3;CALM3;CALM1;CALM2","KEGG_2019_Mouse","brown"
"C-type lectin receptor signaling pathway","3/112",0.0186665018739365,0.0501433481711628,0,0,5.6155301239005,22.3555641556835,"CALM3;CALM1;CALM2","KEGG_2019_Mouse","brown"
"NOD-like receptor signaling pathway","4/205",0.0195940449648719,0.0516227723112972,0,0,4.08354063018242,16.0586443488633,"GABARAPL2;HSP90AB1;TRAF5;NLRC4","KEGG_2019_Mouse","brown"
"Mineral absorption","2/44",0.0204294838615153,0.0528082884722189,0,0,9.6491739552964,37.5427757402553,"FTH1;MT1","KEGG_2019_Mouse","brown"
"Regulation of actin cytoskeleton","4/217",0.0235597522189601,0.0597719639629173,0,0,3.85113458528951,14.4348821036101,"TMSB4X;CFL1;ACTB;ACTG1","KEGG_2019_Mouse","brown"
"Inflammatory mediator regulation of TRP channels","3/127",0.0258863853847271,0.0644806326855929,0,0,4.93249085467243,18.0235095567768,"CALM3;CALM1;CALM2","KEGG_2019_Mouse","brown"
"Ras signaling pathway","4/233",0.0295572342532096,0.0723096623694593,0,0,3.57914847161572,12.6037091741373,"GNG3;CALM3;CALM1;CALM2","KEGG_2019_Mouse","brown"
"Insulin signaling pathway","3/139",0.0325947616635109,0.0783417955772105,0,0,4.49454214675561,15.3875310726011,"CALM3;CALM1;CALM2","KEGG_2019_Mouse","brown"
"Vascular smooth muscle contraction","3/140",0.0331909659721763,0.0783993506584166,0,0,4.46150951915118,15.193570503725,"CALM3;CALM1;CALM2","KEGG_2019_Mouse","brown"
"Apoptosis","3/141",0.0337928567698919,0.0784681589402575,0,0,4.42895562528014,15.0031130324376,"TUBA1B;ACTB;ACTG1","KEGG_2019_Mouse","brown"
"Adrenergic signaling in cardiomyocytes","3/148",0.0381645668105914,0.0871424275508503,0,0,4.21365090650551,13.7611423922677,"CALM3;CALM1;CALM2","KEGG_2019_Mouse","brown"
"Mitophagy","2/63",0.0396819029137974,0.0891216508063974,0,0,6.6373369019739,21.4177572290841,"GABARAPL2;UBB","KEGG_2019_Mouse","brown"
"Central carbon metabolism in cancer","2/64",0.0408312655246501,0.0902239254335011,0,0,6.52995391705069,20.8847984924896,"PKM;PGAM1","KEGG_2019_Mouse","brown"
"Hippo signaling pathway","3/159",0.0455880793261004,0.0991359820265992,0,0,3.91435368754956,12.0879509101259,"ACTB;ACTG1;YWHAH","KEGG_2019_Mouse","brown"
"Adherens junction","2/72",0.0504637828415357,0.105076733403413,0,0,5.78134110787172,17.265971584774,"ACTB;ACTG1","KEGG_2019_Mouse","brown"
"Arrhythmogenic right ventricular cardiomyopathy (ARVC)","2/72",0.0504637828415357,0.105076733403413,0,0,5.78134110787172,17.265971584774,"ACTB;ACTG1","KEGG_2019_Mouse","brown"
"Tight junction","3/167",0.0514036895977325,0.105076733403413,0,0,3.72190093034951,11.0467706640303,"TUBA1B;ACTB;ACTG1","KEGG_2019_Mouse","brown"
"Pathways in cancer","6/535",0.0518170733020687,0.105076733403413,0,0,2.3373285605116,6.91857570967178,"GNG3;HSP90AB1;TRAF5;CALM3;CALM1;CALM2","KEGG_2019_Mouse","brown"
"Influenza A","3/168",0.0521548749739569,0.105076733403413,0,0,3.6991565135895,10.9255979327696,"HSPA8;ACTB;ACTG1","KEGG_2019_Mouse","brown"
"Bacterial invasion of epithelial cells","2/74",0.0529880944930012,0.105208245587553,0,0,5.62018140589569,16.5103396024628,"ACTB;ACTG1","KEGG_2019_Mouse","brown"
"Tuberculosis","3/178",0.059957169773651,0.117344746557003,0,0,3.4860088365243,9.81006395045055,"CALM3;CALM1;CALM2","KEGG_2019_Mouse","brown"
"PPAR signaling pathway","2/85",0.067632189652766,0.129537276773582,0,0,4.87263339070568,13.1252723836309,"FABP5;UBC","KEGG_2019_Mouse","brown"
"Hypertrophic cardiomyopathy (HCM)","2/86",0.0690235124413976,0.129537276773582,0,0,4.81438289601555,12.8703286595916,"ACTB;ACTG1","KEGG_2019_Mouse","brown"
"Insulin secretion","2/86",0.0690235124413976,0.129537276773582,0,0,4.81438289601555,12.8703286595916,"RAB3A;VAMP2","KEGG_2019_Mouse","brown"
"Viral myocarditis","2/87",0.070424276300901,0.130380079097614,0,0,4.75750300120048,12.6226889889879,"ACTB;ACTG1","KEGG_2019_Mouse","brown"
"Antigen processing and presentation","2/90",0.0746819496854828,0.132875676713132,0,0,4.59461966604824,11.9208181587653,"HSPA8;HSP90AB1","KEGG_2019_Mouse","brown"
"Dilated cardiomyopathy (DCM)","2/90",0.0746819496854828,0.132875676713132,0,0,4.59461966604824,11.9208181587653,"ACTB;ACTG1","KEGG_2019_Mouse","brown"
"GABAergic synapse","2/90",0.0746819496854828,0.132875676713132,0,0,4.59461966604824,11.9208181587653,"GABARAPL2;GNG3","KEGG_2019_Mouse","brown"
"IL-17 signaling pathway","2/91",0.0761192182371278,0.133696575621622,0,0,4.54276542077505,11.6996856760182,"HSP90AB1;TRAF5","KEGG_2019_Mouse","brown"
"cAMP signaling pathway","3/211",0.0892518307965823,0.154778491381415,0,0,2.92803330689929,7.0749873945873,"CALM3;CALM1;CALM2","KEGG_2019_Mouse","brown"
"Proximal tubule bicarbonate reclamation","1/22",0.104464697819105,0.178895795015217,0,0,9.56180856180856,21.5992275397069,"MDH1","KEGG_2019_Mouse","brown"
"Viral carcinogenesis","3/229",0.10732364992108,0.181522716533185,0,0,2.69236383541648,6.00910365619977,"PKM;TRAF5;YWHAH","KEGG_2019_Mouse","brown"
"Phenylalanine metabolism","1/23",0.108947297836033,0.182021704921177,0,0,9.1267217630854,20.2329475165344,"MIF","KEGG_2019_Mouse","brown"
"Thyroid hormone signaling pathway","2/115",0.112990010336963,0.184281326382903,0,0,3.57359581000542,7.7920679547705,"ACTB;ACTG1","KEGG_2019_Mouse","brown"
"Leukocyte transendothelial migration","2/115",0.112990010336963,0.184281326382903,0,0,3.57359581000542,7.7920679547705,"ACTB;ACTG1","KEGG_2019_Mouse","brown"
"Collecting duct acid secretion","1/27",0.126656642302827,0.204140705829262,0,0,7.72105672105672,15.9538300108164,"ATP6V1F","KEGG_2019_Mouse","brown"
"Platelet activation","2/125",0.129482770614753,0.206269064816525,0,0,3.28140036502406,6.70786307963644,"ACTB;ACTG1","KEGG_2019_Mouse","brown"
"Glyoxylate and dicarboxylate metabolism","1/31",0.144017471501311,0.226786133283674,0,0,6.69023569023569,12.9644769200402,"MDH1","KEGG_2019_Mouse","brown"
"Citrate cycle (TCA cycle)","1/32",0.148304021933978,0.230882397783579,0,0,6.47409579667644,12.3557529781019,"MDH1","KEGG_2019_Mouse","brown"
"SNARE interactions in vesicular transport","1/33",0.152569319997184,0.234853897074317,0,0,6.27146464646465,11.7912078898077,"VAMP2","KEGG_2019_Mouse","brown"
"African trypanosomiasis","1/39",0.17772061456847,0.270530268843116,0,0,5.27963849016481,9.12080010262218,"HBB-BS","KEGG_2019_Mouse","brown"
"Tyrosine metabolism","1/40",0.181840038445641,0.270783535511443,0,0,5.14400414400414,8.76861291991989,"MIF","KEGG_2019_Mouse","brown"
"Glycine, serine and threonine metabolism","1/40",0.181840038445641,0.270783535511443,0,0,5.14400414400414,8.76861291991989,"PGAM1","KEGG_2019_Mouse","brown"
"Protein processing in endoplasmic reticulum","2/163",0.196156627809209,0.288961914084534,0,0,2.50209151983775,4.07551129848272,"HSPA8;HSP90AB1","KEGG_2019_Mouse","brown"
"RNA transport","2/167",0.203427034299401,0.296484081904446,0,0,2.44094001236858,3.88706977769903,"EEF1A1;EIF1","KEGG_2019_Mouse","brown"
"Hepatocellular carcinoma","2/171",0.210728128748523,0.303892143563659,0,0,2.38268325081512,3.71028211013766,"ACTB;ACTG1","KEGG_2019_Mouse","brown"
"Type II diabetes mellitus","1/48",0.214068244088033,0.305493223333964,0,0,4.26670964968837,6.57696403663591,"PKM","KEGG_2019_Mouse","brown"
"Malaria","1/49",0.21800735103248,0.307110978623967,0,0,4.17760942760943,6.36344537186664,"HBB-BS","KEGG_2019_Mouse","brown"
"Arginine and proline metabolism","1/50",0.221926911560385,0.307110978623967,0,0,4.09214594928881,6.16034588762116,"CKB","KEGG_2019_Mouse","brown"
"Cysteine and methionine metabolism","1/50",0.221926911560385,0.307110978623967,0,0,4.09214594928881,6.16034588762116,"MDH1","KEGG_2019_Mouse","brown"
"Focal adhesion","2/199",0.262374132122319,0.359019672800849,0,0,2.04112711074277,2.73099502551452,"ACTB;ACTG1","KEGG_2019_Mouse","brown"
"PI3K-Akt signaling pathway","3/357",0.264678736882378,0.359019672800849,0,0,1.70767080202691,2.26990177895585,"GNG3;HSP90AB1;YWHAH","KEGG_2019_Mouse","brown"
"Proteoglycans in cancer","2/203",0.269787257396922,0.362361316307631,0,0,2.00010153315057,2.62037615304045,"ACTB;ACTG1","KEGG_2019_Mouse","brown"
"Inositol phosphate metabolism","1/73",0.306897033111884,0.408202849867263,0,0,2.78170594837262,3.28587063696556,"TPI1","KEGG_2019_Mouse","brown"
"Rheumatoid arthritis","1/84",0.344220716526821,0.453444597732446,0,0,2.41170743580382,2.57201895784243,"ATP6V1F","KEGG_2019_Mouse","brown"
"Fc gamma R-mediated phagocytosis","1/87",0.354049852499014,0.461950759927285,0,0,2.3272257458304,2.41639933353241,"CFL1","KEGG_2019_Mouse","brown"
"Progesterone-mediated oocyte maturation","1/90",0.363733115678147,0.469489668507328,0,0,2.24843945068664,2.27392523969427,"HSP90AB1","KEGG_2019_Mouse","brown"
"Morphine addiction","1/92",0.370108643786799,0.469489668507328,0,0,2.1988011988012,2.18551754723327,"GNG3","KEGG_2019_Mouse","brown"
"Small cell lung cancer","1/92",0.370108643786799,0.469489668507328,0,0,2.1988011988012,2.18551754723327,"TRAF5","KEGG_2019_Mouse","brown"
"Prostate cancer","1/97",0.385772094842852,0.484869513701566,0,0,2.08375420875421,1.98479362024731,"HSP90AB1","KEGG_2019_Mouse","brown"
"Endocytosis","2/269",0.390143698583407,0.485906242781152,0,0,1.50064969808148,1.41247174664387,"HSPA8;UBB","KEGG_2019_Mouse","brown"
"Th17 cell differentiation","1/102",0.401049842395342,0.486228569983734,0,0,1.98009800980098,1.80915528558786,"HSP90AB1","KEGG_2019_Mouse","brown"
"Longevity regulating pathway","1/102",0.401049842395342,0.486228569983734,0,0,1.98009800980098,1.80915528558786,"HSPA8","KEGG_2019_Mouse","brown"
"NF-kappa B signaling pathway","1/102",0.401049842395342,0.486228569983734,0,0,1.98009800980098,1.80915528558786,"TRAF5","KEGG_2019_Mouse","brown"
"HIF-1 signaling pathway","1/104",0.407055058636552,0.489180202045681,0,0,1.94145336863783,1.74499153520703,"ALDOA","KEGG_2019_Mouse","brown"
"Toxoplasmosis","1/108",0.41888723576301,0.499022185213325,0,0,1.86849806475975,1.62588017253325,"HSPA8","KEGG_2019_Mouse","brown"
"TNF signaling pathway","1/110",0.424715362613925,0.501603488604377,0,0,1.83402835696414,1.57054463447437,"TRAF5","KEGG_2019_Mouse","brown"
"Cholinergic synapse","1/113",0.433349218837219,0.502178180833776,0,0,1.78463203463203,1.4923295915181,"GNG3","KEGG_2019_Mouse","brown"
"MAPK signaling pathway","2/294",0.433647407322141,0.502178180833776,0,0,1.37042214145932,1.14501990493626,"HSPA8;STMN1","KEGG_2019_Mouse","brown"
"Glutamatergic synapse","1/114",0.436198565833718,0.502178180833776,0,0,1.76874944131581,1.46745661650072,"GNG3","KEGG_2019_Mouse","brown"
"Cell cycle","1/123",0.461212676190375,0.526551138650678,0,0,1.63752276867031,1.26727232996582,"YWHAH","KEGG_2019_Mouse","brown"
"Autophagy","1/130",0.479905677193982,0.531699843060141,0,0,1.54811682718659,1.13657427447839,"GABARAPL2","KEGG_2019_Mouse","brown"
"Relaxin signaling pathway","1/131",0.482523156606063,0.531699843060141,0,0,1.53613053613054,1.11941882389327,"GNG3","KEGG_2019_Mouse","brown"
"FoxO signaling pathway","1/132",0.485127594032975,0.531699843060141,0,0,1.52432724188449,1.1026119616962,"GABARAPL2","KEGG_2019_Mouse","brown"
"Serotonergic synapse","1/132",0.485127594032975,0.531699843060141,0,0,1.52432724188449,1.1026119616962,"GNG3","KEGG_2019_Mouse","brown"
"Spliceosome","1/132",0.485127594032975,0.531699843060141,0,0,1.52432724188449,1.1026119616962,"HSPA8","KEGG_2019_Mouse","brown"
"Purine metabolism","1/136",0.49541620618668,0.538666827361708,0,0,1.47886270108492,1.03868964279636,"PKM","KEGG_2019_Mouse","brown"
"Measles","1/144",0.515386675547343,0.555968303543197,0,0,1.39556403192767,0.925032639771104,"HSPA8","KEGG_2019_Mouse","brown"
"mTOR signaling pathway","1/154",0.539252532966754,0.573396187315904,0,0,1.30369049976893,0.805121832204194,"ATP6V1F","KEGG_2019_Mouse","brown"
"Human papillomavirus infection","2/360",0.53991319827556,0.573396187315904,0,0,1.11401208528104,0.686617891179883,"PKM;ATP6V1F","KEGG_2019_Mouse","brown"
"Hepatitis C","1/160",0.553009592723917,0.582787032332128,0,0,1.25411346166063,0.742911645774827,"YWHAH","KEGG_2019_Mouse","brown"
"Axon guidance","1/180",0.595994889569521,0.623292365427667,0,0,1.11286044805598,0.57593108520923,"CFL1","KEGG_2019_Mouse","brown"
"Chemokine signaling pathway","1/197",0.62929598455177,0.653132953663579,0,0,1.01546072974644,0.470314261452597,"GNG3","KEGG_2019_Mouse","brown"
"Epstein-Barr virus infection","1/229",0.684778279205045,0.705373114669858,0,0,0.871522239943293,0.330010762244593,"TRAF5","KEGG_2019_Mouse","brown"
"Human T-cell leukemia virus 1 infection","1/245",0.709351740244625,0.725232749354579,0,0,0.81371087928465,0.279431381953944,"SLC25A4","KEGG_2019_Mouse","brown"
"MicroRNAs in cancer","1/281",0.757922669215417,0.769151153203794,0,0,0.707792207792208,0.196181539398202,"STMN1","KEGG_2019_Mouse","brown"
"Herpes simplex virus 1 infection","1/433",0.888559328285823,0.895092852758513,0,0,0.455200149644594,0.0537836547902817,"TRAF5","KEGG_2019_Mouse","brown"
"Olfactory transduction","3/1133",0.927590228598292,0.927590228598292,0,0,0.513730499042058,0.0386146596749039,"CALM3;CALM1;CALM2","KEGG_2019_Mouse","brown"
"Chemical Synaptic Transmission (GO:0007268)","11/273",1.2128250969604e-07,6.18857716151381e-05,0,0,9.26400205849558,147.530559589171,"GABRA2;GABRB1;GRID2;GLRA2;GAD1;GAD2;GRIK2;PDE7B;ASIC2;GABRG1;GRIA4","GO_Biological_Process_2023","turquoise"
"Modulation Of Chemical Synaptic Transmission (GO:0050804)","8/123",1.88676132972982e-07,6.18857716151381e-05,0,0,14.9603024574669,231.633861773265,"GRID2;RELN;CAMK2A;OTOF;GRIK2;LRRC4C;GRIA4;BAIAP3","GO_Biological_Process_2023","turquoise"
"Regulation Of Trans-Synaptic Signaling (GO:0099177)","5/36",9.41694230230355e-07,0.000205917138343704,0,0,33.7334465195246,468.071311656587,"GRID2;RELN;GRIK2;LRRC4C;GRIA4","GO_Biological_Process_2023","turquoise"
"Anterograde Trans-Synaptic Signaling (GO:0098916)","7/199",6.36634875715278e-05,0.00940753120454768,0,0,7.72603046594982,74.6481287622583,"GABRB1;GLRA2;GAD1;GAD2;GRIK2;PDE7B;ASIC2","GO_Biological_Process_2023","turquoise"
"Positive Regulation Of Small GTPase Mediated Signal Transduction (GO:0051057)","3/17",7.8378298767988e-05,0.00940753120454768,0,0,43.9307805596465,415.319994635002,"RELN;RASGRF1;RASGRP1","GO_Biological_Process_2023","turquoise"
"Chloride Transmembrane Transport (GO:1902476)","4/48",9.66898348669846e-05,0.00940753120454768,0,0,18.8030303030303,173.815255017141,"GABRA2;GABRB1;GLRA2;GABRG1","GO_Biological_Process_2023","turquoise"
"Regulation Of GTPase Activity (GO:0043087)","7/214",0.000100385241511942,0.00940753120454768,0,0,7.16071892369228,65.9251255338141,"PREX2;DOCK11;RASGRF1;PLXNC1;EFNA5;RGS9;RASGRP1","GO_Biological_Process_2023","turquoise"
"Gamma-Aminobutyric Acid Signaling Pathway (GO:0007214)","3/20",0.00012997496316054,0.0106579469791643,0,0,36.1728320194057,323.680603886026,"GABRA2;GABRB1;GABRG1","GO_Biological_Process_2023","turquoise"
"Monoatomic Anion Transmembrane Transport (GO:0098656)","4/54",0.000153584063856119,0.0111945717655127,0,0,16.5416666666667,145.256717081136,"GABRA2;GABRB1;GLRA2;GABRG1","GO_Biological_Process_2023","turquoise"
"Cell-Cell Adhesion Via Plasma-Membrane Adhesion Molecules (GO:0098742)","6/172",0.000226615472094533,0.013398098681252,0,0,7.58805434503973,63.6808940923706,"PTPRT;GRID2;TENM3;CADM1;CDH12;LRRC4C","GO_Biological_Process_2023","turquoise"
"Gamma-Aminobutyric Acid Metabolic Process (GO:0009448)","2/5",0.000245087170998512,0.013398098681252,0,0,135.353741496599,1125.31701267514,"GAD1;GAD2","GO_Biological_Process_2023","turquoise"
"Glutamate Catabolic Process (GO:0006538)","2/5",0.000245087170998512,0.013398098681252,0,0,135.353741496599,1125.31701267514,"GAD1;GAD2","GO_Biological_Process_2023","turquoise"
"Inorganic Anion Transmembrane Transport (GO:0098661)","4/63",0.000279497344115111,0.0141038659799625,0,0,14.0120056497175,114.653485189727,"GABRA2;GABRB1;GLRA2;GABRG1","GO_Biological_Process_2023","turquoise"
"Synaptic Transmission, Glutamatergic (GO:0035249)","3/27",0.000325124352919345,0.0152343982510779,0,0,25.6134020618557,205.708988323138,"GRID2;GRIK2;GRIA4","GO_Biological_Process_2023","turquoise"
"Neuropeptide Signaling Pathway (GO:0007218)","4/68",0.000374898293077499,0.016395552017256,0,0,12.9140625,101.877176689907,"GLRA2;ECEL1;SORCS1;SORCS3","GO_Biological_Process_2023","turquoise"
"Regulation Of Neuron Migration (GO:2001222)","3/29",0.000403221018968546,0.0165320617777104,0,0,23.6407613005551,184.776798180826,"RELN;CAMK2A;PHACTR1","GO_Biological_Process_2023","turquoise"
"Central Nervous System Neuron Differentiation (GO:0021953)","3/31",0.000492443679830411,0.019002532586397,0,0,21.9499263622975,167.173502753114,"GRID2;SPOCK1;TOX","GO_Biological_Process_2023","turquoise"
"Chloride Transport (GO:0006821)","4/77",0.000601946318497709,0.0219375991630276,0,0,11.3167808219178,83.9178033991571,"GABRA2;GABRB1;GLRA2;GABRG1","GO_Biological_Process_2023","turquoise"
"Regulation Of Neuronal Synaptic Plasticity (GO:0048168)","3/34",0.000648483947959066,0.0220764587304937,0,0,19.8227469238444,145.516273766311,"NETO1;CAMK2A;GRIK2","GO_Biological_Process_2023","turquoise"
"Glutamate Receptor Signaling Pathway (GO:0007215)","3/35",0.000706715904482267,0.0220764587304937,0,0,19.2023195876289,139.310558994682,"GRID2;GRIK2;GRIA4","GO_Biological_Process_2023","turquoise"
"Regulation Of Postsynaptic Membrane Potential (GO:0060078)","3/35",0.000706715904482267,0.0220764587304937,0,0,19.2023195876289,139.310558994682,"GABRA2;GRID2;GABRG1","GO_Biological_Process_2023","turquoise"
"Sodium Ion Transmembrane Transport (GO:0035725)","4/82",0.000763307494582887,0.0227604416566534,0,0,10.5886752136752,76.0039181528157,"SCN9A;SLC9A9;ASIC2;HCN1","GO_Biological_Process_2023","turquoise"
"Lipid Phosphorylation (GO:0046834)","2/9",0.000870867194754317,0.0248386469460362,0,0,57.997084548105,408.648679561366,"DGKB;DGKK","GO_Biological_Process_2023","turquoise"
"Sodium Ion Transport (GO:0006814)","4/89",0.00103751766290969,0.0283588161195315,0,0,9.71323529411765,66.7389042344027,"SCN9A;SCN7A;ASIC2;HCN1","GO_Biological_Process_2023","turquoise"
"Acylglycerol Metabolic Process (GO:0006639)","3/41",0.00112632746020299,0.0295548325557265,0,0,16.1654910472056,109.744172047573,"DGKB;DGKK;GCK","GO_Biological_Process_2023","turquoise"
"Regulation Of Phospholipase C Activity (GO:1900274)","2/11",0.0013218400851343,0.033351042148004,0,0,45.1043083900227,298.984305122014,"ESR1;RASGRP1","GO_Biological_Process_2023","turquoise"
"Nervous System Development (GO:0007399)","8/433",0.00148338910138816,0.0360408611300236,0,0,3.9846547314578,25.9537532337566,"RPS6KA6;SNTG2;RELN;MAMDC2;SPOCK1;EFNA5;ASIC2;DCLK1","GO_Biological_Process_2023","turquoise"
"Regulation Of Neuron Projection Development (GO:0010975)","5/174",0.00181998264481777,0.0418366590399484,0,0,6.14481469947057,38.7671954402574,"TENM3;RELN;SPOCK1;TOX;LRRC4C","GO_Biological_Process_2023","turquoise"
"Heterophilic Cell-Cell Adhesion Via Plasma Membrane Cell Adhesion Molecules (GO:0007157)","3/49",0.00189120911437294,0.0418366590399484,0,0,13.3487225459435,83.703684141881,"GRID2;TENM3;CADM1","GO_Biological_Process_2023","turquoise"
"Positive Regulation Of Hydrolase Activity (GO:0051345)","5/176",0.0019132618463391,0.0418366590399484,0,0,6.07232994767621,38.00638353982,"PREX2;DOCK11;RASGRF1;RGS9;RASGRP1","GO_Biological_Process_2023","turquoise"
"Synaptic Transmission, GABAergic (GO:0051932)","2/14",0.00216576516004231,0.0443981857808674,0,0,33.8231292517007,207.504274169846,"GABRA2;GABRG1","GO_Biological_Process_2023","turquoise"
"T Cell Proliferation (GO:0042098)","2/14",0.00216576516004231,0.0443981857808674,0,0,33.8231292517007,207.504274169846,"CADM1;RASGRP1","GO_Biological_Process_2023","turquoise"
"Positive Regulation Of Cell Projection Organization (GO:0031346)","4/118",0.00292063617209589,0.0576619822303117,0,0,7.23172514619883,42.2040139869092,"TENM3;RELN;PLXNC1;TOX","GO_Biological_Process_2023","turquoise"
"Central Nervous System Development (GO:0007417)","6/283",0.00298857834730274,0.0576619822303117,0,0,4.52177586604194,26.2848908152681,"RPS6KA6;SNTG2;RELN;SPOCK1;ASIC2;DCLK1","GO_Biological_Process_2023","turquoise"
"Homophilic Cell Adhesion Via Plasma Membrane Adhesion Molecules (GO:0007156)","3/60",0.00337607395601961,0.0632772718613961,0,0,10.7666847531199,61.2736529352707,"PTPRT;TENM3;CADM1","GO_Biological_Process_2023","turquoise"
"Regulation Of Anatomical Structure Morphogenesis (GO:0022603)","4/127",0.00380144168027054,0.0692707150627077,0,0,6.69952574525745,37.332269068967,"BCL6;TNIK;EFNA5;LRRC4C","GO_Biological_Process_2023","turquoise"
"Regulation Of Secretion By Cell (GO:1903530)","3/64",0.00405172498955602,0.0718359890040203,0,0,10.0586445834038,55.4091759409798,"RAB3B;CAMK2A;OTOF","GO_Biological_Process_2023","turquoise"
"Positive Regulation Of Natural Killer Cell Mediated Cytotoxicity (GO:0045954)","2/21",0.00488538725831669,0.0843372116172565,0,0,21.3544575725027,113.63788950908,"CADM1;RASGRP1","GO_Biological_Process_2023","turquoise"
"Regulation Of G Protein-Coupled Receptor Signaling Pathway (GO:0008277)","3/70",0.00520972357949959,0.0867209028488578,0,0,9.15510078473611,48.1304565862878,"CALCR;CAMK2A;RGS9","GO_Biological_Process_2023","turquoise"
"Positive Regulation Of Excitatory Postsynaptic Potential (GO:2000463)","2/22",0.00535649695773258,0.0867209028488578,0,0,20.2857142857143,106.083028567318,"RELN;NETO1","GO_Biological_Process_2023","turquoise"
"Regulation Of Hydrolase Activity (GO:0051336)","3/71",0.00542005642805361,0.0867209028488578,0,0,9.02001212856277,47.0632577361771,"CAMK2A;PLXNC1;EFNA5","GO_Biological_Process_2023","turquoise"
"Diacylglycerol Metabolic Process (GO:0046339)","2/23",0.00584761959206228,0.0913342488664965,0,0,19.3187560738581,99.3316462237063,"DGKB;DGKK","GO_Biological_Process_2023","turquoise"
"Positive Regulation Of Natural Killer Cell Mediated Immunity (GO:0002717)","2/24",0.00635854736076345,0.0958680874658168,0,0,18.4397031539889,93.2671948534304,"CADM1;RASGRP1","GO_Biological_Process_2023","turquoise"
"Positive Regulation Of GTPase Activity (GO:0043547)","5/234",0.00643017659831698,0.0958680874658168,0,0,4.5210296483567,22.8165211903817,"PREX2;DOCK11;RASGRF1;RGS9;RASGRP1","GO_Biological_Process_2023","turquoise"
"Positive Regulation Of Synaptic Transmission (GO:0050806)","3/77",0.0067890554235684,0.0989693412857971,0,0,8.28615213151296,41.3681460172482,"RELN;GRIK2;BAIAP3","GO_Biological_Process_2023","turquoise"
"Regulation Of Insulin Secretion Involved In Cellular Response To Glucose Stimulus (GO:0061178)","2/27",0.00800810651058956,0.114202562411886,0,0,16.2244897959184,78.3204947866311,"EFNA5;BAIAP3","GO_Biological_Process_2023","turquoise"
"Regulation Of Calcium Ion-Dependent Exocytosis (GO:0017158)","2/28",0.00859620747114401,0.119981108533414,0,0,15.5996860282575,74.1988795836398,"RPH3AL;BAIAP3","GO_Biological_Process_2023","turquoise"
"Regulation Of Insulin Secretion (GO:0050796)","3/87",0.00949112037178165,0.129711978414349,0,0,7.2960235640648,33.9804900436335,"RFX3;EFNA5;GCK","GO_Biological_Process_2023","turquoise"
"Positive Regulation Of Cell Communication (GO:0010647)","2/30",0.00982857782071015,0.131582592865018,0,0,14.4839650145773,66.9515638793864,"GRIK2;CARTPT","GO_Biological_Process_2023","turquoise"
"Modulation Of Excitatory Postsynaptic Potential (GO:0098815)","2/31",0.0104724512850622,0.137398560860017,0,0,13.9838142153413,63.7523090878691,"RELN;NETO1","GO_Biological_Process_2023","turquoise"
"Positive Regulation Of Neuron Projection Development (GO:0010976)","3/92",0.0110454740818408,0.137815971927915,0,0,6.88439708096838,31.0192655790006,"TENM3;RELN;TOX","GO_Biological_Process_2023","turquoise"
"Positive Regulation Of Synapse Assembly (GO:0051965)","2/32",0.0111345221222249,0.137815971927915,0,0,13.5170068027211,60.795507674817,"GRID2;SYNDIG1","GO_Biological_Process_2023","turquoise"
"Regulation Of Natural Killer Cell Mediated Cytotoxicity (GO:0042269)","2/32",0.0111345221222249,0.137815971927915,0,0,13.5170068027211,60.795507674817,"CADM1;RASGRP1","GO_Biological_Process_2023","turquoise"
"Positive Regulation Of Protein Phosphorylation (GO:0001934)","6/377",0.0116596853037354,0.141643584430564,0,0,3.35992429890463,14.9570997826831,"CALCR;RELN;CARTPT;TNIK;EFNA5;RASGRP1","GO_Biological_Process_2023","turquoise"
"Monoatomic Cation Transmembrane Transport (GO:0098655)","5/281",0.0134771175202391,0.160745256241398,0,0,3.74218154080854,16.1166853699717,"SCN9A;SLC9A9;ASIC2;CNGB1;HCN1","GO_Biological_Process_2023","turquoise"
"Synaptic Vesicle Cycle (GO:0099504)","2/37",0.0147110875878219,0.166289389937954,0,0,11.5830903790087,48.8708399253876,"SYNDIG1;OTOF","GO_Biological_Process_2023","turquoise"
"Positive Regulation Of Receptor Signaling Pathway Via JAK-STAT (GO:0046427)","2/37",0.0147110875878219,0.166289389937954,0,0,11.5830903790087,48.8708399253876,"CAMK2A;PRLR","GO_Biological_Process_2023","turquoise"
"Calcium Ion Import Across Plasma Membrane (GO:0098703)","2/37",0.0147110875878219,0.166289389937954,0,0,11.5830903790087,48.8708399253876,"SCN9A;SCN7A","GO_Biological_Process_2023","turquoise"
"Inorganic Cation Import Across Plasma Membrane (GO:0098659)","3/103",0.0149559054974685,0.166289389937954,0,0,6.12371134020619,25.7358095887729,"SCN9A;SLC9A9;SCN7A","GO_Biological_Process_2023","turquoise"
"Regulation Of Neurotransmitter Secretion (GO:0046928)","2/38",0.0154783132235365,0.166689665929577,0,0,11.2607709750567,46.9384448645158,"CAMK2A;OTOF","GO_Biological_Process_2023","turquoise"
"Cellular Response To Organonitrogen Compound (GO:0071417)","3/105",0.0157404409875109,0.166689665929577,0,0,6.00303214069133,24.9217201151844,"GABRB1;GLRA2;HCN1","GO_Biological_Process_2023","turquoise"
"Neuron Projection Development (GO:0031175)","4/192",0.0157977826439019,0.166689665929577,0,0,4.36879432624113,18.121259458719,"RASGRF1;TNIK;PPP1R9A;DCLK1","GO_Biological_Process_2023","turquoise"
"Regulation Of Monoatomic Cation Transmembrane Transport (GO:1904062)","2/39",0.0162624064321538,0.166689665929577,0,0,10.9558742415885,45.1261415257865,"KCNIP1;HCN1","GO_Biological_Process_2023","turquoise"
"Negative Regulation Of Cell-Substrate Adhesion (GO:0010812)","2/39",0.0162624064321538,0.166689665929577,0,0,10.9558742415885,45.1261415257865,"SPOCK1;EFNA5","GO_Biological_Process_2023","turquoise"
"Monoatomic Ion Transport (GO:0006811)","3/107",0.0165478094013242,0.167005584111825,0,0,5.88699444885012,24.1455168472485,"GABRB1;SLC9A9;CNGB1","GO_Biological_Process_2023","turquoise"
"Positive Regulation Of Insulin Secretion (GO:0032024)","2/40",0.0170631829128301,0.169597696830554,0,0,10.6670247046187,43.4236674606069,"GCK;BAIAP3","GO_Biological_Process_2023","turquoise"
"Regulation Of Neurotransmitter Receptor Activity (GO:0099601)","2/42",0.0187140554000923,0.177919135397979,0,0,10.1326530612245,40.3125617234172,"RELN;NETO1","GO_Biological_Process_2023","turquoise"
"Lipid Modification (GO:0030258)","2/42",0.0187140554000923,0.177919135397979,0,0,10.1326530612245,40.3125617234172,"DGKB;DGKK","GO_Biological_Process_2023","turquoise"
"Regulation Of Axonogenesis (GO:0050770)","2/42",0.0187140554000923,0.177919135397979,0,0,10.1326530612245,40.3125617234172,"PLXNC1;LRRC4C","GO_Biological_Process_2023","turquoise"
"Intracellular Glucose Homeostasis (GO:0001678)","2/43",0.0195637897091909,0.17824786179485,0,0,9.88501742160279,38.888398778374,"CARTPT;GCK","GO_Biological_Process_2023","turquoise"
"Neurotransmitter Secretion (GO:0007269)","2/43",0.0195637897091909,0.17824786179485,0,0,9.88501742160279,38.888398778374,"RPH3AL;OTOF","GO_Biological_Process_2023","turquoise"
"Regulation Of Cell-Cell Adhesion (GO:0022407)","2/43",0.0195637897091909,0.17824786179485,0,0,9.88501742160279,38.888398778374,"TENM3;EFNA5","GO_Biological_Process_2023","turquoise"
"Phosphorylation (GO:0016310)","6/429",0.0207214037532723,0.178329467768203,0,0,2.93903727176701,11.3934369577902,"DGKB;CAMK2A;TNIK;DGKK;DCLK1;GCK","GO_Biological_Process_2023","turquoise"
"Natural Killer Cell Activation (GO:0030101)","2/45",0.0213109604144822,0.178329467768203,0,0,9.42429995253915,36.2697365803843,"TOX;RASGRP1","GO_Biological_Process_2023","turquoise"
"Regulation Of Small GTPase Mediated Signal Transduction (GO:0051056)","3/118",0.0213987474323764,0.178329467768203,0,0,5.32093231734648,20.4559139962277,"PREX2;RELN;RASGRF1","GO_Biological_Process_2023","turquoise"
"Regulation Of Epinephrine Secretion (GO:0014060)","1/5",0.0247535287182936,0.178329467768203,0,0,50.2424242424242,185.836036973753,"CARTPT","GO_Biological_Process_2023","turquoise"
"Hexose Catabolic Process (GO:0019320)","1/5",0.0247535287182936,0.178329467768203,0,0,50.2424242424242,185.836036973753,"GCK","GO_Biological_Process_2023","turquoise"
"Activation Of Transmembrane Receptor Protein Tyrosine Kinase Activity (GO:0007171)","1/5",0.0247535287182936,0.178329467768203,0,0,50.2424242424242,185.836036973753,"PRLR","GO_Biological_Process_2023","turquoise"
"Adenylate Cyclase-Activating Dopamine Receptor Signaling Pathway (GO:0007191)","1/5",0.0247535287182936,0.178329467768203,0,0,50.2424242424242,185.836036973753,"GNAS","GO_Biological_Process_2023","turquoise"
"Amylin Receptor Signaling Pathway (GO:0097647)","1/5",0.0247535287182936,0.178329467768203,0,0,50.2424242424242,185.836036973753,"CALCR","GO_Biological_Process_2023","turquoise"
"Prepulse Inhibition (GO:0060134)","1/5",0.0247535287182936,0.178329467768203,0,0,50.2424242424242,185.836036973753,"GRID2","GO_Biological_Process_2023","turquoise"
"Pentose-Phosphate Shunt, Non-Oxidative Branch (GO:0009052)","1/5",0.0247535287182936,0.178329467768203,0,0,50.2424242424242,185.836036973753,"PHACTR1","GO_Biological_Process_2023","turquoise"
"Regulation Of Renal Sodium Excretion (GO:0035813)","1/5",0.0247535287182936,0.178329467768203,0,0,50.2424242424242,185.836036973753,"CORIN","GO_Biological_Process_2023","turquoise"
"Protein Localization To Membrane Raft (GO:1903044)","1/5",0.0247535287182936,0.178329467768203,0,0,50.2424242424242,185.836036973753,"RFTN1","GO_Biological_Process_2023","turquoise"
"Cerebral Cortex Cell Migration (GO:0021795)","1/5",0.0247535287182936,0.178329467768203,0,0,50.2424242424242,185.836036973753,"RELN","GO_Biological_Process_2023","turquoise"
"Cerebral Cortex Neuron Differentiation (GO:0021895)","1/5",0.0247535287182936,0.178329467768203,0,0,50.2424242424242,185.836036973753,"TOX","GO_Biological_Process_2023","turquoise"
"Positive Regulation Of Nervous System Development (GO:0051962)","2/49",0.0249911884332231,0.178329467768203,0,0,8.62049500651324,31.8030058521021,"GRID2;SYNDIG1","GO_Biological_Process_2023","turquoise"
"Plasma Membrane Bounded Cell Projection Morphogenesis (GO:0120039)","2/50",0.0259489619459531,0.178329467768203,0,0,8.44047619047619,30.8214426622313,"TNIK;DCLK1","GO_Biological_Process_2023","turquoise"
"Positive Regulation Of Protein Modification Process (GO:0031401)","4/225",0.0264558956010553,0.178329467768203,0,0,3.71021870286576,13.4765392746671,"RELN;TNIK;EFNA5;RASGRP1","GO_Biological_Process_2023","turquoise"
"Positive Regulation Of Leukocyte Mediated Cytotoxicity (GO:0001912)","2/51",0.0269214810715392,0.178329467768203,0,0,8.26780508121616,29.8867161104048,"CADM1;RASGRP1","GO_Biological_Process_2023","turquoise"
"Regulation Of Synapse Assembly (GO:0051963)","2/51",0.0269214810715392,0.178329467768203,0,0,8.26780508121616,29.8867161104048,"GRID2;SYNDIG1","GO_Biological_Process_2023","turquoise"
"Positive Regulation Of Ras Protein Signal Transduction (GO:0046579)","2/51",0.0269214810715392,0.178329467768203,0,0,8.26780508121616,29.8867161104048,"RASGRF1;RASGRP1","GO_Biological_Process_2023","turquoise"
"Sensory Perception (GO:0007600)","2/51",0.0269214810715392,0.178329467768203,0,0,8.26780508121616,29.8867161104048,"SCN9A;GNAS","GO_Biological_Process_2023","turquoise"
"Regulation Of Peptide Hormone Secretion (GO:0090276)","2/52",0.0279085775805054,0.178329467768203,0,0,8.10204081632653,28.9957554144004,"RFX3;GCK","GO_Biological_Process_2023","turquoise"
"Positive Regulation Of Phosphorylation (GO:0042327)","4/231",0.0287625330650177,0.178329467768203,0,0,3.61104992657856,12.8144666984696,"RELN;TNIK;EFNA5;RASGRP1","GO_Biological_Process_2023","turquoise"
"Actin Cytoskeleton Reorganization (GO:0031532)","2/53",0.0289100845392209,0.178329467768203,0,0,7.94277711084434,28.1457453742055,"PHACTR1;TNIK","GO_Biological_Process_2023","turquoise"
"Spontaneous Synaptic Transmission (GO:0098814)","1/6",0.0296309633944118,0.178329467768203,0,0,40.1919191919192,141.432767389918,"RPH3AL","GO_Biological_Process_2023","turquoise"
"Toll-Like Receptor 3 Signaling Pathway (GO:0034138)","1/6",0.0296309633944118,0.178329467768203,0,0,40.1919191919192,141.432767389918,"RFTN1","GO_Biological_Process_2023","turquoise"
"Glycerol-3-Phosphate Metabolic Process (GO:0006072)","1/6",0.0296309633944118,0.178329467768203,0,0,40.1919191919192,141.432767389918,"GCK","GO_Biological_Process_2023","turquoise"
"Negative Regulation Of Smooth Muscle Cell Apoptotic Process (GO:0034392)","1/6",0.0296309633944118,0.178329467768203,0,0,40.1919191919192,141.432767389918,"GRIA4","GO_Biological_Process_2023","turquoise"
"Adult Feeding Behavior (GO:0008343)","1/6",0.0296309633944118,0.178329467768203,0,0,40.1919191919192,141.432767389918,"CARTPT","GO_Biological_Process_2023","turquoise"
"Angiotensin-Activated Signaling Pathway (GO:0038166)","1/6",0.0296309633944118,0.178329467768203,0,0,40.1919191919192,141.432767389918,"CAMK2A","GO_Biological_Process_2023","turquoise"
"Regulation Of Mitochondrial Membrane Permeability Involved In Apoptotic Process (GO:1902108)","1/6",0.0296309633944118,0.178329467768203,0,0,40.1919191919192,141.432767389918,"CAMK2A","GO_Biological_Process_2023","turquoise"
"Calcitonin Family Receptor Signaling Pathway (GO:0097646)","1/6",0.0296309633944118,0.178329467768203,0,0,40.1919191919192,141.432767389918,"CALCR","GO_Biological_Process_2023","turquoise"
"Marginal Zone B Cell Differentiation (GO:0002315)","1/6",0.0296309633944118,0.178329467768203,0,0,40.1919191919192,141.432767389918,"DOCK11","GO_Biological_Process_2023","turquoise"
"Cellular Response To Histamine (GO:0071420)","1/6",0.0296309633944118,0.178329467768203,0,0,40.1919191919192,141.432767389918,"GABRB1","GO_Biological_Process_2023","turquoise"
"Regulation Of SA Node Cell Action Potential (GO:0098907)","1/6",0.0296309633944118,0.178329467768203,0,0,40.1919191919192,141.432767389918,"HCN1","GO_Biological_Process_2023","turquoise"
"Dendrite Arborization (GO:0140059)","1/6",0.0296309633944118,0.178329467768203,0,0,40.1919191919192,141.432767389918,"PHACTR1","GO_Biological_Process_2023","turquoise"
"Retinal Rod Cell Differentiation (GO:0060221)","1/6",0.0296309633944118,0.178329467768203,0,0,40.1919191919192,141.432767389918,"RORB","GO_Biological_Process_2023","turquoise"
"Neuron Migration (GO:0001764)","2/55",0.030955668405524,0.182432802221548,0,0,7.64227955333077,26.5584434034501,"RELN;SPOCK1","GO_Biological_Process_2023","turquoise"
"Regulation Of Synaptic Transmission, Glutamatergic (GO:0051966)","2/55",0.030955668405524,0.182432802221548,0,0,7.64227955333077,26.5584434034501,"RELN;HCN1","GO_Biological_Process_2023","turquoise"
"Potassium Ion Transmembrane Transport (GO:0071805)","3/137",0.0314194441411022,0.182432802221548,0,0,4.56208647484228,15.7863171072755,"KCNT2;SLC9A9;HCN1","GO_Biological_Process_2023","turquoise"
"Regulation Of Cation Channel Activity (GO:2001257)","2/56",0.0319994177727202,0.182432802221548,0,0,7.50037792894936,25.8165826277711,"NETO1;HCN1","GO_Biological_Process_2023","turquoise"
"Memory (GO:0007613)","2/58",0.0341280219187038,0.182432802221548,0,0,7.23177842565598,24.4263185896388,"NETO1;RASGRF1","GO_Biological_Process_2023","turquoise"
"Regulation Of Dopamine Uptake Involved In Synaptic Transmission (GO:0051584)","1/7",0.0344842492004147,0.182432802221548,0,0,33.4915824915825,112.774618360503,"RAB3B","GO_Biological_Process_2023","turquoise"
"Alditol Metabolic Process (GO:0019400)","1/7",0.0344842492004147,0.182432802221548,0,0,33.4915824915825,112.774618360503,"GCK","GO_Biological_Process_2023","turquoise"
"Neuron Projection Arborization (GO:0140058)","1/7",0.0344842492004147,0.182432802221548,0,0,33.4915824915825,112.774618360503,"PHACTR1","GO_Biological_Process_2023","turquoise"
"Peptidyl-Tyrosine Dephosphorylation Involved In Inactivation Of Protein Kinase Activity (GO:1990264)","1/7",0.0344842492004147,0.182432802221548,0,0,33.4915824915825,112.774618360503,"PTPRT","GO_Biological_Process_2023","turquoise"
"Cellular Response To Angiotensin (GO:1904385)","1/7",0.0344842492004147,0.182432802221548,0,0,33.4915824915825,112.774618360503,"CAMK2A","GO_Biological_Process_2023","turquoise"
"Positive Regulation Of DNA Demethylation (GO:1901537)","1/7",0.0344842492004147,0.182432802221548,0,0,33.4915824915825,112.774618360503,"TOX","GO_Biological_Process_2023","turquoise"
"Natural Killer Cell Differentiation (GO:0001779)","1/7",0.0344842492004147,0.182432802221548,0,0,33.4915824915825,112.774618360503,"TOX","GO_Biological_Process_2023","turquoise"
"Negative Regulation Of B Cell Apoptotic Process (GO:0002903)","1/7",0.0344842492004147,0.182432802221548,0,0,33.4915824915825,112.774618360503,"BCL6","GO_Biological_Process_2023","turquoise"
"Negative Regulation Of Appetite (GO:0032099)","1/7",0.0344842492004147,0.182432802221548,0,0,33.4915824915825,112.774618360503,"CARTPT","GO_Biological_Process_2023","turquoise"
"Negative Regulation Of cAMP-dependent Protein Kinase Activity (GO:2000480)","1/7",0.0344842492004147,0.182432802221548,0,0,33.4915824915825,112.774618360503,"PKIB","GO_Biological_Process_2023","turquoise"
"Negative Regulation Of Peptidase Activity (GO:0010466)","2/60",0.0363103684614095,0.187598266727554,0,0,6.981703026038,23.1488972243337,"SPOCK3;SPOCK1","GO_Biological_Process_2023","turquoise"
"Positive Regulation Of Cell Junction Assembly (GO:1901890)","2/61",0.0374213004237331,0.187598266727554,0,0,6.86302317537184,22.5485670061795,"GRID2;SYNDIG1","GO_Biological_Process_2023","turquoise"
"Axon Guidance (GO:0007411)","3/149",0.038811618827442,0.187598266727554,0,0,4.18457844937156,13.5958444486809,"RELN;PLXNC1;EFNA5","GO_Biological_Process_2023","turquoise"
"DNA Damage Response, Signal Transduction By P53 Class Mediator Resulting In Transcription Of P21 Class Mediator (GO:0006978)","1/8",0.0393135041520565,0.187598266727554,0,0,28.7056277056277,92.8967850071638,"RPS6KA6","GO_Biological_Process_2023","turquoise"
"Positive Regulation Of Synapse Maturation (GO:0090129)","1/8",0.0393135041520565,0.187598266727554,0,0,28.7056277056277,92.8967850071638,"RELN","GO_Biological_Process_2023","turquoise"
"Regulation Of Type B Pancreatic Cell Development (GO:2000074)","1/8",0.0393135041520565,0.187598266727554,0,0,28.7056277056277,92.8967850071638,"RFX3","GO_Biological_Process_2023","turquoise"
"Regulation Of DNA Demethylation (GO:1901535)","1/8",0.0393135041520565,0.187598266727554,0,0,28.7056277056277,92.8967850071638,"TOX","GO_Biological_Process_2023","turquoise"
"Positive Regulation Of Blood Pressure (GO:0045777)","1/8",0.0393135041520565,0.187598266727554,0,0,28.7056277056277,92.8967850071638,"CARTPT","GO_Biological_Process_2023","turquoise"
"Positive Regulation Of Calcium Ion Import Across Plasma Membrane (GO:1905665)","1/8",0.0393135041520565,0.187598266727554,0,0,28.7056277056277,92.8967850071638,"CALCR","GO_Biological_Process_2023","turquoise"
"Response To Leptin (GO:0044321)","1/8",0.0393135041520565,0.187598266727554,0,0,28.7056277056277,92.8967850071638,"GCK","GO_Biological_Process_2023","turquoise"
"Semaphorin-Plexin Signaling Pathway Involved In Axon Guidance (GO:1902287)","1/8",0.0393135041520565,0.187598266727554,0,0,28.7056277056277,92.8967850071638,"PLXNC1","GO_Biological_Process_2023","turquoise"
"Sensory Perception Of Sour Taste (GO:0050915)","1/8",0.0393135041520565,0.187598266727554,0,0,28.7056277056277,92.8967850071638,"ASIC2","GO_Biological_Process_2023","turquoise"
"Positive Regulation Of Dendritic Spine Morphogenesis (GO:0061003)","1/8",0.0393135041520565,0.187598266727554,0,0,28.7056277056277,92.8967850071638,"RELN","GO_Biological_Process_2023","turquoise"
"Neuron Development (GO:0048666)","3/150",0.0394642695250037,0.187598266727554,0,0,4.15590153587208,13.4333681655865,"TENM3;RASGRF1;PPP1R9A","GO_Biological_Process_2023","turquoise"
"Cellular Response To Organic Cyclic Compound (GO:0071407)","3/152",0.0407863209421978,0.188935566048466,0,0,4.09970248391337,13.1166230762273,"GABRB1;ESR1;HCN1","GO_Biological_Process_2023","turquoise"
"Negative Regulation Of Endopeptidase Activity (GO:0010951)","2/66",0.043167352566795,0.188935566048466,0,0,6.32525510204082,19.8781944931298,"SPOCK3;SPOCK1","GO_Biological_Process_2023","turquoise"
"Regulation Of Protein Phosphorylation (GO:0001932)","4/265",0.0440496935246858,0.188935566048466,0,0,3.13521711366539,9.78951755526381,"RELN;TNIK;EFNA5;RASGRP1","GO_Biological_Process_2023","turquoise"
"Epithelial Cilium Movement Involved In Determination Of Left/Right Asymmetry (GO:0060287)","1/9",0.0441188457824273,0.188935566048466,0,0,25.1161616161616,78.3842312444799,"RFX3","GO_Biological_Process_2023","turquoise"
"B Cell Homeostasis (GO:0001782)","1/9",0.0441188457824273,0.188935566048466,0,0,25.1161616161616,78.3842312444799,"DOCK11","GO_Biological_Process_2023","turquoise"
"DNA Damage Response, Signal Transduction Resulting In Transcription (GO:0042772)","1/9",0.0441188457824273,0.188935566048466,0,0,25.1161616161616,78.3842312444799,"RPS6KA6","GO_Biological_Process_2023","turquoise"
"Negative Regulation Of Lymphocyte Apoptotic Process (GO:0070229)","1/9",0.0441188457824273,0.188935566048466,0,0,25.1161616161616,78.3842312444799,"BCL6","GO_Biological_Process_2023","turquoise"
"Negative Regulation Of Muscle Cell Apoptotic Process (GO:0010656)","1/9",0.0441188457824273,0.188935566048466,0,0,25.1161616161616,78.3842312444799,"GRIA4","GO_Biological_Process_2023","turquoise"
"Glycerolipid Metabolic Process (GO:0046486)","1/9",0.0441188457824273,0.188935566048466,0,0,25.1161616161616,78.3842312444799,"DGKB","GO_Biological_Process_2023","turquoise"
"Positive Regulation Of Protein Kinase A Signaling (GO:0010739)","1/9",0.0441188457824273,0.188935566048466,0,0,25.1161616161616,78.3842312444799,"CALCR","GO_Biological_Process_2023","turquoise"
"Regulation Of Long-Term Synaptic Depression (GO:1900452)","1/9",0.0441188457824273,0.188935566048466,0,0,25.1161616161616,78.3842312444799,"GRID2","GO_Biological_Process_2023","turquoise"
"Camera-Type Eye Morphogenesis (GO:0048593)","1/9",0.0441188457824273,0.188935566048466,0,0,25.1161616161616,78.3842312444799,"TENM3","GO_Biological_Process_2023","turquoise"
"Carbohydrate Phosphorylation (GO:0046835)","1/9",0.0441188457824273,0.188935566048466,0,0,25.1161616161616,78.3842312444799,"GCK","GO_Biological_Process_2023","turquoise"
"Response To Histamine (GO:0034776)","1/9",0.0441188457824273,0.188935566048466,0,0,25.1161616161616,78.3842312444799,"GABRB1","GO_Biological_Process_2023","turquoise"
"Negative Regulation Of Bone Resorption (GO:0045779)","1/9",0.0441188457824273,0.188935566048466,0,0,25.1161616161616,78.3842312444799,"CARTPT","GO_Biological_Process_2023","turquoise"
"Peptidyl-Tyrosine Phosphorylation (GO:0018108)","2/67",0.0443537761760119,0.188935566048466,0,0,6.2276295133438,19.4025373950964,"RELN;PRLR","GO_Biological_Process_2023","turquoise"
"Regulation Of Endopeptidase Activity (GO:0052548)","2/69",0.0467626402187707,0.194416100539641,0,0,6.04112092598233,18.5019639390654,"SPOCK3;SPOCK1","GO_Biological_Process_2023","turquoise"
"Regulation Of Monoatomic Ion Transmembrane Transporter Activity (GO:0032412)","2/69",0.0467626402187707,0.194416100539641,0,0,6.04112092598233,18.5019639390654,"RELN;HCN1","GO_Biological_Process_2023","turquoise"
"Steroid Hormone Mediated Signaling Pathway (GO:0043401)","1/10",0.0489003911418305,0.194416100539641,0,0,22.324354657688,67.3742300304506,"ESR1","GO_Biological_Process_2023","turquoise"
"Regulation Of Long-Term Neuronal Synaptic Plasticity (GO:0048169)","1/10",0.0489003911418305,0.194416100539641,0,0,22.324354657688,67.3742300304506,"NETO1","GO_Biological_Process_2023","turquoise"
"Regulation Of Phospholipase Activity (GO:0010517)","1/10",0.0489003911418305,0.194416100539641,0,0,22.324354657688,67.3742300304506,"RASGRP1","GO_Biological_Process_2023","turquoise"
"Regulation Of Smooth Muscle Cell Apoptotic Process (GO:0034391)","1/10",0.0489003911418305,0.194416100539641,0,0,22.324354657688,67.3742300304506,"GRIA4","GO_Biological_Process_2023","turquoise"
"Regulation Of Synapse Maturation (GO:0090128)","1/10",0.0489003911418305,0.194416100539641,0,0,22.324354657688,67.3742300304506,"RELN","GO_Biological_Process_2023","turquoise"
"Regulation Of B Cell Apoptotic Process (GO:0002902)","1/10",0.0489003911418305,0.194416100539641,0,0,22.324354657688,67.3742300304506,"BCL6","GO_Biological_Process_2023","turquoise"
"Response To Corticosteroid (GO:0031960)","1/10",0.0489003911418305,0.194416100539641,0,0,22.324354657688,67.3742300304506,"CALCR","GO_Biological_Process_2023","turquoise"
"Regulation Of Calcium Ion Import Across Plasma Membrane (GO:1905664)","1/10",0.0489003911418305,0.194416100539641,0,0,22.324354657688,67.3742300304506,"CALCR","GO_Biological_Process_2023","turquoise"
"Regulation Of Cardiac Muscle Cell Apoptotic Process (GO:0010665)","1/10",0.0489003911418305,0.194416100539641,0,0,22.324354657688,67.3742300304506,"CAMK2A","GO_Biological_Process_2023","turquoise"
"Synapse Assembly (GO:0007416)","2/71",0.0492185490137595,0.194502217789315,0,0,5.86542443064182,17.6636360143545,"GABRA2;GRID2","GO_Biological_Process_2023","turquoise"
"Negative Regulation Of Cell Adhesion (GO:0007162)","2/72",0.0504637828415357,0.198228991281721,0,0,5.78134110787172,17.265971584774,"SPOCK1;PLXNC1","GO_Biological_Process_2023","turquoise"
"Glycerol Metabolic Process (GO:0006071)","1/11",0.0536582567508638,0.201141808163238,0,0,20.0909090909091,58.7683184218827,"GCK","GO_Biological_Process_2023","turquoise"
"Visual Learning (GO:0008542)","1/11",0.0536582567508638,0.201141808163238,0,0,20.0909090909091,58.7683184218827,"NETO1","GO_Biological_Process_2023","turquoise"
"Neurotransmitter Biosynthetic Process (GO:0042136)","1/11",0.0536582567508638,0.201141808163238,0,0,20.0909090909091,58.7683184218827,"GAD1","GO_Biological_Process_2023","turquoise"
"Pentose-Phosphate Shunt (GO:0006098)","1/11",0.0536582567508638,0.201141808163238,0,0,20.0909090909091,58.7683184218827,"PHACTR1","GO_Biological_Process_2023","turquoise"
"Cell Differentiation In Hindbrain (GO:0021533)","1/11",0.0536582567508638,0.201141808163238,0,0,20.0909090909091,58.7683184218827,"GRID2","GO_Biological_Process_2023","turquoise"
"Detection Of Light Stimulus Involved In Sensory Perception (GO:0050962)","1/11",0.0536582567508638,0.201141808163238,0,0,20.0909090909091,58.7683184218827,"CNGB1","GO_Biological_Process_2023","turquoise"
"Detection Of Light Stimulus Involved In Visual Perception (GO:0050908)","1/11",0.0536582567508638,0.201141808163238,0,0,20.0909090909091,58.7683184218827,"CNGB1","GO_Biological_Process_2023","turquoise"
"Negative Regulation Of Bone Remodeling (GO:0046851)","1/11",0.0536582567508638,0.201141808163238,0,0,20.0909090909091,58.7683184218827,"CARTPT","GO_Biological_Process_2023","turquoise"
"Inorganic Cation Transmembrane Transport (GO:0098662)","4/284",0.0542457728139074,0.201767649633751,0,0,2.91964285714286,8.50851141692561,"SCN9A;SLC9A9;ASIC2;HCN1","GO_Biological_Process_2023","turquoise"
"Metal Ion Transport (GO:0030001)","3/171",0.0544403566847165,0.201767649633751,0,0,3.63254786450663,10.5730738047588,"SCN9A;CAMK2A;SCN7A","GO_Biological_Process_2023","turquoise"
"Regulation Of Ras Protein Signal Transduction (GO:0046578)","2/76",0.0555565913641186,0.203752757598574,0,0,5.46773303916161,15.8036792136142,"RASGRF1;RASGRP1","GO_Biological_Process_2023","turquoise"
"Neuron Differentiation (GO:0030182)","3/173",0.0559904463785373,0.203752757598574,0,0,3.58944815039418,10.3468506419933,"TENM3;SPOCK1;RORB","GO_Biological_Process_2023","turquoise"
"Positive Regulation Of JNK Cascade (GO:0046330)","2/77",0.0568570608364097,0.203752757598574,0,0,5.39455782312925,15.4673563823572,"TNIK;RASGRP1","GO_Biological_Process_2023","turquoise"
"Spinal Cord Development (GO:0021510)","1/12",0.0583925585800791,0.203752757598574,0,0,18.2635445362718,51.8788186041542,"RELN","GO_Biological_Process_2023","turquoise"
"Synaptic Membrane Adhesion (GO:0099560)","1/12",0.0583925585800791,0.203752757598574,0,0,18.2635445362718,51.8788186041542,"LRRC4C","GO_Biological_Process_2023","turquoise"
"Eye Photoreceptor Cell Differentiation (GO:0001754)","1/12",0.0583925585800791,0.203752757598574,0,0,18.2635445362718,51.8788186041542,"RORB","GO_Biological_Process_2023","turquoise"
"Negative Regulation Of Locomotion (GO:0040013)","1/12",0.0583925585800791,0.203752757598574,0,0,18.2635445362718,51.8788186041542,"SPOCK3","GO_Biological_Process_2023","turquoise"
"Negative Regulation Of Substrate Adhesion-Dependent Cell Spreading (GO:1900025)","1/12",0.0583925585800791,0.203752757598574,0,0,18.2635445362718,51.8788186041542,"EFNA5","GO_Biological_Process_2023","turquoise"
"Regulation Of T Cell Differentiation In Thymus (GO:0033081)","1/12",0.0583925585800791,0.203752757598574,0,0,18.2635445362718,51.8788186041542,"TOX","GO_Biological_Process_2023","turquoise"
"Response To Interleukin-6 (GO:0070741)","1/12",0.0583925585800791,0.203752757598574,0,0,18.2635445362718,51.8788186041542,"PTPRT","GO_Biological_Process_2023","turquoise"
"Semaphorin-Plexin Signaling Pathway Involved In Neuron Projection Guidance (GO:1902285)","1/12",0.0583925585800791,0.203752757598574,0,0,18.2635445362718,51.8788186041542,"PLXNC1","GO_Biological_Process_2023","turquoise"
"Regulation Of Neuron Differentiation (GO:0045664)","2/79",0.0594897545967717,0.204929892735851,0,0,5.25390935595017,14.8262756693766,"CASZ1;RELN","GO_Biological_Process_2023","turquoise"
"Positive Regulation Of Glycogen Biosynthetic Process (GO:0045725)","1/13",0.0631034120924419,0.204929892735851,0,0,16.7407407407407,46.2543391597171,"GCK","GO_Biological_Process_2023","turquoise"
"Positive Regulation Of Granulocyte Macrophage Colony-Stimulating Factor Production (GO:0032725)","1/13",0.0631034120924419,0.204929892735851,0,0,16.7407407407407,46.2543391597171,"RASGRP1","GO_Biological_Process_2023","turquoise"
"Positive Regulation Of Insulin Secretion Involved In Cellular Response To Glucose Stimulus (GO:0035774)","1/13",0.0631034120924419,0.204929892735851,0,0,16.7407407407407,46.2543391597171,"BAIAP3","GO_Biological_Process_2023","turquoise"
"Eye Photoreceptor Cell Development (GO:0042462)","1/13",0.0631034120924419,0.204929892735851,0,0,16.7407407407407,46.2543391597171,"RORB","GO_Biological_Process_2023","turquoise"
"Synaptic Vesicle Localization (GO:0097479)","1/13",0.0631034120924419,0.204929892735851,0,0,16.7407407407407,46.2543391597171,"SYNDIG1","GO_Biological_Process_2023","turquoise"
"Inhibitory Synapse Assembly (GO:1904862)","1/13",0.0631034120924419,0.204929892735851,0,0,16.7407407407407,46.2543391597171,"GABRA2","GO_Biological_Process_2023","turquoise"
"Potassium Ion Export Across Plasma Membrane (GO:0097623)","1/13",0.0631034120924419,0.204929892735851,0,0,16.7407407407407,46.2543391597171,"KCNT2","GO_Biological_Process_2023","turquoise"
"Mature B Cell Differentiation Involved In Immune Response (GO:0002313)","1/13",0.0631034120924419,0.204929892735851,0,0,16.7407407407407,46.2543391597171,"DOCK11","GO_Biological_Process_2023","turquoise"
"Membrane Depolarization (GO:0051899)","1/13",0.0631034120924419,0.204929892735851,0,0,16.7407407407407,46.2543391597171,"CNGB1","GO_Biological_Process_2023","turquoise"
"Regulation Of Short-Term Neuronal Synaptic Plasticity (GO:0048172)","1/13",0.0631034120924419,0.204929892735851,0,0,16.7407407407407,46.2543391597171,"GRIK2","GO_Biological_Process_2023","turquoise"
"Microvillus Organization (GO:0032528)","1/13",0.0631034120924419,0.204929892735851,0,0,16.7407407407407,46.2543391597171,"TNIK","GO_Biological_Process_2023","turquoise"
"Regulation Of cAMP-dependent Protein Kinase Activity (GO:2000479)","1/13",0.0631034120924419,0.204929892735851,0,0,16.7407407407407,46.2543391597171,"PKIB","GO_Biological_Process_2023","turquoise"
"Endolysosomal Toll-Like Receptor Signaling Pathway (GO:0140894)","1/13",0.0631034120924419,0.204929892735851,0,0,16.7407407407407,46.2543391597171,"RFTN1","GO_Biological_Process_2023","turquoise"
"Calcium Ion Transmembrane Import Into Cytosol (GO:0097553)","2/83",0.0648783802345316,0.207807717301362,0,0,4.99344923154447,13.6582862458477,"SCN9A;SCN7A","GO_Biological_Process_2023","turquoise"
"Regulation Of Cell Migration (GO:0030334)","5/434",0.0666869697571513,0.207807717301362,0,0,2.38878665194455,6.46822678767125,"PTPRT;RELN;CAMK2A;PHACTR1;PLXNC1","GO_Biological_Process_2023","turquoise"
"Positive Regulation Of Glycogen Metabolic Process (GO:0070875)","1/14",0.0677909321684321,0.207807717301362,0,0,15.4522144522145,41.5869594433684,"GCK","GO_Biological_Process_2023","turquoise"
"Stress Fiber Assembly (GO:0043149)","1/14",0.0677909321684321,0.207807717301362,0,0,15.4522144522145,41.5869594433684,"PHACTR1","GO_Biological_Process_2023","turquoise"
"Positive Regulation Of Long-Term Synaptic Potentiation (GO:1900273)","1/14",0.0677909321684321,0.207807717301362,0,0,15.4522144522145,41.5869594433684,"RELN","GO_Biological_Process_2023","turquoise"
"Negative Regulation Of Receptor Signaling Pathway Via STAT (GO:1904893)","1/14",0.0677909321684321,0.207807717301362,0,0,15.4522144522145,41.5869594433684,"PTPRT","GO_Biological_Process_2023","turquoise"
"Membrane Raft Organization (GO:0031579)","1/14",0.0677909321684321,0.207807717301362,0,0,15.4522144522145,41.5869594433684,"RFTN1","GO_Biological_Process_2023","turquoise"
"Microvillus Assembly (GO:0030033)","1/14",0.0677909321684321,0.207807717301362,0,0,15.4522144522145,41.5869594433684,"TNIK","GO_Biological_Process_2023","turquoise"
"Photoreceptor Cell Development (GO:0042461)","1/14",0.0677909321684321,0.207807717301362,0,0,15.4522144522145,41.5869594433684,"RORB","GO_Biological_Process_2023","turquoise"
"Regulation Of Vesicle Size (GO:0097494)","1/14",0.0677909321684321,0.207807717301362,0,0,15.4522144522145,41.5869594433684,"RAB3B","GO_Biological_Process_2023","turquoise"
"Contractile Actin Filament Bundle Assembly (GO:0030038)","1/14",0.0677909321684321,0.207807717301362,0,0,15.4522144522145,41.5869594433684,"PHACTR1","GO_Biological_Process_2023","turquoise"
"Regulation Of Carbohydrate Catabolic Process (GO:0043470)","1/14",0.0677909321684321,0.207807717301362,0,0,15.4522144522145,41.5869594433684,"GCK","GO_Biological_Process_2023","turquoise"
"Glucose Homeostasis (GO:0042593)","2/87",0.070424276300901,0.210793416127348,0,0,4.75750300120048,12.6226889889879,"CARTPT;GCK","GO_Biological_Process_2023","turquoise"
"Protein Localization To Membrane (GO:0072657)","3/192",0.0717418991703997,0.210793416127348,0,0,3.22549500900016,8.49814826848241,"RAB3B;RFTN1;TNIK","GO_Biological_Process_2023","turquoise"
"Negative Regulation Of Gluconeogenesis (GO:0045721)","1/15",0.0724552331756038,0.210793416127348,0,0,14.3477633477633,37.6598138369901,"GCK","GO_Biological_Process_2023","turquoise"
"Glutamine Family Amino Acid Catabolic Process (GO:0009065)","1/15",0.0724552331756038,0.210793416127348,0,0,14.3477633477633,37.6598138369901,"GAD1","GO_Biological_Process_2023","turquoise"
"Regulation Of Granulocyte Macrophage Colony-Stimulating Factor Production (GO:0032645)","1/15",0.0724552331756038,0.210793416127348,0,0,14.3477633477633,37.6598138369901,"RASGRP1","GO_Biological_Process_2023","turquoise"
"Negative Regulation Of Synaptic Transmission (GO:0050805)","1/15",0.0724552331756038,0.210793416127348,0,0,14.3477633477633,37.6598138369901,"HCN1","GO_Biological_Process_2023","turquoise"
"Cardiac Myofibril Assembly (GO:0055003)","1/15",0.0724552331756038,0.210793416127348,0,0,14.3477633477633,37.6598138369901,"NEBL","GO_Biological_Process_2023","turquoise"
"Cellular Response To Estrogen Stimulus (GO:0071391)","1/15",0.0724552331756038,0.210793416127348,0,0,14.3477633477633,37.6598138369901,"ESR1","GO_Biological_Process_2023","turquoise"
"Regulation Of Systemic Arterial Blood Pressure By Hormone (GO:0001990)","1/15",0.0724552331756038,0.210793416127348,0,0,14.3477633477633,37.6598138369901,"CORIN","GO_Biological_Process_2023","turquoise"
"Cellular Response To Zinc Ion (GO:0071294)","1/15",0.0724552331756038,0.210793416127348,0,0,14.3477633477633,37.6598138369901,"GLRA2","GO_Biological_Process_2023","turquoise"
"Regulation Of Rac Protein Signal Transduction (GO:0035020)","1/15",0.0724552331756038,0.210793416127348,0,0,14.3477633477633,37.6598138369901,"RASGRF1","GO_Biological_Process_2023","turquoise"
"Regulation Of Cell Differentiation (GO:0045595)","3/193",0.0726209025072876,0.210793416127348,0,0,3.20835594139989,8.41392142994221,"DLX1;CASZ1;RELN","GO_Biological_Process_2023","turquoise"
"Regulation Of Peptidyl-Tyrosine Phosphorylation (GO:0050730)","2/90",0.0746819496854828,0.215820964729853,0,0,4.59461966604824,11.9208181587653,"RELN;EFNA5","GO_Biological_Process_2023","turquoise"
"Positive Regulation Of Telomere Capping (GO:1904355)","1/16",0.0770964289305897,0.217996799045116,0,0,13.3905723905724,34.3159973270839,"PKIB","GO_Biological_Process_2023","turquoise"
"Regulation Of Protein Kinase A Signaling (GO:0010738)","1/16",0.0770964289305897,0.217996799045116,0,0,13.3905723905724,34.3159973270839,"CALCR","GO_Biological_Process_2023","turquoise"
"Regulation Of Synaptic Transmission, GABAergic (GO:0032228)","1/16",0.0770964289305897,0.217996799045116,0,0,13.3905723905724,34.3159973270839,"BAIAP3","GO_Biological_Process_2023","turquoise"
"Regulation Of NMDA Receptor Activity (GO:2000310)","1/16",0.0770964289305897,0.217996799045116,0,0,13.3905723905724,34.3159973270839,"RELN","GO_Biological_Process_2023","turquoise"
"Dicarboxylic Acid Catabolic Process (GO:0043649)","1/16",0.0770964289305897,0.217996799045116,0,0,13.3905723905724,34.3159973270839,"GAD1","GO_Biological_Process_2023","turquoise"
"Cellular Response To Hormone Stimulus (GO:0032870)","2/94",0.0804834345723508,0.223353329302252,0,0,4.39396628216504,11.0714939664066,"ESR1;GCK","GO_Biological_Process_2023","turquoise"
"Triglyceride Biosynthetic Process (GO:0019432)","1/17",0.0817146326715557,0.223353329302252,0,0,12.5530303030303,31.4393429542943,"GCK","GO_Biological_Process_2023","turquoise"
"Positive Regulation Of Regulatory T Cell Differentiation (GO:0045591)","1/17",0.0817146326715557,0.223353329302252,0,0,12.5530303030303,31.4393429542943,"BCL6","GO_Biological_Process_2023","turquoise"
"Intracellular Estrogen Receptor Signaling Pathway (GO:0030520)","1/17",0.0817146326715557,0.223353329302252,0,0,12.5530303030303,31.4393429542943,"ESR1","GO_Biological_Process_2023","turquoise"
"Regulation Of Receptor Signaling Pathway Via STAT (GO:1904892)","1/17",0.0817146326715557,0.223353329302252,0,0,12.5530303030303,31.4393429542943,"PTPRT","GO_Biological_Process_2023","turquoise"
"Detection Of Visible Light (GO:0009584)","1/17",0.0817146326715557,0.223353329302252,0,0,12.5530303030303,31.4393429542943,"CNGB1","GO_Biological_Process_2023","turquoise"
"Positive Regulation Of Dendrite Morphogenesis (GO:0050775)","1/17",0.0817146326715557,0.223353329302252,0,0,12.5530303030303,31.4393429542943,"RELN","GO_Biological_Process_2023","turquoise"
"Sensory Perception Of Taste (GO:0050909)","1/17",0.0817146326715557,0.223353329302252,0,0,12.5530303030303,31.4393429542943,"ASIC2","GO_Biological_Process_2023","turquoise"
"Regulation Of MAPK Cascade (GO:0043408)","3/204",0.0826055607007255,0.22485165070405,0,0,3.03108170487767,7.55854261202274,"CARTPT;TNIK;RASGRP1","GO_Biological_Process_2023","turquoise"
"Excitatory Postsynaptic Potential (GO:0060079)","1/18",0.0863099571505928,0.226766580769289,0,0,11.8140225787285,28.9421143066093,"GRID2","GO_Biological_Process_2023","turquoise"
"Glucose 6-Phosphate Metabolic Process (GO:0051156)","1/18",0.0863099571505928,0.226766580769289,0,0,11.8140225787285,28.9421143066093,"GCK","GO_Biological_Process_2023","turquoise"
"Positive Regulation Of Nervous System Process (GO:0031646)","1/18",0.0863099571505928,0.226766580769289,0,0,11.8140225787285,28.9421143066093,"CARTPT","GO_Biological_Process_2023","turquoise"
"Vesicle-Mediated Transport In Synapse (GO:0099003)","1/18",0.0863099571505928,0.226766580769289,0,0,11.8140225787285,28.9421143066093,"OTOF","GO_Biological_Process_2023","turquoise"
"Regulation Of Mitochondrial Membrane Permeability (GO:0046902)","1/18",0.0863099571505928,0.226766580769289,0,0,11.8140225787285,28.9421143066093,"CAMK2A","GO_Biological_Process_2023","turquoise"
"Associative Learning (GO:0008306)","1/18",0.0863099571505928,0.226766580769289,0,0,11.8140225787285,28.9421143066093,"NETO1","GO_Biological_Process_2023","turquoise"
"Positive Regulation Of CREB Transcription Factor Activity (GO:0032793)","1/18",0.0863099571505928,0.226766580769289,0,0,11.8140225787285,28.9421143066093,"RELN","GO_Biological_Process_2023","turquoise"
"Response To Ethanol (GO:0045471)","1/18",0.0863099571505928,0.226766580769289,0,0,11.8140225787285,28.9421143066093,"GLRA2","GO_Biological_Process_2023","turquoise"
"Positive Regulation Of Cold-Induced Thermogenesis (GO:0120162)","2/98",0.0864201908419546,0.226766580769289,0,0,4.21003401360544,10.3084111715959,"GNAS;PRLR","GO_Biological_Process_2023","turquoise"
"Eye Morphogenesis (GO:0048592)","1/19",0.0908825145361798,0.233044742437001,0,0,11.1571268237935,26.7568838212325,"TENM3","GO_Biological_Process_2023","turquoise"
"Regulation Of Behavior (GO:0050795)","1/19",0.0908825145361798,0.233044742437001,0,0,11.1571268237935,26.7568838212325,"RELN","GO_Biological_Process_2023","turquoise"
"Hemopoiesis (GO:0030097)","2/101",0.0909569913965944,0.233044742437001,0,0,4.08183879612451,9.78567177722125,"PRRC2C;TOX","GO_Biological_Process_2023","turquoise"
"Activation Of GTPase Activity (GO:0090630)","2/102",0.0924846891098034,0.233044742437001,0,0,4.04081632653061,9.62002061056518,"RASGRF1;RASGRP1","GO_Biological_Process_2023","turquoise"
"Regulation Of Protein Secretion (GO:0050708)","2/102",0.0924846891098034,0.233044742437001,0,0,4.04081632653061,9.62002061056518,"RFX3;GCK","GO_Biological_Process_2023","turquoise"
"Epithelial Cilium Movement Involved In Extracellular Fluid Movement (GO:0003351)","1/20",0.0954324164624815,0.233044742437001,0,0,10.5693779904306,24.8310303892707,"RFX3","GO_Biological_Process_2023","turquoise"
"Negative Regulation Of miRNA Transcription (GO:1902894)","1/20",0.0954324164624815,0.233044742437001,0,0,10.5693779904306,24.8310303892707,"ESR1","GO_Biological_Process_2023","turquoise"
"Glutamate Metabolic Process (GO:0006536)","1/20",0.0954324164624815,0.233044742437001,0,0,10.5693779904306,24.8310303892707,"GAD1","GO_Biological_Process_2023","turquoise"
"T Cell Mediated Immunity (GO:0002456)","1/20",0.0954324164624815,0.233044742437001,0,0,10.5693779904306,24.8310303892707,"CADM1","GO_Biological_Process_2023","turquoise"
"Positive Regulation Of Phospholipase Activity (GO:0010518)","1/20",0.0954324164624815,0.233044742437001,0,0,10.5693779904306,24.8310303892707,"ESR1","GO_Biological_Process_2023","turquoise"
"Activation Of Adenylate Cyclase Activity (GO:0007190)","1/20",0.0954324164624815,0.233044742437001,0,0,10.5693779904306,24.8310303892707,"CALCR","GO_Biological_Process_2023","turquoise"
"Regulation Of Membrane Depolarization (GO:0003254)","1/20",0.0954324164624815,0.233044742437001,0,0,10.5693779904306,24.8310303892707,"HCN1","GO_Biological_Process_2023","turquoise"
"Long-Term Memory (GO:0007616)","1/20",0.0954324164624815,0.233044742437001,0,0,10.5693779904306,24.8310303892707,"RASGRF1","GO_Biological_Process_2023","turquoise"
"Peripheral Nervous System Development (GO:0007422)","1/20",0.0954324164624815,0.233044742437001,0,0,10.5693779904306,24.8310303892707,"ASIC2","GO_Biological_Process_2023","turquoise"
"Cellular Response To Estradiol Stimulus (GO:0071392)","1/20",0.0954324164624815,0.233044742437001,0,0,10.5693779904306,24.8310303892707,"ESR1","GO_Biological_Process_2023","turquoise"
"Cilium-Dependent Cell Motility (GO:0060285)","1/20",0.0954324164624815,0.233044742437001,0,0,10.5693779904306,24.8310303892707,"RFX3","GO_Biological_Process_2023","turquoise"
"Sensory Perception Of Pain (GO:0019233)","1/20",0.0954324164624815,0.233044742437001,0,0,10.5693779904306,24.8310303892707,"SCN9A","GO_Biological_Process_2023","turquoise"
"Positive Regulation Of Epithelial Cell Differentiation (GO:0030858)","1/20",0.0954324164624815,0.233044742437001,0,0,10.5693779904306,24.8310303892707,"RFX3","GO_Biological_Process_2023","turquoise"
"Positive Regulation Of Kinase Activity (GO:0033674)","2/104",0.0955625544444408,0.233044742437001,0,0,3.96118447378952,9.30075904717404,"RELN;CARTPT","GO_Biological_Process_2023","turquoise"
"Positive Regulation Of Stress-Activated MAPK Cascade (GO:0032874)","2/105",0.0971124998083677,0.235947406941812,0,0,3.92252823459481,9.1468854610462,"TNIK;RASGRP1","GO_Biological_Process_2023","turquoise"
"Negative Regulation Of miRNA Metabolic Process (GO:2000629)","1/21",0.0999597740324998,0.236727840308014,0,0,10.040404040404,23.1229243332888,"ESR1","GO_Biological_Process_2023","turquoise"
"Negative Regulation Of Osteoclast Differentiation (GO:0045671)","1/21",0.0999597740324998,0.236727840308014,0,0,10.040404040404,23.1229243332888,"CARTPT","GO_Biological_Process_2023","turquoise"
"Regulation Of Neurotransmitter Transport (GO:0051588)","1/21",0.0999597740324998,0.236727840308014,0,0,10.040404040404,23.1229243332888,"OTOF","GO_Biological_Process_2023","turquoise"
"Regulation Of Cardiac Conduction (GO:1903779)","1/21",0.0999597740324998,0.236727840308014,0,0,10.040404040404,23.1229243332888,"CORIN","GO_Biological_Process_2023","turquoise"
"Positive Regulation Of Dendritic Spine Development (GO:0060999)","1/21",0.0999597740324998,0.236727840308014,0,0,10.040404040404,23.1229243332888,"RELN","GO_Biological_Process_2023","turquoise"
"Regulation Of Cell-Substrate Junction Assembly (GO:0090109)","1/21",0.0999597740324998,0.236727840308014,0,0,10.040404040404,23.1229243332888,"EFNA5","GO_Biological_Process_2023","turquoise"
"Sodium Ion Import Across Plasma Membrane (GO:0098719)","1/21",0.0999597740324998,0.236727840308014,0,0,10.040404040404,23.1229243332888,"SLC9A9","GO_Biological_Process_2023","turquoise"
"Positive Regulation Of Metabolic Process (GO:0009893)","2/108",0.101805071977306,0.240230673442851,0,0,3.81093569503273,8.70682707358352,"GNAS;PRLR","GO_Biological_Process_2023","turquoise"
"Acylglycerol Biosynthetic Process (GO:0046463)","1/22",0.104464697819105,0.240765737254301,0,0,9.56180856180856,21.5992275397069,"GCK","GO_Biological_Process_2023","turquoise"
"Positive Regulation Of Synaptic Transmission, Glutamatergic (GO:0051968)","1/22",0.104464697819105,0.240765737254301,0,0,9.56180856180856,21.5992275397069,"RELN","GO_Biological_Process_2023","turquoise"
"Regulation Of Neural Precursor Cell Proliferation (GO:2000177)","1/22",0.104464697819105,0.240765737254301,0,0,9.56180856180856,21.5992275397069,"TOX","GO_Biological_Process_2023","turquoise"
"Regulation Of Regulatory T Cell Differentiation (GO:0045589)","1/22",0.104464697819105,0.240765737254301,0,0,9.56180856180856,21.5992275397069,"BCL6","GO_Biological_Process_2023","turquoise"
"Cellular Response To Interferon-Beta (GO:0035458)","1/22",0.104464697819105,0.240765737254301,0,0,9.56180856180856,21.5992275397069,"CAMK2A","GO_Biological_Process_2023","turquoise"
"Regulation Of Telomere Capping (GO:1904353)","1/22",0.104464697819105,0.240765737254301,0,0,9.56180856180856,21.5992275397069,"PKIB","GO_Biological_Process_2023","turquoise"
"Adenylate Cyclase-Activating G Protein-Coupled Receptor Signaling Pathway (GO:0007189)","2/110",0.10496798910782,0.240765737254301,0,0,3.73998488284203,8.4302993295524,"CALCR;GNAS","GO_Biological_Process_2023","turquoise"
"Regulation Of JNK Cascade (GO:0046328)","2/110",0.10496798910782,0.240765737254301,0,0,3.73998488284203,8.4302993295524,"TNIK;RASGRP1","GO_Biological_Process_2023","turquoise"
"Small GTPase Mediated Signal Transduction (GO:0007264)","2/112",0.108157545302071,0.245599406805627,0,0,3.67161410018553,8.16628057590409,"RASGRF1;RASGRP1","GO_Biological_Process_2023","turquoise"
"Regulation Of Cellular Response To Transforming Growth Factor Beta Stimulus (GO:1903844)","1/23",0.108947297836033,0.245599406805627,0,0,9.1267217630854,20.2329475165344,"DLX1","GO_Biological_Process_2023","turquoise"
"Negative Regulation Of Neuron Differentiation (GO:0045665)","1/23",0.108947297836033,0.245599406805627,0,0,9.1267217630854,20.2329475165344,"DLX1","GO_Biological_Process_2023","turquoise"
"Cellular Response To Interleukin-6 (GO:0071354)","1/23",0.108947297836033,0.245599406805627,0,0,9.1267217630854,20.2329475165344,"PTPRT","GO_Biological_Process_2023","turquoise"
"Response To BMP (GO:0071772)","1/23",0.108947297836033,0.245599406805627,0,0,9.1267217630854,20.2329475165344,"DLX1","GO_Biological_Process_2023","turquoise"
"Positive Regulation Of Cellular Component Organization (GO:0051130)","2/113",0.109762052329387,0.246588720301637,0,0,3.63835263835264,8.03872336990412,"RELN;ATP10A","GO_Biological_Process_2023","turquoise"
"Stress Granule Assembly (GO:0034063)","1/24",0.113407683581024,0.249649128956885,0,0,8.72946859903382,19.0020116101552,"PRRC2C","GO_Biological_Process_2023","turquoise"
"Positive Regulation Of Interleukin-17 Production (GO:0032740)","1/24",0.113407683581024,0.249649128956885,0,0,8.72946859903382,19.0020116101552,"RFTN1","GO_Biological_Process_2023","turquoise"
"Gliogenesis (GO:0042063)","1/24",0.113407683581024,0.249649128956885,0,0,8.72946859903382,19.0020116101552,"RELN","GO_Biological_Process_2023","turquoise"
"Lipid Translocation (GO:0034204)","1/24",0.113407683581024,0.249649128956885,0,0,8.72946859903382,19.0020116101552,"ATP10A","GO_Biological_Process_2023","turquoise"
"Cell Morphogenesis Involved In Differentiation (GO:0000904)","1/24",0.113407683581024,0.249649128956885,0,0,8.72946859903382,19.0020116101552,"RELN","GO_Biological_Process_2023","turquoise"
"Regulation Of AMPA Receptor Activity (GO:2000311)","1/24",0.113407683581024,0.249649128956885,0,0,8.72946859903382,19.0020116101552,"RELN","GO_Biological_Process_2023","turquoise"
"Regulation Of Glycogen Biosynthetic Process (GO:0005979)","1/25",0.117845964040422,0.255138456800385,0,0,8.36531986531987,17.8882067340701,"GCK","GO_Biological_Process_2023","turquoise"
"Negative Regulation Of Signaling Receptor Activity (GO:2000272)","1/25",0.117845964040422,0.255138456800385,0,0,8.36531986531987,17.8882067340701,"CALCR","GO_Biological_Process_2023","turquoise"
"Chemical Synaptic Transmission, Postsynaptic (GO:0099565)","1/25",0.117845964040422,0.255138456800385,0,0,8.36531986531987,17.8882067340701,"GRID2","GO_Biological_Process_2023","turquoise"
"Response To dsRNA (GO:0043331)","1/25",0.117845964040422,0.255138456800385,0,0,8.36531986531987,17.8882067340701,"RFTN1","GO_Biological_Process_2023","turquoise"
"Response To Zinc Ion (GO:0010043)","1/25",0.117845964040422,0.255138456800385,0,0,8.36531986531987,17.8882067340701,"GLRA2","GO_Biological_Process_2023","turquoise"
"Regulation Of Protein Kinase Activity (GO:0045859)","2/119",0.119518877292295,0.257890785994878,0,0,3.45072387929531,7.33030700433838,"RELN;CARTPT","GO_Biological_Process_2023","turquoise"
"cAMP-mediated Signaling (GO:0019933)","1/26",0.122262247628669,0.257890785994878,0,0,8.03030303030303,16.8763802180029,"PDE7B","GO_Biological_Process_2023","turquoise"
"Regulation Of Potassium Ion Transmembrane Transporter Activity (GO:1901016)","1/26",0.122262247628669,0.257890785994878,0,0,8.03030303030303,16.8763802180029,"NETO1","GO_Biological_Process_2023","turquoise"
"Camera-Type Eye Development (GO:0043010)","1/26",0.122262247628669,0.257890785994878,0,0,8.03030303030303,16.8763802180029,"TENM3","GO_Biological_Process_2023","turquoise"
"Cell-Cell Adhesion Mediated By Cadherin (GO:0044331)","1/26",0.122262247628669,0.257890785994878,0,0,8.03030303030303,16.8763802180029,"CDH12","GO_Biological_Process_2023","turquoise"
"Positive Regulation Of Adenylate Cyclase Activity (GO:0045762)","1/26",0.122262247628669,0.257890785994878,0,0,8.03030303030303,16.8763802180029,"CALCR","GO_Biological_Process_2023","turquoise"
"Response To Glucocorticoid (GO:0051384)","1/26",0.122262247628669,0.257890785994878,0,0,8.03030303030303,16.8763802180029,"CALCR","GO_Biological_Process_2023","turquoise"
"Negative Regulation Of Catalytic Activity (GO:0043086)","1/26",0.122262247628669,0.257890785994878,0,0,8.03030303030303,16.8763802180029,"CAMK2A","GO_Biological_Process_2023","turquoise"
"Regulation Of ERK1 And ERK2 Cascade (GO:0070372)","3/244",0.123382641518997,0.259419912937378,0,0,2.52286435385208,5.27900497118053,"RPS6KA6;CALCR;RASGRP1","GO_Biological_Process_2023","turquoise"
"Potassium Ion Transport (GO:0006813)","2/122",0.124476246905678,0.26088312450519,0,0,3.36394557823129,7.00925280654715,"SLC9A9;HCN1","GO_Biological_Process_2023","turquoise"
"Positive Regulation Of DNA-binding Transcription Factor Activity (GO:0051091)","3/246",0.125587509759596,0.262103335491023,0,0,2.50184548809978,5.19071011720712,"RELN;CAMK2A;ESR1","GO_Biological_Process_2023","turquoise"
"Regulation Of Cell Motility (GO:2000145)","2/123",0.126139752927233,0.262103335491023,0,0,3.33597571259909,6.90668681067367,"SPOCK3;PLXNC1","GO_Biological_Process_2023","turquoise"
"Cellular Response To Acid Chemical (GO:0071229)","1/27",0.126656642302827,0.262103335491023,0,0,7.72105672105672,15.9538300108164,"GLRA2","GO_Biological_Process_2023","turquoise"
"Positive Regulation Of Filopodium Assembly (GO:0051491)","1/27",0.126656642302827,0.262103335491023,0,0,7.72105672105672,15.9538300108164,"DOCK11","GO_Biological_Process_2023","turquoise"
"Neuron Projection Guidance (GO:0097485)","2/124",0.127808625420924,0.263655529170207,0,0,3.3084643693543,6.80624319809133,"RELN;EFNA5","GO_Biological_Process_2023","turquoise"
"Positive Regulation Of Multicellular Organismal Process (GO:0051240)","4/387",0.129039052931688,0.265359306342279,0,0,2.12325935596171,4.34767117944897,"CADM1;GNAS;RFX3;PRLR","GO_Biological_Process_2023","turquoise"
"Hematopoietic Progenitor Cell Differentiation (GO:0002244)","1/28",0.131029255394866,0.26611514408369,0,0,7.43471754582866,15.1098341340557,"PRRC2C","GO_Biological_Process_2023","turquoise"
"Membrane Fusion (GO:0061025)","1/28",0.131029255394866,0.26611514408369,0,0,7.43471754582866,15.1098341340557,"OTOF","GO_Biological_Process_2023","turquoise"
"Regulation Of Bone Resorption (GO:0045124)","1/28",0.131029255394866,0.26611514408369,0,0,7.43471754582866,15.1098341340557,"CARTPT","GO_Biological_Process_2023","turquoise"
"Regulation Of Cardiac Muscle Cell Action Potential (GO:0098901)","1/28",0.131029255394866,0.26611514408369,0,0,7.43471754582866,15.1098341340557,"HCN1","GO_Biological_Process_2023","turquoise"
"Glycolytic Process (GO:0006096)","1/29",0.13538019382269,0.26830636600509,0,0,7.16883116883117,14.3352837783296,"GCK","GO_Biological_Process_2023","turquoise"
"Positive Regulation Of Neural Precursor Cell Proliferation (GO:2000179)","1/29",0.13538019382269,0.26830636600509,0,0,7.16883116883117,14.3352837783296,"TOX","GO_Biological_Process_2023","turquoise"
"Carbohydrate Derivative Biosynthetic Process (GO:1901137)","1/29",0.13538019382269,0.26830636600509,0,0,7.16883116883117,14.3352837783296,"GCK","GO_Biological_Process_2023","turquoise"
"Organic Cyclic Compound Biosynthetic Process (GO:1901362)","1/29",0.13538019382269,0.26830636600509,0,0,7.16883116883117,14.3352837783296,"PRLR","GO_Biological_Process_2023","turquoise"
"Peptidyl-Tyrosine Dephosphorylation (GO:0035335)","1/29",0.13538019382269,0.26830636600509,0,0,7.16883116883117,14.3352837783296,"PTPRT","GO_Biological_Process_2023","turquoise"
"Phosphatidic Acid Biosynthetic Process (GO:0006654)","1/29",0.13538019382269,0.26830636600509,0,0,7.16883116883117,14.3352837783296,"DGKB","GO_Biological_Process_2023","turquoise"
"Response To Interferon-Beta (GO:0035456)","1/29",0.13538019382269,0.26830636600509,0,0,7.16883116883117,14.3352837783296,"CAMK2A","GO_Biological_Process_2023","turquoise"
"Positive Regulation Of Calcium Ion Transport (GO:0051928)","1/29",0.13538019382269,0.26830636600509,0,0,7.16883116883117,14.3352837783296,"CAMK2A","GO_Biological_Process_2023","turquoise"
"Positive Regulation Of Peptidyl-Tyrosine Phosphorylation (GO:0050731)","2/130",0.137929359831855,0.27148121064615,0,0,3.15242346938776,6.24499379784287,"RELN;EFNA5","GO_Biological_Process_2023","turquoise"
"Regulation Of Dendritic Spine Morphogenesis (GO:0061001)","1/30",0.139709563918842,0.27148121064615,0,0,6.92128178335075,13.6223945108193,"RELN","GO_Biological_Process_2023","turquoise"
"Negative Regulation Of Myeloid Leukocyte Differentiation (GO:0002762)","1/30",0.139709563918842,0.27148121064615,0,0,6.92128178335075,13.6223945108193,"CARTPT","GO_Biological_Process_2023","turquoise"
"Regulation Of Potassium Ion Transport (GO:0043266)","1/30",0.139709563918842,0.27148121064615,0,0,6.92128178335075,13.6223945108193,"KCNIP1","GO_Biological_Process_2023","turquoise"
"Response To Amino Acid (GO:0043200)","1/30",0.139709563918842,0.27148121064615,0,0,6.92128178335075,13.6223945108193,"GLRA2","GO_Biological_Process_2023","turquoise"
"Negative Regulation Of Carbohydrate Metabolic Process (GO:0045912)","1/30",0.139709563918842,0.27148121064615,0,0,6.92128178335075,13.6223945108193,"GCK","GO_Biological_Process_2023","turquoise"
"Plasma Membrane Bounded Cell Projection Organization (GO:0120036)","2/132",0.141341709574619,0.27148121064615,0,0,3.10361067503925,6.07244658574773,"RASGRF1;PPP1R9A","GO_Biological_Process_2023","turquoise"
"Negative Regulation Of Cell Motility (GO:2000146)","2/133",0.143054753837309,0.27148121064615,0,0,3.07976320299112,5.98868525199053,"PTPRT;SPOCK3","GO_Biological_Process_2023","turquoise"
"B Cell Proliferation (GO:0042100)","1/31",0.144017471501311,0.27148121064615,0,0,6.69023569023569,12.9644769200402,"RASGRP1","GO_Biological_Process_2023","turquoise"
"Regulation Of Dendrite Morphogenesis (GO:0048814)","1/31",0.144017471501311,0.27148121064615,0,0,6.69023569023569,12.9644769200402,"TNIK","GO_Biological_Process_2023","turquoise"
"Regulation Of Gluconeogenesis (GO:0006111)","1/31",0.144017471501311,0.27148121064615,0,0,6.69023569023569,12.9644769200402,"GCK","GO_Biological_Process_2023","turquoise"
"Regulation Of Long-Term Synaptic Potentiation (GO:1900271)","1/31",0.144017471501311,0.27148121064615,0,0,6.69023569023569,12.9644769200402,"RELN","GO_Biological_Process_2023","turquoise"
"Protein Localization To Chromatin (GO:0071168)","1/31",0.144017471501311,0.27148121064615,0,0,6.69023569023569,12.9644769200402,"ESR1","GO_Biological_Process_2023","turquoise"
"Cellular Response To cAMP (GO:0071320)","1/31",0.144017471501311,0.27148121064615,0,0,6.69023569023569,12.9644769200402,"HCN1","GO_Biological_Process_2023","turquoise"
"Phospholipid Translocation (GO:0045332)","1/31",0.144017471501311,0.27148121064615,0,0,6.69023569023569,12.9644769200402,"ATP10A","GO_Biological_Process_2023","turquoise"
"Response To Estradiol (GO:0032355)","1/31",0.144017471501311,0.27148121064615,0,0,6.69023569023569,12.9644769200402,"ESR1","GO_Biological_Process_2023","turquoise"
"Regulation Of Cell Morphogenesis (GO:0022604)","1/31",0.144017471501311,0.27148121064615,0,0,6.69023569023569,12.9644769200402,"EFNA5","GO_Biological_Process_2023","turquoise"
"Cellular Response To Oxygen-Containing Compound (GO:1901701)","4/406",0.146036544868389,0.274498491213934,0,0,2.02093698175788,3.88807738786826,"GLRA2;RORB;ESR1;HCN1","GO_Biological_Process_2023","turquoise"
"Negative Regulation Of Osteoblast Differentiation (GO:0045668)","1/32",0.148304021933978,0.276384768149686,0,0,6.47409579667644,12.3557529781019,"RORB","GO_Biological_Process_2023","turquoise"
"Positive Regulation Of Telomere Maintenance Via Telomerase (GO:0032212)","1/32",0.148304021933978,0.276384768149686,0,0,6.47409579667644,12.3557529781019,"PKIB","GO_Biological_Process_2023","turquoise"
"Regulation Of Transcription By RNA Polymerase I (GO:0006356)","1/32",0.148304021933978,0.276384768149686,0,0,6.47409579667644,12.3557529781019,"ASIC2","GO_Biological_Process_2023","turquoise"
"Protein Localization To Plasma Membrane (GO:0072659)","2/137",0.149950708084332,0.278661939102894,0,0,2.98790627362056,5.66939873017379,"RAB3B;TNIK","GO_Biological_Process_2023","turquoise"
"Positive Regulation Of Ion Transmembrane Transporter Activity (GO:0032414)","1/33",0.152569319997184,0.27878962094193,0,0,6.27146464646465,11.7912078898077,"RELN","GO_Biological_Process_2023","turquoise"
"Negative Regulation Of Small Molecule Metabolic Process (GO:0062014)","1/33",0.152569319997184,0.27878962094193,0,0,6.27146464646465,11.7912078898077,"GCK","GO_Biological_Process_2023","turquoise"
"Positive Regulation Of Reproductive Process (GO:2000243)","1/33",0.152569319997184,0.27878962094193,0,0,6.27146464646465,11.7912078898077,"ASIC2","GO_Biological_Process_2023","turquoise"
"Positive Regulation Of Telomerase Activity (GO:0051973)","1/33",0.152569319997184,0.27878962094193,0,0,6.27146464646465,11.7912078898077,"PKIB","GO_Biological_Process_2023","turquoise"
"Regulation Of Potassium Ion Transmembrane Transport (GO:1901379)","1/33",0.152569319997184,0.27878962094193,0,0,6.27146464646465,11.7912078898077,"KCNIP1","GO_Biological_Process_2023","turquoise"
"Phosphatidic Acid Metabolic Process (GO:0046473)","1/33",0.152569319997184,0.27878962094193,0,0,6.27146464646465,11.7912078898077,"DGKB","GO_Biological_Process_2023","turquoise"
"Glial Cell Differentiation (GO:0010001)","1/34",0.156813470025957,0.281064580155813,0,0,6.08111417202326,11.2664696999635,"RELN","GO_Biological_Process_2023","turquoise"
"Negative Regulation Of Mitotic Cell Cycle (GO:0045930)","1/34",0.156813470025957,0.281064580155813,0,0,6.08111417202326,11.2664696999635,"BCL6","GO_Biological_Process_2023","turquoise"
"Regulation Of Interleukin-17 Production (GO:0032660)","1/34",0.156813470025957,0.281064580155813,0,0,6.08111417202326,11.2664696999635,"RFTN1","GO_Biological_Process_2023","turquoise"
"Apoptotic Mitochondrial Changes (GO:0008637)","1/34",0.156813470025957,0.281064580155813,0,0,6.08111417202326,11.2664696999635,"CAMK2A","GO_Biological_Process_2023","turquoise"
"Positive Regulation Of Transcription By RNA Polymerase I (GO:0045943)","1/34",0.156813470025957,0.281064580155813,0,0,6.08111417202326,11.2664696999635,"ASIC2","GO_Biological_Process_2023","turquoise"
"Organophosphate Biosynthetic Process (GO:0090407)","1/34",0.156813470025957,0.281064580155813,0,0,6.08111417202326,11.2664696999635,"GCK","GO_Biological_Process_2023","turquoise"
"Response To Estrogen (GO:0043627)","1/34",0.156813470025957,0.281064580155813,0,0,6.08111417202326,11.2664696999635,"ESR1","GO_Biological_Process_2023","turquoise"
"Protein Localization To Cell Periphery (GO:1990778)","2/142",0.158662824856746,0.281445239373741,0,0,2.88046647230321,5.30286367253092,"RAB3B;TNIK","GO_Biological_Process_2023","turquoise"
"Adherens Junction Organization (GO:0034332)","1/35",0.161036575774195,0.281445239373741,0,0,5.90196078431373,10.7777108251808,"CDH12","GO_Biological_Process_2023","turquoise"
"Positive Regulation Of Telomere Maintenance Via Telomere Lengthening (GO:1904358)","1/35",0.161036575774195,0.281445239373741,0,0,5.90196078431373,10.7777108251808,"PKIB","GO_Biological_Process_2023","turquoise"
"Regulation Of Regulated Secretory Pathway (GO:1903305)","1/35",0.161036575774195,0.281445239373741,0,0,5.90196078431373,10.7777108251808,"RPH3AL","GO_Biological_Process_2023","turquoise"
"Cellular Response To Amino Acid Stimulus (GO:0071230)","1/35",0.161036575774195,0.281445239373741,0,0,5.90196078431373,10.7777108251808,"GLRA2","GO_Biological_Process_2023","turquoise"
"Platelet Aggregation (GO:0070527)","1/35",0.161036575774195,0.281445239373741,0,0,5.90196078431373,10.7777108251808,"GNAS","GO_Biological_Process_2023","turquoise"
"Response To Exogenous dsRNA (GO:0043330)","1/35",0.161036575774195,0.281445239373741,0,0,5.90196078431373,10.7777108251808,"RFTN1","GO_Biological_Process_2023","turquoise"
"Dendrite Morphogenesis (GO:0048813)","1/35",0.161036575774195,0.281445239373741,0,0,5.90196078431373,10.7777108251808,"PHACTR1","GO_Biological_Process_2023","turquoise"
"Positive Regulation Of Cell Development (GO:0010720)","1/35",0.161036575774195,0.281445239373741,0,0,5.90196078431373,10.7777108251808,"RFX3","GO_Biological_Process_2023","turquoise"
"Ras Protein Signal Transduction (GO:0007265)","2/144",0.162174238541576,0.281445239373741,0,0,2.83960908306985,5.16548737879535,"RASGRF1;RASGRP1","GO_Biological_Process_2023","turquoise"
"Actin Filament Organization (GO:0007015)","2/144",0.162174238541576,0.281445239373741,0,0,2.83960908306985,5.16548737879535,"NEBL;PPP1R9A","GO_Biological_Process_2023","turquoise"
"Regulation Of Cell Adhesion (GO:0030155)","2/144",0.162174238541576,0.281445239373741,0,0,2.83960908306985,5.16548737879535,"PLXNC1;EFNA5","GO_Biological_Process_2023","turquoise"
"Positive Regulation Of Protein Kinase Activity (GO:0045860)","2/145",0.163935318030255,0.283070619077476,0,0,2.81960896246611,5.0986518873564,"RELN;CARTPT","GO_Biological_Process_2023","turquoise"
"DNA Damage Response, Signal Transduction By P53 Class Mediator (GO:0030330)","1/36",0.165238740567014,0.283070619077476,0,0,5.73304473304473,10.3215669941692,"RPS6KA6","GO_Biological_Process_2023","turquoise"
"Positive Regulation Of Phospholipase C Activity (GO:0010863)","1/36",0.165238740567014,0.283070619077476,0,0,5.73304473304473,10.3215669941692,"ESR1","GO_Biological_Process_2023","turquoise"
"Positive Regulation Of Signaling Receptor Activity (GO:2000273)","1/36",0.165238740567014,0.283070619077476,0,0,5.73304473304473,10.3215669941692,"RELN","GO_Biological_Process_2023","turquoise"
"Regulation Of Cold-Induced Thermogenesis (GO:0120161)","2/146",0.165699874581937,0.283070619077476,0,0,2.79988662131519,5.03301210512649,"GNAS;PRLR","GO_Biological_Process_2023","turquoise"
"Neuron Projection Morphogenesis (GO:0048812)","2/146",0.165699874581937,0.283070619077476,0,0,2.79988662131519,5.03301210512649,"TNIK;DCLK1","GO_Biological_Process_2023","turquoise"
"Positive Regulation Of Receptor Signaling Pathway Via STAT (GO:1904894)","1/37",0.169420067180126,0.28610279297273,0,0,5.57351290684624,9.89507014564132,"CAMK2A","GO_Biological_Process_2023","turquoise"
"Positive Regulation Of Signaling (GO:0023056)","1/37",0.169420067180126,0.28610279297273,0,0,5.57351290684624,9.89507014564132,"GRIK2","GO_Biological_Process_2023","turquoise"
"Regulation Of p38MAPK Cascade (GO:1900744)","1/37",0.169420067180126,0.28610279297273,0,0,5.57351290684624,9.89507014564132,"RASGRP1","GO_Biological_Process_2023","turquoise"
"Regulation Of Sodium Ion Transmembrane Transporter Activity (GO:2000649)","1/37",0.169420067180126,0.28610279297273,0,0,5.57351290684624,9.89507014564132,"NETO1","GO_Biological_Process_2023","turquoise"
"Transmembrane Receptor Protein Tyrosine Kinase Signaling Pathway (GO:0007169)","3/284",0.169970623012711,0.28610279297273,0,0,2.1593352166416,3.82662198906307,"PTPRT;EFNA5;PRLR","GO_Biological_Process_2023","turquoise"
"Positive Regulation Of Protein Tyrosine Kinase Activity (GO:0061098)","1/38",0.173580657931626,0.28610279297273,0,0,5.42260442260442,9.49559255823113,"RELN","GO_Biological_Process_2023","turquoise"
"Lymphocyte Proliferation (GO:0046651)","1/38",0.173580657931626,0.28610279297273,0,0,5.42260442260442,9.49559255823113,"RASGRP1","GO_Biological_Process_2023","turquoise"
"Calcium-Dependent Cell-Cell Adhesion Via Plasma Membrane Cell Adhesion Molecules (GO:0016339)","1/38",0.173580657931626,0.28610279297273,0,0,5.42260442260442,9.49559255823113,"CDH12","GO_Biological_Process_2023","turquoise"
"Membrane Assembly (GO:0071709)","1/38",0.173580657931626,0.28610279297273,0,0,5.42260442260442,9.49559255823113,"RFTN1","GO_Biological_Process_2023","turquoise"
"Response To cAMP (GO:0051591)","1/38",0.173580657931626,0.28610279297273,0,0,5.42260442260442,9.49559255823113,"HCN1","GO_Biological_Process_2023","turquoise"
"Positive Regulation Of Axonogenesis (GO:0050772)","1/38",0.173580657931626,0.28610279297273,0,0,5.42260442260442,9.49559255823113,"PLXNC1","GO_Biological_Process_2023","turquoise"
"Response To Peptide (GO:1901652)","1/38",0.173580657931626,0.28610279297273,0,0,5.42260442260442,9.49559255823113,"CALCR","GO_Biological_Process_2023","turquoise"
"Response To Transforming Growth Factor Beta (GO:0071559)","1/38",0.173580657931626,0.28610279297273,0,0,5.42260442260442,9.49559255823113,"DLX1","GO_Biological_Process_2023","turquoise"
"Signal Release From Synapse (GO:0099643)","1/38",0.173580657931626,0.28610279297273,0,0,5.42260442260442,9.49559255823113,"OTOF","GO_Biological_Process_2023","turquoise"
"RNA Transport (GO:0050658)","1/39",0.17772061456847,0.290734970466126,0,0,5.27963849016481,9.12080010262218,"RFTN1","GO_Biological_Process_2023","turquoise"
"Regulation Of Protein Tyrosine Kinase Activity (GO:0061097)","1/39",0.17772061456847,0.290734970466126,0,0,5.27963849016481,9.12080010262218,"RELN","GO_Biological_Process_2023","turquoise"
"Retina Homeostasis (GO:0001895)","1/39",0.17772061456847,0.290734970466126,0,0,5.27963849016481,9.12080010262218,"CNGB1","GO_Biological_Process_2023","turquoise"
"Positive Regulation Of Monoatomic Ion Transport (GO:0043270)","1/40",0.181840038445641,0.293088612334988,0,0,5.14400414400414,8.76861291991989,"CAMK2A","GO_Biological_Process_2023","turquoise"
"Regulation Of Glycolytic Process (GO:0006110)","1/40",0.181840038445641,0.293088612334988,0,0,5.14400414400414,8.76861291991989,"GCK","GO_Biological_Process_2023","turquoise"
"Regulation Of Microtubule Cytoskeleton Organization (GO:0070507)","1/40",0.181840038445641,0.293088612334988,0,0,5.14400414400414,8.76861291991989,"EFNA5","GO_Biological_Process_2023","turquoise"
"Protein Localization To Chromosome (GO:0034502)","1/40",0.181840038445641,0.293088612334988,0,0,5.14400414400414,8.76861291991989,"ESR1","GO_Biological_Process_2023","turquoise"
"Regulation Of Small Molecule Metabolic Process (GO:0062012)","1/40",0.181840038445641,0.293088612334988,0,0,5.14400414400414,8.76861291991989,"GCK","GO_Biological_Process_2023","turquoise"
"Cyclic-Nucleotide-Mediated Signaling (GO:0019935)","1/40",0.181840038445641,0.293088612334988,0,0,5.14400414400414,8.76861291991989,"PDE7B","GO_Biological_Process_2023","turquoise"
"Regulation Of Dendrite Development (GO:0050773)","1/41",0.185939030336605,0.295341413803421,0,0,5.01515151515152,8.43717221072756,"TNIK","GO_Biological_Process_2023","turquoise"
"Synaptic Vesicle Exocytosis (GO:0016079)","1/41",0.185939030336605,0.295341413803421,0,0,5.01515151515152,8.43717221072756,"OTOF","GO_Biological_Process_2023","turquoise"
"Regulation Of Heart Rate By Cardiac Conduction (GO:0086091)","1/41",0.185939030336605,0.295341413803421,0,0,5.01515151515152,8.43717221072756,"HCN1","GO_Biological_Process_2023","turquoise"
"Regulation Of Microtubule-Based Process (GO:0032886)","1/41",0.185939030336605,0.295341413803421,0,0,5.01515151515152,8.43717221072756,"EFNA5","GO_Biological_Process_2023","turquoise"
"Carbohydrate Catabolic Process (GO:0016052)","1/41",0.185939030336605,0.295341413803421,0,0,5.01515151515152,8.43717221072756,"GCK","GO_Biological_Process_2023","turquoise"
"Cellular Response To Retinoic Acid (GO:0071300)","1/41",0.185939030336605,0.295341413803421,0,0,5.01515151515152,8.43717221072756,"RORB","GO_Biological_Process_2023","turquoise"
"Positive Regulation Of Transcription By RNA Polymerase II (GO:0045944)","7/938",0.189225033158446,0.297497864019925,0,0,1.5335920446277,2.55315213215209,"DLX1;CASZ1;SATB2;GLIS3;RFX3;RORB;ESR1","GO_Biological_Process_2023","turquoise"
"Positive Regulation Of Neuron Differentiation (GO:0045666)","1/42",0.190017690585897,0.297497864019925,0,0,4.89258438038926,8.12481204328322,"DLX1","GO_Biological_Process_2023","turquoise"
"Regulation Of Osteoclast Differentiation (GO:0045670)","1/42",0.190017690585897,0.297497864019925,0,0,4.89258438038926,8.12481204328322,"CARTPT","GO_Biological_Process_2023","turquoise"
"Monoatomic Cation Transport (GO:0006812)","1/42",0.190017690585897,0.297497864019925,0,0,4.89258438038926,8.12481204328322,"CNGB1","GO_Biological_Process_2023","turquoise"
"Negative Regulation Of I-kappaB kinase/NF-kappaB Signaling (GO:0043124)","1/42",0.190017690585897,0.297497864019925,0,0,4.89258438038926,8.12481204328322,"ESR1","GO_Biological_Process_2023","turquoise"
"Positive Regulation Of Calcium Ion Transmembrane Transport (GO:1904427)","1/42",0.190017690585897,0.297497864019925,0,0,4.89258438038926,8.12481204328322,"CALCR","GO_Biological_Process_2023","turquoise"
"Regulation Of Filopodium Assembly (GO:0051489)","1/43",0.19407611900782,0.29927198576279,0,0,4.77585377585378,7.83003533696715,"DOCK11","GO_Biological_Process_2023","turquoise"
"Intracellular Steroid Hormone Receptor Signaling Pathway (GO:0030518)","1/43",0.19407611900782,0.29927198576279,0,0,4.77585377585378,7.83003533696715,"ESR1","GO_Biological_Process_2023","turquoise"
"Response To Amyloid-Beta (GO:1904645)","1/43",0.19407611900782,0.29927198576279,0,0,4.77585377585378,7.83003533696715,"CALCR","GO_Biological_Process_2023","turquoise"
"Negative Regulation Of BMP Signaling Pathway (GO:0030514)","1/43",0.19407611900782,0.29927198576279,0,0,4.77585377585378,7.83003533696715,"DLX1","GO_Biological_Process_2023","turquoise"
"Regulation Of Cellular Component Size (GO:0032535)","1/43",0.19407611900782,0.29927198576279,0,0,4.77585377585378,7.83003533696715,"RAB3B","GO_Biological_Process_2023","turquoise"
"Ephrin Receptor Signaling Pathway (GO:0048013)","1/43",0.19407611900782,0.29927198576279,0,0,4.77585377585378,7.83003533696715,"EFNA5","GO_Biological_Process_2023","turquoise"
"Protein Autophosphorylation (GO:0046777)","2/162",0.194344307827666,0.29927198576279,0,0,2.51785714285714,4.12456198860435,"CAMK2A;TNIK","GO_Biological_Process_2023","turquoise"
"Adenylate Cyclase-Modulating G Protein-Coupled Receptor Signaling Pathway (GO:0007188)","2/163",0.196156627809209,0.301355381364967,0,0,2.50209151983775,4.07551129848272,"CALCR;GNAS","GO_Biological_Process_2023","turquoise"
"Bone Development (GO:0060348)","1/44",0.1981144149655,0.302944186986871,0,0,4.6645525017618,7.55149331126355,"GNAS","GO_Biological_Process_2023","turquoise"
"Regulation Of Cell-Substrate Adhesion (GO:0010810)","1/44",0.1981144149655,0.302944186986871,0,0,4.6645525017618,7.55149331126355,"SPOCK1","GO_Biological_Process_2023","turquoise"
"Cellular Response To Cytokine Stimulus (GO:0071345)","3/308",0.200035522707518,0.304126230034721,0,0,1.98698664863951,3.19757875943059,"PTPRT;CAMK2A;PRLR","GO_Biological_Process_2023","turquoise"
"Regulation Of Cellular Metabolic Process (GO:0031323)","1/45",0.202132677279174,0.304126230034721,0,0,4.55831037649219,7.28796784173202,"GCK","GO_Biological_Process_2023","turquoise"
"Establishment Of Protein Localization To Extracellular Region (GO:0035592)","1/45",0.202132677279174,0.304126230034721,0,0,4.55831037649219,7.28796784173202,"RAB3B","GO_Biological_Process_2023","turquoise"
"Triglyceride Metabolic Process (GO:0006641)","1/45",0.202132677279174,0.304126230034721,0,0,4.55831037649219,7.28796784173202,"GCK","GO_Biological_Process_2023","turquoise"
"Hexose Metabolic Process (GO:0019318)","1/45",0.202132677279174,0.304126230034721,0,0,4.55831037649219,7.28796784173202,"GCK","GO_Biological_Process_2023","turquoise"
"Regulation Of Telomerase Activity (GO:0051972)","1/45",0.202132677279174,0.304126230034721,0,0,4.55831037649219,7.28796784173202,"PKIB","GO_Biological_Process_2023","turquoise"
"Determination Of Left/Right Symmetry (GO:0007368)","1/45",0.202132677279174,0.304126230034721,0,0,4.55831037649219,7.28796784173202,"RFX3","GO_Biological_Process_2023","turquoise"
"Positive Regulation Of MAPK Cascade (GO:0043410)","3/310",0.20259805816508,0.304128892806162,0,0,1.97384062594446,3.15129828484713,"CALCR;CARTPT;RASGRP1","GO_Biological_Process_2023","turquoise"
"Regulation Of Cytokine Production (GO:0001817)","2/167",0.203427034299401,0.304676106165313,0,0,2.44094001236858,3.88706977769903,"CADM1;BCL6","GO_Biological_Process_2023","turquoise"
"B Cell Receptor Signaling Pathway (GO:0050853)","1/46",0.206131004383124,0.305241397009772,0,0,4.45679012345679,7.03835624820852,"RFTN1","GO_Biological_Process_2023","turquoise"
"Positive Regulation Of Peptide Hormone Secretion (GO:0090277)","1/46",0.206131004383124,0.305241397009772,0,0,4.45679012345679,7.03835624820852,"GCK","GO_Biological_Process_2023","turquoise"
"Homotypic Cell-Cell Adhesion (GO:0034109)","1/46",0.206131004383124,0.305241397009772,0,0,4.45679012345679,7.03835624820852,"GNAS","GO_Biological_Process_2023","turquoise"
"Amino Acid Transport (GO:0006865)","1/46",0.206131004383124,0.305241397009772,0,0,4.45679012345679,7.03835624820852,"SLC7A14","GO_Biological_Process_2023","turquoise"
"Cardiac Conduction (GO:0061337)","1/46",0.206131004383124,0.305241397009772,0,0,4.45679012345679,7.03835624820852,"HCN1","GO_Biological_Process_2023","turquoise"
"Negative Regulation Of Hydrolase Activity (GO:0051346)","1/47",0.210109494168341,0.309734445335802,0,0,4.3596837944664,6.80165814675797,"CAMK2A","GO_Biological_Process_2023","turquoise"
"Response To Organonitrogen Compound (GO:0010243)","1/47",0.210109494168341,0.309734445335802,0,0,4.3596837944664,6.80165814675797,"GLRA2","GO_Biological_Process_2023","turquoise"
"Generation Of Neurons (GO:0048699)","2/172",0.212557721644281,0.312640953808628,0,0,2.36854741896759,3.66779443778241,"RELN;SPOCK1","GO_Biological_Process_2023","turquoise"
"Negative Regulation Of ERK1 And ERK2 Cascade (GO:0070373)","1/48",0.214068244088033,0.314158317945749,0,0,4.26670964968837,6.57696403663591,"RPS6KA6","GO_Biological_Process_2023","turquoise"
"Positive Regulation Of Cytokine Production (GO:0001819)","3/320",0.215524998025434,0.3155901756801,0,0,1.91059871865752,2.93215453882833,"CADM1;RFTN1;RASGRP1","GO_Biological_Process_2023","turquoise"
"Neurogenesis (GO:0022008)","1/49",0.21800735103248,0.317806271727349,0,0,4.17760942760943,6.36344537186664,"SPOCK1","GO_Biological_Process_2023","turquoise"
"Regulation Of Cell Communication (GO:0010646)","1/49",0.21800735103248,0.317806271727349,0,0,4.17760942760943,6.36344537186664,"HCN1","GO_Biological_Process_2023","turquoise"
"Steroid Biosynthetic Process (GO:0006694)","1/50",0.221926911560385,0.321377602612831,0,0,4.09214594928881,6.16034588762116,"PRLR","GO_Biological_Process_2023","turquoise"
"Pyruvate Metabolic Process (GO:0006090)","1/50",0.221926911560385,0.321377602612831,0,0,4.09214594928881,6.16034588762116,"GCK","GO_Biological_Process_2023","turquoise"
"Negative Regulation Of Cell Projection Organization (GO:0031345)","1/50",0.221926911560385,0.321377602612831,0,0,4.09214594928881,6.16034588762116,"SPOCK1","GO_Biological_Process_2023","turquoise"
"Positive Regulation Of ERK1 And ERK2 Cascade (GO:0070374)","2/179",0.225406398880642,0.323455297394413,0,0,2.27406894961374,3.38802228128593,"CALCR;RASGRP1","GO_Biological_Process_2023","turquoise"
"Regulation Of Stress-Activated MAPK Cascade (GO:0032872)","1/51",0.225827021656465,0.323455297394413,0,0,4.01010101010101,5.96697401593565,"RASGRP1","GO_Biological_Process_2023","turquoise"
"Regulation Of Substrate Adhesion-Dependent Cell Spreading (GO:1900024)","1/51",0.225827021656465,0.323455297394413,0,0,4.01010101010101,5.96697401593565,"EFNA5","GO_Biological_Process_2023","turquoise"
"Regulation Of Telomere Maintenance Via Telomerase (GO:0032210)","1/51",0.225827021656465,0.323455297394413,0,0,4.01010101010101,5.96697401593565,"PKIB","GO_Biological_Process_2023","turquoise"
"Regulated Exocytosis (GO:0045055)","1/51",0.225827021656465,0.323455297394413,0,0,4.01010101010101,5.96697401593565,"OTOF","GO_Biological_Process_2023","turquoise"
"Endosomal Transport (GO:0016197)","2/180",0.227247144429194,0.324780232561114,0,0,2.26117862875487,3.35042706699839,"DCLK1;BAIAP3","GO_Biological_Process_2023","turquoise"
"Positive Regulation Of Telomere Maintenance (GO:0032206)","1/52",0.229707776816989,0.326165154960919,0,0,3.93127351950881,5.78269622196604,"PKIB","GO_Biological_Process_2023","turquoise"
"Neurotransmitter Transport (GO:0006836)","1/52",0.229707776816989,0.326165154960919,0,0,3.93127351950881,5.78269622196604,"GABRA2","GO_Biological_Process_2023","turquoise"
"Cell Cycle G1/S Phase Transition (GO:0044843)","1/52",0.229707776816989,0.326165154960919,0,0,3.93127351950881,5.78269622196604,"CAMK2A","GO_Biological_Process_2023","turquoise"
"Carboxylic Acid Transport (GO:0046942)","1/53",0.233569272224541,0.328801378925534,0,0,3.85547785547786,5.60693113764998,"SLC7A14","GO_Biological_Process_2023","turquoise"
"Protein Homotetramerization (GO:0051289)","1/53",0.233569272224541,0.328801378925534,0,0,3.85547785547786,5.60693113764998,"HCN1","GO_Biological_Process_2023","turquoise"
"Regulation Of Receptor Signaling Pathway Via JAK-STAT (GO:0046425)","1/53",0.233569272224541,0.328801378925534,0,0,3.85547785547786,5.60693113764998,"CAMK2A","GO_Biological_Process_2023","turquoise"
"Cellular Response To Alcohol (GO:0097306)","1/53",0.233569272224541,0.328801378925534,0,0,3.85547785547786,5.60693113764998,"GLRA2","GO_Biological_Process_2023","turquoise"
"Regulation Of Exocytosis (GO:0017157)","1/54",0.237411602446854,0.331365981287524,0,0,3.78254240518391,5.43914439332398,"RAB3B","GO_Biological_Process_2023","turquoise"
"Regulation Of Focal Adhesion Assembly (GO:0051893)","1/54",0.237411602446854,0.331365981287524,0,0,3.78254240518391,5.43914439332398,"EFNA5","GO_Biological_Process_2023","turquoise"
"Negative Regulation Of Neuron Projection Development (GO:0010977)","1/54",0.237411602446854,0.331365981287524,0,0,3.78254240518391,5.43914439332398,"SPOCK1","GO_Biological_Process_2023","turquoise"
"Peptidyl-Tyrosine Modification (GO:0018212)","1/54",0.237411602446854,0.331365981287524,0,0,3.78254240518391,5.43914439332398,"RELN","GO_Biological_Process_2023","turquoise"
"Protein Phosphorylation (GO:0006468)","4/500",0.240763407916619,0.335330776206585,0,0,1.63004032258065,2.32108049320244,"RELN;CAMK2A;TNIK;DCLK1","GO_Biological_Process_2023","turquoise"
"Axonogenesis (GO:0007409)","2/188",0.242009135316354,0.336351679592221,0,0,2.16304586350669,3.06888578691104,"RELN;EFNA5","GO_Biological_Process_2023","turquoise"
"RNA Polymerase II Preinitiation Complex Assembly (GO:0051123)","1/56",0.245039143568043,0.339125903334676,0,0,3.64462809917355,5.12557648253206,"ESR1","GO_Biological_Process_2023","turquoise"
"post-Golgi Vesicle-Mediated Transport (GO:0006892)","1/56",0.245039143568043,0.339125903334676,0,0,3.64462809917355,5.12557648253206,"SORCS1","GO_Biological_Process_2023","turquoise"
"Regulation Of Calcium Ion Transport (GO:0051924)","1/57",0.248824541413001,0.343639787719849,0,0,3.57936507936508,4.97892289699759,"CAMK2A","GO_Biological_Process_2023","turquoise"
"Regulation Of Neuron Death (GO:1901214)","1/58",0.252591147960672,0.345207902212918,0,0,3.5163919900762,4.83849599837867,"GRID2","GO_Biological_Process_2023","turquoise"
"Positive Regulation Of Type II Interferon Production (GO:0032729)","1/58",0.252591147960672,0.345207902212918,0,0,3.5163919900762,4.83849599837867,"RASGRP1","GO_Biological_Process_2023","turquoise"
"Peptidyl-Threonine Phosphorylation (GO:0018107)","1/58",0.252591147960672,0.345207902212918,0,0,3.5163919900762,4.83849599837867,"CAMK2A","GO_Biological_Process_2023","turquoise"
"Renal System Development (GO:0072001)","1/58",0.252591147960672,0.345207902212918,0,0,3.5163919900762,4.83849599837867,"GREB1L","GO_Biological_Process_2023","turquoise"
"Response To Organic Cyclic Compound (GO:0014070)","1/58",0.252591147960672,0.345207902212918,0,0,3.5163919900762,4.83849599837867,"ESR1","GO_Biological_Process_2023","turquoise"
"Transcription Preinitiation Complex Assembly (GO:0070897)","1/59",0.256339055642632,0.34743475310241,0,0,3.45559038662487,4.70393718537215,"ESR1","GO_Biological_Process_2023","turquoise"
"Glucose Metabolic Process (GO:0006006)","1/59",0.256339055642632,0.34743475310241,0,0,3.45559038662487,4.70393718537215,"GCK","GO_Biological_Process_2023","turquoise"
"Regulation Of miRNA Transcription (GO:1902893)","1/59",0.256339055642632,0.34743475310241,0,0,3.45559038662487,4.70393718537215,"ESR1","GO_Biological_Process_2023","turquoise"
"Phospholipid Transport (GO:0015914)","1/59",0.256339055642632,0.34743475310241,0,0,3.45559038662487,4.70393718537215,"ATP10A","GO_Biological_Process_2023","turquoise"
"Response To Retinoic Acid (GO:0032526)","1/60",0.260068356267662,0.351762560230075,0,0,3.39684985447697,4.57491398098809,"RORB","GO_Biological_Process_2023","turquoise"
"Regulation Of Embryonic Development (GO:0045995)","1/62",0.267471501800711,0.361031492142523,0,0,3.28514654744163,4.33226156152993,"RPS6KA6","GO_Biological_Process_2023","turquoise"
"G1/S Transition Of Mitotic Cell Cycle (GO:0000082)","1/63",0.271145528260931,0.365239151004458,0,0,3.23199739328772,4.21807849737542,"CAMK2A","GO_Biological_Process_2023","turquoise"
"Positive Regulation Of T Cell Differentiation (GO:0045582)","1/64",0.274801310842782,0.369405040805051,0,0,3.18053551386885,4.10831982313615,"BCL6","GO_Biological_Process_2023","turquoise"
"Positive Regulation Of DNA Biosynthetic Process (GO:2000573)","1/65",0.278438939213788,0.372767232906623,0,0,3.13068181818182,4.00275356439037,"PKIB","GO_Biological_Process_2023","turquoise"
"Regulation Of Cell-Matrix Adhesion (GO:0001952)","1/65",0.278438939213788,0.372767232906623,0,0,3.13068181818182,4.00275356439037,"EFNA5","GO_Biological_Process_2023","turquoise"
"Cellular Response To BMP Stimulus (GO:0071773)","1/66",0.282058502576368,0.375389242709844,0,0,3.08236208236208,3.90116313048372,"DLX1","GO_Biological_Process_2023","turquoise"
"Cellular Response To Type II Interferon (GO:0071346)","1/66",0.282058502576368,0.375389242709844,0,0,3.08236208236208,3.90116313048372,"CAMK2A","GO_Biological_Process_2023","turquoise"
"Positive Regulation Of DNA-templated Transcription (GO:0045893)","8/1243",0.282114171731636,0.375389242709844,0,0,1.31420524555536,1.66305238798598,"DLX1;CASZ1;SATB2;GLIS3;RFX3;RORB;ASIC2;ESR1","GO_Biological_Process_2023","turquoise"
"Protein Modification Process (GO:0036211)","5/711",0.283175687390615,0.376038969490371,0,0,1.43089309676457,1.8053403210196,"PTPRT;GAD1;CAMK2A;TNIK;DCLK1","GO_Biological_Process_2023","turquoise"
"Protein Secretion (GO:0009306)","1/67",0.285660089808726,0.378571755382877,0,0,3.03550658096113,3.80334608196671,"RAB3B","GO_Biological_Process_2023","turquoise"
"Cell-Cell Junction Organization (GO:0045216)","1/68",0.289243789255229,0.382548237402076,0,0,2.99004975124378,3.70911301693322,"CDH12","GO_Biological_Process_2023","turquoise"
"Establishment Of Protein Localization To Membrane (GO:0090150)","1/69",0.29280968888067,0.385709148405059,0,0,2.94592988710636,3.61828655610275,"RFTN1","GO_Biological_Process_2023","turquoise"
"Regulation Of Heart Contraction (GO:0008016)","1/69",0.29280968888067,0.385709148405059,0,0,2.94592988710636,3.61828655610275,"CORIN","GO_Biological_Process_2023","turquoise"
"Regulation Of Actin Filament-Based Process (GO:0032970)","1/70",0.296357876203525,0.389600735049123,0,0,2.9030888596106,3.53070042231205,"EFNA5","GO_Biological_Process_2023","turquoise"
"Kidney Development (GO:0001822)","1/71",0.299888438313403,0.39110698913239,0,0,2.86147186147186,3.44619860155019,"GREB1L","GO_Biological_Process_2023","turquoise"
"Lipid Biosynthetic Process (GO:0008610)","1/71",0.299888438313403,0.39110698913239,0,0,2.86147186147186,3.44619860155019,"PRLR","GO_Biological_Process_2023","turquoise"
"Cell-Cell Junction Assembly (GO:0007043)","1/71",0.299888438313403,0.39110698913239,0,0,2.86147186147186,3.44619860155019,"CDH12","GO_Biological_Process_2023","turquoise"
"Negative Regulation Of Cellular Response To Growth Factor Stimulus (GO:0090288)","1/71",0.299888438313403,0.39110698913239,0,0,2.86147186147186,3.44619860155019,"DLX1","GO_Biological_Process_2023","turquoise"
"Second-Messenger-Mediated Signaling (GO:0019932)","1/72",0.303401461859655,0.394760031185502,0,0,2.82102717313985,3.36463457832852,"PPP1R9A","GO_Biological_Process_2023","turquoise"
"Positive Regulation Of Nucleic Acid-Templated Transcription (GO:1903508)","4/557",0.30389301181201,0.394760031185502,0,0,1.45773056057866,1.73627309560872,"CASZ1;RFX3;RORB;ESR1","GO_Biological_Process_2023","turquoise"
"Positive Regulation Of Secretion By Cell (GO:1903532)","1/73",0.306897033111884,0.397089652310445,0,0,2.78170594837262,3.28587063696556,"BAIAP3","GO_Biological_Process_2023","turquoise"
"Protein Tetramerization (GO:0051262)","1/73",0.306897033111884,0.397089652310445,0,0,2.78170594837262,3.28587063696556,"HCN1","GO_Biological_Process_2023","turquoise"
"Positive Regulation Of Neurogenesis (GO:0050769)","1/75",0.313836161648445,0.40408911401061,0,0,2.70625170625171,3.13623236372496,"PLXNC1","GO_Biological_Process_2023","turquoise"
"Regulation Of BMP Signaling Pathway (GO:0030510)","1/75",0.313836161648445,0.40408911401061,0,0,2.70625170625171,3.13623236372496,"DLX1","GO_Biological_Process_2023","turquoise"
"Regulation Of Cell Growth (GO:0001558)","2/227",0.314154646563126,0.40408911401061,0,0,1.78458049886621,2.06631206042599,"BCL6;SPOCK1","GO_Biological_Process_2023","turquoise"
"Cellular Response To Lipid (GO:0071396)","2/228",0.315994207705089,0.404867578622145,0,0,1.77659382337006,2.04669186176984,"RORB;ESR1","GO_Biological_Process_2023","turquoise"
"Chromatin Remodeling (GO:0006338)","2/228",0.315994207705089,0.404867578622145,0,0,1.77659382337006,2.04669186176984,"SATB2;ESR1","GO_Biological_Process_2023","turquoise"
"Transcription Initiation At RNA Polymerase II Promoter (GO:0006367)","1/76",0.317279889350664,0.404933088354155,0,0,2.67003367003367,3.0651211233087,"ESR1","GO_Biological_Process_2023","turquoise"
"Positive Regulation Of Protein Secretion (GO:0050714)","1/76",0.317279889350664,0.404933088354155,0,0,2.67003367003367,3.0651211233087,"GCK","GO_Biological_Process_2023","turquoise"
"Regulation Of Immune Response (GO:0050776)","1/77",0.320706505558706,0.40771989853975,0,0,2.6347687400319,2.99633512170869,"BCL6","GO_Biological_Process_2023","turquoise"
"Actomyosin Structure Organization (GO:0031032)","1/77",0.320706505558706,0.40771989853975,0,0,2.6347687400319,2.99633512170869,"PHACTR1","GO_Biological_Process_2023","turquoise"
"Negative Regulation Of Multicellular Organismal Process (GO:0051241)","2/231",0.321506425753241,0.407946257822294,0,0,1.75305231262811,1.98925463460844,"DLX1;RPS6KA6","GO_Biological_Process_2023","turquoise"
"Positive Regulation Of Tumor Necrosis Factor Production (GO:0032760)","1/78",0.324116094429913,0.409672751341084,0,0,2.60041978223796,2.92977207832515,"RASGRP1","GO_Biological_Process_2023","turquoise"
"Cellular Response To Nutrient Levels (GO:0031669)","1/78",0.324116094429913,0.409672751341084,0,0,2.60041978223796,2.92977207832515,"CARTPT","GO_Biological_Process_2023","turquoise"
"Positive Regulation Of Developmental Process (GO:0051094)","2/233",0.325175502475933,0.410221403123484,0,0,1.73769767647319,1.95211260075993,"DLX1;RELN","GO_Biological_Process_2023","turquoise"
"Response To Insulin (GO:0032868)","1/79",0.32750873980153,0.412371848963155,0,0,2.56695156695157,2.86533539771871,"GCK","GO_Biological_Process_2023","turquoise"
"Negative Regulation Of Protein Serine/Threonine Kinase Activity (GO:0071901)","1/80",0.330884524972772,0.415029155606383,0,0,2.5343306482547,2.80293378962301,"PKIB","GO_Biological_Process_2023","turquoise"
"Response To Type II Interferon (GO:0034341)","1/80",0.330884524972772,0.415029155606383,0,0,2.5343306482547,2.80293378962301,"CAMK2A","GO_Biological_Process_2023","turquoise"
"Positive Regulation Of Growth (GO:0045927)","1/81",0.334243532854352,0.417645252480867,0,0,2.50252525252525,2.74248091594401,"RFTN1","GO_Biological_Process_2023","turquoise"
"Activation Of Protein Kinase Activity (GO:0032147)","1/81",0.334243532854352,0.417645252480867,0,0,2.50252525252525,2.74248091594401,"PRLR","GO_Biological_Process_2023","turquoise"
"Positive Regulation Of Tumor Necrosis Factor Superfamily Cytokine Production (GO:1903557)","1/82",0.337585846063778,0.421019610300073,0,0,2.47150517520888,2.68389506560141,"RASGRP1","GO_Biological_Process_2023","turquoise"
"Phospholipase C-activating G Protein-Coupled Receptor Signaling Pathway (GO:0007200)","1/83",0.340911546721369,0.424360483205347,0,0,2.44124168514412,2.62709885646942,"ESR1","GO_Biological_Process_2023","turquoise"
"Epidermis Development (GO:0008544)","1/85",0.347513436866072,0.430129838838006,0,0,2.38287638287638,2.51858583349566,"ASIC2","GO_Biological_Process_2023","turquoise"
"Regulation Of Osteoblast Differentiation (GO:0045667)","1/85",0.347513436866072,0.430129838838006,0,0,2.38287638287638,2.51858583349566,"RORB","GO_Biological_Process_2023","turquoise"
"Calcium-Mediated Signaling (GO:0019722)","1/85",0.347513436866072,0.430129838838006,0,0,2.38287638287638,2.51858583349566,"PPP1R9A","GO_Biological_Process_2023","turquoise"
"Exocytosis (GO:0006887)","1/86",0.350789788685405,0.433367422556733,0,0,2.35472370766488,2.46673350535558,"RPH3AL","GO_Biological_Process_2023","turquoise"
"Regulation Of Type II Interferon Production (GO:0032649)","1/87",0.354049852499014,0.436572750449912,0,0,2.3272257458304,2.41639933353241,"RASGRP1","GO_Biological_Process_2023","turquoise"
"Negative Regulation Of Protein Kinase Activity (GO:0006469)","1/88",0.357293708483398,0.438922608174362,0,0,2.30035992104958,2.36752381170365,"PTPRT","GO_Biological_Process_2023","turquoise"
"Positive Regulation Of Plasma Membrane Bounded Cell Projection Assembly (GO:0120034)","1/88",0.357293708483398,0.438922608174362,0,0,2.30035992104958,2.36752381170365,"DOCK11","GO_Biological_Process_2023","turquoise"
"Positive Regulation Of Peptidyl-Serine Phosphorylation (GO:0033138)","1/89",0.360521436424534,0.440413523825875,0,0,2.27410468319559,2.32005037808893,"CALCR","GO_Biological_Process_2023","turquoise"
"Cellular Response To Peptide Hormone Stimulus (GO:0071375)","1/89",0.360521436424534,0.440413523825875,0,0,2.27410468319559,2.32005037808893,"GCK","GO_Biological_Process_2023","turquoise"
"Regulation Of Vesicle-Mediated Transport (GO:0060627)","1/89",0.360521436424534,0.440413523825875,0,0,2.27410468319559,2.32005037808893,"RAB3B","GO_Biological_Process_2023","turquoise"
"Lymphocyte Differentiation (GO:0030098)","1/91",0.366928825262423,0.445750572911388,0,0,2.22334455667789,2.22909720803597,"TOX","GO_Biological_Process_2023","turquoise"
"Positive Regulation Of MAP Kinase Activity (GO:0043406)","1/91",0.366928825262423,0.445750572911388,0,0,2.22334455667789,2.22909720803597,"RASGRP1","GO_Biological_Process_2023","turquoise"
"Regulation Of Actin Cytoskeleton Organization (GO:0032956)","1/91",0.366928825262423,0.445750572911388,0,0,2.22334455667789,2.22909720803597,"EFNA5","GO_Biological_Process_2023","turquoise"
"B Cell Activation (GO:0042113)","1/92",0.370108643786799,0.447954373291771,0,0,2.1988011988012,2.18551754723327,"RASGRP1","GO_Biological_Process_2023","turquoise"
"Steroid Metabolic Process (GO:0008202)","1/92",0.370108643786799,0.447954373291771,0,0,2.1988011988012,2.18551754723327,"PRLR","GO_Biological_Process_2023","turquoise"
"Positive Regulation Of Protein Kinase B Signaling (GO:0051897)","1/93",0.373272649434986,0.450122900789247,0,0,2.1747913921827,2.14313983216348,"CALCR","GO_Biological_Process_2023","turquoise"
"Regulation Of Peptidyl-Serine Phosphorylation (GO:0033135)","1/93",0.373272649434986,0.450122900789247,0,0,2.1747913921827,2.14313983216348,"CALCR","GO_Biological_Process_2023","turquoise"
"Muscle Contraction (GO:0006936)","1/94",0.376420920115876,0.452256636622738,0,0,2.15129792549147,2.10191981526176,"SCN7A","GO_Biological_Process_2023","turquoise"
"Retrograde Transport, Endosome To Golgi (GO:0042147)","1/94",0.376420920115876,0.452256636622738,0,0,2.15129792549147,2.10191981526176,"BAIAP3","GO_Biological_Process_2023","turquoise"
"T Cell Receptor Signaling Pathway (GO:0050852)","1/95",0.379553533216983,0.454356054361935,0,0,2.12830431979368,2.06181530451832,"RFTN1","GO_Biological_Process_2023","turquoise"
"Cell Junction Assembly (GO:0034329)","1/95",0.379553533216983,0.454356054361935,0,0,2.12830431979368,2.06181530451832,"CDH12","GO_Biological_Process_2023","turquoise"
"Cellular Response To Transforming Growth Factor Beta Stimulus (GO:0071560)","1/96",0.382670565880735,0.457252989467691,0,0,2.10579479000532,2.02278604662789,"DLX1","GO_Biological_Process_2023","turquoise"
"Positive Regulation Of Signal Transduction (GO:0009967)","2/266",0.384823642532729,0.458989653639037,0,0,1.51793444650588,1.44958204202647,"RELN;NETO1","GO_Biological_Process_2023","turquoise"
"Regulation Of Defense Response (GO:0031347)","1/97",0.385772094842852,0.459285833424521,0,0,2.08375420875421,1.98479362024731,"BCL6","GO_Biological_Process_2023","turquoise"
"Chromatin Organization (GO:0006325)","2/268",0.388372537677836,0.46128567239922,0,0,1.50636796071812,1.42470813219699,"SATB2;ESR1","GO_Biological_Process_2023","turquoise"
"MAPK Cascade (GO:0000165)","1/98",0.388858196397513,0.46128567239922,0,0,2.06216807247735,1.94780133547852,"TNIK","GO_Biological_Process_2023","turquoise"
"Cellular Response To Insulin Stimulus (GO:0032869)","1/99",0.391928946523868,0.464089149674472,0,0,2.0410224695939,1.91177413897195,"GCK","GO_Biological_Process_2023","turquoise"
"Regulation Of Nucleic Acid-Templated Transcription (GO:1903506)","3/452",0.394272330312141,0.466022790422999,0,0,1.3398158565426,1.24698459099625,"RFX3;RORB;ESR1","GO_Biological_Process_2023","turquoise"
"Visual Perception (GO:0007601)","1/101",0.398024694482133,0.469611869748704,0,0,2,1.84248245836996,"CNGB1","GO_Biological_Process_2023","turquoise"
"Negative Regulation Of Nucleic Acid-Templated Transcription (GO:1903507)","3/456",0.399675686196134,0.470641675512244,0,0,1.32771215948658,1.21764727142249,"BCL6;RFX3;RORB","GO_Biological_Process_2023","turquoise"
"Plasma Membrane Bounded Cell Projection Assembly (GO:0120031)","2/275",0.400723259090598,0.470641675512244,0,0,1.46721985497496,1.34174940006596,"RFX3;TNIK","GO_Biological_Process_2023","turquoise"
"Sensory Perception Of Light Stimulus (GO:0050953)","1/102",0.401049842395342,0.470641675512244,0,0,1.98009800980098,1.80915528558786,"CNGB1","GO_Biological_Process_2023","turquoise"
"Negative Regulation Of DNA-templated Transcription (GO:0045892)","6/1025",0.406537420738528,0.47622955000799,0,0,1.18269893303823,1.0645228257419,"DLX1;BCL6;GLIS3;RFX3;RORB;ESR1","GO_Biological_Process_2023","turquoise"
"Regulation Of Neuron Apoptotic Process (GO:0043523)","1/105",0.410035274847405,0.478617687366366,0,0,1.92268842268842,1.71409996792236,"GRID2","GO_Biological_Process_2023","turquoise"
"Negative Regulation Of MAPK Cascade (GO:0043409)","1/105",0.410035274847405,0.478617687366366,0,0,1.92268842268842,1.71409996792236,"RPS6KA6","GO_Biological_Process_2023","turquoise"
"Glycerophospholipid Biosynthetic Process (GO:0046474)","1/108",0.41888723576301,0.487216359327189,0,0,1.86849806475975,1.62588017253325,"DGKB","GO_Biological_Process_2023","turquoise"
"Positive Regulation Of DNA Metabolic Process (GO:0051054)","1/108",0.41888723576301,0.487216359327189,0,0,1.86849806475975,1.62588017253325,"TOX","GO_Biological_Process_2023","turquoise"
"Negative Regulation Of Developmental Process (GO:0051093)","1/109",0.421808569139365,0.489745878505174,0,0,1.85110362888141,1.59787949320038,"RPS6KA6","GO_Biological_Process_2023","turquoise"
"Response To Lipid (GO:0033993)","1/110",0.424715362613925,0.491262072336971,0,0,1.83402835696414,1.57054463447437,"ESR1","GO_Biological_Process_2023","turquoise"
"Sensory Perception Of Chemical Stimulus (GO:0007606)","1/110",0.424715362613925,0.491262072336971,0,0,1.83402835696414,1.57054463447437,"GNAS","GO_Biological_Process_2023","turquoise"
"T Cell Activation (GO:0042110)","1/111",0.427607687964041,0.491262072336971,0,0,1.81726354453627,1.54385464626272,"RASGRP1","GO_Biological_Process_2023","turquoise"
"Negative Regulation Of Transmembrane Receptor Protein Serine/Threonine Kinase Signaling Pathway (GO:0090101)","1/111",0.427607687964041,0.491262072336971,0,0,1.81726354453627,1.54385464626272,"DLX1","GO_Biological_Process_2023","turquoise"
"Mitotic Cell Cycle Phase Transition (GO:0044772)","1/111",0.427607687964041,0.491262072336971,0,0,1.81726354453627,1.54385464626272,"CAMK2A","GO_Biological_Process_2023","turquoise"
"Cytoskeleton Organization (GO:0007010)","1/111",0.427607687964041,0.491262072336971,0,0,1.81726354453627,1.54385464626272,"TNIK","GO_Biological_Process_2023","turquoise"
"Calcium Ion Transport (GO:0006816)","1/112",0.43048561638067,0.493703783821188,0,0,1.8008008008008,1.51778940882089,"CAMK2A","GO_Biological_Process_2023","turquoise"
"Regulation Of Cytoskeleton Organization (GO:0051493)","1/114",0.436198565833718,0.497645668151164,0,0,1.76874944131581,1.46745661650072,"EFNA5","GO_Biological_Process_2023","turquoise"
"Regulation Of MAP Kinase Activity (GO:0043405)","1/114",0.436198565833718,0.497645668151164,0,0,1.76874944131581,1.46745661650072,"RASGRP1","GO_Biological_Process_2023","turquoise"
"Response To Endoplasmic Reticulum Stress (GO:0034976)","1/114",0.436198565833718,0.497645668151164,0,0,1.76874944131581,1.46745661650072,"RASGRF1","GO_Biological_Process_2023","turquoise"
"Regulation Of Intracellular Signal Transduction (GO:1902531)","2/297",0.438759996999523,0.499698885471679,0,0,1.35627810446212,1.11730559055249,"PREX2;TNIK","GO_Biological_Process_2023","turquoise"
"Positive Regulation Of Protein Serine/Threonine Kinase Activity (GO:0071902)","1/117",0.444661775482094,0.503796415744825,0,0,1.72274468826193,1.39618351518444,"RASGRP1","GO_Biological_Process_2023","turquoise"
"Protein Maturation (GO:0051604)","1/117",0.444661775482094,0.503796415744825,0,0,1.72274468826193,1.39618351518444,"ECEL1","GO_Biological_Process_2023","turquoise"
"Protein Processing (GO:0016485)","1/117",0.444661775482094,0.503796415744825,0,0,1.72274468826193,1.39618351518444,"ECEL1","GO_Biological_Process_2023","turquoise"
"Positive Regulation Of Macromolecule Biosynthetic Process (GO:0010557)","1/122",0.458488507016457,0.51856631138413,0,0,1.6511394941147,1.28759168960267,"GCK","GO_Biological_Process_2023","turquoise"
"Negative Regulation Of Growth (GO:0045926)","1/124",0.463923277206856,0.522013155827955,0,0,1.62412745339575,1.2473885010387,"BCL6","GO_Biological_Process_2023","turquoise"
"Protein Dephosphorylation (GO:0006470)","1/124",0.463923277206856,0.522013155827955,0,0,1.62412745339575,1.2473885010387,"PTPRT","GO_Biological_Process_2023","turquoise"
"Enzyme-Linked Receptor Protein Signaling Pathway (GO:0007167)","1/124",0.463923277206856,0.522013155827955,0,0,1.62412745339575,1.2473885010387,"PTPRT","GO_Biological_Process_2023","turquoise"
"Protein Transport (GO:0015031)","2/313",0.465600643115683,0.523003462129946,0,0,1.2854518012993,0.982634065787606,"RAB3B;SYNDIG1","GO_Biological_Process_2023","turquoise"
"Negative Regulation Of Cell Growth (GO:0030308)","1/125",0.46662037707619,0.523252935661506,0,0,1.61094819159335,1.22792793965158,"BCL6","GO_Biological_Process_2023","turquoise"
"Cellular Response To Starvation (GO:0009267)","1/126",0.469304042324134,0.525364252158075,0,0,1.5979797979798,1.20887881651748,"CARTPT","GO_Biological_Process_2023","turquoise"
"Regulation Of Response To External Stimulus (GO:0032101)","1/127",0.471974339207137,0.525662421935283,0,0,1.58521725188392,1.19022971699885,"BCL6","GO_Biological_Process_2023","turquoise"
"Regulation Of Tumor Necrosis Factor Production (GO:0032680)","1/127",0.471974339207137,0.525662421935283,0,0,1.58521725188392,1.19022971699885,"RASGRP1","GO_Biological_Process_2023","turquoise"
"Cytosolic Transport (GO:0016482)","1/127",0.471974339207137,0.525662421935283,0,0,1.58521725188392,1.19022971699885,"BAIAP3","GO_Biological_Process_2023","turquoise"
"Protein Homooligomerization (GO:0051260)","1/129",0.477275091201804,0.530665186149802,0,0,1.5602904040404,1.15408790031601,"HCN1","GO_Biological_Process_2023","turquoise"
"Synapse Organization (GO:0050808)","1/131",0.482523156606063,0.535592539312314,0,0,1.53613053613054,1.11941882389327,"LRRC4C","GO_Biological_Process_2023","turquoise"
"Positive Regulation Of Intracellular Signal Transduction (GO:1902533)","3/525",0.490281302231268,0.542386552523341,0,0,1.14812181538097,0.818353636521046,"CALCR;RELN;CARTPT","GO_Biological_Process_2023","turquoise"
"Antigen Receptor-Mediated Signaling Pathway (GO:0050851)","1/134",0.490297600070642,0.542386552523341,0,0,1.50125313283208,1.07000724904239,"RFTN1","GO_Biological_Process_2023","turquoise"
"Non-Membrane-Bounded Organelle Assembly (GO:0140694)","1/135",0.492863296366116,0.543392138514575,0,0,1.48997437057139,1.05419178131578,"PRRC2C","GO_Biological_Process_2023","turquoise"
"Cellular Response To Metal Ion (GO:0071248)","1/135",0.492863296366116,0.543392138514575,0,0,1.48997437057139,1.05419178131578,"GLRA2","GO_Biological_Process_2023","turquoise"
"Regulation Of Protein Kinase B Signaling (GO:0051896)","1/136",0.49541620618668,0.54529032090346,0,0,1.47886270108492,1.03868964279636,"CALCR","GO_Biological_Process_2023","turquoise"
"Negative Regulation Of Cellular Biosynthetic Process (GO:0031327)","1/137",0.497956392525298,0.54716816331088,0,0,1.46791443850267,1.02349273069514,"GCK","GO_Biological_Process_2023","turquoise"
"Negative Regulation Of Cellular Process (GO:0048523)","3/537",0.505397087123474,0.554415533700668,0,0,1.12162631761844,0.765409966042434,"BCL6;SPOCK3;PLXNC1","GO_Biological_Process_2023","turquoise"
"Positive Regulation Of Transferase Activity (GO:0051347)","1/143",0.512933812590885,0.561743874890853,0,0,1.40546308151942,0.938299046849509,"PKIB","GO_Biological_Process_2023","turquoise"
"Negative Regulation Of Response To External Stimulus (GO:0032102)","1/146",0.520255772624573,0.568812978069533,0,0,1.37617554858934,0.899240881378034,"GRID2","GO_Biological_Process_2023","turquoise"
"Dephosphorylation (GO:0016311)","1/147",0.522672127159014,0.570504018995529,0,0,1.36668050366681,0.886703567337748,"PTPRT","GO_Biological_Process_2023","turquoise"
"Protein Localization (GO:0008104)","2/351",0.526234479058159,0.572879963792359,0,0,1.1432664756447,0.73398666696496,"GRID2;SYNDIG1","GO_Biological_Process_2023","turquoise"
"Negative Regulation Of DNA-binding Transcription Factor Activity (GO:0043433)","1/149",0.527468747150282,0.572879963792359,0,0,1.34807534807535,0.862317510620557,"ESR1","GO_Biological_Process_2023","turquoise"
"Skeletal System Development (GO:0001501)","1/149",0.527468747150282,0.572879963792359,0,0,1.34807534807535,0.862317510620557,"GNAS","GO_Biological_Process_2023","turquoise"
"Negative Regulation Of Transcription By RNA Polymerase II (GO:0000122)","4/763",0.533219207169916,0.578168264303247,0,0,1.05077953447519,0.660753991270199,"DLX1;BCL6;GLIS3;ESR1","GO_Biological_Process_2023","turquoise"
"Positive Regulation Of NF-kappaB Transcription Factor Activity (GO:0051092)","1/152",0.534574342306715,0.578681136226411,0,0,1.32109171182019,0.827379223374853,"CAMK2A","GO_Biological_Process_2023","turquoise"
"Regulation Of Cellular Component Organization (GO:0051128)","1/153",0.536919286110584,0.580262029140927,0,0,1.31233386496544,0.816150274391971,"SPOCK1","GO_Biological_Process_2023","turquoise"
"Cellular Response To Growth Factor Stimulus (GO:0071363)","1/155",0.54157414062889,0.584329993836434,0,0,1.29515938606848,0.794289267227046,"DLX1","GO_Biological_Process_2023","turquoise"
"Peptidyl-Serine Phosphorylation (GO:0018105)","1/158",0.548469701786421,0.59079823377979,0,0,1.27021810461301,0.762922512360618,"CAMK2A","GO_Biological_Process_2023","turquoise"
"Nitrogen Compound Transport (GO:0071705)","1/163",0.559734829149778,0.600959161902217,0,0,1.23070208255393,0.714166728910465,"SLC7A14","GO_Biological_Process_2023","turquoise"
"Negative Regulation Of Cell Migration (GO:0030336)","1/163",0.559734829149778,0.600959161902217,0,0,1.23070208255393,0.714166728910465,"PTPRT","GO_Biological_Process_2023","turquoise"
"Peptidyl-Serine Modification (GO:0018209)","1/166",0.566359876814798,0.607078560768803,0,0,1.20814202632384,0.686859643904913,"CAMK2A","GO_Biological_Process_2023","turquoise"
"Membrane Organization (GO:0061024)","1/167",0.568546217907677,0.608427926504789,0,0,1.20080321285141,0.678060757672765,"OTOF","GO_Biological_Process_2023","turquoise"
"Brain Development (GO:0007420)","1/169",0.572886213397628,0.612073869688671,0,0,1.18638768638769,0.660898808403362,"RELN","GO_Biological_Process_2023","turquoise"
"Positive Regulation Of Cellular Biosynthetic Process (GO:0031328)","1/174",0.58354802824362,0.622451230126528,0,0,1.15180708822327,0.620396147287758,"GCK","GO_Biological_Process_2023","turquoise"
"Phosphate-Containing Compound Metabolic Process (GO:0006796)","1/184",0.604087456347206,0.64331391455157,0,0,1.0883148424132,0.548550182326374,"GCK","GO_Biological_Process_2023","turquoise"
"Negative Regulation Of Macromolecule Metabolic Process (GO:0010605)","1/186",0.60807334897308,0.646509103608331,0,0,1.07644007644008,0.535485626960847,"ESR1","GO_Biological_Process_2023","turquoise"
"Vesicle-Mediated Transport (GO:0016192)","2/411",0.612247498395652,0.64989378470477,0,0,0.972556259667681,0.477154257721564,"RPH3AL;DCLK1","GO_Biological_Process_2023","turquoise"
"Transcription By RNA Polymerase II (GO:0006366)","1/192",0.619794203522166,0.656841676107497,0,0,1.04230789571104,0.498606520241977,"GLIS3","GO_Biological_Process_2023","turquoise"
"Regulation Of Signal Transduction (GO:0009966)","1/193",0.621713652685644,0.657813155099649,0,0,1.0368265993266,0.492778443916668,"RGS9","GO_Biological_Process_2023","turquoise"
"Positive Regulation Of Protein Metabolic Process (GO:0051247)","1/196",0.627414626895937,0.662776159812777,0,0,1.02072002072002,0.475806259368427,"RASGRP1","GO_Biological_Process_2023","turquoise"
"Golgi Vesicle Transport (GO:0048193)","1/197",0.62929598455177,0.66369480042759,0,0,1.01546072974644,0.470314261452597,"SORCS1","GO_Biological_Process_2023","turquoise"
"Regulation Of DNA-templated Transcription (GO:0006355)","9/1922",0.632005502031732,0.665482518993284,0,0,0.929918487158424,0.426699773835342,"CASZ1;BCL6;SATB2;GLIS3;RFX3;RORB;TOX;ASIC2;ESR1","GO_Biological_Process_2023","turquoise"
"DNA-templated Transcription (GO:0006351)","1/199",0.633030530285215,0.665493634402405,0,0,1.00510152025304,0.459569228815331,"GLIS3","GO_Biological_Process_2023","turquoise"
"Organic Substance Transport (GO:0071702)","1/201",0.636727825797518,0.668309525957075,0,0,0.994949494949495,0.449133126176455,"CAMK2A","GO_Biological_Process_2023","turquoise"
"Negative Regulation Of Cell Differentiation (GO:0045596)","1/207",0.647599871163211,0.678635008758892,0,0,0.965676179268412,0.419569165053442,"RORB","GO_Biological_Process_2023","turquoise"
"Regulation Of Gene Expression (GO:0010468)","5/1127",0.6708596829864,0.701888280764081,0,0,0.880851862276011,0.351631905925746,"CALCR;BCL6;RFX3;RORB;ESR1","GO_Biological_Process_2023","turquoise"
"Apoptotic Process (GO:0006915)","1/228",0.683175898430978,0.712501413943913,0,0,0.875406042806924,0.333532253769872,"EFNA5","GO_Biological_Process_2023","turquoise"
"Cilium Organization (GO:0044782)","1/228",0.683175898430978,0.712501413943913,0,0,0.875406042806924,0.333532253769872,"RFX3","GO_Biological_Process_2023","turquoise"
"Sensory Perception Of Smell (GO:0007608)","1/230",0.686372636337623,0.714591721391783,0,0,0.867672356755326,0.326535126775689,"CNGB1","GO_Biological_Process_2023","turquoise"
"Negative Regulation Of Intracellular Signal Transduction (GO:1902532)","1/231",0.687959009576293,0.714591721391783,0,0,0.863855950812473,0.323104604801154,"ESR1","GO_Biological_Process_2023","turquoise"
"Regulation Of Apoptotic Process (GO:0042981)","3/705",0.689447618803743,0.714591721391783,0,0,0.845801392193145,0.314523557871597,"GRID2;BCL6;PRLR","GO_Biological_Process_2023","turquoise"
"Regulation Of I-kappaB kinase/NF-kappaB Signaling (GO:0043122)","1/232",0.689537438477132,0.714591721391783,0,0,0.860072587345315,0.319718468488941,"ESR1","GO_Biological_Process_2023","turquoise"
"Regulation Of Transcription By RNA Polymerase II (GO:0006357)","9/2028",0.695893135845576,0.719030686159943,0,0,0.875904184968078,0.317567095079371,"DLX1;CASZ1;BCL6;SATB2;GLIS3;RFX3;RORB;TOX;ESR1","GO_Biological_Process_2023","turquoise"
"Positive Regulation Of Gene Expression (GO:0010628)","2/480",0.69601293553592,0.719030686159943,0,0,0.829220391085304,0.300498717460943,"CALCR;CADM1","GO_Biological_Process_2023","turquoise"
"Positive Regulation Of Cell Population Proliferation (GO:0008284)","2/483",0.699296107703482,0.721286551341956,0,0,0.823921252492681,0.294700985980597,"TOX;ASIC2","GO_Biological_Process_2023","turquoise"
"Regulation Of Inflammatory Response (GO:0050727)","1/240",0.701883560113874,0.722818862534854,0,0,0.830945437639998,0.294144512073152,"BCL6","GO_Biological_Process_2023","turquoise"
"Cilium Assembly (GO:0060271)","1/243",0.706386958483719,0.726316371105517,0,0,0.820519242006845,0.285205999695782,"RFX3","GO_Biological_Process_2023","turquoise"
"Positive Regulation Of Programmed Cell Death (GO:0043068)","1/245",0.709351740244625,0.728223382786344,0,0,0.81371087928465,0.279431381953944,"BCL6","GO_Biological_Process_2023","turquoise"
"Cytokine-Mediated Signaling Pathway (GO:0019221)","1/257",0.726528139341902,0.744691342825449,0,0,0.775094696969697,0.247625753183798,"PRLR","GO_Biological_Process_2023","turquoise"
"Negative Regulation Of Signal Transduction (GO:0009968)","1/267",0.74007117960611,0.757389537943226,0,0,0.745576061365535,0.224425036623886,"PTPRT","GO_Biological_Process_2023","turquoise"
"Positive Regulation Of Apoptotic Process (GO:0043065)","1/270",0.74400305104999,0.760227416649211,0,0,0.737148436033194,0.217982269640814,"BCL6","GO_Biological_Process_2023","turquoise"
"Positive Regulation Of Cell Differentiation (GO:0045597)","1/283",0.760371760220726,0.775744750707304,0,0,0.702700766530554,0.192503334049398,"DLX1","GO_Biological_Process_2023","turquoise"
"Supramolecular Fiber Organization (GO:0097435)","1/316",0.797415089775066,0.812273756044166,0,0,0.628026294692961,0.142172542660111,"PPP1R9A","GO_Biological_Process_2023","turquoise"
"Positive Regulation Of Cellular Process (GO:0048522)","2/594",0.801571652230588,0.815241866454676,0,0,0.665609487038058,0.147220114218033,"DLX1;ASIC2","GO_Biological_Process_2023","turquoise"
"Organelle Assembly (GO:0070925)","1/322",0.803513022023935,0.815951304098609,0,0,0.616098681519242,0.13477891033833,"RFX3","GO_Biological_Process_2023","turquoise"
"Intracellular Protein Transport (GO:0006886)","1/325",0.806493484318124,0.817712095382828,0,0,0.610300536226462,0.131250904008978,"SYNDIG1","GO_Biological_Process_2023","turquoise"
"Protein-Containing Complex Assembly (GO:0065003)","1/328",0.809429181545872,0.819422134404463,0,0,0.604608778920706,0.127830011994472,"PRLR","GO_Biological_Process_2023","turquoise"
"Proteolysis (GO:0006508)","1/330",0.811361772729446,0.820112978290472,0,0,0.600871941297473,0.125607016922656,"ECEL1","GO_Biological_Process_2023","turquoise"
"Negative Regulation Of Gene Expression (GO:0010629)","1/336",0.817043887452387,0.824585831028871,0,0,0.589929142167948,0.11920253826581,"ESR1","GO_Biological_Process_2023","turquoise"
"Positive Regulation Of Macromolecule Metabolic Process (GO:0010604)","1/364",0.841398644336136,0.847860999515369,0,0,0.54364582463756,0.0938820447069887,"CALCR","GO_Biological_Process_2023","turquoise"
"Negative Regulation Of Programmed Cell Death (GO:0043069)","1/381",0.854589252590146,0.859832131440392,0,0,0.518872939925571,0.0815327527067876,"PRLR","GO_Biological_Process_2023","turquoise"
"DNA Damage Response (GO:0006974)","1/384",0.856801543526548,0.860737844645353,0,0,0.514729540839201,0.0795509143679763,"BCL6","GO_Biological_Process_2023","turquoise"
"Organelle Organization (GO:0006996)","1/418",0.879660621460093,0.882350715103702,0,0,0.471937601434004,0.0605114160819506,"TNIK","GO_Biological_Process_2023","turquoise"
"Regulation Of Cell Population Proliferation (GO:0042127)","2/766",0.900249165582255,0.901623591789251,0,0,0.511165722833636,0.0537151871691531,"BCL6;ASIC2","GO_Biological_Process_2023","turquoise"
"Negative Regulation Of Apoptotic Process (GO:0043066)","1/482",0.913328576675492,0.913328576675492,0,0,0.407799407799408,0.0369709215269856,"PRLR","GO_Biological_Process_2023","turquoise"
"Morphine addiction","7/92",3.90903320573012e-07,4.22175586218853e-05,0,0,17.5464895635674,258.895041937643,"GABRA2;GABRB1;PDE1A;GNAS;PDE7B;PDE8B;GABRG1","KEGG_2019_Mouse","turquoise"
"GABAergic synapse","6/90",5.95548677728539e-06,0.000321596285973411,0,0,15.0577507598784,181.162775042773,"GABRA2;GABRB1;GAD1;GAD2;HAP1;GABRG1","KEGG_2019_Mouse","turquoise"
"Neuroactive ligand-receptor interaction","10/348",9.66368304397308e-06,0.000347892589583031,0,0,6.43063773833005,74.2554466979305,"GABRA2;GABRB1;GRID2;GLRA2;CALCR;GRIK2;PRLR;RXFP2;GABRG1;GRIA4","KEGG_2019_Mouse","turquoise"
"Nicotine addiction","4/40",4.68256382440572e-05,0.00126429223258954,0,0,22.9907407407407,229.196526330911,"GABRA2;GABRB1;GRIA4;GABRG1","KEGG_2019_Mouse","turquoise"
"Taste transduction","4/88",0.00099466726260602,0.02148481287229,0,0,9.82936507936508,67.9514062017993,"GABRA2;PDE1A;SCN9A;ASIC2","KEGG_2019_Mouse","turquoise"
"Taurine and hypotaurine metabolism","2/11",0.0013218400851343,0.0237931215324175,0,0,45.1043083900227,298.984305122014,"GAD1;GAD2","KEGG_2019_Mouse","turquoise"
"Axon guidance","5/180",0.00211026119258516,0.0325583155427425,0,0,5.93233082706767,36.5487553526087,"NRP1;CAMK2A;PLXNC1;EFNA5;LRRC4C","KEGG_2019_Mouse","turquoise"
"Amphetamine addiction","3/68",0.00480405471030925,0.0648547385891748,0,0,9.43774781919112,50.3814818655157,"CAMK2A;GNAS;GRIA4","KEGG_2019_Mouse","turquoise"
"Prolactin signaling pathway","3/72",0.00563543249072426,0.0676251898886911,0,0,8.88883908561183,46.0324654948436,"PRLR;ESR1;GCK","KEGG_2019_Mouse","turquoise"
"Retrograde endocannabinoid signaling","4/150",0.00683178162196635,0.072072958595306,0,0,5.63755707762557,28.1098167729707,"GABRA2;GABRB1;GABRG1;GRIA4","KEGG_2019_Mouse","turquoise"
"Butanoate metabolism","2/27",0.00800810651058956,0.072072958595306,0,0,16.2244897959184,78.3204947866311,"GAD1;GAD2","KEGG_2019_Mouse","turquoise"
"Phototransduction","2/27",0.00800810651058956,0.072072958595306,0,0,16.2244897959184,78.3204947866311,"RGS9;CNGB1","KEGG_2019_Mouse","turquoise"
"Insulin secretion","3/86",0.00919670427931818,0.0764033893974126,0,0,7.38430008694572,34.6243191824314,"CAMK2A;GNAS;GCK","KEGG_2019_Mouse","turquoise"
"beta-Alanine metabolism","2/32",0.0111345221222249,0.0858948849428776,0,0,13.5170068027211,60.795507674817,"GAD1;GAD2","KEGG_2019_Mouse","turquoise"
"Circadian entrainment","3/99",0.0134550429542985,0.0934586740873391,0,0,6.38015463917526,27.4882665567256,"CAMK2A;GNAS;GRIA4","KEGG_2019_Mouse","turquoise"
"Glucagon signaling pathway","3/102",0.0145721785315227,0.0934586740873391,0,0,6.18587941268354,26.1578642224501,"CAMK2A;GNAS;GCK","KEGG_2019_Mouse","turquoise"
"Alanine, aspartate and glutamate metabolism","2/37",0.0147110875878219,0.0934586740873391,0,0,11.5830903790087,48.8708399253876,"GAD1;GAD2","KEGG_2019_Mouse","turquoise"
"Glutamatergic synapse","3/114",0.0195542061325189,0.117325236795113,0,0,5.51379214265812,21.6943728553258,"GNAS;GRIK2;GRIA4","KEGG_2019_Mouse","turquoise"
"cAMP signaling pathway","4/211",0.0215206574171987,0.122327947424077,0,0,3.9639694041868,15.2166558188613,"CAMK2A;GNAS;GRIA4;CNGB1","KEGG_2019_Mouse","turquoise"
"Cocaine addiction","2/48",0.0240483300532172,0.127078619161387,0,0,8.80834072759539,32.8347611919466,"GNAS;RGS9","KEGG_2019_Mouse","turquoise"
"Neomycin, kanamycin and gentamicin biosynthesis","1/5",0.0247535287182936,0.127078619161387,0,0,50.2424242424242,185.836036973753,"GCK","KEGG_2019_Mouse","turquoise"
"Inflammatory mediator regulation of TRP channels","3/127",0.0258863853847271,0.127078619161387,0,0,4.93249085467243,18.0235095567768,"CAMK2A;GNAS;ASIC2","KEGG_2019_Mouse","turquoise"
"Dopaminergic synapse","3/135",0.0302669636902369,0.133728487511864,0,0,4.63167760074977,16.2002116508999,"CAMK2A;GNAS;GRIA4","KEGG_2019_Mouse","turquoise"
"Purine metabolism","3/136",0.0308403457982155,0.133728487511864,0,0,4.59662041702194,15.991327643667,"PDE1A;PDE7B;PDE8B","KEGG_2019_Mouse","turquoise"
"Endocrine and other factor-regulated calcium reabsorption","2/55",0.030955668405524,0.133728487511864,0,0,7.64227955333077,26.5584434034501,"GNAS;ESR1","KEGG_2019_Mouse","turquoise"
"Glycerolipid metabolism","2/61",0.0374213004237331,0.144539821840129,0,0,6.86302317537184,22.5485670061795,"DGKB;DGKK","KEGG_2019_Mouse","turquoise"
"Long-term depression","2/61",0.0374213004237331,0.144539821840129,0,0,6.86302317537184,22.5485670061795,"GRID2;GNAS","KEGG_2019_Mouse","turquoise"
"Adrenergic signaling in cardiomyocytes","3/148",0.0381645668105914,0.144539821840129,0,0,4.21365090650551,13.7611423922677,"CAMK2A;GNAS;SCN7A","KEGG_2019_Mouse","turquoise"
"Phospholipase D signaling pathway","3/149",0.038811618827442,0.144539821840129,0,0,4.18457844937156,13.5958444486809,"DGKB;GNAS;DGKK","KEGG_2019_Mouse","turquoise"
"Long-term potentiation","2/67",0.0443537761760119,0.153041367988704,0,0,6.2276295133438,19.4025373950964,"RPS6KA6;CAMK2A","KEGG_2019_Mouse","turquoise"
"Cushing syndrome","3/159",0.0455880793261004,0.153041367988704,0,0,3.91435368754956,12.0879509101259,"CAMK2A;GNAS;PDE8B","KEGG_2019_Mouse","turquoise"
"Type I diabetes mellitus","2/69",0.0467626402187707,0.153041367988704,0,0,6.04112092598233,18.5019639390654,"GAD1;GAD2","KEGG_2019_Mouse","turquoise"
"Cortisol synthesis and secretion","2/69",0.0467626402187707,0.153041367988704,0,0,6.04112092598233,18.5019639390654,"GNAS;PDE8B","KEGG_2019_Mouse","turquoise"
"Gastric acid secretion","2/74",0.0529880944930012,0.168315123683651,0,0,5.62018140589569,16.5103396024628,"CAMK2A;GNAS","KEGG_2019_Mouse","turquoise"
"Renin secretion","2/76",0.0555565913641186,0.171431767637852,0,0,5.46773303916161,15.8036792136142,"PDE1A;GNAS","KEGG_2019_Mouse","turquoise"
"MAPK signaling pathway","4/294",0.0600853658811422,0.180256097643427,0,0,2.81752873563218,7.92285970822339,"RPS6KA6;RASGRF1;EFNA5;RASGRP1","KEGG_2019_Mouse","turquoise"
"Calcium signaling pathway","3/189",0.0691342274417198,0.201797204424479,0,0,3.27801795809777,8.75789807945467,"PDE1A;CAMK2A;GNAS","KEGG_2019_Mouse","turquoise"
"GnRH signaling pathway","2/90",0.0746819496854828,0.212253962264004,0,0,4.59461966604824,11.9208181587653,"CAMK2A;GNAS","KEGG_2019_Mouse","turquoise"
"Glycerophospholipid metabolism","2/97",0.0849237360045433,0.229980685760476,0,0,4.25456498388829,10.491764264828,"DGKB;DGKK","KEGG_2019_Mouse","turquoise"
"Phosphatidylinositol signaling system","2/98",0.0864201908419546,0.229980685760476,0,0,4.21003401360544,10.3084111715959,"DGKB;DGKK","KEGG_2019_Mouse","turquoise"
"Choline metabolism in cancer","2/99",0.0879246283814667,0.229980685760476,0,0,4.16642120765832,10.129717084782,"DGKB;DGKK","KEGG_2019_Mouse","turquoise"
"Melanogenesis","2/100",0.0894369333512962,0.229980685760476,0,0,4.12369845897543,9.95552171579456,"CAMK2A;GNAS","KEGG_2019_Mouse","turquoise"
"Aldosterone synthesis and secretion","2/102",0.0924846891098034,0.23228712613625,0,0,4.04081632653061,9.62002061056518,"CAMK2A;GNAS","KEGG_2019_Mouse","turquoise"
"Ras signaling pathway","3/233",0.111521243396595,0.27373396106437,0,0,2.64500224114747,5.80191869874108,"RASGRF1;EFNA5;RASGRP1","KEGG_2019_Mouse","turquoise"
"Oocyte meiosis","2/116",0.114613258295413,0.275071819908992,0,0,3.54206945936269,7.67280178057288,"RPS6KA6;CAMK2A","KEGG_2019_Mouse","turquoise"
"Neurotrophin signaling pathway","2/121",0.122818201919793,0.288355778420384,0,0,3.39238552563883,7.11400223667125,"RPS6KA6;CAMK2A","KEGG_2019_Mouse","turquoise"
"Maturity onset diabetes of the young","1/27",0.126656642302827,0.291040795078836,0,0,7.72105672105672,15.9538300108164,"GCK","KEGG_2019_Mouse","turquoise"
"Platelet activation","2/125",0.129482770614753,0.291336233883194,0,0,3.28140036502406,6.70786307963644,"GNAS;RASGRP1","KEGG_2019_Mouse","turquoise"
"Relaxin signaling pathway","2/131",0.139633215691308,0.29931185556978,0,0,3.12782787533618,6.15786790988172,"GNAS;RXFP2","KEGG_2019_Mouse","turquoise"
"Circadian rhythm","1/30",0.139709563918842,0.29931185556978,0,0,6.92128178335075,13.6223945108193,"RORB","KEGG_2019_Mouse","turquoise"
"Serotonergic synapse","2/132",0.141341709574619,0.29931185556978,0,0,3.10361067503925,6.07244658574773,"GABRB1;GNAS","KEGG_2019_Mouse","turquoise"
"Estrogen signaling pathway","2/134",0.144772261600204,0.300680851015809,0,0,3.05627705627706,5.90654080920543,"GNAS;ESR1","KEGG_2019_Mouse","turquoise"
"Galactose metabolism","1/32",0.148304021933978,0.302204422054144,0,0,6.47409579667644,12.3557529781019,"GCK","KEGG_2019_Mouse","turquoise"
"Starch and sucrose metabolism","1/33",0.152569319997184,0.305138639994368,0,0,6.27146464646465,11.7912078898077,"GCK","KEGG_2019_Mouse","turquoise"
"Oxytocin signaling pathway","2/154",0.179932321463797,0.353321649419819,0,0,2.65145005370569,4.54769949538142,"CAMK2A;GNAS","KEGG_2019_Mouse","turquoise"
"Vasopressin-regulated water reabsorption","1/43",0.19407611900782,0.37428965808651,0,0,4.77585377585378,7.83003533696715,"GNAS","KEGG_2019_Mouse","turquoise"
"Cell adhesion molecules (CAMs)","2/170",0.208900201139448,0.395810907422111,0,0,2.39698736637512,3.75343927524843,"CADM1;LRRC4C","KEGG_2019_Mouse","turquoise"
"Type II diabetes mellitus","1/48",0.214068244088033,0.398609833819096,0,0,4.26670964968837,6.57696403663591,"GCK","KEGG_2019_Mouse","turquoise"
"Amino sugar and nucleotide sugar metabolism","1/49",0.21800735103248,0.399064303584879,0,0,4.17760942760943,6.36344537186664,"GCK","KEGG_2019_Mouse","turquoise"
"N-Glycan biosynthesis","1/50",0.221926911560385,0.399468440808693,0,0,4.09214594928881,6.16034588762116,"MAN1A","KEGG_2019_Mouse","turquoise"
"Transcriptional misregulation in cancer","2/183",0.232775941528175,0.412127896476114,0,0,2.22336227308603,3.24094830013958,"BCL6;BAIAP3","KEGG_2019_Mouse","turquoise"
"Regulation of lipolysis in adipocytes","1/56",0.245039143568043,0.426556356708001,0,0,3.64462809917355,5.12557648253206,"GNAS","KEGG_2019_Mouse","turquoise"
"Ovarian steroidogenesis","1/57",0.248824541413001,0.426556356708001,0,0,3.57936507936508,4.97892289699759,"GNAS","KEGG_2019_Mouse","turquoise"
"Focal adhesion","2/199",0.262374132122319,0.439676943295238,0,0,2.04112711074277,2.73099502551452,"RELN;RASGRF1","KEGG_2019_Mouse","turquoise"
"PI3K-Akt signaling pathway","3/357",0.264678736882378,0.439676943295238,0,0,1.70767080202691,2.26990177895585,"RELN;EFNA5;PRLR","KEGG_2019_Mouse","turquoise"
"Proteoglycans in cancer","2/203",0.269787257396922,0.439676943295238,0,0,2.00010153315057,2.62037615304045,"CAMK2A;ESR1","KEGG_2019_Mouse","turquoise"
"Central carbon metabolism in cancer","1/64",0.274801310842782,0.439676943295238,0,0,3.18053551386885,4.10831982313615,"GCK","KEGG_2019_Mouse","turquoise"
"Pathways in cancer","4/535",0.279216084695689,0.439676943295238,0,0,1.51985247959824,1.93898113371417,"CAMK2A;GNAS;RASGRP1;ESR1","KEGG_2019_Mouse","turquoise"
"Rap1 signaling pathway","2/209",0.280904713771957,0.439676943295238,0,0,1.94153603470374,2.46524550660258,"GNAS;EFNA5","KEGG_2019_Mouse","turquoise"
"Glycolysis / Gluconeogenesis","1/67",0.285660089808726,0.440732709990606,0,0,3.03550658096113,3.80334608196671,"GCK","KEGG_2019_Mouse","turquoise"
"Bile secretion","1/72",0.303401461859655,0.460345549667825,0,0,2.82102717313985,3.36463457832852,"GNAS","KEGG_2019_Mouse","turquoise"
"Thyroid hormone synthesis","1/73",0.306897033111884,0.460345549667825,0,0,2.78170594837262,3.28587063696556,"GNAS","KEGG_2019_Mouse","turquoise"
"Glioma","1/75",0.313836161648445,0.464305554219618,0,0,2.70625170625171,3.13623236372496,"CAMK2A","KEGG_2019_Mouse","turquoise"
"Thermogenesis","2/231",0.321506425753241,0.466727175979074,0,0,1.75305231262811,1.98925463460844,"RPS6KA6;GNAS","KEGG_2019_Mouse","turquoise"
"Salivary secretion","1/78",0.324116094429913,0.466727175979074,0,0,2.60041978223796,2.92977207832515,"GNAS","KEGG_2019_Mouse","turquoise"
"ECM-receptor interaction","1/83",0.340911546721369,0.482803082920735,0,0,2.44124168514412,2.62709885646942,"RELN","KEGG_2019_Mouse","turquoise"
"ErbB signaling pathway","1/84",0.344220716526821,0.482803082920735,0,0,2.41170743580382,2.57201895784243,"CAMK2A","KEGG_2019_Mouse","turquoise"
"Gap junction","1/86",0.350789788685405,0.485708938179791,0,0,2.35472370766488,2.46673350535558,"GNAS","KEGG_2019_Mouse","turquoise"
"Dilated cardiomyopathy (DCM)","1/90",0.363733115678147,0.491039706165499,0,0,2.24843945068664,2.27392523969427,"GNAS","KEGG_2019_Mouse","turquoise"
"Progesterone-mediated oocyte maturation","1/90",0.363733115678147,0.491039706165499,0,0,2.24843945068664,2.27392523969427,"RPS6KA6","KEGG_2019_Mouse","turquoise"
"T cell receptor signaling pathway","1/101",0.398024694482133,0.522357434607253,0,0,2,1.84248245836996,"RASGRP1","KEGG_2019_Mouse","turquoise"
"Chagas disease (American trypanosomiasis)","1/103",0.404059939073185,0.522357434607253,0,0,1.9605862547039,1.77666767339805,"GNAS","KEGG_2019_Mouse","turquoise"
"HIF-1 signaling pathway","1/104",0.407055058636552,0.522357434607253,0,0,1.94145336863783,1.74499153520703,"CAMK2A","KEGG_2019_Mouse","turquoise"
"Pancreatic secretion","1/105",0.410035274847405,0.522357434607253,0,0,1.92268842268842,1.71409996792236,"GNAS","KEGG_2019_Mouse","turquoise"
"Amoebiasis","1/106",0.413000661133786,0.522357434607253,0,0,1.9042809042809,1.68396719161278,"GNAS","KEGG_2019_Mouse","turquoise"
"Parathyroid hormone synthesis, secretion and action","1/107",0.41595129052059,0.522357434607253,0,0,1.88622069754145,1.65456849319568,"GNAS","KEGG_2019_Mouse","turquoise"
"Insulin resistance","1/110",0.424715362613925,0.527232863934528,0,0,1.83402835696414,1.57054463447437,"RPS6KA6","KEGG_2019_Mouse","turquoise"
"Cholinergic synapse","1/113",0.433349218837219,0.531837677663859,0,0,1.78463203463203,1.4923295915181,"CAMK2A","KEGG_2019_Mouse","turquoise"
"Thyroid hormone signaling pathway","1/115",0.439033727758999,0.532760029190696,0,0,1.7531454899876,1.44315262186649,"ESR1","KEGG_2019_Mouse","turquoise"
"Osteoclast differentiation","1/128",0.474631333638161,0.569557600365793,0,0,1.57265569076593,1.17196962381658,"CALCR","KEGG_2019_Mouse","turquoise"
"FoxO signaling pathway","1/132",0.485127594032975,0.575755825885289,0,0,1.52432724188449,1.1026119616962,"BCL6","KEGG_2019_Mouse","turquoise"
"Insulin signaling pathway","1/139",0.502998845735877,0.587033694860904,0,0,1.44649392475479,0.993983474661611,"GCK","KEGG_2019_Mouse","turquoise"
"Vascular smooth muscle contraction","1/140",0.505501237241334,0.587033694860904,0,0,1.43601482450403,0.979656196045578,"GNAS","KEGG_2019_Mouse","turquoise"
"Breast cancer","1/147",0.522672127159014,0.600516912055037,0,0,1.36668050366681,0.886703567337748,"ESR1","KEGG_2019_Mouse","turquoise"
"mTOR signaling pathway","1/154",0.539252532966754,0.607402348060005,0,0,1.30369049976893,0.805121832204194,"RPS6KA6","KEGG_2019_Mouse","turquoise"
"Human papillomavirus infection","2/360",0.53991319827556,0.607402348060005,0,0,1.11401208528104,0.686617891179883,"RELN;GNAS","KEGG_2019_Mouse","turquoise"
"Wnt signaling pathway","1/160",0.553009592723917,0.613040985867371,0,0,1.25411346166063,0.742911645774827,"CAMK2A","KEGG_2019_Mouse","turquoise"
"Protein processing in endoplasmic reticulum","1/163",0.559734829149778,0.613040985867371,0,0,1.23070208255393,0.714166728910465,"MAN1A","KEGG_2019_Mouse","turquoise"
"JAK-STAT signaling pathway","1/164",0.56195423704509,0.613040985867371,0,0,1.22308979364194,0.7049092863918,"PRLR","KEGG_2019_Mouse","turquoise"
"cGMP-PKG signaling pathway","1/172",0.579315294925896,0.625660518519967,0,0,1.16539665662473,0.636199822786287,"CNGB1","KEGG_2019_Mouse","turquoise"
"Necroptosis","1/176",0.587738595192884,0.626704318292564,0,0,1.13852813852814,0.60509696073503,"CAMK2A","KEGG_2019_Mouse","turquoise"
"Tuberculosis","1/178",0.591887411720754,0.626704318292564,0,0,1.12554927809165,0.590281763493508,"CAMK2A","KEGG_2019_Mouse","turquoise"
"Huntington disease","1/192",0.619794203522166,0.649881300780523,0,0,1.04230789571104,0.498606520241977,"HAP1","KEGG_2019_Mouse","turquoise"
"Alcoholism","1/199",0.633030530285215,0.657377858373108,0,0,1.00510152025304,0.459569228815331,"GNAS","KEGG_2019_Mouse","turquoise"
"Human T-cell leukemia virus 1 infection","1/245",0.709351740244625,0.729618932823043,0,0,0.81371087928465,0.279431381953944,"NRP1","KEGG_2019_Mouse","turquoise"
"Human cytomegalovirus infection","1/255",0.723736859618685,0.73739227206432,0,0,0.781277340332458,0.252608375993645,"GNAS","KEGG_2019_Mouse","turquoise"
"Cytokine-cytokine receptor interaction","1/292",0.771092573236891,0.778299045883965,0,0,0.680655350758444,0.176934209993707,"PRLR","KEGG_2019_Mouse","turquoise"
"Olfactory transduction","3/1133",0.927590228598292,0.927590228598292,0,0,0.513730499042058,0.0386146596749039,"PDE1A;CAMK2A;CNGB1","KEGG_2019_Mouse","turquoise"
"Lamellipodium Assembly (GO:0030032)","3/25",0.000257514521493891,0.0898851257891326,0,0,27.9447047797563,230.947180745545,"CARMIL1;CDH13;ARHGEF6","GO_Biological_Process_2023","red"
"Lamellipodium Organization (GO:0097581)","3/30",0.00044640250260442,0.0898851257891326,0,0,22.7640320733104,175.608334527758,"CARMIL1;CDH13;ARHGEF6","GO_Biological_Process_2023","red"
"Cellular Response To Nitric Oxide (GO:0071732)","2/7",0.00051133277923463,0.0898851257891326,0,0,81.2040816326531,615.404316417306,"GUCY1B1;KCNC2","GO_Biological_Process_2023","red"
"Cellular Response To Reactive Nitrogen Species (GO:1902170)","2/7",0.00051133277923463,0.0898851257891326,0,0,81.2040816326531,615.404316417306,"GUCY1B1;KCNC2","GO_Biological_Process_2023","red"
"Regulation Of Axon Extension (GO:0030516)","3/35",0.000706715904482267,0.0898851257891326,0,0,19.2023195876289,139.310558994682,"RTN4R;LIMK1;MAPT","GO_Biological_Process_2023","red"
"Ras Protein Signal Transduction (GO:0007265)","5/144",0.00078502640815567,0.0898851257891326,0,0,7.48239303294207,53.4975628250484,"ARHGEF11;LIMK1;ELMO1;CDH13;KRAS","GO_Biological_Process_2023","red"
"Negative Regulation Of Endothelial Cell Migration (GO:0010596)","3/37",0.000832937363224714,0.0898851257891326,0,0,18.0709520921771,128.133027538084,"ATP2B4;PTPRM;THBS1","GO_Biological_Process_2023","red"
"Positive Regulation Of Axonogenesis (GO:0050772)","3/38",0.000901065662717809,0.0898851257891326,0,0,17.5537555228277,123.085747538255,"SLITRK1;LIMK1;MAPT","GO_Biological_Process_2023","red"
"Response To Nitric Oxide (GO:0071731)","2/11",0.0013218400851343,0.0898851257891326,0,0,45.1043083900227,298.984305122014,"GUCY1B1;KCNC2","GO_Biological_Process_2023","red"
"Positive Regulation Of Coagulation (GO:0050820)","2/11",0.0013218400851343,0.0898851257891326,0,0,45.1043083900227,298.984305122014,"ST3GAL4;THBS1","GO_Biological_Process_2023","red"
"Positive Regulation Of Hemostasis (GO:1900048)","2/11",0.0013218400851343,0.0898851257891326,0,0,45.1043083900227,298.984305122014,"ST3GAL4;THBS1","GO_Biological_Process_2023","red"
"Negative Regulation Of calcineurin-NFAT Signaling Cascade (GO:0070885)","2/11",0.0013218400851343,0.0898851257891326,0,0,45.1043083900227,298.984305122014,"RCAN1;ATP2B4","GO_Biological_Process_2023","red"
"Negative Regulation Of Calcineurin-Mediated Signaling (GO:0106057)","2/11",0.0013218400851343,0.0898851257891326,0,0,45.1043083900227,298.984305122014,"RCAN1;ATP2B4","GO_Biological_Process_2023","red"
"Synaptic Membrane Adhesion (GO:0099560)","2/12",0.00158104510229119,0.0998317050303865,0,0,40.5918367346939,261.803918893847,"PTPRD;SLITRK1","GO_Biological_Process_2023","red"
"Cell-Cell Adhesion Via Plasma-Membrane Adhesion Molecules (GO:0098742)","5/172",0.00173008335333249,0.101959578956395,0,0,6.21903561298456,39.5504898931464,"CDH6;PTPRD;SLITRK1;PTPRM;CDH13","GO_Biological_Process_2023","red"
"Response To Nerve Growth Factor (GO:1990089)","2/13",0.00186242805035638,0.10289914978219,0,0,36.899814471243,231.947593213754,"KIDINS220;MAPT","GO_Biological_Process_2023","red"
"Positive Regulation Of Developmental Growth (GO:0048639)","3/50",0.00200467613787586,0.104243159169545,0,0,13.0640491335819,81.1574365484459,"CPNE6;LIMK1;MAPT","GO_Biological_Process_2023","red"
"Rho Protein Signal Transduction (GO:0007266)","3/52",0.0022441220665619,0.110211328157818,0,0,12.5295602777193,76.423312366036,"ARHGEF11;LIMK1;CDH13","GO_Biological_Process_2023","red"
"Regulation Of Blood Vessel Endothelial Cell Migration (GO:0043535)","3/54",0.002500594818504,0.113338996018868,0,0,12.0369921164342,72.1163479298262,"ATP2B4;THBS1;FGFR1","GO_Biological_Process_2023","red"
"Purine Ribonucleotide Biosynthetic Process (GO:0009152)","3/55",0.0026353413771885,0.113338996018868,0,0,11.8049167327518,70.1063613055492,"GUCY1B1;ATIC;SLC25A13","GO_Biological_Process_2023","red"
"Positive Regulation Of Cell Projection Organization (GO:0031346)","4/118",0.00292063617209589,0.113338996018868,0,0,7.23172514619883,42.2040139869092,"PTPRD;CARMIL1;SLITRK1;KIDINS220","GO_Biological_Process_2023","red"
"Rac Protein Signal Transduction (GO:0016601)","2/17",0.00320528834894988,0.113338996018868,0,0,27.0544217687075,155.372278725068,"ELMO1;CDH13","GO_Biological_Process_2023","red"
"cGMP-mediated Signaling (GO:0019934)","2/17",0.00320528834894988,0.113338996018868,0,0,27.0544217687075,155.372278725068,"GUCY1B1;KCNC2","GO_Biological_Process_2023","red"
"Positive Regulation Of Heart Rate (GO:0010460)","2/17",0.00320528834894988,0.113338996018868,0,0,27.0544217687075,155.372278725068,"KCNQ1;TRPM4","GO_Biological_Process_2023","red"
"ncRNA Metabolic Process (GO:0034660)","2/17",0.00320528834894988,0.113338996018868,0,0,27.0544217687075,155.372278725068,"TRIM71;MAPT","GO_Biological_Process_2023","red"
"Nitric Oxide Mediated Signal Transduction (GO:0007263)","2/18",0.00359423711737408,0.117677985620692,0,0,25.3622448979592,142.749455625051,"GUCY1B1;KCNC2","GO_Biological_Process_2023","red"
"Cellular Response To Inorganic Substance (GO:0071241)","2/18",0.00359423711737408,0.117677985620692,0,0,25.3622448979592,142.749455625051,"GUCY1B1;KCNC2","GO_Biological_Process_2023","red"
"Cellular Response To Catecholamine Stimulus (GO:0071870)","2/19",0.00400404563880334,0.118381597181729,0,0,23.8691476590636,131.768436654952,"KCNQ1;ATP2B4","GO_Biological_Process_2023","red"
"Positive Regulation Of Axon Extension (GO:0045773)","2/19",0.00400404563880334,0.118381597181729,0,0,23.8691476590636,131.768436654952,"LIMK1;MAPT","GO_Biological_Process_2023","red"
"Response To Metal Ion (GO:0010038)","3/64",0.00405172498955602,0.118381597181729,0,0,10.0586445834038,55.4091759409798,"MAPT;THBS1;SLC25A13","GO_Biological_Process_2023","red"
"Synapse Organization (GO:0050808)","4/131",0.00424502160436393,0.118381597181729,0,0,6.48720472440945,35.4331665017492,"PTPRD;CACNB4;SLITRK1;MAPT","GO_Biological_Process_2023","red"
"Cellular Response To Oxygen-Containing Compound (GO:1901701)","7/406",0.00428530668531145,0.118381597181729,0,0,3.6787398604037,20.0585614294484,"GUCY1B1;KCNC2;KCNQ1;ABCB4;CPNE6;ATP2B4;MAPT","GO_Biological_Process_2023","red"
"Cellular Response To Nerve Growth Factor Stimulus (GO:1990090)","2/21",0.00488538725831669,0.122885845802859,0,0,21.3544575725027,113.63788950908,"KIDINS220;MAPT","GO_Biological_Process_2023","red"
"Positive Regulation Of Blood Coagulation (GO:0030194)","2/21",0.00488538725831669,0.122885845802859,0,0,21.3544575725027,113.63788950908,"ST3GAL4;THBS1","GO_Biological_Process_2023","red"
"Positive Regulation Of Heart Contraction (GO:0045823)","2/21",0.00488538725831669,0.122885845802859,0,0,21.3544575725027,113.63788950908,"KCNQ1;TRPM4","GO_Biological_Process_2023","red"
"Regulation Of Heart Contraction (GO:0008016)","3/69",0.00500440096029744,0.122885845802859,0,0,9.29428303655108,49.2358840662501,"TH;KCNQ1;ATP2B4","GO_Biological_Process_2023","red"
"Second-Messenger-Mediated Signaling (GO:0019932)","3/72",0.00563543249072426,0.134641143832439,0,0,8.88883908561183,46.0324654948436,"RCAN1;GUCY1B1;TRPM4","GO_Biological_Process_2023","red"
"Nervous System Development (GO:0007399)","7/433",0.00605307121182038,0.140813551348664,0,0,3.44080973294967,17.5728673307642,"TRIM71;IGSF8;SLITRK1;SCN8A;FUT10;LIMK1;NAV1","GO_Biological_Process_2023","red"
"Negative Regulation Of Blood Vessel Morphogenesis (GO:2000181)","3/77",0.0067890554235684,0.15388525626755,0,0,8.28615213151296,41.3681460172482,"ATP2B4;PTPRM;THBS1","GO_Biological_Process_2023","red"
"Regulation Of Cellular Component Organization (GO:0051128)","4/153",0.00731752227048298,0.15877636793977,0,0,5.52321029082774,27.160295449794,"ARHGEF11;PRDM5;PACSIN2;CDH13","GO_Biological_Process_2023","red"
"Cell-Cell Adhesion Mediated By Cadherin (GO:0044331)","2/26",0.0074389947886241,0.15877636793977,0,0,16.9013605442177,82.8338984204336,"CDH6;CDH13","GO_Biological_Process_2023","red"
"Calcium Ion Transmembrane Transport (GO:0070588)","3/80",0.00754367358989859,0.15877636793977,0,0,7.96211005489356,38.9111981120306,"TRPC6;ATP2B4;TRPM4","GO_Biological_Process_2023","red"
"Peptide Cross-Linking (GO:0018149)","2/27",0.00800810651058956,0.164631771054911,0,0,16.2244897959184,78.3204947866311,"THBS1;FGFR1","GO_Biological_Process_2023","red"
"Negative Regulation Of Angiogenesis (GO:0016525)","3/86",0.00919670427931818,0.177740987405664,0,0,7.38430008694572,34.6243191824314,"ATP2B4;PTPRM;THBS1","GO_Biological_Process_2023","red"
"Regulation Of Blood Coagulation (GO:0030193)","2/29",0.00920309747511436,0.177740987405664,0,0,15.021164021164,70.4224490277819,"ST3GAL4;THBS1","GO_Biological_Process_2023","red"
"Protein Modification Process (GO:0036211)","9/711",0.00924896540798704,0.177740987405664,0,0,2.7047055508594,12.6667949109054,"PTPRD;MANBA;FUT10;LIMK2;LIMK1;ST3GAL4;PTPRM;THBS1;FGFR1","GO_Biological_Process_2023","red"
"Phagocytosis, Engulfment (GO:0006911)","2/30",0.00982857782071015,0.181009641531412,0,0,14.4839650145773,66.9515638793864,"ELMO1;THBS1","GO_Biological_Process_2023","red"
"Regulation Of Calcium-Mediated Signaling (GO:0050848)","2/30",0.00982857782071015,0.181009641531412,0,0,14.4839650145773,66.9515638793864,"CDH13;MAPT","GO_Biological_Process_2023","red"
"Regulation Of Vesicle-Mediated Transport (GO:0060627)","3/89",0.0100963507773187,0.182146409941832,0,0,7.1256293454807,32.7464084691722,"MBTPS1;PACSIN2;CDH13","GO_Biological_Process_2023","red"
"Generation Of Neurons (GO:0048699)","4/172",0.0109278197077072,0.184350541974824,0,0,4.89384920634921,22.1027933131365,"PTPRD;NAV1;MAPT;FGFR1","GO_Biological_Process_2023","red"
"Positive Regulation Of Synapse Assembly (GO:0051965)","2/32",0.0111345221222249,0.184350541974824,0,0,13.5170068027211,60.795507674817,"PTPRD;SLITRK1","GO_Biological_Process_2023","red"
"Regulation Of Endothelial Cell Proliferation (GO:0001936)","3/93",0.0113729262286274,0.184350541974824,0,0,6.80756013745704,30.4741766581,"PTPRM;CDH13;THBS1","GO_Biological_Process_2023","red"
"Negative Regulation Of Epithelial Cell Migration (GO:0010633)","2/33",0.0118145960439168,0.184350541974824,0,0,13.0803159973667,58.0559303610333,"PTPRM;THBS1","GO_Biological_Process_2023","red"
"Protein K63-linked Deubiquitination (GO:0070536)","2/33",0.0118145960439168,0.184350541974824,0,0,13.0803159973667,58.0559303610333,"BARD1;OTUD7A","GO_Biological_Process_2023","red"
"Negative Regulation Of Blood Vessel Endothelial Cell Migration (GO:0043537)","2/33",0.0118145960439168,0.184350541974824,0,0,13.0803159973667,58.0559303610333,"ATP2B4;THBS1","GO_Biological_Process_2023","red"
"Cell Junction Assembly (GO:0034329)","3/95",0.0120445443435542,0.184350541974824,0,0,6.65889735544599,29.4266227866329,"CDH6;SLITRK1;CDH13","GO_Biological_Process_2023","red"
"Plasma Membrane Bounded Cell Projection Assembly (GO:0120031)","5/275",0.0123731217709753,0.184350541974824,0,0,3.82651072124756,16.8069104331538,"SPAG16;CARMIL1;CDH13;TTC39C;ARHGEF6","GO_Biological_Process_2023","red"
"Positive Regulation Of Supramolecular Fiber Organization (GO:1902905)","3/96",0.0123887403730049,0.184350541974824,0,0,6.58696375124709,28.9231421305268,"CARMIL1;LIMK1;MAPT","GO_Biological_Process_2023","red"
"Regulation Of Blood Circulation (GO:1903522)","2/34",0.0125124802245356,0.184350541974824,0,0,12.6709183673469,55.5116572102178,"TH;KCNQ1","GO_Biological_Process_2023","red"
"Regulation Of calcineurin-NFAT Signaling Cascade (GO:0070884)","2/34",0.0125124802245356,0.184350541974824,0,0,12.6709183673469,55.5116572102178,"RCAN1;ATP2B4","GO_Biological_Process_2023","red"
"Adherens Junction Organization (GO:0034332)","2/35",0.0132279832722483,0.188605438913993,0,0,12.2863327149041,53.1435584472206,"CDH6;CDH13","GO_Biological_Process_2023","red"
"Macrophage Activation (GO:0042116)","2/35",0.0132279832722483,0.188605438913993,0,0,12.2863327149041,53.1435584472206,"DYSF;MAPT","GO_Biological_Process_2023","red"
"Monoatomic Cation Transmembrane Transport (GO:0098655)","5/281",0.0134771175202391,0.18910749028399,0,0,3.74218154080854,16.1166853699717,"TRPC6;KCNC2;KCNQ1;ATP2B4;TRPM4","GO_Biological_Process_2023","red"
"Inorganic Cation Transmembrane Transport (GO:0098662)","5/284",0.0140533199676593,0.191195413435475,0,0,3.70137709866063,15.7859906570118,"TRPC6;KCNC2;KCNQ1;ATP2B4;TRPM4","GO_Biological_Process_2023","red"
"Negative Regulation Of Endothelial Cell Proliferation (GO:0001937)","2/37",0.0147110875878219,0.191195413435475,0,0,11.5830903790087,48.8708399253876,"PTPRM;THBS1","GO_Biological_Process_2023","red"
"Negative Regulation Of Transferase Activity (GO:0051348)","2/37",0.0147110875878219,0.191195413435475,0,0,11.5830903790087,48.8708399253876,"LIMK1;MAPT","GO_Biological_Process_2023","red"
"Inorganic Cation Import Across Plasma Membrane (GO:0098659)","3/103",0.0149559054974685,0.191195413435475,0,0,6.12371134020619,25.7358095887729,"SCN8A;ATP2B4;TRPM4","GO_Biological_Process_2023","red"
"Calcium-Dependent Cell-Cell Adhesion Via Plasma Membrane Cell Adhesion Molecules (GO:0016339)","2/38",0.0154783132235365,0.191195413435475,0,0,11.2607709750567,46.9384448645158,"CDH6;CDH13","GO_Biological_Process_2023","red"
"Response To Calcium Ion (GO:0051592)","3/106",0.0161412670571554,0.191195413435475,0,0,5.9444500050045,24.5290365178238,"CPNE6;THBS1;SLC25A13","GO_Biological_Process_2023","red"
"Positive Regulation Of Cell Growth (GO:0030307)","3/106",0.0161412670571554,0.191195413435475,0,0,5.9444500050045,24.5290365178238,"CPNE6;LIMK1;MAPT","GO_Biological_Process_2023","red"
"Organelle Transport Along Microtubule (GO:0072384)","2/39",0.0162624064321538,0.191195413435475,0,0,10.9558742415885,45.1261415257865,"MAPT;DYNC1I1","GO_Biological_Process_2023","red"
"Fibroblast Growth Factor Receptor Signaling Pathway (GO:0008543)","2/39",0.0162624064321538,0.191195413435475,0,0,10.9558742415885,45.1261415257865,"TRIM71;FGFR1","GO_Biological_Process_2023","red"
"Regulation Of Cytosolic Calcium Ion Concentration (GO:0051480)","2/40",0.0170631829128301,0.191195413435475,0,0,10.6670247046187,43.4236674606069,"TRPC6;ATP2B4","GO_Biological_Process_2023","red"
"L-alpha-amino Acid Transmembrane Transport (GO:1902475)","2/40",0.0170631829128301,0.191195413435475,0,0,10.6670247046187,43.4236674606069,"SLC38A1;SLC25A13","GO_Biological_Process_2023","red"
"Cellular Response To Heat (GO:0034605)","2/40",0.0170631829128301,0.191195413435475,0,0,10.6670247046187,43.4236674606069,"MAPT;THBS1","GO_Biological_Process_2023","red"
"Positive Regulation Of Wound Healing (GO:0090303)","2/40",0.0170631829128301,0.191195413435475,0,0,10.6670247046187,43.4236674606069,"ST3GAL4;THBS1","GO_Biological_Process_2023","red"
"Regulation Of Heart Rate By Cardiac Conduction (GO:0086091)","2/41",0.0178804597481127,0.191195413435475,0,0,10.3929879644165,41.8218699251635,"KCNQ1;TRPM4","GO_Biological_Process_2023","red"
"Calcium Ion Transport (GO:0006816)","3/112",0.0186665018739365,0.191195413435475,0,0,5.6155301239005,22.3555641556835,"TRPC6;ATP2B4;TRPM4","GO_Biological_Process_2023","red"
"Amino Acid Transmembrane Transport (GO:0003333)","2/42",0.0187140554000923,0.191195413435475,0,0,10.1326530612245,40.3125617234172,"SLC38A1;SLC25A13","GO_Biological_Process_2023","red"
"Positive Regulation Of Stress Fiber Assembly (GO:0051496)","2/43",0.0195637897091909,0.191195413435475,0,0,9.88501742160279,38.888398778374,"CARMIL1;LIMK1","GO_Biological_Process_2023","red"
"Positive Regulation Of Chemotaxis (GO:0050921)","2/44",0.0204294838615153,0.191195413435475,0,0,9.6491739552964,37.5427757402553,"CDH13;THBS1","GO_Biological_Process_2023","red"
"Positive Regulation Of Protein Serine/Threonine Kinase Activity (GO:0071902)","3/117",0.0209289640116766,0.191195413435475,0,0,5.36787845903418,20.7555528715947,"ATP2B4;THBS1;FGFR1","GO_Biological_Process_2023","red"
"Cardiac Conduction (GO:0061337)","2/46",0.0222080432575084,0.191195413435475,0,0,9.20964749536178,35.0638977870873,"KCNQ1;TRPM4","GO_Biological_Process_2023","red"
"Positive Regulation Of Blood Vessel Endothelial Cell Migration (GO:0043536)","2/46",0.0222080432575084,0.191195413435475,0,0,9.20964749536178,35.0638977870873,"THBS1;FGFR1","GO_Biological_Process_2023","red"
"Positive Regulation Of Smooth Muscle Cell Proliferation (GO:0048661)","2/47",0.0231205576171507,0.191195413435475,0,0,9.00453514739229,33.920382104137,"CDH13;THBS1","GO_Biological_Process_2023","red"
"Modulation Of Chemical Synaptic Transmission (GO:0050804)","3/123",0.0238342004694833,0.191195413435475,0,0,5.0979381443299,19.0491276504594,"SLC38A1;DYSF;DLGAP2","GO_Biological_Process_2023","red"
"Oligosaccharide Metabolic Process (GO:0009311)","2/48",0.0240483300532172,0.191195413435475,0,0,8.80834072759539,32.8347611919466,"MANBA;ST3GAL4","GO_Biological_Process_2023","red"
"Cytoplasmic Microtubule Organization (GO:0031122)","2/48",0.0240483300532172,0.191195413435475,0,0,8.80834072759539,32.8347611919466,"LIMK2;MAPT","GO_Biological_Process_2023","red"
"Positive Regulation Of Reactive Oxygen Species Metabolic Process (GO:2000379)","2/48",0.0240483300532172,0.191195413435475,0,0,8.80834072759539,32.8347611919466,"MAPT;THBS1","GO_Biological_Process_2023","red"
"Regulation Of Long-Chain Fatty Acid Import Across Plasma Membrane (GO:0010746)","1/5",0.0247535287182936,0.191195413435475,0,0,50.2424242424242,185.836036973753,"THBS1","GO_Biological_Process_2023","red"
"Regulation Of Nitric Oxide Mediated Signal Transduction (GO:0010749)","1/5",0.0247535287182936,0.191195413435475,0,0,50.2424242424242,185.836036973753,"THBS1","GO_Biological_Process_2023","red"
"Axo-Dendritic Transport (GO:0008088)","1/5",0.0247535287182936,0.191195413435475,0,0,50.2424242424242,185.836036973753,"MAPT","GO_Biological_Process_2023","red"
"Regulation Of Peptidyl-Cysteine S-nitrosylation (GO:2000169)","1/5",0.0247535287182936,0.191195413435475,0,0,50.2424242424242,185.836036973753,"ATP2B4","GO_Biological_Process_2023","red"
"Regulation Of Post-Transcriptional Gene Silencing By RNA (GO:1900368)","1/5",0.0247535287182936,0.191195413435475,0,0,50.2424242424242,185.836036973753,"TRIM71","GO_Biological_Process_2023","red"
"Plasma Membrane Raft Assembly (GO:0044854)","1/5",0.0247535287182936,0.191195413435475,0,0,50.2424242424242,185.836036973753,"PACSIN2","GO_Biological_Process_2023","red"
"Plus-End-Directed Organelle Transport Along Microtubule (GO:0072386)","1/5",0.0247535287182936,0.191195413435475,0,0,50.2424242424242,185.836036973753,"MAPT","GO_Biological_Process_2023","red"
"Retinal Ganglion Cell Axon Guidance (GO:0031290)","1/5",0.0247535287182936,0.191195413435475,0,0,50.2424242424242,185.836036973753,"PTPRM","GO_Biological_Process_2023","red"
"Positive Regulation Of Extrinsic Apoptotic Signaling Pathway Via Death Domain Receptors (GO:1902043)","1/5",0.0247535287182936,0.191195413435475,0,0,50.2424242424242,185.836036973753,"THBS1","GO_Biological_Process_2023","red"
"Gamma-Aminobutyric Acid Metabolic Process (GO:0009448)","1/5",0.0247535287182936,0.191195413435475,0,0,50.2424242424242,185.836036973753,"SLC38A1","GO_Biological_Process_2023","red"
"Positive Regulation Of Monoatomic Ion Transmembrane Transport (GO:0034767)","1/5",0.0247535287182936,0.191195413435475,0,0,50.2424242424242,185.836036973753,"TRPC6","GO_Biological_Process_2023","red"
"Transmembrane Receptor Protein Tyrosine Phosphatase Signaling Pathway (GO:0007185)","1/5",0.0247535287182936,0.191195413435475,0,0,50.2424242424242,185.836036973753,"PTPRD","GO_Biological_Process_2023","red"
"Inclusion Body Assembly (GO:0070841)","1/5",0.0247535287182936,0.191195413435475,0,0,50.2424242424242,185.836036973753,"MAPT","GO_Biological_Process_2023","red"
"Positive Regulation Of Sterol Transport (GO:0032373)","1/5",0.0247535287182936,0.191195413435475,0,0,50.2424242424242,185.836036973753,"ABCB4","GO_Biological_Process_2023","red"
"Protein C-linked Glycosylation Via 2'-alpha-mannosyl-L-tryptophan (GO:0018406)","1/5",0.0247535287182936,0.191195413435475,0,0,50.2424242424242,185.836036973753,"DPY19L1","GO_Biological_Process_2023","red"
"Protein C-linked Glycosylation Via Tryptophan (GO:0018317)","1/5",0.0247535287182936,0.191195413435475,0,0,50.2424242424242,185.836036973753,"DPY19L1","GO_Biological_Process_2023","red"
"Protein Repair (GO:0030091)","1/5",0.0247535287182936,0.191195413435475,0,0,50.2424242424242,185.836036973753,"MSRB2","GO_Biological_Process_2023","red"
"Negative Regulation Of Axon Regeneration (GO:0048681)","1/5",0.0247535287182936,0.191195413435475,0,0,50.2424242424242,185.836036973753,"RTN4R","GO_Biological_Process_2023","red"
"Regulation Of cGMP-mediated Signaling (GO:0010752)","1/5",0.0247535287182936,0.191195413435475,0,0,50.2424242424242,185.836036973753,"THBS1","GO_Biological_Process_2023","red"
"Positive Regulation Of Nervous System Development (GO:0051962)","2/49",0.0249911884332231,0.191195413435475,0,0,8.62049500651324,31.8030058521021,"PTPRD;SLITRK1","GO_Biological_Process_2023","red"
"Regulation Of Synapse Assembly (GO:0051963)","2/51",0.0269214810715392,0.191195413435475,0,0,8.26780508121616,29.8867161104048,"PTPRD;SLITRK1","GO_Biological_Process_2023","red"
"Positive Regulation Of Actin Filament Bundle Assembly (GO:0032233)","2/51",0.0269214810715392,0.191195413435475,0,0,8.26780508121616,29.8867161104048,"CARMIL1;LIMK1","GO_Biological_Process_2023","red"
"Microtubule Bundle Formation (GO:0001578)","2/51",0.0269214810715392,0.191195413435475,0,0,8.26780508121616,29.8867161104048,"SPAG16;NAV1","GO_Biological_Process_2023","red"
"Cell Cycle G1/S Phase Transition (GO:0044843)","2/52",0.0279085775805054,0.191195413435475,0,0,8.10204081632653,28.9957554144004,"TRIM71;CDKN3","GO_Biological_Process_2023","red"
"Sprouting Angiogenesis (GO:0002040)","2/52",0.0279085775805054,0.191195413435475,0,0,8.10204081632653,28.9957554144004,"CDH13;THBS1","GO_Biological_Process_2023","red"
"Plasma Membrane Bounded Cell Projection Organization (GO:0120036)","3/132",0.0285811776295865,0.191195413435475,0,0,4.74011028530328,16.8511247836,"CARMIL1;PTPRM;MAPT","GO_Biological_Process_2023","red"
"Positive Regulation Of Phosphorylation (GO:0042327)","4/231",0.0287625330650177,0.191195413435475,0,0,3.61104992657856,12.8144666984696,"LIMK2;KRAS;THBS1;FGFR1","GO_Biological_Process_2023","red"
"Glycoprotein Metabolic Process (GO:0009100)","2/53",0.0289100845392209,0.191195413435475,0,0,7.94277711084434,28.1457453742055,"MANBA;ST3GAL4","GO_Biological_Process_2023","red"
"'De Novo' AMP Biosynthetic Process (GO:0044208)","1/6",0.0296309633944118,0.191195413435475,0,0,40.1919191919192,141.432767389918,"ATIC","GO_Biological_Process_2023","red"
"ATF6-mediated Unfolded Protein Response (GO:0036500)","1/6",0.0296309633944118,0.191195413435475,0,0,40.1919191919192,141.432767389918,"MBTPS1","GO_Biological_Process_2023","red"
"AV Node Cell Action Potential (GO:0086016)","1/6",0.0296309633944118,0.191195413435475,0,0,40.1919191919192,141.432767389918,"TRPM4","GO_Biological_Process_2023","red"
"Negative Regulation Of Establishment Of Protein Localization To Mitochondrion (GO:1903748)","1/6",0.0296309633944118,0.191195413435475,0,0,40.1919191919192,141.432767389918,"MAPT","GO_Biological_Process_2023","red"
"Regulation Of Cortisol Biosynthetic Process (GO:2000064)","1/6",0.0296309633944118,0.191195413435475,0,0,40.1919191919192,141.432767389918,"DKK3","GO_Biological_Process_2023","red"
"Regulation Of Digestive System Process (GO:0044058)","1/6",0.0296309633944118,0.191195413435475,0,0,40.1919191919192,141.432767389918,"KCNQ1","GO_Biological_Process_2023","red"
"Regulation Of Endothelial Cell Chemotaxis To Fibroblast Growth Factor (GO:2000544)","1/6",0.0296309633944118,0.191195413435475,0,0,40.1919191919192,141.432767389918,"FGFR1","GO_Biological_Process_2023","red"
"GMP Biosynthetic Process (GO:0006177)","1/6",0.0296309633944118,0.191195413435475,0,0,40.1919191919192,141.432767389918,"ATIC","GO_Biological_Process_2023","red"
"Negative Regulation Of Neuron Projection Regeneration (GO:0070571)","1/6",0.0296309633944118,0.191195413435475,0,0,40.1919191919192,141.432767389918,"RTN4R","GO_Biological_Process_2023","red"
"Negative Regulation Of Plasminogen Activation (GO:0010757)","1/6",0.0296309633944118,0.191195413435475,0,0,40.1919191919192,141.432767389918,"THBS1","GO_Biological_Process_2023","red"
"Norepinephrine Biosynthetic Process (GO:0042421)","1/6",0.0296309633944118,0.191195413435475,0,0,40.1919191919192,141.432767389918,"TH","GO_Biological_Process_2023","red"
"Regulation Of Phospholipid Transport (GO:2001138)","1/6",0.0296309633944118,0.191195413435475,0,0,40.1919191919192,141.432767389918,"ABCB4","GO_Biological_Process_2023","red"
"Regulation Of Transforming Growth Factor Beta1 Production (GO:0032908)","1/6",0.0296309633944118,0.191195413435475,0,0,40.1919191919192,141.432767389918,"THBS1","GO_Biological_Process_2023","red"
"Synaptic Transmission, Dopaminergic (GO:0001963)","1/6",0.0296309633944118,0.191195413435475,0,0,40.1919191919192,141.432767389918,"TH","GO_Biological_Process_2023","red"
"Positive Regulation Of Leukocyte Tethering Or Rolling (GO:1903238)","1/6",0.0296309633944118,0.191195413435475,0,0,40.1919191919192,141.432767389918,"ST3GAL4","GO_Biological_Process_2023","red"
"Positive Regulation Of Membrane Depolarization (GO:1904181)","1/6",0.0296309633944118,0.191195413435475,0,0,40.1919191919192,141.432767389918,"TRPM4","GO_Biological_Process_2023","red"
"Positive Regulation Of Striated Muscle Contraction (GO:0045989)","1/6",0.0296309633944118,0.191195413435475,0,0,40.1919191919192,141.432767389918,"KCNQ1","GO_Biological_Process_2023","red"
"Regulation Of Aldosterone Biosynthetic Process (GO:0032347)","1/6",0.0296309633944118,0.191195413435475,0,0,40.1919191919192,141.432767389918,"DKK3","GO_Biological_Process_2023","red"
"Regulation Of Atrial Cardiac Muscle Cell Membrane Repolarization (GO:0060372)","1/6",0.0296309633944118,0.191195413435475,0,0,40.1919191919192,141.432767389918,"KCNQ1","GO_Biological_Process_2023","red"
"Negative Regulation Of Blood Vessel Endothelial Cell Proliferation Involved In Sprouting Angiogenesis (GO:1903588)","1/6",0.0296309633944118,0.191195413435475,0,0,40.1919191919192,141.432767389918,"THBS1","GO_Biological_Process_2023","red"
"Regulation Of Smooth Muscle Cell Proliferation (GO:0048660)","2/54",0.029925836282038,0.191698835313925,0,0,7.78963893249608,27.3341007109313,"CDH13;THBS1","GO_Biological_Process_2023","red"
"Neuron Migration (GO:0001764)","2/55",0.030955668405524,0.191723750271488,0,0,7.64227955333077,26.5584434034501,"NAV1;FGFR1","GO_Biological_Process_2023","red"
"Cellular Response To Fibroblast Growth Factor Stimulus (GO:0044344)","2/55",0.030955668405524,0.191723750271488,0,0,7.64227955333077,26.5584434034501,"TRIM71;FGFR1","GO_Biological_Process_2023","red"
"Negative Regulation Of Cellular Biosynthetic Process (GO:0031327)","3/137",0.0314194441411022,0.191723750271488,0,0,4.56208647484228,15.7863171072755,"TRIM71;ATP2B4;CNOT10","GO_Biological_Process_2023","red"
"Striated Muscle Contraction (GO:0006941)","2/57",0.0330569224942901,0.191723750271488,0,0,7.36363636363636,25.1064969666325,"ARHGEF11;KCNQ1","GO_Biological_Process_2023","red"
"Membrane Lipid Biosynthetic Process (GO:0046467)","2/57",0.0330569224942901,0.191723750271488,0,0,7.36363636363636,25.1064969666325,"ST3GAL4;SPTSSA","GO_Biological_Process_2023","red"
"Memory (GO:0007613)","2/58",0.0341280219187038,0.191723750271488,0,0,7.23177842565598,24.4263185896388,"TH;MAPT","GO_Biological_Process_2023","red"
"Regulation Of Establishment Of Protein Localization To Mitochondrion (GO:1903747)","1/7",0.0344842492004147,0.191723750271488,0,0,33.4915824915825,112.774618360503,"MAPT","GO_Biological_Process_2023","red"
"IMP Biosynthetic Process (GO:0006188)","1/7",0.0344842492004147,0.191723750271488,0,0,33.4915824915825,112.774618360503,"ATIC","GO_Biological_Process_2023","red"
"Negative Regulation Of Mitochondrial Membrane Potential (GO:0010917)","1/7",0.0344842492004147,0.191723750271488,0,0,33.4915824915825,112.774618360503,"MAPT","GO_Biological_Process_2023","red"
"Atrial Cardiac Muscle Cell To AV Node Cell Signaling (GO:0086026)","1/7",0.0344842492004147,0.191723750271488,0,0,33.4915824915825,112.774618360503,"KCNQ1","GO_Biological_Process_2023","red"
"Norepinephrine Metabolic Process (GO:0042415)","1/7",0.0344842492004147,0.191723750271488,0,0,33.4915824915825,112.774618360503,"TH","GO_Biological_Process_2023","red"
"Regulation Of Positive Chemotaxis (GO:0050926)","1/7",0.0344842492004147,0.191723750271488,0,0,33.4915824915825,112.774618360503,"CDH13","GO_Biological_Process_2023","red"
"Cellular Response To Epinephrine Stimulus (GO:0071872)","1/7",0.0344842492004147,0.191723750271488,0,0,33.4915824915825,112.774618360503,"KCNQ1","GO_Biological_Process_2023","red"
"Positive Regulation Of Adipose Tissue Development (GO:1904179)","1/7",0.0344842492004147,0.191723750271488,0,0,33.4915824915825,112.774618360503,"TRPM4","GO_Biological_Process_2023","red"
"Response To Epinephrine (GO:0071871)","1/7",0.0344842492004147,0.191723750271488,0,0,33.4915824915825,112.774618360503,"KCNQ1","GO_Biological_Process_2023","red"
"Sialylation (GO:0097503)","1/7",0.0344842492004147,0.191723750271488,0,0,33.4915824915825,112.774618360503,"ST3GAL4","GO_Biological_Process_2023","red"
"Positive Regulation Of Fibroblast Migration (GO:0010763)","1/7",0.0344842492004147,0.191723750271488,0,0,33.4915824915825,112.774618360503,"THBS1","GO_Biological_Process_2023","red"
"Glutathione Catabolic Process (GO:0006751)","1/7",0.0344842492004147,0.191723750271488,0,0,33.4915824915825,112.774618360503,"GGT7","GO_Biological_Process_2023","red"
"Ventricular Cardiac Muscle Cell Membrane Repolarization (GO:0099625)","1/7",0.0344842492004147,0.191723750271488,0,0,33.4915824915825,112.774618360503,"KCNQ1","GO_Biological_Process_2023","red"
"Histone H2A K63-linked Deubiquitination (GO:0070537)","1/7",0.0344842492004147,0.191723750271488,0,0,33.4915824915825,112.774618360503,"BARD1","GO_Biological_Process_2023","red"
"Multi-Ciliated Epithelial Cell Differentiation (GO:1903251)","1/7",0.0344842492004147,0.191723750271488,0,0,33.4915824915825,112.774618360503,"DEUP1","GO_Biological_Process_2023","red"
"Chordate Embryonic Development (GO:0043009)","2/59",0.035212556639049,0.194549375430746,0,0,7.10454708199069,23.7743191541034,"TRIM71;FGFR1","GO_Biological_Process_2023","red"
"Regulation Of Extrinsic Apoptotic Signaling Pathway (GO:2001236)","2/60",0.0363103684614095,0.194882234309983,0,0,6.981703026038,23.1488972243337,"THBS1;FGFR1","GO_Biological_Process_2023","red"
"Homophilic Cell Adhesion Via Plasma Membrane Adhesion Molecules (GO:0007156)","2/60",0.0363103684614095,0.194882234309983,0,0,6.981703026038,23.1488972243337,"PTPRM;CDH13","GO_Biological_Process_2023","red"
"Positive Regulation Of Cell Junction Assembly (GO:1901890)","2/61",0.0374213004237331,0.194882234309983,0,0,6.86302317537184,22.5485670061795,"PTPRD;SLITRK1","GO_Biological_Process_2023","red"
"AMP Biosynthetic Process (GO:0006167)","1/8",0.0393135041520565,0.194882234309983,0,0,28.7056277056277,92.8967850071638,"ATIC","GO_Biological_Process_2023","red"
"Regulation Of Dendritic Cell Antigen Processing And Presentation (GO:0002604)","1/8",0.0393135041520565,0.194882234309983,0,0,28.7056277056277,92.8967850071638,"THBS1","GO_Biological_Process_2023","red"
"L-fucose Catabolic Process (GO:0042355)","1/8",0.0393135041520565,0.194882234309983,0,0,28.7056277056277,92.8967850071638,"FUT10","GO_Biological_Process_2023","red"
"Negative Regulation Of Membrane Potential (GO:0045837)","1/8",0.0393135041520565,0.194882234309983,0,0,28.7056277056277,92.8967850071638,"MAPT","GO_Biological_Process_2023","red"
"L-fucose Metabolic Process (GO:0042354)","1/8",0.0393135041520565,0.194882234309983,0,0,28.7056277056277,92.8967850071638,"FUT10","GO_Biological_Process_2023","red"
"Negative Regulation Of Mitotic Nuclear Division (GO:0045839)","1/8",0.0393135041520565,0.194882234309983,0,0,28.7056277056277,92.8967850071638,"TOM1L2","GO_Biological_Process_2023","red"
"Actin Filament Network Formation (GO:0051639)","1/8",0.0393135041520565,0.194882234309983,0,0,28.7056277056277,92.8967850071638,"CARMIL1","GO_Biological_Process_2023","red"
"Astral Microtubule Organization (GO:0030953)","1/8",0.0393135041520565,0.194882234309983,0,0,28.7056277056277,92.8967850071638,"LIMK2","GO_Biological_Process_2023","red"
"Regulation Of Sterol Biosynthetic Process (GO:0106118)","1/8",0.0393135041520565,0.194882234309983,0,0,28.7056277056277,92.8967850071638,"MBTPS1","GO_Biological_Process_2023","red"
"Response To Magnesium Ion (GO:0032026)","1/8",0.0393135041520565,0.194882234309983,0,0,28.7056277056277,92.8967850071638,"THBS1","GO_Biological_Process_2023","red"
"Fucose Catabolic Process (GO:0019317)","1/8",0.0393135041520565,0.194882234309983,0,0,28.7056277056277,92.8967850071638,"FUT10","GO_Biological_Process_2023","red"
"Glutamine Transport (GO:0006868)","1/8",0.0393135041520565,0.194882234309983,0,0,28.7056277056277,92.8967850071638,"SLC38A1","GO_Biological_Process_2023","red"
"Internal Protein Amino Acid Acetylation (GO:0006475)","1/8",0.0393135041520565,0.194882234309983,0,0,28.7056277056277,92.8967850071638,"MAPT","GO_Biological_Process_2023","red"
"Presynaptic Membrane Assembly (GO:0097105)","1/8",0.0393135041520565,0.194882234309983,0,0,28.7056277056277,92.8967850071638,"PTPRD","GO_Biological_Process_2023","red"
"Monocyte Activation (GO:0042117)","1/8",0.0393135041520565,0.194882234309983,0,0,28.7056277056277,92.8967850071638,"DYSF","GO_Biological_Process_2023","red"
"G1/S Transition Of Mitotic Cell Cycle (GO:0000082)","2/63",0.0396819029137974,0.194882234309983,0,0,6.6373369019739,21.4177572290841,"TRIM71;CDKN3","GO_Biological_Process_2023","red"
"Protein Polymerization (GO:0051258)","2/63",0.0396819029137974,0.194882234309983,0,0,6.6373369019739,21.4177572290841,"MSRB2;MAPT","GO_Biological_Process_2023","red"
"Regulation Of Cell-Matrix Adhesion (GO:0001952)","2/65",0.041993132410768,0.196821157542588,0,0,6.42597991577583,20.3719576107223,"CDH13;THBS1","GO_Biological_Process_2023","red"
"Regulation Of Endocytosis (GO:0030100)","2/66",0.043167352566795,0.196821157542588,0,0,6.32525510204082,19.8781944931298,"PACSIN2;CDH13","GO_Biological_Process_2023","red"
"Negative Regulation Of Establishment Of Protein Localization (GO:1904950)","1/9",0.0441188457824273,0.196821157542588,0,0,25.1161616161616,78.3842312444799,"MAPT","GO_Biological_Process_2023","red"
"Regulation Of Long-Term Synaptic Depression (GO:1900452)","1/9",0.0441188457824273,0.196821157542588,0,0,25.1161616161616,78.3842312444799,"MAPT","GO_Biological_Process_2023","red"
"Nerve Growth Factor Signaling Pathway (GO:0038180)","1/9",0.0441188457824273,0.196821157542588,0,0,25.1161616161616,78.3842312444799,"KIDINS220","GO_Biological_Process_2023","red"
"Aspartate Transmembrane Transport (GO:0015810)","1/9",0.0441188457824273,0.196821157542588,0,0,25.1161616161616,78.3842312444799,"SLC25A13","GO_Biological_Process_2023","red"
"cGMP Biosynthetic Process (GO:0006182)","1/9",0.0441188457824273,0.196821157542588,0,0,25.1161616161616,78.3842312444799,"GUCY1B1","GO_Biological_Process_2023","red"
"Regulation Of Postsynaptic Neurotransmitter Receptor Activity (GO:0098962)","1/9",0.0441188457824273,0.196821157542588,0,0,25.1161616161616,78.3842312444799,"DLGAP2","GO_Biological_Process_2023","red"
"Oligosaccharide Catabolic Process (GO:0009313)","1/9",0.0441188457824273,0.196821157542588,0,0,25.1161616161616,78.3842312444799,"MANBA","GO_Biological_Process_2023","red"
"Camera-Type Eye Morphogenesis (GO:0048593)","1/9",0.0441188457824273,0.196821157542588,0,0,25.1161616161616,78.3842312444799,"TH","GO_Biological_Process_2023","red"
"Pinocytosis (GO:0006907)","1/9",0.0441188457824273,0.196821157542588,0,0,25.1161616161616,78.3842312444799,"CARMIL1","GO_Biological_Process_2023","red"
"Embryonic Eye Morphogenesis (GO:0048048)","1/9",0.0441188457824273,0.196821157542588,0,0,25.1161616161616,78.3842312444799,"TH","GO_Biological_Process_2023","red"
"Positive Regulation Of Lipase Activity (GO:0060193)","1/9",0.0441188457824273,0.196821157542588,0,0,25.1161616161616,78.3842312444799,"FGFR1","GO_Biological_Process_2023","red"
"Leukotriene D4 Biosynthetic Process (GO:1901750)","1/9",0.0441188457824273,0.196821157542588,0,0,25.1161616161616,78.3842312444799,"GGT7","GO_Biological_Process_2023","red"
"Presynaptic Membrane Organization (GO:0097090)","1/9",0.0441188457824273,0.196821157542588,0,0,25.1161616161616,78.3842312444799,"PTPRD","GO_Biological_Process_2023","red"
"Protein K11-linked Deubiquitination (GO:0035871)","1/9",0.0441188457824273,0.196821157542588,0,0,25.1161616161616,78.3842312444799,"OTUD7A","GO_Biological_Process_2023","red"
"Cell-Cell Junction Organization (GO:0045216)","2/68",0.0455522545652316,0.196821157542588,0,0,6.13296227581942,18.9440774902941,"CDH6;CDH13","GO_Biological_Process_2023","red"
"Negative Regulation Of Epithelial Cell Proliferation (GO:0050680)","2/70",0.0479847867745848,0.196821157542588,0,0,5.95198079231693,18.0753994112781,"PTPRM;THBS1","GO_Biological_Process_2023","red"
"Sulfur Compound Biosynthetic Process (GO:0044272)","2/70",0.0479847867745848,0.196821157542588,0,0,5.95198079231693,18.0753994112781,"GGT7;ST3GAL4","GO_Biological_Process_2023","red"
"Positive Regulation Of Protein Polymerization (GO:0032273)","2/70",0.0479847867745848,0.196821157542588,0,0,5.95198079231693,18.0753994112781,"CARMIL1;MAPT","GO_Biological_Process_2023","red"
"Negative Regulation Of Nuclear Division (GO:0051784)","1/10",0.0489003911418305,0.196821157542588,0,0,22.324354657688,67.3742300304506,"TOM1L2","GO_Biological_Process_2023","red"
"Negative Regulation Of Sprouting Angiogenesis (GO:1903671)","1/10",0.0489003911418305,0.196821157542588,0,0,22.324354657688,67.3742300304506,"THBS1","GO_Biological_Process_2023","red"
"Negative Regulation Of Transmembrane Transport (GO:0034763)","1/10",0.0489003911418305,0.196821157542588,0,0,22.324354657688,67.3742300304506,"THBS1","GO_Biological_Process_2023","red"
"Regulation Of Phospholipase Activity (GO:0010517)","1/10",0.0489003911418305,0.196821157542588,0,0,22.324354657688,67.3742300304506,"FGFR1","GO_Biological_Process_2023","red"
"Cardiac Muscle Cell Membrane Repolarization (GO:0099622)","1/10",0.0489003911418305,0.196821157542588,0,0,22.324354657688,67.3742300304506,"KCNQ1","GO_Biological_Process_2023","red"
"Positive Regulation Of Actin Filament Depolymerization (GO:0030836)","1/10",0.0489003911418305,0.196821157542588,0,0,22.324354657688,67.3742300304506,"CARMIL1","GO_Biological_Process_2023","red"
"Engulfment Of Apoptotic Cell (GO:0043652)","1/10",0.0489003911418305,0.196821157542588,0,0,22.324354657688,67.3742300304506,"THBS1","GO_Biological_Process_2023","red"
"Positive Regulation Of Phospholipid Transport (GO:2001140)","1/10",0.0489003911418305,0.196821157542588,0,0,22.324354657688,67.3742300304506,"ABCB4","GO_Biological_Process_2023","red"
"Positive Regulation Of Transforming Growth Factor Beta Production (GO:0071636)","1/10",0.0489003911418305,0.196821157542588,0,0,22.324354657688,67.3742300304506,"THBS1","GO_Biological_Process_2023","red"
"Protein Localization To Endosome (GO:0036010)","1/10",0.0489003911418305,0.196821157542588,0,0,22.324354657688,67.3742300304506,"PACSIN2","GO_Biological_Process_2023","red"
"Purine Ribonucleoside Triphosphate Biosynthetic Process (GO:0009206)","1/10",0.0489003911418305,0.196821157542588,0,0,22.324354657688,67.3742300304506,"SLC25A13","GO_Biological_Process_2023","red"
"Regulation Of Axon Regeneration (GO:0048679)","1/10",0.0489003911418305,0.196821157542588,0,0,22.324354657688,67.3742300304506,"RTN4R","GO_Biological_Process_2023","red"
"Cell-Cell Junction Assembly (GO:0007043)","2/71",0.0492185490137595,0.196821157542588,0,0,5.86542443064182,17.6636360143545,"CDH6;CDH13","GO_Biological_Process_2023","red"
"Positive Regulation Of Cell-Substrate Adhesion (GO:0010811)","2/71",0.0492185490137595,0.196821157542588,0,0,5.86542443064182,17.6636360143545,"CARMIL1;CDH13","GO_Biological_Process_2023","red"
"Synapse Assembly (GO:0007416)","2/71",0.0492185490137595,0.196821157542588,0,0,5.86542443064182,17.6636360143545,"PTPRD;SLITRK1","GO_Biological_Process_2023","red"
"Protein Autoubiquitination (GO:0051865)","2/71",0.0492185490137595,0.196821157542588,0,0,5.86542443064182,17.6636360143545,"TRIM71;BARD1","GO_Biological_Process_2023","red"
"Negative Regulation Of Cellular Response To Growth Factor Stimulus (GO:0090288)","2/71",0.0492185490137595,0.196821157542588,0,0,5.86542443064182,17.6636360143545,"ATP2B4;THBS1","GO_Biological_Process_2023","red"
"Negative Regulation Of Fibrinolysis (GO:0051918)","1/11",0.0536582567508638,0.196821157542588,0,0,20.0909090909091,58.7683184218827,"THBS1","GO_Biological_Process_2023","red"
"Regulation Of Leukocyte Tethering Or Rolling (GO:1903236)","1/11",0.0536582567508638,0.196821157542588,0,0,20.0909090909091,58.7683184218827,"ST3GAL4","GO_Biological_Process_2023","red"
"Regulation Of mRNA 3'-End Processing (GO:0031440)","1/11",0.0536582567508638,0.196821157542588,0,0,20.0909090909091,58.7683184218827,"BARD1","GO_Biological_Process_2023","red"
"Neurotransmitter Uptake (GO:0001504)","1/11",0.0536582567508638,0.196821157542588,0,0,20.0909090909091,58.7683184218827,"SLC38A1","GO_Biological_Process_2023","red"
"Regulation Of Phospholipase C Activity (GO:1900274)","1/11",0.0536582567508638,0.196821157542588,0,0,20.0909090909091,58.7683184218827,"FGFR1","GO_Biological_Process_2023","red"
"cGMP Metabolic Process (GO:0046068)","1/11",0.0536582567508638,0.196821157542588,0,0,20.0909090909091,58.7683184218827,"GUCY1B1","GO_Biological_Process_2023","red"
"Catecholamine Biosynthetic Process (GO:0042423)","1/11",0.0536582567508638,0.196821157542588,0,0,20.0909090909091,58.7683184218827,"TH","GO_Biological_Process_2023","red"
"Cell Part Morphogenesis (GO:0032990)","1/11",0.0536582567508638,0.196821157542588,0,0,20.0909090909091,58.7683184218827,"PACSIN2","GO_Biological_Process_2023","red"
"Regulation Of Response To Oxidative Stress (GO:1902882)","1/11",0.0536582567508638,0.196821157542588,0,0,20.0909090909091,58.7683184218827,"GGT7","GO_Biological_Process_2023","red"
"Regulation Of Ventricular Cardiac Muscle Cell Action Potential (GO:0098911)","1/11",0.0536582567508638,0.196821157542588,0,0,20.0909090909091,58.7683184218827,"TRPM4","GO_Biological_Process_2023","red"
"Positive Regulation Of Lipid Transport (GO:0032370)","1/11",0.0536582567508638,0.196821157542588,0,0,20.0909090909091,58.7683184218827,"ABCB4","GO_Biological_Process_2023","red"
"Tyrosine Metabolic Process (GO:0006570)","1/11",0.0536582567508638,0.196821157542588,0,0,20.0909090909091,58.7683184218827,"TH","GO_Biological_Process_2023","red"
"Histone H2A Ubiquitination (GO:0033522)","1/11",0.0536582567508638,0.196821157542588,0,0,20.0909090909091,58.7683184218827,"BARD1","GO_Biological_Process_2023","red"
"Intestinal Absorption (GO:0050892)","1/11",0.0536582567508638,0.196821157542588,0,0,20.0909090909091,58.7683184218827,"KCNQ1","GO_Biological_Process_2023","red"
"Leukotriene D4 Metabolic Process (GO:1901748)","1/11",0.0536582567508638,0.196821157542588,0,0,20.0909090909091,58.7683184218827,"GGT7","GO_Biological_Process_2023","red"
"Presynapse Organization (GO:0099172)","1/11",0.0536582567508638,0.196821157542588,0,0,20.0909090909091,58.7683184218827,"PTPRD","GO_Biological_Process_2023","red"
"Macrophage Activation Involved In Immune Response (GO:0002281)","1/11",0.0536582567508638,0.196821157542588,0,0,20.0909090909091,58.7683184218827,"DYSF","GO_Biological_Process_2023","red"
"Mitochondrion Distribution (GO:0048311)","1/11",0.0536582567508638,0.196821157542588,0,0,20.0909090909091,58.7683184218827,"MAPT","GO_Biological_Process_2023","red"
"Purine Ribonucleoside Monophosphate Biosynthetic Process (GO:0009168)","1/11",0.0536582567508638,0.196821157542588,0,0,20.0909090909091,58.7683184218827,"ATIC","GO_Biological_Process_2023","red"
"Regulation Of T Cell Mediated Immunity (GO:0002709)","1/11",0.0536582567508638,0.196821157542588,0,0,20.0909090909091,58.7683184218827,"TRPM4","GO_Biological_Process_2023","red"
"Regulation Of Adipose Tissue Development (GO:1904177)","1/11",0.0536582567508638,0.196821157542588,0,0,20.0909090909091,58.7683184218827,"TRPM4","GO_Biological_Process_2023","red"
"Regulation Of Alcohol Biosynthetic Process (GO:1902930)","1/11",0.0536582567508638,0.196821157542588,0,0,20.0909090909091,58.7683184218827,"MBTPS1","GO_Biological_Process_2023","red"
"Negative Regulation Of Cellular Response To Vascular Endothelial Growth Factor Stimulus (GO:1902548)","1/11",0.0536582567508638,0.196821157542588,0,0,20.0909090909091,58.7683184218827,"ATP2B4","GO_Biological_Process_2023","red"
"Regulation Of Cell Cycle Checkpoint (GO:1901976)","1/11",0.0536582567508638,0.196821157542588,0,0,20.0909090909091,58.7683184218827,"BARD1","GO_Biological_Process_2023","red"
"Regulation Of Stress Fiber Assembly (GO:0051492)","2/75",0.0542668897312266,0.197415351944051,0,0,5.54291305563321,16.1511673406941,"CARMIL1;LIMK1","GO_Biological_Process_2023","red"
"Positive Regulation Of Neurogenesis (GO:0050769)","2/75",0.0542668897312266,0.197415351944051,0,0,5.54291305563321,16.1511673406941,"PTPRD;SLITRK1","GO_Biological_Process_2023","red"
"Positive Regulation Of Endothelial Cell Proliferation (GO:0001938)","2/77",0.0568570608364097,0.198434384228126,0,0,5.39455782312925,15.4673563823572,"CDH13;FGFR1","GO_Biological_Process_2023","red"
"Negative Regulation Of Protein Modification Process (GO:0031400)","2/78",0.058168160710821,0.198434384228126,0,0,5.32330827067669,15.1417092906877,"ATP2B4;MAPT","GO_Biological_Process_2023","red"
"C4-dicarboxylate Transport (GO:0015740)","1/12",0.0583925585800791,0.198434384228126,0,0,18.2635445362718,51.8788186041542,"SLC25A13","GO_Biological_Process_2023","red"
"Aspartate Family Amino Acid Metabolic Process (GO:0009066)","1/12",0.0583925585800791,0.198434384228126,0,0,18.2635445362718,51.8788186041542,"SLC25A13","GO_Biological_Process_2023","red"
"Astrocyte Activation (GO:0048143)","1/12",0.0583925585800791,0.198434384228126,0,0,18.2635445362718,51.8788186041542,"MAPT","GO_Biological_Process_2023","red"
"Atrial Cardiac Muscle Cell Action Potential (GO:0086014)","1/12",0.0583925585800791,0.198434384228126,0,0,18.2635445362718,51.8788186041542,"KCNQ1","GO_Biological_Process_2023","red"
"Axonal Transport Of Mitochondrion (GO:0019896)","1/12",0.0583925585800791,0.198434384228126,0,0,18.2635445362718,51.8788186041542,"MAPT","GO_Biological_Process_2023","red"
"Positive Regulation Of Calcium-Mediated Signaling (GO:0050850)","1/12",0.0583925585800791,0.198434384228126,0,0,18.2635445362718,51.8788186041542,"CDH13","GO_Biological_Process_2023","red"
"Positive Regulation Of Cell Morphogenesis Involved In Differentiation (GO:0010770)","1/12",0.0583925585800791,0.198434384228126,0,0,18.2635445362718,51.8788186041542,"PTPRD","GO_Biological_Process_2023","red"
"Eye Photoreceptor Cell Differentiation (GO:0001754)","1/12",0.0583925585800791,0.198434384228126,0,0,18.2635445362718,51.8788186041542,"TH","GO_Biological_Process_2023","red"
"Histone Monoubiquitination (GO:0010390)","1/12",0.0583925585800791,0.198434384228126,0,0,18.2635445362718,51.8788186041542,"BARD1","GO_Biological_Process_2023","red"
"Positive Regulation Of Vascular Endothelial Cell Proliferation (GO:1905564)","1/12",0.0583925585800791,0.198434384228126,0,0,18.2635445362718,51.8788186041542,"FGFR1","GO_Biological_Process_2023","red"
"Positive Regulation Of Vasoconstriction (GO:0045907)","1/12",0.0583925585800791,0.198434384228126,0,0,18.2635445362718,51.8788186041542,"TRPM4","GO_Biological_Process_2023","red"
"Negative Regulation Of Alcohol Biosynthetic Process (GO:1902931)","1/12",0.0583925585800791,0.198434384228126,0,0,18.2635445362718,51.8788186041542,"DKK3","GO_Biological_Process_2023","red"
"Positive Regulation Of Cytoskeleton Organization (GO:0051495)","2/79",0.0594897545967717,0.198434384228126,0,0,5.25390935595017,14.8262756693766,"CARMIL1;LIMK1","GO_Biological_Process_2023","red"
"Glycoprotein Biosynthetic Process (GO:0009101)","2/80",0.0608217071927091,0.198434384228126,0,0,5.18628990057561,14.520618689889,"FUT10;ST3GAL4","GO_Biological_Process_2023","red"
"Macromolecule Modification (GO:0043412)","2/81",0.0621638842786596,0.198434384228126,0,0,5.12038233014725,14.2243252686936,"MANBA;ST3GAL4","GO_Biological_Process_2023","red"
"Negative Regulation Of Fibroblast Growth Factor Receptor Signaling Pathway (GO:0040037)","1/13",0.0631034120924419,0.198434384228126,0,0,16.7407407407407,46.2543391597171,"THBS1","GO_Biological_Process_2023","red"
"Negative Regulation Of Interleukin-12 Production (GO:0032695)","1/13",0.0631034120924419,0.198434384228126,0,0,16.7407407407407,46.2543391597171,"THBS1","GO_Biological_Process_2023","red"
"Regulation Of Lamellipodium Organization (GO:1902743)","1/13",0.0631034120924419,0.198434384228126,0,0,16.7407407407407,46.2543391597171,"CARMIL1","GO_Biological_Process_2023","red"
"Regulation Of Myoblast Fusion (GO:1901739)","1/13",0.0631034120924419,0.198434384228126,0,0,16.7407407407407,46.2543391597171,"PLEKHO1","GO_Biological_Process_2023","red"
"Plasma Membrane Tubulation (GO:0097320)","1/13",0.0631034120924419,0.198434384228126,0,0,16.7407407407407,46.2543391597171,"PACSIN2","GO_Biological_Process_2023","red"
"Cytoplasmic Sequestering Of Protein (GO:0051220)","1/13",0.0631034120924419,0.198434384228126,0,0,16.7407407407407,46.2543391597171,"PTPRM","GO_Biological_Process_2023","red"
"Response To Progesterone (GO:0032570)","1/13",0.0631034120924419,0.198434384228126,0,0,16.7407407407407,46.2543391597171,"THBS1","GO_Biological_Process_2023","red"
"Sphingoid Biosynthetic Process (GO:0046520)","1/13",0.0631034120924419,0.198434384228126,0,0,16.7407407407407,46.2543391597171,"SPTSSA","GO_Biological_Process_2023","red"
"Sphingosine Biosynthetic Process (GO:0046512)","1/13",0.0631034120924419,0.198434384228126,0,0,16.7407407407407,46.2543391597171,"SPTSSA","GO_Biological_Process_2023","red"
"Positive Regulation Of Insulin Secretion Involved In Cellular Response To Glucose Stimulus (GO:0035774)","1/13",0.0631034120924419,0.198434384228126,0,0,16.7407407407407,46.2543391597171,"TRPM4","GO_Biological_Process_2023","red"
"Eye Photoreceptor Cell Development (GO:0042462)","1/13",0.0631034120924419,0.198434384228126,0,0,16.7407407407407,46.2543391597171,"TH","GO_Biological_Process_2023","red"
"Positive Regulation Of Macrophage Chemotaxis (GO:0010759)","1/13",0.0631034120924419,0.198434384228126,0,0,16.7407407407407,46.2543391597171,"THBS1","GO_Biological_Process_2023","red"
"Glutamine Metabolic Process (GO:0006541)","1/13",0.0631034120924419,0.198434384228126,0,0,16.7407407407407,46.2543391597171,"SLC38A1","GO_Biological_Process_2023","red"
"Positive Regulation Of Superoxide Anion Generation (GO:0032930)","1/13",0.0631034120924419,0.198434384228126,0,0,16.7407407407407,46.2543391597171,"MAPT","GO_Biological_Process_2023","red"
"Potassium Ion Export Across Plasma Membrane (GO:0097623)","1/13",0.0631034120924419,0.198434384228126,0,0,16.7407407407407,46.2543391597171,"KCNQ1","GO_Biological_Process_2023","red"
"Membrane Protein Intracellular Domain Proteolysis (GO:0031293)","1/13",0.0631034120924419,0.198434384228126,0,0,16.7407407407407,46.2543391597171,"MBTPS1","GO_Biological_Process_2023","red"
"Microtubule-Based Transport (GO:0099111)","1/13",0.0631034120924419,0.198434384228126,0,0,16.7407407407407,46.2543391597171,"DYNC1I1","GO_Biological_Process_2023","red"
"Negative Regulation Of Bone Mineralization (GO:0030502)","1/13",0.0631034120924419,0.198434384228126,0,0,16.7407407407407,46.2543391597171,"TRPM4","GO_Biological_Process_2023","red"
"Regulation Of cAMP-dependent Protein Kinase Activity (GO:2000479)","1/13",0.0631034120924419,0.198434384228126,0,0,16.7407407407407,46.2543391597171,"ATP2B4","GO_Biological_Process_2023","red"
"Negative Regulation Of Cell Migration Involved In Sprouting Angiogenesis (GO:0090051)","1/13",0.0631034120924419,0.198434384228126,0,0,16.7407407407407,46.2543391597171,"THBS1","GO_Biological_Process_2023","red"
"Regulation Of Phosphorylation (GO:0042325)","2/82",0.0635161526621472,0.198434384228126,0,0,5.05612244897959,13.9370045076699,"BARD1;THBS1","GO_Biological_Process_2023","red"
"Calcium Ion Transmembrane Import Into Cytosol (GO:0097553)","2/83",0.0648783802345316,0.198434384228126,0,0,4.99344923154447,13.6582862458477,"SCN8A;ATP2B4","GO_Biological_Process_2023","red"
"Vascular Transport (GO:0010232)","2/83",0.0648783802345316,0.198434384228126,0,0,4.99344923154447,13.6582862458477,"SLC38A1;ATP2B4","GO_Biological_Process_2023","red"
"Regulation Of Kinase Activity (GO:0043549)","2/85",0.067632189652766,0.198434384228126,0,0,4.87263339070568,13.1252723836309,"MAPT;FGFR1","GO_Biological_Process_2023","red"
"Calcium-Mediated Signaling (GO:0019722)","2/85",0.067632189652766,0.198434384228126,0,0,4.87263339070568,13.1252723836309,"RCAN1;TRPM4","GO_Biological_Process_2023","red"
"Positive Regulation Of Endothelial Cell Migration (GO:0010595)","2/85",0.067632189652766,0.198434384228126,0,0,4.87263339070568,13.1252723836309,"THBS1;FGFR1","GO_Biological_Process_2023","red"
"Transport Across Blood-Brain Barrier (GO:0150104)","2/85",0.067632189652766,0.198434384228126,0,0,4.87263339070568,13.1252723836309,"SLC38A1;ATP2B4","GO_Biological_Process_2023","red"
"Positive Regulation Of Protein Localization (GO:1903829)","2/85",0.067632189652766,0.198434384228126,0,0,4.87263339070568,13.1252723836309,"LIMK2;MAPT","GO_Biological_Process_2023","red"
"Regulation Of Endothelial Cell Chemotaxis (GO:2001026)","1/14",0.0677909321684321,0.198434384228126,0,0,15.4522144522145,41.5869594433684,"THBS1","GO_Biological_Process_2023","red"
"L-glutamate Transmembrane Transport (GO:0015813)","1/14",0.0677909321684321,0.198434384228126,0,0,15.4522144522145,41.5869594433684,"SLC25A13","GO_Biological_Process_2023","red"
"Negative Regulation Of Nucleocytoplasmic Transport (GO:0046823)","1/14",0.0677909321684321,0.198434384228126,0,0,15.4522144522145,41.5869594433684,"BARD1","GO_Biological_Process_2023","red"
"Regulation Of Superoxide Anion Generation (GO:0032928)","1/14",0.0677909321684321,0.198434384228126,0,0,15.4522144522145,41.5869594433684,"MAPT","GO_Biological_Process_2023","red"
"Photoreceptor Cell Development (GO:0042461)","1/14",0.0677909321684321,0.198434384228126,0,0,15.4522144522145,41.5869594433684,"TH","GO_Biological_Process_2023","red"
"Ceramide Transport (GO:0035627)","1/14",0.0677909321684321,0.198434384228126,0,0,15.4522144522145,41.5869594433684,"ABCB4","GO_Biological_Process_2023","red"
"Respiratory Electron Transport Chain (GO:0022904)","1/14",0.0677909321684321,0.198434384228126,0,0,15.4522144522145,41.5869594433684,"SLC25A13","GO_Biological_Process_2023","red"
"Positive Regulation Of Endothelial Cell Chemotaxis (GO:2001028)","1/14",0.0677909321684321,0.198434384228126,0,0,15.4522144522145,41.5869594433684,"FGFR1","GO_Biological_Process_2023","red"
"Histone H2A Monoubiquitination (GO:0035518)","1/14",0.0677909321684321,0.198434384228126,0,0,15.4522144522145,41.5869594433684,"BARD1","GO_Biological_Process_2023","red"
"Positive Regulation Of Transporter Activity (GO:0032411)","1/14",0.0677909321684321,0.198434384228126,0,0,15.4522144522145,41.5869594433684,"TRPC6","GO_Biological_Process_2023","red"
"Membrane Repolarization During Cardiac Muscle Cell Action Potential (GO:0086013)","1/14",0.0677909321684321,0.198434384228126,0,0,15.4522144522145,41.5869594433684,"KCNQ1","GO_Biological_Process_2023","red"
"miRNA-mediated Gene Silencing By Inhibition Of Translation (GO:0035278)","1/14",0.0677909321684321,0.198434384228126,0,0,15.4522144522145,41.5869594433684,"TRIM71","GO_Biological_Process_2023","red"
"Mitochondrion Transport Along Microtubule (GO:0047497)","1/14",0.0677909321684321,0.198434384228126,0,0,15.4522144522145,41.5869594433684,"MAPT","GO_Biological_Process_2023","red"
"Negative Regulation Of Cilium Assembly (GO:1902018)","1/14",0.0677909321684321,0.198434384228126,0,0,15.4522144522145,41.5869594433684,"LIMK2","GO_Biological_Process_2023","red"
"Regulation Of Endothelial Cell Migration (GO:0010594)","2/88",0.0718343542729081,0.198914366854763,0,0,4.70194589463692,12.3820687985171,"PTPRM;THBS1","GO_Biological_Process_2023","red"
"3'-UTR-mediated mRNA Destabilization (GO:0061158)","1/15",0.0724552331756038,0.198914366854763,0,0,14.3477633477633,37.6598138369901,"TRIM71","GO_Biological_Process_2023","red"
"Regulation Of Cellular Response To Heat (GO:1900034)","1/15",0.0724552331756038,0.198914366854763,0,0,14.3477633477633,37.6598138369901,"MAPT","GO_Biological_Process_2023","red"
"Regulation Of Cholesterol Biosynthetic Process (GO:0045540)","1/15",0.0724552331756038,0.198914366854763,0,0,14.3477633477633,37.6598138369901,"MBTPS1","GO_Biological_Process_2023","red"
"Negative Regulation Of Focal Adhesion Assembly (GO:0051895)","1/15",0.0724552331756038,0.198914366854763,0,0,14.3477633477633,37.6598138369901,"THBS1","GO_Biological_Process_2023","red"
"L-glutamate Import (GO:0051938)","1/15",0.0724552331756038,0.198914366854763,0,0,14.3477633477633,37.6598138369901,"SLC25A13","GO_Biological_Process_2023","red"
"Negative Regulation Of Phagocytosis (GO:0050765)","1/15",0.0724552331756038,0.198914366854763,0,0,14.3477633477633,37.6598138369901,"DYSF","GO_Biological_Process_2023","red"
"Negative Regulation Of Protein Processing (GO:0010955)","1/15",0.0724552331756038,0.198914366854763,0,0,14.3477633477633,37.6598138369901,"THBS1","GO_Biological_Process_2023","red"
"Regulation Of miRNA-mediated Gene Silencing (GO:0060964)","1/15",0.0724552331756038,0.198914366854763,0,0,14.3477633477633,37.6598138369901,"TRIM71","GO_Biological_Process_2023","red"
"Astrocyte Development (GO:0014002)","1/15",0.0724552331756038,0.198914366854763,0,0,14.3477633477633,37.6598138369901,"MAPT","GO_Biological_Process_2023","red"
"Neurotrophin Signaling Pathway (GO:0038179)","1/15",0.0724552331756038,0.198914366854763,0,0,14.3477633477633,37.6598138369901,"KIDINS220","GO_Biological_Process_2023","red"
"Dendritic Cell Chemotaxis (GO:0002407)","1/15",0.0724552331756038,0.198914366854763,0,0,14.3477633477633,37.6598138369901,"TRPM4","GO_Biological_Process_2023","red"
"Positive Regulation Of Endothelial Cell Apoptotic Process (GO:2000353)","1/15",0.0724552331756038,0.198914366854763,0,0,14.3477633477633,37.6598138369901,"THBS1","GO_Biological_Process_2023","red"
"Positive Regulation Of Potassium Ion Transport (GO:0043268)","1/15",0.0724552331756038,0.198914366854763,0,0,14.3477633477633,37.6598138369901,"KCNQ1","GO_Biological_Process_2023","red"
"Keratan Sulfate Biosynthetic Process (GO:0018146)","1/15",0.0724552331756038,0.198914366854763,0,0,14.3477633477633,37.6598138369901,"ST3GAL4","GO_Biological_Process_2023","red"
"Positive Regulation Of Transmembrane Transport (GO:0034764)","1/15",0.0724552331756038,0.198914366854763,0,0,14.3477633477633,37.6598138369901,"SLC38A1","GO_Biological_Process_2023","red"
"Presynapse Assembly (GO:0099054)","1/15",0.0724552331756038,0.198914366854763,0,0,14.3477633477633,37.6598138369901,"PTPRD","GO_Biological_Process_2023","red"
"Membrane Repolarization During Action Potential (GO:0086011)","1/15",0.0724552331756038,0.198914366854763,0,0,14.3477633477633,37.6598138369901,"KCNQ1","GO_Biological_Process_2023","red"
"miRNA Metabolic Process (GO:0010586)","1/15",0.0724552331756038,0.198914366854763,0,0,14.3477633477633,37.6598138369901,"TRIM71","GO_Biological_Process_2023","red"
"Negative Regulation Of Cell-Substrate Junction Organization (GO:0150118)","1/15",0.0724552331756038,0.198914366854763,0,0,14.3477633477633,37.6598138369901,"THBS1","GO_Biological_Process_2023","red"
"Positive Regulation Of MAP Kinase Activity (GO:0043406)","2/91",0.0761192182371278,0.204051626271381,0,0,4.54276542077505,11.6996856760182,"THBS1;FGFR1","GO_Biological_Process_2023","red"
"Regulation Of Fibrinolysis (GO:0051917)","1/16",0.0770964289305897,0.204051626271381,0,0,13.3905723905724,34.3159973270839,"THBS1","GO_Biological_Process_2023","red"
"Regulation Of Plasminogen Activation (GO:0010755)","1/16",0.0770964289305897,0.204051626271381,0,0,13.3905723905724,34.3159973270839,"THBS1","GO_Biological_Process_2023","red"
"Regulation Of Presynapse Assembly (GO:1905606)","1/16",0.0770964289305897,0.204051626271381,0,0,13.3905723905724,34.3159973270839,"SLITRK1","GO_Biological_Process_2023","red"
"Regulation Of Presynapse Organization (GO:0099174)","1/16",0.0770964289305897,0.204051626271381,0,0,13.3905723905724,34.3159973270839,"SLITRK1","GO_Biological_Process_2023","red"
"Regulation Of Secretion (GO:0051046)","1/16",0.0770964289305897,0.204051626271381,0,0,13.3905723905724,34.3159973270839,"KCNQ1","GO_Biological_Process_2023","red"
"Regulation Of Synaptic Transmission, GABAergic (GO:0032228)","1/16",0.0770964289305897,0.204051626271381,0,0,13.3905723905724,34.3159973270839,"SLC38A1","GO_Biological_Process_2023","red"
"Ruffle Organization (GO:0031529)","1/16",0.0770964289305897,0.204051626271381,0,0,13.3905723905724,34.3159973270839,"CARMIL1","GO_Biological_Process_2023","red"
"Glycoprotein Catabolic Process (GO:0006516)","1/16",0.0770964289305897,0.204051626271381,0,0,13.3905723905724,34.3159973270839,"MANBA","GO_Biological_Process_2023","red"
"Positive Regulation Of Positive Chemotaxis (GO:0050927)","1/16",0.0770964289305897,0.204051626271381,0,0,13.3905723905724,34.3159973270839,"CDH13","GO_Biological_Process_2023","red"
"Membrane Depolarization During Cardiac Muscle Cell Action Potential (GO:0086012)","1/16",0.0770964289305897,0.204051626271381,0,0,13.3905723905724,34.3159973270839,"TRPM4","GO_Biological_Process_2023","red"
"Regulation Of Blood Vessel Endothelial Cell Proliferation Involved In Sprouting Angiogenesis (GO:1903587)","1/16",0.0770964289305897,0.204051626271381,0,0,13.3905723905724,34.3159973270839,"THBS1","GO_Biological_Process_2023","red"
"Positive Regulation Of Protein Kinase B Signaling (GO:0051897)","2/93",0.0790200821692443,0.205215157050157,0,0,4.44247589145548,11.2752403927723,"THBS1;FGFR1","GO_Biological_Process_2023","red"
"Negative Regulation Of Amide Metabolic Process (GO:0034249)","2/93",0.0790200821692443,0.205215157050157,0,0,4.44247589145548,11.2752403927723,"TRIM71;CNOT10","GO_Biological_Process_2023","red"
"Regulation Of Translation (GO:0006417)","3/202",0.0807477880229416,0.205215157050157,0,0,3.06185567010309,7.70492926718882,"TRIM71;CNOT10;THBS1","GO_Biological_Process_2023","red"
"Negative Regulation Of Ubiquitin-Protein Transferase Activity (GO:0051444)","1/17",0.0817146326715557,0.205215157050157,0,0,12.5530303030303,31.4393429542943,"LIMK1","GO_Biological_Process_2023","red"
"Neural Tube Development (GO:0021915)","1/17",0.0817146326715557,0.205215157050157,0,0,12.5530303030303,31.4393429542943,"TRIM71","GO_Biological_Process_2023","red"
"Carbohydrate Derivative Catabolic Process (GO:1901136)","1/17",0.0817146326715557,0.205215157050157,0,0,12.5530303030303,31.4393429542943,"MANBA","GO_Biological_Process_2023","red"
"Regulation Of Tubulin Deacetylation (GO:0090043)","1/17",0.0817146326715557,0.205215157050157,0,0,12.5530303030303,31.4393429542943,"MAPT","GO_Biological_Process_2023","red"
"Central Nervous System Neuron Development (GO:0021954)","1/17",0.0817146326715557,0.205215157050157,0,0,12.5530303030303,31.4393429542943,"MAPT","GO_Biological_Process_2023","red"
"Diol Biosynthetic Process (GO:0034312)","1/17",0.0817146326715557,0.205215157050157,0,0,12.5530303030303,31.4393429542943,"SPTSSA","GO_Biological_Process_2023","red"
"Embryo Development Ending In Birth Or Egg Hatching (GO:0009792)","1/17",0.0817146326715557,0.205215157050157,0,0,12.5530303030303,31.4393429542943,"FGFR1","GO_Biological_Process_2023","red"
"Positive Regulation Of Dendrite Extension (GO:1903861)","1/17",0.0817146326715557,0.205215157050157,0,0,12.5530303030303,31.4393429542943,"CPNE6","GO_Biological_Process_2023","red"
"Positive Regulation Of Dendrite Morphogenesis (GO:0050775)","1/17",0.0817146326715557,0.205215157050157,0,0,12.5530303030303,31.4393429542943,"PTPRD","GO_Biological_Process_2023","red"
"Positive Regulation Of Leukocyte Adhesion To Vascular Endothelial Cell (GO:1904996)","1/17",0.0817146326715557,0.205215157050157,0,0,12.5530303030303,31.4393429542943,"ST3GAL4","GO_Biological_Process_2023","red"
"Positive Regulation Of Macrophage Activation (GO:0043032)","1/17",0.0817146326715557,0.205215157050157,0,0,12.5530303030303,31.4393429542943,"THBS1","GO_Biological_Process_2023","red"
"Ventricular Cardiac Muscle Cell Action Potential (GO:0086005)","1/17",0.0817146326715557,0.205215157050157,0,0,12.5530303030303,31.4393429542943,"KCNQ1","GO_Biological_Process_2023","red"
"Positive Regulation Of Potassium Ion Transmembrane Transport (GO:1901381)","1/17",0.0817146326715557,0.205215157050157,0,0,12.5530303030303,31.4393429542943,"KCNQ1","GO_Biological_Process_2023","red"
"Keratan Sulfate Metabolic Process (GO:0042339)","1/17",0.0817146326715557,0.205215157050157,0,0,12.5530303030303,31.4393429542943,"ST3GAL4","GO_Biological_Process_2023","red"
"Myeloid Cell Activation Involved In Immune Response (GO:0002275)","1/17",0.0817146326715557,0.205215157050157,0,0,12.5530303030303,31.4393429542943,"DYSF","GO_Biological_Process_2023","red"
"Regulation Of Angiogenesis (GO:0045765)","3/205",0.0835413760760871,0.206474185687264,0,0,3.01592324180872,7.48676781037617,"ATP2B4;PTPRM;THBS1","GO_Biological_Process_2023","red"
"Regulation Of Canonical Wnt Signaling Pathway (GO:0060828)","3/207",0.0854267508719078,0.206474185687264,0,0,2.98605215281989,7.3459749126839,"DKK3;TRPM4;ANKRD6","GO_Biological_Process_2023","red"
"Regulation Of Dendrite Extension (GO:1903859)","1/18",0.0863099571505928,0.206474185687264,0,0,11.8140225787285,28.9421143066093,"CPNE6","GO_Biological_Process_2023","red"
"Regulation Of Nervous System Process (GO:0031644)","1/18",0.0863099571505928,0.206474185687264,0,0,11.8140225787285,28.9421143066093,"DLGAP2","GO_Biological_Process_2023","red"
"Regulation Of Vascular Endothelial Cell Proliferation (GO:1905562)","1/18",0.0863099571505928,0.206474185687264,0,0,11.8140225787285,28.9421143066093,"FGFR1","GO_Biological_Process_2023","red"
"Regulation Of Ventricular Cardiac Muscle Cell Membrane Repolarization (GO:0060307)","1/18",0.0863099571505928,0.206474185687264,0,0,11.8140225787285,28.9421143066093,"KCNQ1","GO_Biological_Process_2023","red"
"Renal Absorption (GO:0070293)","1/18",0.0863099571505928,0.206474185687264,0,0,11.8140225787285,28.9421143066093,"KCNQ1","GO_Biological_Process_2023","red"
"Response To Ethanol (GO:0045471)","1/18",0.0863099571505928,0.206474185687264,0,0,11.8140225787285,28.9421143066093,"TH","GO_Biological_Process_2023","red"
"Positive Regulation Of Cation Transmembrane Transport (GO:1904064)","1/18",0.0863099571505928,0.206474185687264,0,0,11.8140225787285,28.9421143066093,"KCNQ1","GO_Biological_Process_2023","red"
"Dendritic Cell Migration (GO:0036336)","1/18",0.0863099571505928,0.206474185687264,0,0,11.8140225787285,28.9421143066093,"TRPM4","GO_Biological_Process_2023","red"
"Establishment Of Vesicle Localization (GO:0051650)","1/18",0.0863099571505928,0.206474185687264,0,0,11.8140225787285,28.9421143066093,"LIMK2","GO_Biological_Process_2023","red"
"Positive Regulation Of Macrophage Migration (GO:1905523)","1/18",0.0863099571505928,0.206474185687264,0,0,11.8140225787285,28.9421143066093,"THBS1","GO_Biological_Process_2023","red"
"Maintenance Of Protein Location In Nucleus (GO:0051457)","1/18",0.0863099571505928,0.206474185687264,0,0,11.8140225787285,28.9421143066093,"BARD1","GO_Biological_Process_2023","red"
"Membrane Repolarization (GO:0086009)","1/18",0.0863099571505928,0.206474185687264,0,0,11.8140225787285,28.9421143066093,"KCNQ1","GO_Biological_Process_2023","red"
"Regulation Of DNA Damage Checkpoint (GO:2000001)","1/18",0.0863099571505928,0.206474185687264,0,0,11.8140225787285,28.9421143066093,"BARD1","GO_Biological_Process_2023","red"
"Regulation Of T Cell Cytokine Production (GO:0002724)","1/18",0.0863099571505928,0.206474185687264,0,0,11.8140225787285,28.9421143066093,"TRPM4","GO_Biological_Process_2023","red"
"Negative Regulation Of Macromolecule Biosynthetic Process (GO:0010558)","2/98",0.0864201908419546,0.206474185687264,0,0,4.21003401360544,10.3084111715959,"TRIM71;CNOT10","GO_Biological_Process_2023","red"
"MAPK Cascade (GO:0000165)","2/98",0.0864201908419546,0.206474185687264,0,0,4.21003401360544,10.3084111715959,"KRAS;FGFR1","GO_Biological_Process_2023","red"
"Axon Development (GO:0061564)","2/99",0.0879246283814667,0.20929610481011,0,0,4.16642120765832,10.129717084782,"SLITRK1;MAPT","GO_Biological_Process_2023","red"
"Negative Regulation Of Gene Expression (GO:0010629)","4/336",0.0880748314359288,0.20929610481011,0,0,2.45582329317269,5.96659083761046,"TRIM71;ATP2B4;CNOT10;MAPT","GO_Biological_Process_2023","red"
"Regulation Of Cell Population Proliferation (GO:0042127)","7/766",0.0891552955375438,0.210866516666622,0,0,1.8981823848584,4.5886196602661,"TRIM71;CDH13;KRAS;THBS1;TRPM4;FGFR1;CDKN3","GO_Biological_Process_2023","red"
"Regulation Of Fibroblast Growth Factor Receptor Signaling Pathway (GO:0040036)","1/19",0.0908825145361798,0.210866516666622,0,0,11.1571268237935,26.7568838212325,"THBS1","GO_Biological_Process_2023","red"
"Regulation Of Granulocyte Chemotaxis (GO:0071622)","1/19",0.0908825145361798,0.210866516666622,0,0,11.1571268237935,26.7568838212325,"THBS1","GO_Biological_Process_2023","red"
"Cyclic Nucleotide Biosynthetic Process (GO:0009190)","1/19",0.0908825145361798,0.210866516666622,0,0,11.1571268237935,26.7568838212325,"GUCY1B1","GO_Biological_Process_2023","red"
"Dopamine Metabolic Process (GO:0042417)","1/19",0.0908825145361798,0.210866516666622,0,0,11.1571268237935,26.7568838212325,"TH","GO_Biological_Process_2023","red"
"Sphingosine Metabolic Process (GO:0006670)","1/19",0.0908825145361798,0.210866516666622,0,0,11.1571268237935,26.7568838212325,"SPTSSA","GO_Biological_Process_2023","red"
"Establishment Of Skin Barrier (GO:0061436)","1/19",0.0908825145361798,0.210866516666622,0,0,11.1571268237935,26.7568838212325,"FGFR1","GO_Biological_Process_2023","red"
"Leukotriene Biosynthetic Process (GO:0019370)","1/19",0.0908825145361798,0.210866516666622,0,0,11.1571268237935,26.7568838212325,"GGT7","GO_Biological_Process_2023","red"
"Protein Heterooligomerization (GO:0051291)","1/19",0.0908825145361798,0.210866516666622,0,0,11.1571268237935,26.7568838212325,"KCNC2","GO_Biological_Process_2023","red"
"Positive Regulation Of Cell Population Proliferation (GO:0008284)","5/483",0.0947849985378783,0.214662229396523,0,0,2.13851574543052,5.0386513109159,"CDH13;KRAS;THBS1;TRPM4;FGFR1","GO_Biological_Process_2023","red"
"Fc-gamma Receptor Signaling Pathway Involved In Phagocytosis (GO:0038096)","1/20",0.0954324164624815,0.214662229396523,0,0,10.5693779904306,24.8310303892707,"LIMK1","GO_Biological_Process_2023","red"
"Regulation Of Fibroblast Migration (GO:0010762)","1/20",0.0954324164624815,0.214662229396523,0,0,10.5693779904306,24.8310303892707,"THBS1","GO_Biological_Process_2023","red"
"Regulation Of Macrophage Chemotaxis (GO:0010758)","1/20",0.0954324164624815,0.214662229396523,0,0,10.5693779904306,24.8310303892707,"THBS1","GO_Biological_Process_2023","red"
"Nuclear-Transcribed mRNA poly(A) Tail Shortening (GO:0000289)","1/20",0.0954324164624815,0.214662229396523,0,0,10.5693779904306,24.8310303892707,"CNOT10","GO_Biological_Process_2023","red"
"Cell Projection Organization (GO:0030030)","1/20",0.0954324164624815,0.214662229396523,0,0,10.5693779904306,24.8310303892707,"PACSIN2","GO_Biological_Process_2023","red"
"Peripheral Nervous System Development (GO:0007422)","1/20",0.0954324164624815,0.214662229396523,0,0,10.5693779904306,24.8310303892707,"SCN8A","GO_Biological_Process_2023","red"
"Response To Ketone (GO:1901654)","1/20",0.0954324164624815,0.214662229396523,0,0,10.5693779904306,24.8310303892707,"THBS1","GO_Biological_Process_2023","red"
"Positive Regulation Of Leukocyte Activation (GO:0002696)","1/20",0.0954324164624815,0.214662229396523,0,0,10.5693779904306,24.8310303892707,"THBS1","GO_Biological_Process_2023","red"
"Transport Along Microtubule (GO:0010970)","1/20",0.0954324164624815,0.214662229396523,0,0,10.5693779904306,24.8310303892707,"DYNC1I1","GO_Biological_Process_2023","red"
"Positive Regulation Of Phospholipase Activity (GO:0010518)","1/20",0.0954324164624815,0.214662229396523,0,0,10.5693779904306,24.8310303892707,"FGFR1","GO_Biological_Process_2023","red"
"Microglial Cell Activation (GO:0001774)","1/20",0.0954324164624815,0.214662229396523,0,0,10.5693779904306,24.8310303892707,"MAPT","GO_Biological_Process_2023","red"
"Cellular Response To Organonitrogen Compound (GO:0071417)","2/105",0.0971124998083677,0.217886928504053,0,0,3.92252823459481,9.1468854610462,"KCNQ1;ATP2B4","GO_Biological_Process_2023","red"
"Positive Regulation Of Cell Motility (GO:2000147)","3/221",0.0991226873008845,0.219867837300567,0,0,2.79230114442448,6.45411629408102,"CARMIL1;CDH13;THBS1","GO_Biological_Process_2023","red"
"Regulation Of Neurotransmitter Transport (GO:0051588)","1/21",0.0999597740324998,0.219867837300567,0,0,10.040404040404,23.1229243332888,"DYSF","GO_Biological_Process_2023","red"
"Skin Epidermis Development (GO:0098773)","1/21",0.0999597740324998,0.219867837300567,0,0,10.040404040404,23.1229243332888,"FGFR1","GO_Biological_Process_2023","red"
"Sodium Ion Import Across Plasma Membrane (GO:0098719)","1/21",0.0999597740324998,0.219867837300567,0,0,10.040404040404,23.1229243332888,"TRPM4","GO_Biological_Process_2023","red"
"Protein Mannosylation (GO:0035268)","1/21",0.0999597740324998,0.219867837300567,0,0,10.040404040404,23.1229243332888,"DPY19L1","GO_Biological_Process_2023","red"
"Negative Regulation Of Biomineral Tissue Development (GO:0070168)","1/21",0.0999597740324998,0.219867837300567,0,0,10.040404040404,23.1229243332888,"TRPM4","GO_Biological_Process_2023","red"
"Regulation Of Cardiac Conduction (GO:1903779)","1/21",0.0999597740324998,0.219867837300567,0,0,10.040404040404,23.1229243332888,"ATP2B4","GO_Biological_Process_2023","red"
"Regulation Of Cellular Response To Stress (GO:0080135)","2/107",0.10023386700467,0.219867837300567,0,0,3.84742468415938,8.85003537243058,"BARD1;MAPT","GO_Biological_Process_2023","red"
"Negative Regulation Of Translation (GO:0017148)","2/107",0.10023386700467,0.219867837300567,0,0,3.84742468415938,8.85003537243058,"TRIM71;CNOT10","GO_Biological_Process_2023","red"
"Cellular Response To Salt (GO:1902075)","2/109",0.1033831480897,0.222522392462865,0,0,3.77512874308602,8.56694989627224,"CPNE6;ATP2B4","GO_Biological_Process_2023","red"
"Protein Polyubiquitination (GO:0000209)","3/226",0.104217508138444,0.222522392462865,0,0,2.72900004622995,6.1710199600052,"BARD1;TRIM71;ZNRF1","GO_Biological_Process_2023","red"
"Fc Receptor Mediated Stimulatory Signaling Pathway (GO:0002431)","1/22",0.104464697819105,0.222522392462865,0,0,9.56180856180856,21.5992275397069,"LIMK1","GO_Biological_Process_2023","red"
"Regulation Of Mononuclear Cell Migration (GO:0071675)","1/22",0.104464697819105,0.222522392462865,0,0,9.56180856180856,21.5992275397069,"THBS1","GO_Biological_Process_2023","red"
"Regulation Of Neural Precursor Cell Proliferation (GO:2000177)","1/22",0.104464697819105,0.222522392462865,0,0,9.56180856180856,21.5992275397069,"TRIM71","GO_Biological_Process_2023","red"
"Oligosaccharide Biosynthetic Process (GO:0009312)","1/22",0.104464697819105,0.222522392462865,0,0,9.56180856180856,21.5992275397069,"ST3GAL4","GO_Biological_Process_2023","red"
"Regulation Of Protein Export From Nucleus (GO:0046825)","1/22",0.104464697819105,0.222522392462865,0,0,9.56180856180856,21.5992275397069,"BARD1","GO_Biological_Process_2023","red"
"Cellular Response To Low-Density Lipoprotein Particle Stimulus (GO:0071404)","1/22",0.104464697819105,0.222522392462865,0,0,9.56180856180856,21.5992275397069,"CDH13","GO_Biological_Process_2023","red"
"Cytoskeleton-Dependent Intracellular Transport (GO:0030705)","1/22",0.104464697819105,0.222522392462865,0,0,9.56180856180856,21.5992275397069,"DYNC1I1","GO_Biological_Process_2023","red"
"Vesicle Transport Along Microtubule (GO:0047496)","1/22",0.104464697819105,0.222522392462865,0,0,9.56180856180856,21.5992275397069,"DYNC1I1","GO_Biological_Process_2023","red"
"Negative Regulation Of Axonogenesis (GO:0050771)","1/22",0.104464697819105,0.222522392462865,0,0,9.56180856180856,21.5992275397069,"RTN4R","GO_Biological_Process_2023","red"
"Regulation Of Cardiac Muscle Cell Membrane Repolarization (GO:0099623)","1/22",0.104464697819105,0.222522392462865,0,0,9.56180856180856,21.5992275397069,"KCNQ1","GO_Biological_Process_2023","red"
"Apoptotic Process (GO:0006915)","3/228",0.106284222826077,0.225355475784085,0,0,2.70446735395189,6.06243794208399,"PRUNE2;ELMO1;ARHGEF6","GO_Biological_Process_2023","red"
"Regulation Of Transforming Growth Factor Beta Receptor Signaling Pathway (GO:0017015)","2/111",0.10655948968071,0.225355475784085,0,0,3.7054858640704,8.29677502072275,"THBS1;DKK3","GO_Biological_Process_2023","red"
"Mitotic Cell Cycle Phase Transition (GO:0044772)","2/111",0.10655948968071,0.225355475784085,0,0,3.7054858640704,8.29677502072275,"TRIM71;CDKN3","GO_Biological_Process_2023","red"
"Regulation Of Cellular Response To Transforming Growth Factor Beta Stimulus (GO:1903844)","1/23",0.108947297836033,0.227681823373648,0,0,9.1267217630854,20.2329475165344,"DKK3","GO_Biological_Process_2023","red"
"Regulation Of Cholesterol Metabolic Process (GO:0090181)","1/23",0.108947297836033,0.227681823373648,0,0,9.1267217630854,20.2329475165344,"MBTPS1","GO_Biological_Process_2023","red"
"Regulation Of Cholesterol Transport (GO:0032374)","1/23",0.108947297836033,0.227681823373648,0,0,9.1267217630854,20.2329475165344,"ABCB4","GO_Biological_Process_2023","red"
"Regulation Of Extracellular Matrix Organization (GO:1903053)","1/23",0.108947297836033,0.227681823373648,0,0,9.1267217630854,20.2329475165344,"PRDM5","GO_Biological_Process_2023","red"
"Positive Regulation Of Epithelial Cell Apoptotic Process (GO:1904037)","1/23",0.108947297836033,0.227681823373648,0,0,9.1267217630854,20.2329475165344,"THBS1","GO_Biological_Process_2023","red"
"Response To Endoplasmic Reticulum Stress (GO:0034976)","2/114",0.111372908000063,0.227846346103694,0,0,3.60568513119534,7.91401436691998,"MBTPS1;THBS1","GO_Biological_Process_2023","red"
"Regulation Of MAP Kinase Activity (GO:0043405)","2/114",0.111372908000063,0.227846346103694,0,0,3.60568513119534,7.91401436691998,"THBS1;FGFR1","GO_Biological_Process_2023","red"
"Negative Regulation Of Canonical Wnt Signaling Pathway (GO:0090090)","2/114",0.111372908000063,0.227846346103694,0,0,3.60568513119534,7.91401436691998,"DKK3;ANKRD6","GO_Biological_Process_2023","red"
"Regulation Of Cytokine Production Involved In Immune Response (GO:0002718)","1/24",0.113407683581024,0.227846346103694,0,0,8.72946859903382,19.0020116101552,"TRPM4","GO_Biological_Process_2023","red"
"Fc-gamma Receptor Signaling Pathway (GO:0038094)","1/24",0.113407683581024,0.227846346103694,0,0,8.72946859903382,19.0020116101552,"LIMK1","GO_Biological_Process_2023","red"
"Negative Regulation Of Ossification (GO:0030279)","1/24",0.113407683581024,0.227846346103694,0,0,8.72946859903382,19.0020116101552,"TRPM4","GO_Biological_Process_2023","red"
"Amyloid Fibril Formation (GO:1990000)","1/24",0.113407683581024,0.227846346103694,0,0,8.72946859903382,19.0020116101552,"MAPT","GO_Biological_Process_2023","red"
"Neuromuscular Junction Development (GO:0007528)","1/24",0.113407683581024,0.227846346103694,0,0,8.72946859903382,19.0020116101552,"CACNB4","GO_Biological_Process_2023","red"
"Regulation Of Supramolecular Fiber Organization (GO:1902903)","1/24",0.113407683581024,0.227846346103694,0,0,8.72946859903382,19.0020116101552,"MAPT","GO_Biological_Process_2023","red"
"Response To Hexose (GO:0009746)","1/24",0.113407683581024,0.227846346103694,0,0,8.72946859903382,19.0020116101552,"THBS1","GO_Biological_Process_2023","red"
"Positive Regulation Of Cellular Response To Transforming Growth Factor Beta Stimulus (GO:1903846)","1/24",0.113407683581024,0.227846346103694,0,0,8.72946859903382,19.0020116101552,"THBS1","GO_Biological_Process_2023","red"
"Stress Granule Assembly (GO:0034063)","1/24",0.113407683581024,0.227846346103694,0,0,8.72946859903382,19.0020116101552,"MAPT","GO_Biological_Process_2023","red"
"Positive Regulation Of Transforming Growth Factor Beta Receptor Signaling Pathway (GO:0030511)","1/24",0.113407683581024,0.227846346103694,0,0,8.72946859903382,19.0020116101552,"THBS1","GO_Biological_Process_2023","red"
"Lipid Translocation (GO:0034204)","1/24",0.113407683581024,0.227846346103694,0,0,8.72946859903382,19.0020116101552,"ABCB4","GO_Biological_Process_2023","red"
"Protein K48-linked Deubiquitination (GO:0071108)","1/24",0.113407683581024,0.227846346103694,0,0,8.72946859903382,19.0020116101552,"OTUD7A","GO_Biological_Process_2023","red"
"Regulation Of Actin Nucleation (GO:0051125)","1/24",0.113407683581024,0.227846346103694,0,0,8.72946859903382,19.0020116101552,"CARMIL1","GO_Biological_Process_2023","red"
"Negative Regulation Of Cell Junction Assembly (GO:1901889)","1/24",0.113407683581024,0.227846346103694,0,0,8.72946859903382,19.0020116101552,"THBS1","GO_Biological_Process_2023","red"
"ATP Biosynthetic Process (GO:0006754)","1/25",0.117845964040422,0.232535339758332,0,0,8.36531986531987,17.8882067340701,"SLC25A13","GO_Biological_Process_2023","red"
"Negative Regulation Of Intracellular Protein Transport (GO:0090317)","1/25",0.117845964040422,0.232535339758332,0,0,8.36531986531987,17.8882067340701,"BARD1","GO_Biological_Process_2023","red"
"Negative Regulation Of Response To Wounding (GO:1903035)","1/25",0.117845964040422,0.232535339758332,0,0,8.36531986531987,17.8882067340701,"RTN4R","GO_Biological_Process_2023","red"
"Carbohydrate Biosynthetic Process (GO:0016051)","1/25",0.117845964040422,0.232535339758332,0,0,8.36531986531987,17.8882067340701,"ST3GAL4","GO_Biological_Process_2023","red"
"Inner Ear Morphogenesis (GO:0042472)","1/25",0.117845964040422,0.232535339758332,0,0,8.36531986531987,17.8882067340701,"TTC39C","GO_Biological_Process_2023","red"
"Mitotic Cell Cycle Checkpoint Signaling (GO:0007093)","1/25",0.117845964040422,0.232535339758332,0,0,8.36531986531987,17.8882067340701,"BARD1","GO_Biological_Process_2023","red"
"Regulation Of Actin Cytoskeleton Reorganization (GO:2000249)","1/25",0.117845964040422,0.232535339758332,0,0,8.36531986531987,17.8882067340701,"CARMIL1","GO_Biological_Process_2023","red"
"Regulation Of Cell Cycle Phase Transition (GO:1901987)","1/25",0.117845964040422,0.232535339758332,0,0,8.36531986531987,17.8882067340701,"ATP2B4","GO_Biological_Process_2023","red"
"Negative Regulation Of Insulin Receptor Signaling Pathway (GO:0046627)","1/26",0.122262247628669,0.236498527141671,0,0,8.03030303030303,16.8763802180029,"GRB14","GO_Biological_Process_2023","red"
"L-amino Acid Transport (GO:0015807)","1/26",0.122262247628669,0.236498527141671,0,0,8.03030303030303,16.8763802180029,"SLC38A1","GO_Biological_Process_2023","red"
"Plasma Membrane Invagination (GO:0099024)","1/26",0.122262247628669,0.236498527141671,0,0,8.03030303030303,16.8763802180029,"ELMO1","GO_Biological_Process_2023","red"
"Cellular Response To Xenobiotic Stimulus (GO:0071466)","1/26",0.122262247628669,0.236498527141671,0,0,8.03030303030303,16.8763802180029,"KCNQ1","GO_Biological_Process_2023","red"
"Regulation Of Vasoconstriction (GO:0019229)","1/26",0.122262247628669,0.236498527141671,0,0,8.03030303030303,16.8763802180029,"TRPM4","GO_Biological_Process_2023","red"
"Positive Regulation Of Microtubule Polymerization Or Depolymerization (GO:0031112)","1/26",0.122262247628669,0.236498527141671,0,0,8.03030303030303,16.8763802180029,"MAPT","GO_Biological_Process_2023","red"
"miRNA-mediated Gene Silencing (GO:0035195)","1/26",0.122262247628669,0.236498527141671,0,0,8.03030303030303,16.8763802180029,"TRIM71","GO_Biological_Process_2023","red"
"Regulation Of Actin Filament Bundle Assembly (GO:0032231)","1/26",0.122262247628669,0.236498527141671,0,0,8.03030303030303,16.8763802180029,"LIMK1","GO_Biological_Process_2023","red"
"Regulation Of Cardiac Muscle Cell Contraction (GO:0086004)","1/26",0.122262247628669,0.236498527141671,0,0,8.03030303030303,16.8763802180029,"TRPM4","GO_Biological_Process_2023","red"
"Potassium Ion Transport (GO:0006813)","2/122",0.124476246905678,0.240255463459867,0,0,3.36394557823129,7.00925280654715,"KCNC2;KCNQ1","GO_Biological_Process_2023","red"
"Organonitrogen Compound Biosynthetic Process (GO:1901566)","2/123",0.126139752927233,0.240783810313331,0,0,3.33597571259909,6.90668681067367,"ST3GAL4;SPTSSA","GO_Biological_Process_2023","red"
"Regulation Of Extrinsic Apoptotic Signaling Pathway In Absence Of Ligand (GO:2001239)","1/27",0.126656642302827,0.240783810313331,0,0,7.72105672105672,15.9538300108164,"FGFR1","GO_Biological_Process_2023","red"
"Regulation Of Insulin Secretion Involved In Cellular Response To Glucose Stimulus (GO:0061178)","1/27",0.126656642302827,0.240783810313331,0,0,7.72105672105672,15.9538300108164,"TRPM4","GO_Biological_Process_2023","red"
"Regulation Of Microtubule Polymerization Or Depolymerization (GO:0031110)","1/27",0.126656642302827,0.240783810313331,0,0,7.72105672105672,15.9538300108164,"MAPT","GO_Biological_Process_2023","red"
"Regulation Of Mitochondrial Fission (GO:0090140)","1/27",0.126656642302827,0.240783810313331,0,0,7.72105672105672,15.9538300108164,"MAPT","GO_Biological_Process_2023","red"
"Microtubule Polymerization Or Depolymerization (GO:0031109)","1/27",0.126656642302827,0.240783810313331,0,0,7.72105672105672,15.9538300108164,"MAPT","GO_Biological_Process_2023","red"
"Negative Regulation Of Cellular Response To Insulin Stimulus (GO:1900077)","1/27",0.126656642302827,0.240783810313331,0,0,7.72105672105672,15.9538300108164,"GRB14","GO_Biological_Process_2023","red"
"Enzyme-Linked Receptor Protein Signaling Pathway (GO:0007167)","2/124",0.127808625420924,0.241933243837466,0,0,3.3084643693543,6.80624319809133,"PTPRD;FGFR1","GO_Biological_Process_2023","red"
"Protein Dephosphorylation (GO:0006470)","2/124",0.127808625420924,0.241933243837466,0,0,3.3084643693543,6.80624319809133,"PTPRD;PTPRM","GO_Biological_Process_2023","red"
"Regulation Of Chemotaxis (GO:0050920)","1/28",0.131029255394866,0.244883428687233,0,0,7.43471754582866,15.1098341340557,"THBS1","GO_Biological_Process_2023","red"
"Apoptotic Cell Clearance (GO:0043277)","1/28",0.131029255394866,0.244883428687233,0,0,7.43471754582866,15.1098341340557,"THBS1","GO_Biological_Process_2023","red"
"Regulation Of Nitric-Oxide Synthase Activity (GO:0050999)","1/28",0.131029255394866,0.244883428687233,0,0,7.43471754582866,15.1098341340557,"ATP2B4","GO_Biological_Process_2023","red"
"Fatty Acid Derivative Biosynthetic Process (GO:1901570)","1/28",0.131029255394866,0.244883428687233,0,0,7.43471754582866,15.1098341340557,"GGT7","GO_Biological_Process_2023","red"
"Negative Regulation Of G2/M Transition Of Mitotic Cell Cycle (GO:0010972)","1/28",0.131029255394866,0.244883428687233,0,0,7.43471754582866,15.1098341340557,"BARD1","GO_Biological_Process_2023","red"
"Regulation Of Cardiac Muscle Cell Action Potential (GO:0098901)","1/28",0.131029255394866,0.244883428687233,0,0,7.43471754582866,15.1098341340557,"TRPM4","GO_Biological_Process_2023","red"
"Negative Regulation Of Plasma Membrane Bounded Cell Projection Assembly (GO:0120033)","1/29",0.13538019382269,0.247776586623723,0,0,7.16883116883117,14.3352837783296,"LIMK2","GO_Biological_Process_2023","red"
"Alpha-Amino Acid Metabolic Process (GO:1901605)","1/29",0.13538019382269,0.247776586623723,0,0,7.16883116883117,14.3352837783296,"SLC25A13","GO_Biological_Process_2023","red"
"Carbohydrate Derivative Biosynthetic Process (GO:1901137)","1/29",0.13538019382269,0.247776586623723,0,0,7.16883116883117,14.3352837783296,"ST3GAL4","GO_Biological_Process_2023","red"
"Cardiac Muscle Cell Action Potential (GO:0086001)","1/29",0.13538019382269,0.247776586623723,0,0,7.16883116883117,14.3352837783296,"KCNQ1","GO_Biological_Process_2023","red"
"Regulation Of Voltage-Gated Calcium Channel Activity (GO:1901385)","1/29",0.13538019382269,0.247776586623723,0,0,7.16883116883117,14.3352837783296,"CACNB4","GO_Biological_Process_2023","red"
"Response To Alcohol (GO:0097305)","1/29",0.13538019382269,0.247776586623723,0,0,7.16883116883117,14.3352837783296,"TH","GO_Biological_Process_2023","red"
"Positive Regulation Of Calcium Ion Transport (GO:0051928)","1/29",0.13538019382269,0.247776586623723,0,0,7.16883116883117,14.3352837783296,"TRPC6","GO_Biological_Process_2023","red"
"Response To Steroid Hormone (GO:0048545)","1/29",0.13538019382269,0.247776586623723,0,0,7.16883116883117,14.3352837783296,"THBS1","GO_Biological_Process_2023","red"
"Positive Regulation Of Microtubule Polymerization (GO:0031116)","1/29",0.13538019382269,0.247776586623723,0,0,7.16883116883117,14.3352837783296,"MAPT","GO_Biological_Process_2023","red"
"Protein Acetylation (GO:0006473)","1/29",0.13538019382269,0.247776586623723,0,0,7.16883116883117,14.3352837783296,"MAPT","GO_Biological_Process_2023","red"
"Protein Homooligomerization (GO:0051260)","2/129",0.136230230372323,0.248817197622176,0,0,3.17740639562912,6.33387036002479,"KCNC2;TRPM4","GO_Biological_Process_2023","red"
"Negative Regulation Of Epithelial To Mesenchymal Transition (GO:0010719)","1/30",0.139709563918842,0.250613080329053,0,0,6.92128178335075,13.6223945108193,"USF3","GO_Biological_Process_2023","red"
"Cardiac Muscle Cell Action Potential Involved In Contraction (GO:0086002)","1/30",0.139709563918842,0.250613080329053,0,0,6.92128178335075,13.6223945108193,"KCNQ1","GO_Biological_Process_2023","red"
"Positive Regulation Of Lipid Kinase Activity (GO:0090218)","1/30",0.139709563918842,0.250613080329053,0,0,6.92128178335075,13.6223945108193,"MAPT","GO_Biological_Process_2023","red"
"Positive Regulation Of Locomotion (GO:0040017)","1/30",0.139709563918842,0.250613080329053,0,0,6.92128178335075,13.6223945108193,"THBS1","GO_Biological_Process_2023","red"
"Positive Regulation Of Phosphate Metabolic Process (GO:0045937)","1/30",0.139709563918842,0.250613080329053,0,0,6.92128178335075,13.6223945108193,"THBS1","GO_Biological_Process_2023","red"
"Regulation Of Arp2/3 Complex-Mediated Actin Nucleation (GO:0034315)","1/30",0.139709563918842,0.250613080329053,0,0,6.92128178335075,13.6223945108193,"CARMIL1","GO_Biological_Process_2023","red"
"Negative Regulation Of Axon Extension (GO:0030517)","1/30",0.139709563918842,0.250613080329053,0,0,6.92128178335075,13.6223945108193,"RTN4R","GO_Biological_Process_2023","red"
"Regulation Of Cell Migration Involved In Sprouting Angiogenesis (GO:0090049)","1/30",0.139709563918842,0.250613080329053,0,0,6.92128178335075,13.6223945108193,"THBS1","GO_Biological_Process_2023","red"
"Negative Regulation Of Developmental Growth (GO:0048640)","1/31",0.144017471501311,0.250613080329053,0,0,6.69023569023569,12.9644769200402,"RTN4R","GO_Biological_Process_2023","red"
"Regulation Of Dendrite Morphogenesis (GO:0048814)","1/31",0.144017471501311,0.250613080329053,0,0,6.69023569023569,12.9644769200402,"PTPRD","GO_Biological_Process_2023","red"
"Regulation Of Extrinsic Apoptotic Signaling Pathway Via Death Domain Receptors (GO:1902041)","1/31",0.144017471501311,0.250613080329053,0,0,6.69023569023569,12.9644769200402,"THBS1","GO_Biological_Process_2023","red"
"Actin Filament Polymerization (GO:0030041)","1/31",0.144017471501311,0.250613080329053,0,0,6.69023569023569,12.9644769200402,"MSRB2","GO_Biological_Process_2023","red"
"Regulation Of Macrophage Activation (GO:0043030)","1/31",0.144017471501311,0.250613080329053,0,0,6.69023569023569,12.9644769200402,"THBS1","GO_Biological_Process_2023","red"
"Cellular Response To cAMP (GO:0071320)","1/31",0.144017471501311,0.250613080329053,0,0,6.69023569023569,12.9644769200402,"KCNQ1","GO_Biological_Process_2023","red"
"Phospholipid Translocation (GO:0045332)","1/31",0.144017471501311,0.250613080329053,0,0,6.69023569023569,12.9644769200402,"ABCB4","GO_Biological_Process_2023","red"
"Regulation Of Transmembrane Receptor Protein Serine/Threonine Kinase Signaling Pathway (GO:0090092)","1/31",0.144017471501311,0.250613080329053,0,0,6.69023569023569,12.9644769200402,"DKK3","GO_Biological_Process_2023","red"
"Central Nervous System Neuron Differentiation (GO:0021953)","1/31",0.144017471501311,0.250613080329053,0,0,6.69023569023569,12.9644769200402,"MAPT","GO_Biological_Process_2023","red"
"Positive Regulation Of Rho Protein Signal Transduction (GO:0035025)","1/31",0.144017471501311,0.250613080329053,0,0,6.69023569023569,12.9644769200402,"RTN4R","GO_Biological_Process_2023","red"
"Positive Regulation Of Cholesterol Transport (GO:0032376)","1/31",0.144017471501311,0.250613080329053,0,0,6.69023569023569,12.9644769200402,"ABCB4","GO_Biological_Process_2023","red"
"Positive Regulation Of Extrinsic Apoptotic Signaling Pathway (GO:2001238)","1/31",0.144017471501311,0.250613080329053,0,0,6.69023569023569,12.9644769200402,"THBS1","GO_Biological_Process_2023","red"
"Positive Regulation Of Lamellipodium Organization (GO:1902745)","1/31",0.144017471501311,0.250613080329053,0,0,6.69023569023569,12.9644769200402,"CARMIL1","GO_Biological_Process_2023","red"
"Glutamine Family Amino Acid Metabolic Process (GO:0009064)","1/31",0.144017471501311,0.250613080329053,0,0,6.69023569023569,12.9644769200402,"SLC38A1","GO_Biological_Process_2023","red"
"Negative Regulation Of Cell-Matrix Adhesion (GO:0001953)","1/31",0.144017471501311,0.250613080329053,0,0,6.69023569023569,12.9644769200402,"THBS1","GO_Biological_Process_2023","red"
"Negative Regulation Of Chemotaxis (GO:0050922)","1/31",0.144017471501311,0.250613080329053,0,0,6.69023569023569,12.9644769200402,"THBS1","GO_Biological_Process_2023","red"
"Non-Membrane-Bounded Organelle Assembly (GO:0140694)","2/135",0.146494146719129,0.254071231375264,0,0,3.03314408470155,5.82597157350083,"STARD9;MAPT","GO_Biological_Process_2023","red"
"Regulation Of Protein Kinase B Signaling (GO:0051896)","2/136",0.148220323777077,0.254071231375264,0,0,3.01035638135851,5.7469372202272,"THBS1;FGFR1","GO_Biological_Process_2023","red"
"Negative Regulation Of Osteoblast Differentiation (GO:0045668)","1/32",0.148304021933978,0.254071231375264,0,0,6.47409579667644,12.3557529781019,"TRPM4","GO_Biological_Process_2023","red"
"Cellular Nitrogen Compound Biosynthetic Process (GO:0044271)","1/32",0.148304021933978,0.254071231375264,0,0,6.47409579667644,12.3557529781019,"SPTSSA","GO_Biological_Process_2023","red"
"Regulation Of Ubiquitin-Protein Transferase Activity (GO:0051438)","1/32",0.148304021933978,0.254071231375264,0,0,6.47409579667644,12.3557529781019,"LIMK1","GO_Biological_Process_2023","red"
"Gluconeogenesis (GO:0006094)","1/32",0.148304021933978,0.254071231375264,0,0,6.47409579667644,12.3557529781019,"SLC25A13","GO_Biological_Process_2023","red"
"miRNA Processing (GO:0035196)","1/32",0.148304021933978,0.254071231375264,0,0,6.47409579667644,12.3557529781019,"TRIM71","GO_Biological_Process_2023","red"
"Regulation Of Calcium Ion Transmembrane Transporter Activity (GO:1901019)","1/32",0.148304021933978,0.254071231375264,0,0,6.47409579667644,12.3557529781019,"CACNB4","GO_Biological_Process_2023","red"
"Negative Regulation Of Signal Transduction (GO:0009968)","3/267",0.149565124437066,0.255736112190263,0,0,2.30037488284911,4.37076602806576,"GRB14;THBS1;DKK3","GO_Biological_Process_2023","red"
"Potassium Ion Transmembrane Transport (GO:0071805)","2/137",0.149950708084332,0.25590043619025,0,0,2.98790627362056,5.66939873017379,"KCNC2;KCNQ1","GO_Biological_Process_2023","red"
"Negative Regulation Of Endocytosis (GO:0045806)","1/33",0.152569319997184,0.25640927543253,0,0,6.27146464646465,11.7912078898077,"DYSF","GO_Biological_Process_2023","red"
"Regulation Of Potassium Ion Transmembrane Transport (GO:1901379)","1/33",0.152569319997184,0.25640927543253,0,0,6.27146464646465,11.7912078898077,"KCNQ1","GO_Biological_Process_2023","red"
"Cardiac Muscle Contraction (GO:0060048)","1/33",0.152569319997184,0.25640927543253,0,0,6.27146464646465,11.7912078898077,"KCNQ1","GO_Biological_Process_2023","red"
"Regulation Of Protein Polymerization (GO:0032271)","1/33",0.152569319997184,0.25640927543253,0,0,6.27146464646465,11.7912078898077,"MAPT","GO_Biological_Process_2023","red"
"Regulation Of Sprouting Angiogenesis (GO:1903670)","1/33",0.152569319997184,0.25640927543253,0,0,6.27146464646465,11.7912078898077,"THBS1","GO_Biological_Process_2023","red"
"Positive Regulation Of Ion Transmembrane Transporter Activity (GO:0032414)","1/33",0.152569319997184,0.25640927543253,0,0,6.27146464646465,11.7912078898077,"TRPC6","GO_Biological_Process_2023","red"
"Glycolipid Metabolic Process (GO:0006664)","1/33",0.152569319997184,0.25640927543253,0,0,6.27146464646465,11.7912078898077,"ST3GAL4","GO_Biological_Process_2023","red"
"Inositol Lipid-Mediated Signaling (GO:0048017)","1/33",0.152569319997184,0.25640927543253,0,0,6.27146464646465,11.7912078898077,"FGFR1","GO_Biological_Process_2023","red"
"Intracellular Calcium Ion Homeostasis (GO:0006874)","2/139",0.1534237633251,0.257355990093716,0,0,2.94398927454193,5.51865948464525,"TRPC6;ATP2B4","GO_Biological_Process_2023","red"
"Negative Regulation Of Wnt Signaling Pathway (GO:0030178)","2/140",0.155166268510966,0.25814358939096,0,0,2.92250813368826,5.44538676806967,"DKK3;ANKRD6","GO_Biological_Process_2023","red"
"Positive Regulation Of Cell Migration (GO:0030335)","3/272",0.155480979652517,0.25814358939096,0,0,2.25704211857586,4.20087872797176,"CARMIL1;CDH13;THBS1","GO_Biological_Process_2023","red"
"Chemical Synaptic Transmission (GO:0007268)","3/273",0.156673007718011,0.25814358939096,0,0,2.24856815578465,4.16793333926341,"CACNB4;TH;DLGAP2","GO_Biological_Process_2023","red"
"ATP Metabolic Process (GO:0046034)","1/34",0.156813470025957,0.25814358939096,0,0,6.08111417202326,11.2664696999635,"SLC25A13","GO_Biological_Process_2023","red"
"Negative Regulation Of Mitotic Cell Cycle (GO:0045930)","1/34",0.156813470025957,0.25814358939096,0,0,6.08111417202326,11.2664696999635,"TOM1L2","GO_Biological_Process_2023","red"
"Positive Regulation Of Neuron Death (GO:1901216)","1/34",0.156813470025957,0.25814358939096,0,0,6.08111417202326,11.2664696999635,"MAPT","GO_Biological_Process_2023","red"
"Histone Deubiquitination (GO:0016578)","1/34",0.156813470025957,0.25814358939096,0,0,6.08111417202326,11.2664696999635,"BARD1","GO_Biological_Process_2023","red"
"Membrane Protein Proteolysis (GO:0033619)","1/34",0.156813470025957,0.25814358939096,0,0,6.08111417202326,11.2664696999635,"MBTPS1","GO_Biological_Process_2023","red"
"Microtubule Polymerization (GO:0046785)","1/34",0.156813470025957,0.25814358939096,0,0,6.08111417202326,11.2664696999635,"MAPT","GO_Biological_Process_2023","red"
"Negative Regulation Of Cell Cycle Process (GO:0010948)","1/34",0.156813470025957,0.25814358939096,0,0,6.08111417202326,11.2664696999635,"TOM1L2","GO_Biological_Process_2023","red"
"Action Potential (GO:0001508)","1/35",0.161036575774195,0.2612042807053,0,0,5.90196078431373,10.7777108251808,"KCNQ1","GO_Biological_Process_2023","red"
"Neutral Amino Acid Transport (GO:0015804)","1/35",0.161036575774195,0.2612042807053,0,0,5.90196078431373,10.7777108251808,"SLC38A1","GO_Biological_Process_2023","red"
"Regulation Of Sodium Ion Transport (GO:0002028)","1/35",0.161036575774195,0.2612042807053,0,0,5.90196078431373,10.7777108251808,"ATP2B4","GO_Biological_Process_2023","red"
"Regulatory ncRNA Processing (GO:0070918)","1/35",0.161036575774195,0.2612042807053,0,0,5.90196078431373,10.7777108251808,"TRIM71","GO_Biological_Process_2023","red"
"Skeletal Muscle Organ Development (GO:0060538)","1/35",0.161036575774195,0.2612042807053,0,0,5.90196078431373,10.7777108251808,"IGSF8","GO_Biological_Process_2023","red"
"Hexose Biosynthetic Process (GO:0019319)","1/35",0.161036575774195,0.2612042807053,0,0,5.90196078431373,10.7777108251808,"SLC25A13","GO_Biological_Process_2023","red"
"Positive Regulation Of Substrate Adhesion-Dependent Cell Spreading (GO:1900026)","1/35",0.161036575774195,0.2612042807053,0,0,5.90196078431373,10.7777108251808,"CARMIL1","GO_Biological_Process_2023","red"
"Regulation Of Cardiac Muscle Contraction (GO:0055117)","1/35",0.161036575774195,0.2612042807053,0,0,5.90196078431373,10.7777108251808,"KCNQ1","GO_Biological_Process_2023","red"
"Actin Filament Organization (GO:0007015)","2/144",0.162174238541576,0.2625678147816,0,0,2.83960908306985,5.16548737879535,"CARMIL1;ELMO1","GO_Biological_Process_2023","red"
"Negative Regulation Of Organelle Assembly (GO:1902116)","1/36",0.165238740567014,0.266067480257269,0,0,5.73304473304473,10.3215669941692,"LIMK2","GO_Biological_Process_2023","red"
"Positive Regulation Of Phospholipase C Activity (GO:0010863)","1/36",0.165238740567014,0.266067480257269,0,0,5.73304473304473,10.3215669941692,"FGFR1","GO_Biological_Process_2023","red"
"Lytic Vacuole Organization (GO:0080171)","1/36",0.165238740567014,0.266067480257269,0,0,5.73304473304473,10.3215669941692,"MBTPS1","GO_Biological_Process_2023","red"
"Negative Regulation Of Protein Metabolic Process (GO:0051248)","2/147",0.167467830513668,0.268191235822614,0,0,2.78043631245602,4.96853960242873,"TRIM71;CNOT10","GO_Biological_Process_2023","red"
"Dephosphorylation (GO:0016311)","2/147",0.167467830513668,0.268191235822614,0,0,2.78043631245602,4.96853960242873,"PTPRD;PTPRM","GO_Biological_Process_2023","red"
"Protein Glycosylation (GO:0006486)","2/147",0.167467830513668,0.268191235822614,0,0,2.78043631245602,4.96853960242873,"FUT10;ST3GAL4","GO_Biological_Process_2023","red"
"Calcium Ion Import Across Plasma Membrane (GO:0098703)","1/37",0.169420067180126,0.270338157738684,0,0,5.57351290684624,9.89507014564132,"SCN8A","GO_Biological_Process_2023","red"
"Muscle Tissue Development (GO:0060537)","1/37",0.169420067180126,0.270338157738684,0,0,5.57351290684624,9.89507014564132,"IGSF8","GO_Biological_Process_2023","red"
"Transmembrane Receptor Protein Tyrosine Kinase Signaling Pathway (GO:0007169)","3/284",0.169970623012711,0.270727983321146,0,0,2.1593352166416,3.82662198906307,"TRIM71;GRB14;FGFR1","GO_Biological_Process_2023","red"
"Neuron Development (GO:0048666)","2/150",0.172791328093857,0.274009467163495,0,0,2.72366243794815,4.7818540898178,"PTPRM;MAPT","GO_Biological_Process_2023","red"
"Regulation Of Neurotransmitter Secretion (GO:0046928)","1/38",0.173580657931626,0.274009467163495,0,0,5.42260442260442,9.49559255823113,"DYSF","GO_Biological_Process_2023","red"
"Response To cAMP (GO:0051591)","1/38",0.173580657931626,0.274009467163495,0,0,5.42260442260442,9.49559255823113,"KCNQ1","GO_Biological_Process_2023","red"
"Import Into Cell (GO:0098657)","1/38",0.173580657931626,0.274009467163495,0,0,5.42260442260442,9.49559255823113,"SLC38A1","GO_Biological_Process_2023","red"
"Membrane Assembly (GO:0071709)","1/38",0.173580657931626,0.274009467163495,0,0,5.42260442260442,9.49559255823113,"PTPRD","GO_Biological_Process_2023","red"
"Cellular Response To Organic Cyclic Compound (GO:0071407)","2/152",0.176355929682795,0.275622847857066,0,0,2.68707482993197,4.66274928128808,"KCNQ1;ABCB4","GO_Biological_Process_2023","red"
"Positive Regulation Of Cellular Process (GO:0048522)","5/594",0.176661733322728,0.275622847857066,0,0,1.72558305781431,2.99133012999156,"KRAS;MAPT;THBS1;TRPM4;FGFR1","GO_Biological_Process_2023","red"
"Negative Regulation Of Mitochondrion Organization (GO:0010823)","1/39",0.17772061456847,0.275622847857066,0,0,5.27963849016481,9.12080010262218,"MAPT","GO_Biological_Process_2023","red"
"Regulation Of Mitochondrial Membrane Potential (GO:0051881)","1/39",0.17772061456847,0.275622847857066,0,0,5.27963849016481,9.12080010262218,"MAPT","GO_Biological_Process_2023","red"
"Regulation Of Nitric Oxide Biosynthetic Process (GO:0045428)","1/39",0.17772061456847,0.275622847857066,0,0,5.27963849016481,9.12080010262218,"ATP2B4","GO_Biological_Process_2023","red"
"Axonal Transport (GO:0098930)","1/39",0.17772061456847,0.275622847857066,0,0,5.27963849016481,9.12080010262218,"MAPT","GO_Biological_Process_2023","red"
"Nuclear-Transcribed mRNA Catabolic Process, Deadenylation-Dependent Decay (GO:0000288)","1/39",0.17772061456847,0.275622847857066,0,0,5.27963849016481,9.12080010262218,"CNOT10","GO_Biological_Process_2023","red"
"Carboxylic Acid Transmembrane Transport (GO:1905039)","1/39",0.17772061456847,0.275622847857066,0,0,5.27963849016481,9.12080010262218,"SLC38A1","GO_Biological_Process_2023","red"
"Vesicle Cytoskeletal Trafficking (GO:0099518)","1/39",0.17772061456847,0.275622847857066,0,0,5.27963849016481,9.12080010262218,"DYNC1I1","GO_Biological_Process_2023","red"
"Negative Regulation Of Cell-Substrate Adhesion (GO:0010812)","1/39",0.17772061456847,0.275622847857066,0,0,5.27963849016481,9.12080010262218,"THBS1","GO_Biological_Process_2023","red"
"Cellular Response To Growth Factor Stimulus (GO:0071363)","2/155",0.181724756491973,0.278590284204413,0,0,2.63398692810458,4.49163798449718,"KIDINS220;MAPT","GO_Biological_Process_2023","red"
"Regulation Of Microtubule Cytoskeleton Organization (GO:0070507)","1/40",0.181840038445641,0.278590284204413,0,0,5.14400414400414,8.76861291991989,"MAPT","GO_Biological_Process_2023","red"
"Regulation Of Microtubule Polymerization (GO:0031113)","1/40",0.181840038445641,0.278590284204413,0,0,5.14400414400414,8.76861291991989,"MAPT","GO_Biological_Process_2023","red"
"Cyclic-Nucleotide-Mediated Signaling (GO:0019935)","1/40",0.181840038445641,0.278590284204413,0,0,5.14400414400414,8.76861291991989,"GUCY1B1","GO_Biological_Process_2023","red"
"Endothelial Cell Migration (GO:0043542)","1/40",0.181840038445641,0.278590284204413,0,0,5.14400414400414,8.76861291991989,"CDH13","GO_Biological_Process_2023","red"
"Positive Regulation Of Insulin Secretion (GO:0032024)","1/40",0.181840038445641,0.278590284204413,0,0,5.14400414400414,8.76861291991989,"TRPM4","GO_Biological_Process_2023","red"
"Positive Regulation Of Monoatomic Ion Transport (GO:0043270)","1/40",0.181840038445641,0.278590284204413,0,0,5.14400414400414,8.76861291991989,"TRPC6","GO_Biological_Process_2023","red"
"O-glycan Processing (GO:0016266)","1/41",0.185939030336605,0.281938426788265,0,0,5.01515151515152,8.43717221072756,"ST3GAL4","GO_Biological_Process_2023","red"
"Regulation Of Microtubule-Based Process (GO:0032886)","1/41",0.185939030336605,0.281938426788265,0,0,5.01515151515152,8.43717221072756,"MAPT","GO_Biological_Process_2023","red"
"Axoneme Assembly (GO:0035082)","1/41",0.185939030336605,0.281938426788265,0,0,5.01515151515152,8.43717221072756,"SPAG16","GO_Biological_Process_2023","red"
"Carbohydrate Catabolic Process (GO:0016052)","1/41",0.185939030336605,0.281938426788265,0,0,5.01515151515152,8.43717221072756,"MANBA","GO_Biological_Process_2023","red"
"Positive Regulation Of Actin Filament Polymerization (GO:0030838)","1/41",0.185939030336605,0.281938426788265,0,0,5.01515151515152,8.43717221072756,"CARMIL1","GO_Biological_Process_2023","red"
"Heart Contraction (GO:0060047)","1/41",0.185939030336605,0.281938426788265,0,0,5.01515151515152,8.43717221072756,"KCNQ1","GO_Biological_Process_2023","red"
"DNA Recombination (GO:0006310)","1/42",0.190017690585897,0.284222738541342,0,0,4.89258438038926,8.12481204328322,"BARD1","GO_Biological_Process_2023","red"
"Regulation Of Neurotransmitter Receptor Activity (GO:0099601)","1/42",0.190017690585897,0.284222738541342,0,0,4.89258438038926,8.12481204328322,"DLGAP2","GO_Biological_Process_2023","red"
"Ceramide Biosynthetic Process (GO:0046513)","1/42",0.190017690585897,0.284222738541342,0,0,4.89258438038926,8.12481204328322,"SPTSSA","GO_Biological_Process_2023","red"
"Skeletal Muscle Tissue Development (GO:0007519)","1/42",0.190017690585897,0.284222738541342,0,0,4.89258438038926,8.12481204328322,"IGSF8","GO_Biological_Process_2023","red"
"Positive Regulation Of Neuron Differentiation (GO:0045666)","1/42",0.190017690585897,0.284222738541342,0,0,4.89258438038926,8.12481204328322,"FGFR1","GO_Biological_Process_2023","red"
"Keratinocyte Differentiation (GO:0030216)","1/42",0.190017690585897,0.284222738541342,0,0,4.89258438038926,8.12481204328322,"FGFR1","GO_Biological_Process_2023","red"
"Monoatomic Cation Transport (GO:0006812)","1/42",0.190017690585897,0.284222738541342,0,0,4.89258438038926,8.12481204328322,"TRPC6","GO_Biological_Process_2023","red"
"Regulation Of Axonogenesis (GO:0050770)","1/42",0.190017690585897,0.284222738541342,0,0,4.89258438038926,8.12481204328322,"SLITRK1","GO_Biological_Process_2023","red"
"Regulation Of Chromosome Organization (GO:0033044)","1/43",0.19407611900782,0.285382671295111,0,0,4.77585377585378,7.83003533696715,"MAPT","GO_Biological_Process_2023","red"
"Regulation Of Endothelial Cell Apoptotic Process (GO:2000351)","1/43",0.19407611900782,0.285382671295111,0,0,4.77585377585378,7.83003533696715,"THBS1","GO_Biological_Process_2023","red"
"Positive Regulation Of Cell-Matrix Adhesion (GO:0001954)","1/43",0.19407611900782,0.285382671295111,0,0,4.77585377585378,7.83003533696715,"CDH13","GO_Biological_Process_2023","red"
"Skeletal System Morphogenesis (GO:0048705)","1/43",0.19407611900782,0.285382671295111,0,0,4.77585377585378,7.83003533696715,"FGFR1","GO_Biological_Process_2023","red"
"Energy Derivation By Oxidation Of Organic Compounds (GO:0015980)","1/43",0.19407611900782,0.285382671295111,0,0,4.77585377585378,7.83003533696715,"SLC25A13","GO_Biological_Process_2023","red"
"Glycolipid Biosynthetic Process (GO:0009247)","1/43",0.19407611900782,0.285382671295111,0,0,4.77585377585378,7.83003533696715,"ST3GAL4","GO_Biological_Process_2023","red"
"Learning (GO:0007612)","1/43",0.19407611900782,0.285382671295111,0,0,4.77585377585378,7.83003533696715,"TH","GO_Biological_Process_2023","red"
"Lysosome Organization (GO:0007040)","1/43",0.19407611900782,0.285382671295111,0,0,4.77585377585378,7.83003533696715,"MBTPS1","GO_Biological_Process_2023","red"
"mRNA Catabolic Process (GO:0006402)","1/43",0.19407611900782,0.285382671295111,0,0,4.77585377585378,7.83003533696715,"CNOT10","GO_Biological_Process_2023","red"
"mRNA Destabilization (GO:0061157)","1/43",0.19407611900782,0.285382671295111,0,0,4.77585377585378,7.83003533696715,"TRIM71","GO_Biological_Process_2023","red"
"Regulation Of Macromolecule Metabolic Process (GO:0060255)","2/162",0.194344307827666,0.285382671295111,0,0,2.51785714285714,4.12456198860435,"PEG3;AFF1","GO_Biological_Process_2023","red"
"Regulation Of Insulin Receptor Signaling Pathway (GO:0046626)","1/44",0.1981144149655,0.28995553448593,0,0,4.6645525017618,7.55149331126355,"GRB14","GO_Biological_Process_2023","red"
"Regulation Of Transport (GO:0051049)","1/44",0.1981144149655,0.28995553448593,0,0,4.6645525017618,7.55149331126355,"MBTPS1","GO_Biological_Process_2023","red"
"Establishment Of Protein Localization To Extracellular Region (GO:0035592)","1/45",0.202132677279174,0.295347581346761,0,0,4.55831037649219,7.28796784173202,"TANGO2","GO_Biological_Process_2023","red"
"Regulation Of Epidermal Growth Factor Receptor Signaling Pathway (GO:0042058)","1/46",0.206131004383124,0.297744784108956,0,0,4.45679012345679,7.03835624820852,"CDH13","GO_Biological_Process_2023","red"
"Amino Acid Transport (GO:0006865)","1/46",0.206131004383124,0.297744784108956,0,0,4.45679012345679,7.03835624820852,"SLC38A1","GO_Biological_Process_2023","red"
"Replication Fork Processing (GO:0031297)","1/46",0.206131004383124,0.297744784108956,0,0,4.45679012345679,7.03835624820852,"BARD1","GO_Biological_Process_2023","red"
"Response To Glucose (GO:0009749)","1/46",0.206131004383124,0.297744784108956,0,0,4.45679012345679,7.03835624820852,"THBS1","GO_Biological_Process_2023","red"
"Epithelial Cell Migration (GO:0010631)","1/46",0.206131004383124,0.297744784108956,0,0,4.45679012345679,7.03835624820852,"CDH13","GO_Biological_Process_2023","red"
"Protein Sumoylation (GO:0016925)","1/46",0.206131004383124,0.297744784108956,0,0,4.45679012345679,7.03835624820852,"TRPM4","GO_Biological_Process_2023","red"
"Mitotic G2/M Transition Checkpoint (GO:0044818)","1/46",0.206131004383124,0.297744784108956,0,0,4.45679012345679,7.03835624820852,"BARD1","GO_Biological_Process_2023","red"
"Cognition (GO:0050890)","1/47",0.210109494168341,0.301840274913147,0,0,4.3596837944664,6.80165814675797,"ST3GAL4","GO_Biological_Process_2023","red"
"Epithelial To Mesenchymal Transition (GO:0001837)","1/47",0.210109494168341,0.301840274913147,0,0,4.3596837944664,6.80165814675797,"FGFR1","GO_Biological_Process_2023","red"
"Insulin Receptor Signaling Pathway (GO:0008286)","1/47",0.210109494168341,0.301840274913147,0,0,4.3596837944664,6.80165814675797,"GRB14","GO_Biological_Process_2023","red"
"Supramolecular Fiber Organization (GO:0097435)","3/316",0.210332137269794,0.301840274913147,0,0,1.93541055959949,3.01743549290661,"CARMIL1;ELMO1;MAPT","GO_Biological_Process_2023","red"
"Cellular Response To Radiation (GO:0071478)","1/48",0.214068244088033,0.305712968939938,0,0,4.26670964968837,6.57696403663591,"BARD1","GO_Biological_Process_2023","red"
"Chloride Transmembrane Transport (GO:1902476)","1/48",0.214068244088033,0.305712968939938,0,0,4.26670964968837,6.57696403663591,"ANO4","GO_Biological_Process_2023","red"
"Myelination (GO:0042552)","1/48",0.214068244088033,0.305712968939938,0,0,4.26670964968837,6.57696403663591,"SCN8A","GO_Biological_Process_2023","red"
"Regulation Of Neuron Projection Development (GO:0010975)","2/174",0.216221657628596,0.308290234425288,0,0,2.34076886568581,3.58477329939303,"RTN4R;KIDINS220","GO_Biological_Process_2023","red"
"Neurogenesis (GO:0022008)","1/49",0.21800735103248,0.309339483648013,0,0,4.17760942760943,6.36344537186664,"MAPT","GO_Biological_Process_2023","red"
"Heterophilic Cell-Cell Adhesion Via Plasma Membrane Cell Adhesion Molecules (GO:0007157)","1/49",0.21800735103248,0.309339483648013,0,0,4.17760942760943,6.36344537186664,"PTPRD","GO_Biological_Process_2023","red"
"Negative Regulation Of Cysteine-Type Endopeptidase Activity Involved In Apoptotic Process (GO:0043154)","1/49",0.21800735103248,0.309339483648013,0,0,4.17760942760943,6.36344537186664,"THBS1","GO_Biological_Process_2023","red"
"Regulation Of Interleukin-12 Production (GO:0032655)","1/50",0.221926911560385,0.311897281111893,0,0,4.09214594928881,6.16034588762116,"THBS1","GO_Biological_Process_2023","red"
"Regulation Of Mitochondrion Organization (GO:0010821)","1/50",0.221926911560385,0.311897281111893,0,0,4.09214594928881,6.16034588762116,"MAPT","GO_Biological_Process_2023","red"
"Blood Circulation (GO:0008015)","1/50",0.221926911560385,0.311897281111893,0,0,4.09214594928881,6.16034588762116,"GUCY1B1","GO_Biological_Process_2023","red"
"Positive Regulation Of Cell Death (GO:0010942)","1/50",0.221926911560385,0.311897281111893,0,0,4.09214594928881,6.16034588762116,"MAPT","GO_Biological_Process_2023","red"
"Positive Regulation Of Fat Cell Differentiation (GO:0045600)","1/50",0.221926911560385,0.311897281111893,0,0,4.09214594928881,6.16034588762116,"TRPM4","GO_Biological_Process_2023","red"
"Negative Regulation Of Cell Projection Organization (GO:0031345)","1/50",0.221926911560385,0.311897281111893,0,0,4.09214594928881,6.16034588762116,"RTN4R","GO_Biological_Process_2023","red"
"Amide Biosynthetic Process (GO:0043604)","1/51",0.225827021656465,0.314875531773368,0,0,4.01010101010101,5.96697401593565,"SPTSSA","GO_Biological_Process_2023","red"
"Regulation Of Substrate Adhesion-Dependent Cell Spreading (GO:1900024)","1/51",0.225827021656465,0.314875531773368,0,0,4.01010101010101,5.96697401593565,"CARMIL1","GO_Biological_Process_2023","red"
"Positive Regulation Of Ras Protein Signal Transduction (GO:0046579)","1/51",0.225827021656465,0.314875531773368,0,0,4.01010101010101,5.96697401593565,"RTN4R","GO_Biological_Process_2023","red"
"Positive Regulation Of Protein Localization To Cell Periphery (GO:1904377)","1/51",0.225827021656465,0.314875531773368,0,0,4.01010101010101,5.96697401593565,"ATP2B4","GO_Biological_Process_2023","red"
"Positive Regulation Of Protein Localization To Plasma Membrane (GO:1903078)","1/51",0.225827021656465,0.314875531773368,0,0,4.01010101010101,5.96697401593565,"ATP2B4","GO_Biological_Process_2023","red"
"Negative Regulation Of Response To Stimulus (GO:0048585)","1/52",0.229707776816989,0.318278487000342,0,0,3.93127351950881,5.78269622196604,"GGT7","GO_Biological_Process_2023","red"
"Neurotransmitter Transport (GO:0006836)","1/52",0.229707776816989,0.318278487000342,0,0,3.93127351950881,5.78269622196604,"SLC38A1","GO_Biological_Process_2023","red"
"Regulation Of Protein Localization To Nucleus (GO:1900180)","1/52",0.229707776816989,0.318278487000342,0,0,3.93127351950881,5.78269622196604,"LIMK2","GO_Biological_Process_2023","red"
"Cellular Response To Ionizing Radiation (GO:0071479)","1/52",0.229707776816989,0.318278487000342,0,0,3.93127351950881,5.78269622196604,"BARD1","GO_Biological_Process_2023","red"
"Regulation Of Cyclin-Dependent Protein Kinase Activity (GO:1904029)","1/53",0.233569272224541,0.320613721500768,0,0,3.85547785547786,5.60693113764998,"CDKN3","GO_Biological_Process_2023","red"
"Actin Polymerization Or Depolymerization (GO:0008154)","1/53",0.233569272224541,0.320613721500768,0,0,3.85547785547786,5.60693113764998,"MSRB2","GO_Biological_Process_2023","red"
"Carboxylic Acid Transport (GO:0046942)","1/53",0.233569272224541,0.320613721500768,0,0,3.85547785547786,5.60693113764998,"SLC38A1","GO_Biological_Process_2023","red"
"Protein Homotetramerization (GO:0051289)","1/53",0.233569272224541,0.320613721500768,0,0,3.85547785547786,5.60693113764998,"TRPM4","GO_Biological_Process_2023","red"
"Mitochondrial Transport (GO:0006839)","1/53",0.233569272224541,0.320613721500768,0,0,3.85547785547786,5.60693113764998,"SLC25A13","GO_Biological_Process_2023","red"
"Negative Regulation Of Cysteine-Type Endopeptidase Activity (GO:2000117)","1/53",0.233569272224541,0.320613721500768,0,0,3.85547785547786,5.60693113764998,"THBS1","GO_Biological_Process_2023","red"
"Phosphate-Containing Compound Metabolic Process (GO:0006796)","2/184",0.234620873621518,0.32139641127568,0,0,2.21103386409509,3.20552234069518,"PTPRD;LIMK2","GO_Biological_Process_2023","red"
"Regulation Of Focal Adhesion Assembly (GO:0051893)","1/54",0.237411602446854,0.32139641127568,0,0,3.78254240518391,5.43914439332398,"THBS1","GO_Biological_Process_2023","red"
"Negative Regulation Of Neuron Projection Development (GO:0010977)","1/54",0.237411602446854,0.32139641127568,0,0,3.78254240518391,5.43914439332398,"RTN4R","GO_Biological_Process_2023","red"
"Negative Regulation Of Protein Ubiquitination (GO:0031397)","1/54",0.237411602446854,0.32139641127568,0,0,3.78254240518391,5.43914439332398,"LIMK1","GO_Biological_Process_2023","red"
"Peptidyl-Tyrosine Modification (GO:0018212)","1/54",0.237411602446854,0.32139641127568,0,0,3.78254240518391,5.43914439332398,"FGFR1","GO_Biological_Process_2023","red"
"Epidermal Cell Differentiation (GO:0009913)","1/54",0.237411602446854,0.32139641127568,0,0,3.78254240518391,5.43914439332398,"FGFR1","GO_Biological_Process_2023","red"
"Positive Regulation Of Leukocyte Chemotaxis (GO:0002690)","1/54",0.237411602446854,0.32139641127568,0,0,3.78254240518391,5.43914439332398,"THBS1","GO_Biological_Process_2023","red"
"Mesenchymal Cell Differentiation (GO:0048762)","1/54",0.237411602446854,0.32139641127568,0,0,3.78254240518391,5.43914439332398,"FGFR1","GO_Biological_Process_2023","red"
"Monoatomic Anion Transmembrane Transport (GO:0098656)","1/54",0.237411602446854,0.32139641127568,0,0,3.78254240518391,5.43914439332398,"ANO4","GO_Biological_Process_2023","red"
"Negative Regulation Of Macromolecule Metabolic Process (GO:0010605)","2/186",0.238313406174166,0.322123931281289,0,0,2.18677905944987,3.13620994728774,"ATP2B4;MAPT","GO_Biological_Process_2023","red"
"Protein Phosphorylation (GO:0006468)","4/500",0.240763407916619,0.324938706256933,0,0,1.63004032258065,2.32108049320244,"LIMK2;LIMK1;STK32C;FGFR1","GO_Biological_Process_2023","red"
"Ceramide Metabolic Process (GO:0006672)","1/55",0.241234861655302,0.325078685523303,0,0,3.71230826786382,5.27884403782842,"SPTSSA","GO_Biological_Process_2023","red"
"Regulation Of Mitotic Nuclear Division (GO:0007088)","1/56",0.245039143568043,0.328203943809319,0,0,3.64462809917355,5.12557648253206,"TOM1L2","GO_Biological_Process_2023","red"
"Regulation Of Reactive Oxygen Species Metabolic Process (GO:2000377)","1/56",0.245039143568043,0.328203943809319,0,0,3.64462809917355,5.12557648253206,"THBS1","GO_Biological_Process_2023","red"
"Positive Regulation Of Cellular Metabolic Process (GO:0031325)","1/56",0.245039143568043,0.328203943809319,0,0,3.64462809917355,5.12557648253206,"THBS1","GO_Biological_Process_2023","red"
"Regulation Of Cation Channel Activity (GO:2001257)","1/56",0.245039143568043,0.328203943809319,0,0,3.64462809917355,5.12557648253206,"CACNB4","GO_Biological_Process_2023","red"
"RNA Catabolic Process (GO:0006401)","1/57",0.248824541413001,0.331266407543814,0,0,3.57936507936508,4.97892289699759,"CNOT10","GO_Biological_Process_2023","red"
"Post-Transcriptional Regulation Of Gene Expression (GO:0010608)","1/57",0.248824541413001,0.331266407543814,0,0,3.57936507936508,4.97892289699759,"TRIM71","GO_Biological_Process_2023","red"
"Monoatomic Anion Transport (GO:0006820)","1/57",0.248824541413001,0.331266407543814,0,0,3.57936507936508,4.97892289699759,"ANO4","GO_Biological_Process_2023","red"
"Regulation Of Calcium Ion Transport (GO:0051924)","1/57",0.248824541413001,0.331266407543814,0,0,3.57936507936508,4.97892289699759,"TRPC6","GO_Biological_Process_2023","red"
"Neuron Projection Development (GO:0031175)","2/192",0.249408486067724,0.331544513810328,0,0,2.11707841031149,2.93990892306422,"PTPRM;MAPT","GO_Biological_Process_2023","red"
"Regulation Of Neuron Death (GO:1901214)","1/58",0.252591147960672,0.332772838744015,0,0,3.5163919900762,4.83849599837867,"MAPT","GO_Biological_Process_2023","red"
"Regulation Of Phagocytosis (GO:0050764)","1/58",0.252591147960672,0.332772838744015,0,0,3.5163919900762,4.83849599837867,"DYSF","GO_Biological_Process_2023","red"
"Response To Organic Cyclic Compound (GO:0014070)","1/58",0.252591147960672,0.332772838744015,0,0,3.5163919900762,4.83849599837867,"ABCB4","GO_Biological_Process_2023","red"
"Glycosaminoglycan Biosynthetic Process (GO:0006024)","1/58",0.252591147960672,0.332772838744015,0,0,3.5163919900762,4.83849599837867,"ST3GAL4","GO_Biological_Process_2023","red"
"Inorganic Anion Transport (GO:0015698)","1/58",0.252591147960672,0.332772838744015,0,0,3.5163919900762,4.83849599837867,"ANO4","GO_Biological_Process_2023","red"
"Regulation Of Bone Mineralization (GO:0030500)","1/58",0.252591147960672,0.332772838744015,0,0,3.5163919900762,4.83849599837867,"TRPM4","GO_Biological_Process_2023","red"
"Phospholipid Transport (GO:0015914)","1/59",0.256339055642632,0.336207307400722,0,0,3.45559038662487,4.70393718537215,"ABCB4","GO_Biological_Process_2023","red"
"Glucose Metabolic Process (GO:0006006)","1/59",0.256339055642632,0.336207307400722,0,0,3.45559038662487,4.70393718537215,"SLC25A13","GO_Biological_Process_2023","red"
"Heart Morphogenesis (GO:0003007)","1/59",0.256339055642632,0.336207307400722,0,0,3.45559038662487,4.70393718537215,"TH","GO_Biological_Process_2023","red"
"Positive Regulation Of Protein Metabolic Process (GO:0051247)","2/196",0.256815610755262,0.336333333196521,0,0,2.07300652219651,2.8180386803121,"BARD1;THBS1","GO_Biological_Process_2023","red"
"Negative Regulation Of Kinase Activity (GO:0033673)","1/62",0.267471501800711,0.348738654265233,0,0,3.28514654744163,4.33226156152993,"MAPT","GO_Biological_Process_2023","red"
"Cell Junction Organization (GO:0034330)","1/62",0.267471501800711,0.348738654265233,0,0,3.28514654744163,4.33226156152993,"MAPT","GO_Biological_Process_2023","red"
"Phosphatidylinositol-Mediated Signaling (GO:0048015)","1/62",0.267471501800711,0.348738654265233,0,0,3.28514654744163,4.33226156152993,"FGFR1","GO_Biological_Process_2023","red"
"Inorganic Anion Transmembrane Transport (GO:0098661)","1/63",0.271145528260931,0.352489186739211,0,0,3.23199739328772,4.21807849737542,"ANO4","GO_Biological_Process_2023","red"
"Regulation Of Cellular Catabolic Process (GO:0031329)","1/63",0.271145528260931,0.352489186739211,0,0,3.23199739328772,4.21807849737542,"MAPT","GO_Biological_Process_2023","red"
"Protein Modification By Small Protein Conjugation (GO:0032446)","3/364",0.274150414132869,0.35587219690669,0,0,1.67395836308079,2.16623330412874,"BARD1;TRPM4;PCMTD1","GO_Biological_Process_2023","red"
"Regulation Of Secretion By Cell (GO:1903530)","1/64",0.274801310842782,0.356194074464838,0,0,3.18053551386885,4.10831982313615,"DYSF","GO_Biological_Process_2023","red"
"Negative Regulation Of Cell Differentiation (GO:0045596)","2/207",0.277199672471101,0.358776735672699,0,0,1.96067695370831,2.51558224197517,"USF3;TRPM4","GO_Biological_Process_2023","red"
"Ubiquitin-Dependent Protein Catabolic Process (GO:0006511)","3/367",0.278221456917218,0.359572760109387,0,0,1.65990710320607,2.12358202577951,"TRIM71;ZNRF1;OTUD7A","GO_Biological_Process_2023","red"
"Negative Regulation Of Cellular Process (GO:0048523)","4/537",0.281446130968718,0.363209313542112,0,0,1.51399312070044,1.91946199824164,"BARD1;CDH13;THBS1;CDKN3","GO_Biological_Process_2023","red"
"Response To Reactive Oxygen Species (GO:0000302)","1/66",0.282058502576368,0.363468974165466,0,0,3.08236208236208,3.90116313048372,"MAPT","GO_Biological_Process_2023","red"
"Activation Of Cysteine-Type Endopeptidase Activity Involved In Apoptotic Process (GO:0006919)","1/67",0.285660089808726,0.365976115059295,0,0,3.03550658096113,3.80334608196671,"MAPT","GO_Biological_Process_2023","red"
"Peptidyl-Tyrosine Phosphorylation (GO:0018108)","1/67",0.285660089808726,0.365976115059295,0,0,3.03550658096113,3.80334608196671,"FGFR1","GO_Biological_Process_2023","red"
"Protein Secretion (GO:0009306)","1/67",0.285660089808726,0.365976115059295,0,0,3.03550658096113,3.80334608196671,"TANGO2","GO_Biological_Process_2023","red"
"Negative Regulation Of Cellular Catabolic Process (GO:0031330)","1/67",0.285660089808726,0.365976115059295,0,0,3.03550658096113,3.80334608196671,"ATP2B4","GO_Biological_Process_2023","red"
"Skin Development (GO:0043588)","1/68",0.289243789255229,0.370031128367036,0,0,2.99004975124378,3.70911301693322,"FGFR1","GO_Biological_Process_2023","red"
"Positive Regulation Of Protein Phosphorylation (GO:0001934)","3/377",0.291833720613704,0.371901961164529,0,0,1.61469761287833,1.98861489728048,"LIMK2;ATP2B4;KRAS","GO_Biological_Process_2023","red"
"Regulation Of Monoatomic Ion Transmembrane Transporter Activity (GO:0032412)","1/69",0.29280968888067,0.371901961164529,0,0,2.94592988710636,3.61828655610275,"TRPC6","GO_Biological_Process_2023","red"
"Phagocytosis (GO:0006909)","1/69",0.29280968888067,0.371901961164529,0,0,2.94592988710636,3.61828655610275,"ELMO1","GO_Biological_Process_2023","red"
"Cellular Response To Calcium Ion (GO:0071277)","1/69",0.29280968888067,0.371901961164529,0,0,2.94592988710636,3.61828655610275,"CPNE6","GO_Biological_Process_2023","red"
"Positive Regulation Of Phosphatidylinositol 3-Kinase Signaling (GO:0014068)","1/69",0.29280968888067,0.371901961164529,0,0,2.94592988710636,3.61828655610275,"FGFR1","GO_Biological_Process_2023","red"
"Negative Regulation Of Cell Population Proliferation (GO:0008285)","3/379",0.294562756428595,0.373591788641145,0,0,1.60594428602764,1.96288660809705,"CDH13;THBS1;CDKN3","GO_Biological_Process_2023","red"
"Negative Regulation Of Extrinsic Apoptotic Signaling Pathway (GO:2001237)","1/70",0.296357876203525,0.373723769706014,0,0,2.9030888596106,3.53070042231205,"THBS1","GO_Biological_Process_2023","red"
"Positive Regulation Of Protein Transport (GO:0051222)","1/70",0.296357876203525,0.373723769706014,0,0,2.9030888596106,3.53070042231205,"FRMD4A","GO_Biological_Process_2023","red"
"Protein K48-linked Ubiquitination (GO:0070936)","1/70",0.296357876203525,0.373723769706014,0,0,2.9030888596106,3.53070042231205,"ZNRF1","GO_Biological_Process_2023","red"
"Regulation Of Actin Filament Polymerization (GO:0030833)","1/70",0.296357876203525,0.373723769706014,0,0,2.9030888596106,3.53070042231205,"CARMIL1","GO_Biological_Process_2023","red"
"Regulation Of Cilium Assembly (GO:1902017)","1/71",0.299888438313403,0.377637292690951,0,0,2.86147186147186,3.44619860155019,"LIMK2","GO_Biological_Process_2023","red"
"Proteasomal Protein Catabolic Process (GO:0010498)","2/220",0.301251238358975,0.378813790482694,0,0,1.84253885040255,2.21069779738564,"TRIM71;ZNRF1","GO_Biological_Process_2023","red"
"Plasma Membrane Organization (GO:0007009)","1/72",0.303401461859655,0.379359112141351,0,0,2.82102717313985,3.36463457832852,"PACSIN2","GO_Biological_Process_2023","red"
"Response To Ionizing Radiation (GO:0010212)","1/72",0.303401461859655,0.379359112141351,0,0,2.82102717313985,3.36463457832852,"BARD1","GO_Biological_Process_2023","red"
"Positive Regulation Of Protein Localization To Nucleus (GO:1900182)","1/72",0.303401461859655,0.379359112141351,0,0,2.82102717313985,3.36463457832852,"LIMK2","GO_Biological_Process_2023","red"
"Negative Regulation Of Cell Adhesion (GO:0007162)","1/72",0.303401461859655,0.379359112141351,0,0,2.82102717313985,3.36463457832852,"CDH13","GO_Biological_Process_2023","red"
"Cellular Response To Reactive Oxygen Species (GO:0034614)","1/73",0.306897033111884,0.381035080436665,0,0,2.78170594837262,3.28587063696556,"MAPT","GO_Biological_Process_2023","red"
"Positive Regulation Of Secretion By Cell (GO:1903532)","1/73",0.306897033111884,0.381035080436665,0,0,2.78170594837262,3.28587063696556,"FRMD4A","GO_Biological_Process_2023","red"
"Protein Tetramerization (GO:0051262)","1/73",0.306897033111884,0.381035080436665,0,0,2.78170594837262,3.28587063696556,"TRPM4","GO_Biological_Process_2023","red"
"Monocarboxylic Acid Transport (GO:0015718)","1/73",0.306897033111884,0.381035080436665,0,0,2.78170594837262,3.28587063696556,"ABCB4","GO_Biological_Process_2023","red"
"Regulation Of Rho Protein Signal Transduction (GO:0035023)","1/73",0.306897033111884,0.381035080436665,0,0,2.78170594837262,3.28587063696556,"RTN4R","GO_Biological_Process_2023","red"
"Gland Development (GO:0048732)","1/74",0.310375237892897,0.383856914578283,0,0,2.74346201743462,3.20977722405069,"DKK3","GO_Biological_Process_2023","red"
"Regulation Of Cell Cycle G1/S Phase Transition (GO:1902806)","1/74",0.310375237892897,0.383856914578283,0,0,2.74346201743462,3.20977722405069,"ATP2B4","GO_Biological_Process_2023","red"
"Positive Regulation Of Protein Modification Process (GO:0031401)","2/225",0.310472504438317,0.383856914578283,0,0,1.80076873798847,2.10628704333869,"LIMK2;KRAS","GO_Biological_Process_2023","red"
"Regulation Of Fat Cell Differentiation (GO:0045598)","1/75",0.313836161648445,0.38693328716489,0,0,2.70625170625171,3.13623236372496,"TRPM4","GO_Biological_Process_2023","red"
"Negative Regulation Of Phosphorylation (GO:0042326)","1/75",0.313836161648445,0.38693328716489,0,0,2.70625170625171,3.13623236372496,"MAPT","GO_Biological_Process_2023","red"
"Cilium Organization (GO:0044782)","2/228",0.315994207705089,0.38905136436114,0,0,1.77659382337006,2.04669186176984,"SPAG16;TTC39C","GO_Biological_Process_2023","red"
"Positive Regulation Of Protein Secretion (GO:0050714)","1/76",0.317279889350664,0.390090990522931,0,0,2.67003367003367,3.0651211233087,"FRMD4A","GO_Biological_Process_2023","red"
"Cell Morphogenesis Involved In Neuron Differentiation (GO:0048667)","1/77",0.320706505558706,0.392016110849469,0,0,2.6347687400319,2.99633512170869,"SLITRK1","GO_Biological_Process_2023","red"
"Positive Regulation Of JNK Cascade (GO:0046330)","1/77",0.320706505558706,0.392016110849469,0,0,2.6347687400319,2.99633512170869,"ANKRD6","GO_Biological_Process_2023","red"
"Chloride Transport (GO:0006821)","1/77",0.320706505558706,0.392016110849469,0,0,2.6347687400319,2.99633512170869,"ANO4","GO_Biological_Process_2023","red"
"Sphingolipid Biosynthetic Process (GO:0030148)","1/77",0.320706505558706,0.392016110849469,0,0,2.6347687400319,2.99633512170869,"SPTSSA","GO_Biological_Process_2023","red"
"Negative Regulation Of Intracellular Signal Transduction (GO:1902532)","2/231",0.321506425753241,0.392016110849469,0,0,1.75305231262811,1.98925463460844,"ATP2B4;THBS1","GO_Biological_Process_2023","red"
"Negative Regulation Of Multicellular Organismal Process (GO:0051241)","2/231",0.321506425753241,0.392016110849469,0,0,1.75305231262811,1.98925463460844,"ATP2B4;USF3","GO_Biological_Process_2023","red"
"Positive Regulation Of Tumor Necrosis Factor Production (GO:0032760)","1/78",0.324116094429913,0.394110904368697,0,0,2.60041978223796,2.92977207832515,"THBS1","GO_Biological_Process_2023","red"
"Proteolysis Involved In Protein Catabolic Process (GO:0051603)","1/78",0.324116094429913,0.394110904368697,0,0,2.60041978223796,2.92977207832515,"OTUD7A","GO_Biological_Process_2023","red"
"Positive Regulation Of Developmental Process (GO:0051094)","2/233",0.325175502475933,0.394855967292204,0,0,1.73769767647319,1.95211260075993,"TRPM4;FGFR1","GO_Biological_Process_2023","red"
"Regulation Of Cyclin-Dependent Protein Serine/Threonine Kinase Activity (GO:0000079)","1/79",0.32750873980153,0.394976433812486,0,0,2.56695156695157,2.86533539771871,"CDKN3","GO_Biological_Process_2023","red"
"Regulation Of Neuron Differentiation (GO:0045664)","1/79",0.32750873980153,0.394976433812486,0,0,2.56695156695157,2.86533539771871,"FGFR1","GO_Biological_Process_2023","red"
"Positive Regulation Of Catabolic Process (GO:0009896)","1/79",0.32750873980153,0.394976433812486,0,0,2.56695156695157,2.86533539771871,"BARD1","GO_Biological_Process_2023","red"
"Positive Regulation Of Protein Localization To Membrane (GO:1905477)","1/79",0.32750873980153,0.394976433812486,0,0,2.56695156695157,2.86533539771871,"ATP2B4","GO_Biological_Process_2023","red"
"Negative Regulation Of Cellular Component Organization (GO:0051129)","1/79",0.32750873980153,0.394976433812486,0,0,2.56695156695157,2.86533539771871,"CARMIL1","GO_Biological_Process_2023","red"
"Regulation Of Protein Localization To Plasma Membrane (GO:1903076)","1/80",0.330884524972772,0.397961796021674,0,0,2.5343306482547,2.80293378962301,"ATP2B4","GO_Biological_Process_2023","red"
"Wound Healing (GO:0042060)","1/80",0.330884524972772,0.397961796021674,0,0,2.5343306482547,2.80293378962301,"FUT10","GO_Biological_Process_2023","red"
"Spindle Assembly (GO:0051225)","1/81",0.334243532854352,0.401455547613108,0,0,2.50252525252525,2.74248091594401,"STARD9","GO_Biological_Process_2023","red"
"Sodium Ion Transmembrane Transport (GO:0035725)","1/82",0.337585846063778,0.403823934939621,0,0,2.47150517520888,2.68389506560141,"TRPM4","GO_Biological_Process_2023","red"
"Positive Regulation Of Tumor Necrosis Factor Superfamily Cytokine Production (GO:1903557)","1/82",0.337585846063778,0.403823934939621,0,0,2.47150517520888,2.68389506560141,"THBS1","GO_Biological_Process_2023","red"
"Negative Regulation Of Apoptotic Signaling Pathway (GO:2001234)","1/82",0.337585846063778,0.403823934939621,0,0,2.47150517520888,2.68389506560141,"THBS1","GO_Biological_Process_2023","red"
"Regulation Of Epithelial To Mesenchymal Transition (GO:0010717)","1/83",0.340911546721369,0.407251090948229,0,0,2.44124168514412,2.62709885646942,"USF3","GO_Biological_Process_2023","red"
"Cilium Assembly (GO:0060271)","2/243",0.343442073944606,0.409720368916372,0,0,1.66474722669151,1.77917665107315,"SPAG16;TTC39C","GO_Biological_Process_2023","red"
"Regulation Of Cysteine-Type Endopeptidase Activity Involved In Apoptotic Process (GO:0043281)","1/84",0.344220716526821,0.41009584017481,0,0,2.41170743580382,2.57201895784243,"THBS1","GO_Biological_Process_2023","red"
"Regulation Of Osteoblast Differentiation (GO:0045667)","1/85",0.347513436866072,0.410149370079583,0,0,2.38287638287638,2.51858583349566,"TRPM4","GO_Biological_Process_2023","red"
"Nuclear-Transcribed mRNA Catabolic Process (GO:0000956)","1/85",0.347513436866072,0.410149370079583,0,0,2.38287638287638,2.51858583349566,"CNOT10","GO_Biological_Process_2023","red"
"Cellular Respiration (GO:0045333)","1/85",0.347513436866072,0.410149370079583,0,0,2.38287638287638,2.51858583349566,"SLC25A13","GO_Biological_Process_2023","red"
"Positive Regulation Of Amide Metabolic Process (GO:0034250)","1/85",0.347513436866072,0.410149370079583,0,0,2.38287638287638,2.51858583349566,"THBS1","GO_Biological_Process_2023","red"
"Positive Regulation Of Canonical Wnt Signaling Pathway (GO:0090263)","1/85",0.347513436866072,0.410149370079583,0,0,2.38287638287638,2.51858583349566,"TRPM4","GO_Biological_Process_2023","red"
"mRNA Metabolic Process (GO:0016071)","1/85",0.347513436866072,0.410149370079583,0,0,2.38287638287638,2.51858583349566,"CNOT10","GO_Biological_Process_2023","red"
"Negative Regulation Of Cell Cycle (GO:0045786)","1/85",0.347513436866072,0.410149370079583,0,0,2.38287638287638,2.51858583349566,"BARD1","GO_Biological_Process_2023","red"
"Sensory Perception Of Mechanical Stimulus (GO:0050954)","1/89",0.360521436424534,0.42380445452033,0,0,2.27410468319559,2.32005037808893,"KCNQ1","GO_Biological_Process_2023","red"
"Sodium Ion Transport (GO:0006814)","1/89",0.360521436424534,0.42380445452033,0,0,2.27410468319559,2.32005037808893,"SCN8A","GO_Biological_Process_2023","red"
"Positive Regulation Of Peptidyl-Serine Phosphorylation (GO:0033138)","1/89",0.360521436424534,0.42380445452033,0,0,2.27410468319559,2.32005037808893,"ATP2B4","GO_Biological_Process_2023","red"
"Phosphorylation (GO:0016310)","3/429",0.363003334608488,0.42615530915525,0,0,1.4138231450559,1.43268815276809,"LIMK2;LIMK1;FGFR1","GO_Biological_Process_2023","red"
"Regulation Of Phosphatidylinositol 3-Kinase Signaling (GO:0014066)","1/90",0.363733115678147,0.426445721829552,0,0,2.24843945068664,2.27392523969427,"FGFR1","GO_Biological_Process_2023","red"
"rRNA Metabolic Process (GO:0016072)","1/91",0.366928825262423,0.42905434065077,0,0,2.22334455667789,2.22909720803597,"MAPT","GO_Biological_Process_2023","red"
"Regulation Of Actin Cytoskeleton Organization (GO:0032956)","1/91",0.366928825262423,0.42905434065077,0,0,2.22334455667789,2.22909720803597,"CARMIL1","GO_Biological_Process_2023","red"
"Protein Ubiquitination (GO:0016567)","3/434",0.369825263536433,0.429929094753653,0,0,1.39706269285048,1.38969269203565,"BARD1;TRIM71;PCMTD1","GO_Biological_Process_2023","red"
"Regulation Of Cell Migration (GO:0030334)","3/434",0.369825263536433,0.429929094753653,0,0,1.39706269285048,1.38969269203565,"CARMIL1;CDH13;THBS1","GO_Biological_Process_2023","red"
"Sensory Perception Of Sound (GO:0007605)","1/92",0.370108643786799,0.429929094753653,0,0,2.1988011988012,2.18551754723327,"KCNQ1","GO_Biological_Process_2023","red"
"Positive Regulation Of Neuron Projection Development (GO:0010976)","1/92",0.370108643786799,0.429929094753653,0,0,2.1988011988012,2.18551754723327,"KIDINS220","GO_Biological_Process_2023","red"
"Positive Regulation Of Protein Catabolic Process (GO:0045732)","1/92",0.370108643786799,0.429929094753653,0,0,2.1988011988012,2.18551754723327,"BARD1","GO_Biological_Process_2023","red"
"Regulation Of Peptidyl-Serine Phosphorylation (GO:0033135)","1/93",0.373272649434986,0.431901861388125,0,0,2.1747913921827,2.14313983216348,"ATP2B4","GO_Biological_Process_2023","red"
"Positive Regulation Of Cellular Component Biogenesis (GO:0044089)","1/93",0.373272649434986,0.431901861388125,0,0,2.1747913921827,2.14313983216348,"LIMK1","GO_Biological_Process_2023","red"
"Protein O-linked Glycosylation (GO:0006493)","1/93",0.373272649434986,0.431901861388125,0,0,2.1747913921827,2.14313983216348,"ST3GAL4","GO_Biological_Process_2023","red"
"Cellular Component Assembly (GO:0022607)","2/260",0.374126034355235,0.432323417477161,0,0,1.55370985603544,1.52754934103903,"PTPRD;SPAG16","GO_Biological_Process_2023","red"
"Peptidyl-Lysine Modification (GO:0018205)","1/94",0.376420920115876,0.433276163258378,0,0,2.15129792549147,2.10191981526176,"TRPM4","GO_Biological_Process_2023","red"
"Sphingolipid Metabolic Process (GO:0006665)","1/94",0.376420920115876,0.433276163258378,0,0,2.15129792549147,2.10191981526176,"SPTSSA","GO_Biological_Process_2023","red"
"Muscle Contraction (GO:0006936)","1/94",0.376420920115876,0.433276163258378,0,0,2.15129792549147,2.10191981526176,"ARHGEF11","GO_Biological_Process_2023","red"
"Positive Regulation Of Epithelial Cell Migration (GO:0010634)","1/95",0.379553533216983,0.435747173199757,0,0,2.12830431979368,2.06181530451832,"THBS1","GO_Biological_Process_2023","red"
"Positive Regulation Of Transmembrane Receptor Protein Serine/Threonine Kinase Signaling Pathway (GO:0090100)","1/95",0.379553533216983,0.435747173199757,0,0,2.12830431979368,2.06181530451832,"THBS1","GO_Biological_Process_2023","red"
"Regulation Of Protein Phosphorylation (GO:0001932)","2/265",0.38304595383803,0.439186281702748,0,0,1.52378365794987,1.46222327524659,"LIMK2;KRAS","GO_Biological_Process_2023","red"
"Regulation Of Protein Localization (GO:0032880)","1/97",0.385772094842852,0.44173903088223,0,0,2.08375420875421,1.98479362024731,"MAPT","GO_Biological_Process_2023","red"
"Cellular Response To Insulin Stimulus (GO:0032869)","1/99",0.391928946523868,0.448208523579689,0,0,2.0410224695939,1.91177413897195,"GRB14","GO_Biological_Process_2023","red"
"Regulation Of Organelle Organization (GO:0033043)","1/100",0.394984420817951,0.450537068391056,0,0,2.02030405060708,1.87667852610055,"MAPT","GO_Biological_Process_2023","red"
"Protein Complex Oligomerization (GO:0051259)","1/100",0.394984420817951,0.450537068391056,0,0,2.02030405060708,1.87667852610055,"KCNC2","GO_Biological_Process_2023","red"
"Hemopoiesis (GO:0030097)","1/101",0.398024694482133,0.452836331946211,0,0,2,1.84248245836996,"FUT10","GO_Biological_Process_2023","red"
"Visual Perception (GO:0007601)","1/101",0.398024694482133,0.452836331946211,0,0,2,1.84248245836996,"TH","GO_Biological_Process_2023","red"
"Calcium Ion Homeostasis (GO:0055074)","1/102",0.401049842395342,0.453941178844408,0,0,1.98009800980098,1.80915528558786,"ATP2B4","GO_Biological_Process_2023","red"
"Regulation Of Protein Secretion (GO:0050708)","1/102",0.401049842395342,0.453941178844408,0,0,1.98009800980098,1.80915528558786,"FRMD4A","GO_Biological_Process_2023","red"
"Sensory Perception Of Light Stimulus (GO:0050953)","1/102",0.401049842395342,0.453941178844408,0,0,1.98009800980098,1.80915528558786,"TH","GO_Biological_Process_2023","red"
"Protein Catabolic Process (GO:0030163)","1/102",0.401049842395342,0.453941178844408,0,0,1.98009800980098,1.80915528558786,"MANBA","GO_Biological_Process_2023","red"
"Positive Regulation Of Kinase Activity (GO:0033674)","1/104",0.407055058636552,0.45956152213884,0,0,1.94145336863783,1.74499153520703,"FGFR1","GO_Biological_Process_2023","red"
"Positive Regulation Of Vasculature Development (GO:1904018)","1/104",0.407055058636552,0.45956152213884,0,0,1.94145336863783,1.74499153520703,"THBS1","GO_Biological_Process_2023","red"
"Positive Regulation Of Stress-Activated MAPK Cascade (GO:0032874)","1/105",0.410035274847405,0.462335692557534,0,0,1.92268842268842,1.71409996792236,"ANKRD6","GO_Biological_Process_2023","red"
"Positive Regulation Of Cell Differentiation (GO:0045597)","2/283",0.414697062220494,0.466996436946391,0,0,1.42486745587915,1.25417830284191,"TRPM4;FGFR1","GO_Biological_Process_2023","red"
"Monoatomic Ion Transport (GO:0006811)","1/107",0.41595129052059,0.467812901806872,0,0,1.88622069754145,1.65456849319568,"TRPC6","GO_Biological_Process_2023","red"
"Positive Regulation Of Translation (GO:0045727)","1/108",0.41888723576301,0.470516285151843,0,0,1.86849806475975,1.62588017253325,"THBS1","GO_Biological_Process_2023","red"
"Negative Regulation Of Developmental Process (GO:0051093)","1/109",0.421808569139365,0.471401738456635,0,0,1.85110362888141,1.59787949320038,"MAPT","GO_Biological_Process_2023","red"
"Positive Regulation Of Wnt Signaling Pathway (GO:0030177)","1/109",0.421808569139365,0.471401738456635,0,0,1.85110362888141,1.59787949320038,"TRPM4","GO_Biological_Process_2023","red"
"Positive Regulation Of Cysteine-Type Endopeptidase Activity Involved In Apoptotic Process (GO:0043280)","1/109",0.421808569139365,0.471401738456635,0,0,1.85110362888141,1.59787949320038,"MAPT","GO_Biological_Process_2023","red"
"Extracellular Structure Organization (GO:0043062)","1/109",0.421808569139365,0.471401738456635,0,0,1.85110362888141,1.59787949320038,"ADAMTS17","GO_Biological_Process_2023","red"
"External Encapsulating Structure Organization (GO:0045229)","1/110",0.424715362613925,0.473453191110605,0,0,1.83402835696414,1.57054463447437,"ADAMTS17","GO_Biological_Process_2023","red"
"Regulation Of JNK Cascade (GO:0046328)","1/110",0.424715362613925,0.473453191110605,0,0,1.83402835696414,1.57054463447437,"ANKRD6","GO_Biological_Process_2023","red"
"Cytoskeleton Organization (GO:0007010)","1/111",0.427607687964041,0.476077073249637,0,0,1.81726354453627,1.54385464626272,"PACSIN2","GO_Biological_Process_2023","red"
"Regulation Of Protein Serine/Threonine Kinase Activity (GO:0071900)","1/112",0.43048561638067,0.477477145395875,0,0,1.8008008008008,1.51778940882089,"CDKN3","GO_Biological_Process_2023","red"
"Small GTPase Mediated Signal Transduction (GO:0007264)","1/112",0.43048561638067,0.477477145395875,0,0,1.8008008008008,1.51778940882089,"KRAS","GO_Biological_Process_2023","red"
"Protein Deubiquitination (GO:0016579)","1/112",0.43048561638067,0.477477145395875,0,0,1.8008008008008,1.51778940882089,"OTUD7A","GO_Biological_Process_2023","red"
"Regulation Of Cytoskeleton Organization (GO:0051493)","1/114",0.436198565833718,0.482602668581986,0,0,1.76874944131581,1.46745661650072,"MAPT","GO_Biological_Process_2023","red"
"Protein Modification By Small Protein Removal (GO:0070646)","1/114",0.436198565833718,0.482602668581986,0,0,1.76874944131581,1.46745661650072,"OTUD7A","GO_Biological_Process_2023","red"
"Regulation Of Intracellular Signal Transduction (GO:1902531)","2/297",0.438759996999523,0.484829796684473,0,0,1.35627810446212,1.11730559055249,"ARHGEF11;MAPT","GO_Biological_Process_2023","red"
"Regulation Of Cell Cycle (GO:0051726)","2/298",0.440458727702992,0.486099270024276,0,0,1.35162713734142,1.10825117107316,"BARD1;CDKN3","GO_Biological_Process_2023","red"
"Cellular Response To Oxidative Stress (GO:0034599)","1/117",0.444661775482094,0.488906728266382,0,0,1.72274468826193,1.39618351518444,"MAPT","GO_Biological_Process_2023","red"
"Protein Maturation (GO:0051604)","1/117",0.444661775482094,0.488906728266382,0,0,1.72274468826193,1.39618351518444,"MBTPS1","GO_Biological_Process_2023","red"
"Protein Processing (GO:0016485)","1/117",0.444661775482094,0.488906728266382,0,0,1.72274468826193,1.39618351518444,"MBTPS1","GO_Biological_Process_2023","red"
"Regulation Of Small GTPase Mediated Signal Transduction (GO:0051056)","1/118",0.447454800068397,0.491366513367035,0,0,1.70793404126737,1.37348597340122,"ARHGEF11","GO_Biological_Process_2023","red"
"Positive Regulation Of Angiogenesis (GO:0045766)","1/119",0.450233917137087,0.49380494137616,0,0,1.69337442218798,1.35129249451638,"THBS1","GO_Biological_Process_2023","red"
"Regulation Of Protein Catabolic Process (GO:0042176)","1/122",0.458488507016457,0.501613663617015,0,0,1.6511394941147,1.28759168960267,"BARD1","GO_Biological_Process_2023","red"
"Positive Regulation Of Macromolecule Biosynthetic Process (GO:0010557)","1/122",0.458488507016457,0.501613663617015,0,0,1.6511394941147,1.28759168960267,"THBS1","GO_Biological_Process_2023","red"
"Positive Regulation Of MAPK Cascade (GO:0043410)","2/310",0.460624189973071,0.503327297819771,0,0,1.29817121653856,1.00630698380262,"THBS1;FGFR1","GO_Biological_Process_2023","red"
"Positive Regulation Of Epithelial Cell Proliferation (GO:0050679)","1/123",0.461212676190375,0.503348155249743,0,0,1.63752276867031,1.26727232996582,"CDH13","GO_Biological_Process_2023","red"
"Regulation Of DNA Metabolic Process (GO:0051052)","1/124",0.463923277206856,0.505682092541136,0,0,1.62412745339575,1.2473885010387,"BARD1","GO_Biological_Process_2023","red"
"Negative Regulation Of Cell Growth (GO:0030308)","1/125",0.46662037707619,0.50799558292531,0,0,1.61094819159335,1.22792793965158,"RTN4R","GO_Biological_Process_2023","red"
"Regulation Of Tumor Necrosis Factor Production (GO:0032680)","1/127",0.471974339207137,0.512561813094729,0,0,1.58521725188392,1.19022971699885,"THBS1","GO_Biological_Process_2023","red"
"Regulation Of Anatomical Structure Morphogenesis (GO:0022603)","1/127",0.471974339207137,0.512561813094729,0,0,1.58521725188392,1.19022971699885,"MAPT","GO_Biological_Process_2023","red"
"Proteasome-Mediated Ubiquitin-Dependent Protein Catabolic Process (GO:0043161)","2/319",0.47547326334747,0.515728054968299,0,0,1.26073520891006,0.937286817233775,"TRIM71;ZNRF1","GO_Biological_Process_2023","red"
"Protein Targeting (GO:0006605)","1/129",0.477275091201804,0.516415153760581,0,0,1.5602904040404,1.15408790031601,"FUT10","GO_Biological_Process_2023","red"
"Regulation Of DNA Repair (GO:0006282)","1/129",0.477275091201804,0.516415153760581,0,0,1.5602904040404,1.15408790031601,"BARD1","GO_Biological_Process_2023","red"
"Golgi Organization (GO:0007030)","1/130",0.479905677193982,0.518493318562711,0,0,1.54811682718659,1.13657427447839,"TANGO2","GO_Biological_Process_2023","red"
"Organelle Assembly (GO:0070925)","2/322",0.480368809844865,0.518493318562711,0,0,1.24872448979592,0.915566189831342,"SPAG16;TTC39C","GO_Biological_Process_2023","red"
"Circulatory System Development (GO:0072359)","1/132",0.485127594032975,0.522354193818697,0,0,1.52432724188449,1.1026119616962,"TH","GO_Biological_Process_2023","red"
"Epithelial Cell Differentiation (GO:0030855)","1/132",0.485127594032975,0.522354193818697,0,0,1.52432724188449,1.1026119616962,"DEUP1","GO_Biological_Process_2023","red"
"Positive Regulation Of Intracellular Signal Transduction (GO:1902533)","3/525",0.490281302231268,0.527261157144089,0,0,1.14812181538097,0.818353636521046,"CDH13;THBS1;FGFR1","GO_Biological_Process_2023","red"
"Cellular Response To Metal Ion (GO:0071248)","1/135",0.492863296366116,0.529207140690317,0,0,1.48997437057139,1.05419178131578,"CPNE6","GO_Biological_Process_2023","red"
"Proteolysis (GO:0006508)","2/330",0.493288103991879,0.529207140690317,0,0,1.21777003484321,0.860551669771124,"MBTPS1;ADAMTS17","GO_Biological_Process_2023","red"
"Regulation Of Gene Expression (GO:0010468)","6/1127",0.497430707417987,0.53292185350165,0,0,1.06927705126502,0.746675110223309,"TRIM71;PEG3;ATP2B4;KRAS;MAPT;AFF1","GO_Biological_Process_2023","red"
"Protein Localization To Organelle (GO:0033365)","1/137",0.497956392525298,0.53292185350165,0,0,1.46791443850267,1.02349273069514,"PACSIN2","GO_Biological_Process_2023","red"
"Positive Regulation Of Transferase Activity (GO:0051347)","1/143",0.512933812590885,0.548287170895215,0,0,1.40546308151942,0.938299046849509,"FGFR1","GO_Biological_Process_2023","red"
"Regulation Of Cell Adhesion (GO:0030155)","1/144",0.515386675547343,0.550243745391125,0,0,1.39556403192767,0.925032639771104,"CDH13","GO_Biological_Process_2023","red"
"Negative Regulation Of Response To External Stimulus (GO:0032102)","1/146",0.520255772624573,0.554103738554365,0,0,1.37617554858934,0.899240881378034,"RTN4R","GO_Biological_Process_2023","red"
"Neuron Projection Morphogenesis (GO:0048812)","1/146",0.520255772624573,0.554103738554365,0,0,1.37617554858934,0.899240881378034,"SLITRK1","GO_Biological_Process_2023","red"
"Axon Guidance (GO:0007411)","1/149",0.527468747150282,0.560435543847174,0,0,1.34807534807535,0.862317510620557,"PTPRM","GO_Biological_Process_2023","red"
"Skeletal System Development (GO:0001501)","1/149",0.527468747150282,0.560435543847174,0,0,1.34807534807535,0.862317510620557,"FGFR1","GO_Biological_Process_2023","red"
"Epithelium Development (GO:0060429)","1/154",0.539252532966754,0.572267994168801,0,0,1.30369049976893,0.805121832204194,"TRIM71","GO_Biological_Process_2023","red"
"Positive Regulation Of Response To External Stimulus (GO:0032103)","1/155",0.54157414062889,0.574042614287697,0,0,1.29515938606848,0.794289267227046,"THBS1","GO_Biological_Process_2023","red"
"Peptide Biosynthetic Process (GO:0043043)","1/158",0.548469701786421,0.57996078514258,0,0,1.27021810461301,0.762922512360618,"GGT7","GO_Biological_Process_2023","red"
"Peptidyl-Serine Phosphorylation (GO:0018105)","1/158",0.548469701786421,0.57996078514258,0,0,1.27021810461301,0.762922512360618,"STK32C","GO_Biological_Process_2023","red"
"Protein Autophosphorylation (GO:0046777)","1/162",0.557504289374834,0.588809787105559,0,0,1.23840893406111,0.723583865255002,"FGFR1","GO_Biological_Process_2023","red"
"Nitrogen Compound Transport (GO:0071705)","1/163",0.559734829149778,0.590460130033895,0,0,1.23070208255393,0.714166728910465,"SLC38A1","GO_Biological_Process_2023","red"
"Peptidyl-Serine Modification (GO:0018209)","1/166",0.566359876814798,0.596736747442529,0,0,1.20814202632384,0.686859643904913,"STK32C","GO_Biological_Process_2023","red"
"Negative Regulation Of Programmed Cell Death (GO:0043069)","2/381",0.570772805092844,0.600670428216755,0,0,1.05115502665446,0.589449937321065,"BARD1;THBS1","GO_Biological_Process_2023","red"
"DNA Damage Response (GO:0006974)","2/384",0.575059080981482,0.604461626144625,0,0,1.04273960893258,0.576929571349962,"BARD1;MAPT","GO_Biological_Process_2023","red"
"Heart Development (GO:0007507)","1/171",0.577182984911913,0.605254755233845,0,0,1.17231134878194,0.644297547374328,"TH","GO_Biological_Process_2023","red"
"Metal Ion Transport (GO:0030001)","1/171",0.577182984911913,0.605254755233845,0,0,1.17231134878194,0.644297547374328,"SCN8A","GO_Biological_Process_2023","red"
"Neuron Differentiation (GO:0030182)","1/173",0.581436958568339,0.608993212528924,0,0,1.15856236786469,0.628233600650124,"PTPRD","GO_Biological_Process_2023","red"
"Positive Regulation Of Cellular Biosynthetic Process (GO:0031328)","1/174",0.58354802824362,0.610481014162556,0,0,1.15180708822327,0.620396147287758,"THBS1","GO_Biological_Process_2023","red"
"Positive Regulation Of Hydrolase Activity (GO:0051345)","1/176",0.587738595192884,0.613413126505915,0,0,1.13852813852814,0.60509696073503,"RTN4R","GO_Biological_Process_2023","red"
"Extracellular Matrix Organization (GO:0030198)","1/176",0.587738595192884,0.613413126505915,0,0,1.13852813852814,0.60509696073503,"ADAMTS17","GO_Biological_Process_2023","red"
"Negative Regulation Of Cytokine Production (GO:0001818)","1/178",0.591887411720754,0.617014707501353,0,0,1.12554927809165,0.590281763493508,"THBS1","GO_Biological_Process_2023","red"
"Macromolecule Biosynthetic Process (GO:0009059)","1/183",0.6020794872594,0.626900196392591,0,0,1.09435009435009,0.555235815206858,"ST3GAL4","GO_Biological_Process_2023","red"
"Axonogenesis (GO:0007409)","1/188",0.612019510291886,0.636500290703562,0,0,1.06481931615621,0.522816825885732,"SLITRK1","GO_Biological_Process_2023","red"
"Endocytosis (GO:0006897)","1/189",0.613977814396427,0.637786589807805,0,0,1.05910165484634,0.516626063848475,"PACSIN2","GO_Biological_Process_2023","red"
"Intracellular Monoatomic Cation Homeostasis (GO:0030003)","1/190",0.615926332366024,0.639059715741274,0,0,1.05344449788894,0.510528608383714,"ATP2B4","GO_Biological_Process_2023","red"
"Organelle Organization (GO:0006996)","2/418",0.621480406996526,0.643553710742516,0,0,0.955847723704867,0.454649824189377,"TANGO2;PACSIN2","GO_Biological_Process_2023","red"
"Regulation Of Cell Differentiation (GO:0045595)","1/193",0.621713652685644,0.643553710742516,0,0,1.0368265993266,0.492778443916668,"FGFR1","GO_Biological_Process_2023","red"
"Endomembrane System Organization (GO:0010256)","1/196",0.627414626895937,0.648695356931004,0,0,1.02072002072002,0.475806259368427,"TANGO2","GO_Biological_Process_2023","red"
"Anterograde Trans-Synaptic Signaling (GO:0098916)","1/199",0.633030530285215,0.653737136416039,0,0,1.00510152025304,0.459569228815331,"CACNB4","GO_Biological_Process_2023","red"
"Regulation Of MAPK Cascade (GO:0043408)","1/204",0.642204728471937,0.66243754955565,0,0,0.98009653182067,0.434033920674657,"FGFR1","GO_Biological_Process_2023","red"
"Regulation Of GTPase Activity (GO:0043087)","1/214",0.659877336669453,0.679873619598831,0,0,0.93360838431261,0.388102232835037,"RTN4R","GO_Biological_Process_2023","red"
"Negative Regulation Of Nucleic Acid-Templated Transcription (GO:1903507)","2/456",0.66868810639093,0.688149343480305,0,0,0.87413467589679,0.351784605315257,"PRDM5;DKK3","GO_Biological_Process_2023","red"
"Regulation Of Cell Growth (GO:0001558)","1/227",0.681565454039565,0.700585885315088,0,0,0.879324215607401,0.337100359049175,"ARHGEF11","GO_Biological_Process_2023","red"
"Positive Regulation Of GTPase Activity (GO:0043547)","1/234",0.692670620678898,0.711174017050112,0,0,0.852603286079681,0.313076512912352,"RTN4R","GO_Biological_Process_2023","red"
"Inflammatory Response (GO:0006954)","1/236",0.695772495721961,0.712124346080733,0,0,0.845261121856867,0.306603718804295,"THBS1","GO_Biological_Process_2023","red"
"Positive Regulation Of Transcription By RNA Polymerase II (GO:0045944)","4/938",0.69581274850413,0.712124346080733,0,0,0.846092077087794,0.306856185450532,"PEG3;PRDM5;CDH13;USF3","GO_Biological_Process_2023","red"
"Positive Regulation Of Gene Expression (GO:0010628)","2/480",0.69601293553592,0.712124346080733,0,0,0.829220391085304,0.300498717460943,"KRAS;THBS1","GO_Biological_Process_2023","red"
"Negative Regulation Of Apoptotic Process (GO:0043066)","2/482",0.698204949654375,0.713541243346205,0,0,0.825680272108844,0.296619523734893,"BARD1;THBS1","GO_Biological_Process_2023","red"
"Regulation Of Autophagy (GO:0010506)","1/241",0.703392239478639,0.718012401500135,0,0,0.827441077441077,0.291127358427709,"MAPT","GO_Biological_Process_2023","red"
"Positive Regulation Of Programmed Cell Death (GO:0043068)","1/245",0.709351740244625,0.72326059789648,0,0,0.81371087928465,0.279431381953944,"BARD1","GO_Biological_Process_2023","red"
"Positive Regulation Of Apoptotic Process (GO:0043065)","1/270",0.74400305104999,0.757717393004828,0,0,0.737148436033194,0.217982269640814,"BARD1","GO_Biological_Process_2023","red"
"Positive Regulation Of DNA-templated Transcription (GO:0045893)","5/1243",0.752188633965653,0.76517232730223,0,0,0.793384916248618,0.225930749640337,"ARHGEF11;PEG3;PRDM5;CDH13;USF3","GO_Biological_Process_2023","red"
"DNA Metabolic Process (GO:0006259)","1/288",0.766387690368496,0.77872036584569,0,0,0.690282617111885,0.183661503836082,"BARD1","GO_Biological_Process_2023","red"
"DNA Repair (GO:0006281)","1/291",0.769925222013722,0.781416643237807,0,0,0.683037269244166,0.17858821065649,"BARD1","GO_Biological_Process_2023","red"
"Gene Expression (GO:0010467)","1/296",0.775703629009535,0.786378449592235,0,0,0.671289162814587,0.170497212295587,"MBTPS1","GO_Biological_Process_2023","red"
"Protein Transport (GO:0015031)","1/313",0.794296238079237,0.804304552648391,0,0,0.634162134162134,0.146046773112765,"TANGO2","GO_Biological_Process_2023","red"
"Intracellular Protein Transport (GO:0006886)","1/325",0.806493484318124,0.815721098555174,0,0,0.610300536226462,0.131250904008978,"FUT10","GO_Biological_Process_2023","red"
"Protein-Containing Complex Assembly (GO:0065003)","1/328",0.809429181545872,0.817754738841772,0,0,0.604608778920706,0.127830011994472,"MAPT","GO_Biological_Process_2023","red"
"Protein Localization (GO:0008104)","1/351",0.830518537542441,0.838103181720911,0,0,0.564213564213564,0.104777296437494,"SPTSSA","GO_Biological_Process_2023","red"
"Positive Regulation Of Macromolecule Metabolic Process (GO:0010604)","1/364",0.841398644336136,0.848114483002445,0,0,0.54364582463756,0.0938820447069887,"KRAS","GO_Biological_Process_2023","red"
"Positive Regulation Of Multicellular Organismal Process (GO:0051240)","1/387",0.858980507507642,0.864850533754847,0,0,0.510650546919977,0.0776235041772895,"TRPM4","GO_Biological_Process_2023","red"
"Regulation Of Apoptotic Process (GO:0042981)","2/705",0.872030598986579,0.876990955067276,0,0,0.557290910674369,0.0763102707863079,"BARD1;THBS1","GO_Biological_Process_2023","red"
"Negative Regulation Of DNA-templated Transcription (GO:0045892)","3/1025",0.892400455531302,0.896456821238263,0,0,0.571287348437468,0.0650355265414706,"PEG3;PRDM5;DKK3","GO_Biological_Process_2023","red"
"Negative Regulation Of Transcription By RNA Polymerase II (GO:0000122)","2/763",0.899007356971031,0.902068676007255,0,0,0.513261283488428,0.0546438806142477,"PEG3;PRDM5","GO_Biological_Process_2023","red"
"Positive Regulation Of Nucleic Acid-Templated Transcription (GO:1903508)","1/557",0.941081646089334,0.943215618075931,0,0,0.351427948550251,0.0213405949881525,"ARHGEF11","GO_Biological_Process_2023","red"
"Regulation Of Transcription By RNA Polymerase II (GO:0006357)","5/2028",0.978783335354663,0.979891810253139,0,0,0.465098732991649,0.00997402983941014,"PEG3;PRDM5;ATP2B4;CDH13;USF3","GO_Biological_Process_2023","red"
"Regulation Of DNA-templated Transcription (GO:0006355)","4/1922",0.989415926386003,0.989415926386003,0,0,0.390641293013556,0.00415661215605782,"ARHGEF11;PRDM5;ATP2B4;DKK3","GO_Biological_Process_2023","red"
"Regulation of actin cytoskeleton","5/217",0.00469587464698318,0.423935637050281,0,0,4.88778550148957,26.2037645704826,"LIMK2;LIMK1;KRAS;FGFR1;ARHGEF6","KEGG_2019_Mouse","red"
"Oxytocin signaling pathway","4/154",0.00748436811896798,0.423935637050281,0,0,5.48611111111111,26.8541775042426,"RCAN1;GUCY1B1;CACNB4;KRAS","KEGG_2019_Mouse","red"
"Axon guidance","4/180",0.012738821536065,0.423935637050281,0,0,4.66950757575758,20.373533799992,"TRPC6;LIMK2;LIMK1;KRAS","KEGG_2019_Mouse","red"
"Bladder cancer","2/41",0.0178804597481127,0.423935637050281,0,0,10.3929879644165,41.8218699251635,"KRAS;THBS1","KEGG_2019_Mouse","red"
"ABC transporters","2/48",0.0240483300532172,0.423935637050281,0,0,8.80834072759539,32.8347611919466,"ABCB4;ABCB1B","KEGG_2019_Mouse","red"
"Long-term depression","2/61",0.0374213004237331,0.423935637050281,0,0,6.86302317537184,22.5485670061795,"GUCY1B1;KRAS","KEGG_2019_Mouse","red"
"Adrenergic signaling in cardiomyocytes","3/148",0.0381645668105914,0.423935637050281,0,0,4.21365090650551,13.7611423922677,"CACNB4;KCNQ1;ATP2B4","KEGG_2019_Mouse","red"
"Central carbon metabolism in cancer","2/64",0.0408312655246501,0.423935637050281,0,0,6.52995391705069,20.8847984924896,"KRAS;FGFR1","KEGG_2019_Mouse","red"
"Adherens junction","2/72",0.0504637828415357,0.423935637050281,0,0,5.78134110787172,17.265971584774,"PTPRM;FGFR1","KEGG_2019_Mouse","red"
"Bile secretion","2/72",0.0504637828415357,0.423935637050281,0,0,5.78134110787172,17.265971584774,"ABCB4;ABCB1B","KEGG_2019_Mouse","red"
"Melanoma","2/72",0.0504637828415357,0.423935637050281,0,0,5.78134110787172,17.265971584774,"KRAS;FGFR1","KEGG_2019_Mouse","red"
"Prolactin signaling pathway","2/72",0.0504637828415357,0.423935637050281,0,0,5.78134110787172,17.265971584774,"TH;KRAS","KEGG_2019_Mouse","red"
"MicroRNAs in cancer","4/281",0.0525572828867447,0.423935637050281,0,0,2.95171480144404,8.69531377529951,"TRIM71;KRAS;THBS1;ABCB1B","KEGG_2019_Mouse","red"
"Taurine and hypotaurine metabolism","1/11",0.0536582567508638,0.423935637050281,0,0,20.0909090909091,58.7683184218827,"GGT7","KEGG_2019_Mouse","red"
"Pancreatic cancer","2/75",0.0542668897312266,0.423935637050281,0,0,5.54291305563321,16.1511673406941,"KRAS;ARHGEF6","KEGG_2019_Mouse","red"
"cGMP-PKG signaling pathway","3/172",0.0552127694919147,0.423935637050281,0,0,3.61087049350332,10.4591067236381,"GUCY1B1;TRPC6;ATP2B4","KEGG_2019_Mouse","red"
"Salivary secretion","2/78",0.058168160710821,0.423935637050281,0,0,5.32330827067669,15.1417092906877,"GUCY1B1;ATP2B4","KEGG_2019_Mouse","red"
"MAPK signaling pathway","4/294",0.0600853658811422,0.423935637050281,0,0,2.81752873563218,7.92285970822339,"CACNB4;KRAS;MAPT;FGFR1","KEGG_2019_Mouse","red"
"Gap junction","2/86",0.0690235124413976,0.447194154510721,0,0,4.81438289601555,12.8703286595916,"GUCY1B1;KRAS","KEGG_2019_Mouse","red"
"Fc gamma R-mediated phagocytosis","2/87",0.070424276300901,0.447194154510721,0,0,4.75750300120048,12.6226889889879,"LIMK2;LIMK1","KEGG_2019_Mouse","red"
"Proteoglycans in cancer","3/203",0.0816743571184012,0.461683173843794,0,0,3.04639175257732,7.63125762325125,"KRAS;THBS1;FGFR1","KEGG_2019_Mouse","red"
"Prostate cancer","2/97",0.0849237360045433,0.461683173843794,0,0,4.25456498388829,10.491764264828,"KRAS;FGFR1","KEGG_2019_Mouse","red"
"Other glycan degradation","1/18",0.0863099571505928,0.461683173843794,0,0,11.8140225787285,28.9421143066093,"MANBA","KEGG_2019_Mouse","red"
"Rap1 signaling pathway","3/209",0.0873302976244391,0.461683173843794,0,0,2.95676108497648,7.2087544984596,"KRAS;THBS1;FGFR1","KEGG_2019_Mouse","red"
"One carbon pool by folate","1/19",0.0908825145361798,0.461683173843794,0,0,11.1571268237935,26.7568838212325,"ATIC","KEGG_2019_Mouse","red"
"Pancreatic secretion","2/105",0.0971124998083677,0.471470411466413,0,0,3.92252823459481,9.1468854610462,"KCNQ1;ATP2B4","KEGG_2019_Mouse","red"
"Parathyroid hormone synthesis, secretion and action","2/107",0.10023386700467,0.471470411466413,0,0,3.84742468415938,8.85003537243058,"ARHGEF11;FGFR1","KEGG_2019_Mouse","red"
"Cholinergic synapse","2/113",0.109762052329387,0.487434738869178,0,0,3.63835263835264,8.03872336990412,"KCNQ1;KRAS","KEGG_2019_Mouse","red"
"Thyroid hormone signaling pathway","2/115",0.112990010336963,0.487434738869178,0,0,3.57359581000542,7.7920679547705,"RCAN1;KRAS","KEGG_2019_Mouse","red"
"Human immunodeficiency virus 1 infection","3/238",0.116856100496193,0.487434738869178,0,0,2.58806755867515,5.55609452136573,"LIMK2;LIMK1;KRAS","KEGG_2019_Mouse","red"
"Folate biosynthesis","1/26",0.122262247628669,0.487434738869178,0,0,8.03030303030303,16.8763802180029,"TH","KEGG_2019_Mouse","red"
"Neurotrophin signaling pathway","2/121",0.122818201919793,0.487434738869178,0,0,3.39238552563883,7.11400223667125,"KIDINS220;KRAS","KEGG_2019_Mouse","red"
"Purine metabolism","2/136",0.148220323777077,0.529545009185542,0,0,3.01035638135851,5.7469372202272,"GUCY1B1;ATIC","KEGG_2019_Mouse","red"
"Signaling pathways regulating pluripotency of stem cells","2/137",0.149950708084332,0.529545009185542,0,0,2.98790627362056,5.66939873017379,"KRAS;FGFR1","KEGG_2019_Mouse","red"
"Vascular smooth muscle contraction","2/140",0.155166268510966,0.529545009185542,0,0,2.92250813368826,5.44538676806967,"ARHGEF11;GUCY1B1","KEGG_2019_Mouse","red"
"Breast cancer","2/147",0.167467830513668,0.529545009185542,0,0,2.78043631245602,4.96853960242873,"KRAS;FGFR1","KEGG_2019_Mouse","red"
"Thyroid cancer","1/37",0.169420067180126,0.529545009185542,0,0,5.57351290684624,9.89507014564132,"KRAS","KEGG_2019_Mouse","red"
"Gastric cancer","2/150",0.172791328093857,0.529545009185542,0,0,2.72366243794815,4.7818540898178,"KRAS;ABCB1B","KEGG_2019_Mouse","red"
"Aldosterone-regulated sodium reabsorption","1/38",0.173580657931626,0.529545009185542,0,0,5.42260442260442,9.49559255823113,"KRAS","KEGG_2019_Mouse","red"
"Tyrosine metabolism","1/40",0.181840038445641,0.529545009185542,0,0,5.14400414400414,8.76861291991989,"TH","KEGG_2019_Mouse","red"
"Homologous recombination","1/41",0.185939030336605,0.529545009185542,0,0,5.01515151515152,8.43717221072756,"BARD1","KEGG_2019_Mouse","red"
"Vasopressin-regulated water reabsorption","1/43",0.19407611900782,0.529545009185542,0,0,4.77585377585378,7.83003533696715,"DYNC1I1","KEGG_2019_Mouse","red"
"Glycosphingolipid biosynthesis","1/45",0.202132677279174,0.529545009185542,0,0,4.55831037649219,7.28796784173202,"ST3GAL4","KEGG_2019_Mouse","red"
"Cocaine addiction","1/48",0.214068244088033,0.529545009185542,0,0,4.26670964968837,6.57696403663591,"TH","KEGG_2019_Mouse","red"
"Malaria","1/49",0.21800735103248,0.529545009185542,0,0,4.17760942760943,6.36344537186664,"THBS1","KEGG_2019_Mouse","red"
"Notch signaling pathway","1/49",0.21800735103248,0.529545009185542,0,0,4.17760942760943,6.36344537186664,"MAML2","KEGG_2019_Mouse","red"
"Phagosome","2/180",0.227247144429194,0.529545009185542,0,0,2.26117862875487,3.35042706699839,"THBS1;DYNC1I1","KEGG_2019_Mouse","red"
"VEGF signaling pathway","1/58",0.252591147960672,0.529545009185542,0,0,3.5163919900762,4.83849599837867,"KRAS","KEGG_2019_Mouse","red"
"Endometrial cancer","1/58",0.252591147960672,0.529545009185542,0,0,3.5163919900762,4.83849599837867,"KRAS","KEGG_2019_Mouse","red"
"Chemokine signaling pathway","2/197",0.258668230043533,0.529545009185542,0,0,2.06227106227106,2.78862149806572,"ELMO1;KRAS","KEGG_2019_Mouse","red"
"Alcoholism","2/199",0.262374132122319,0.529545009185542,0,0,2.04112711074277,2.73099502551452,"TH;KRAS","KEGG_2019_Mouse","red"
"PI3K-Akt signaling pathway","3/357",0.264678736882378,0.529545009185542,0,0,1.70767080202691,2.26990177895585,"KRAS;THBS1;FGFR1","KEGG_2019_Mouse","red"
"Human papillomavirus infection","3/360",0.268733036915748,0.529545009185542,0,0,1.69306072944642,2.22474413696385,"MAML2;KRAS;THBS1","KEGG_2019_Mouse","red"
"Mitophagy","1/63",0.271145528260931,0.529545009185542,0,0,3.23199739328772,4.21807849737542,"KRAS","KEGG_2019_Mouse","red"
"Glutathione metabolism","1/64",0.274801310842782,0.529545009185542,0,0,3.18053551386885,4.10831982313615,"GGT7","KEGG_2019_Mouse","red"
"Non-small cell lung cancer","1/66",0.282058502576368,0.529545009185542,0,0,3.08236208236208,3.90116313048372,"KRAS","KEGG_2019_Mouse","red"
"Long-term potentiation","1/67",0.285660089808726,0.529545009185542,0,0,3.03550658096113,3.80334608196671,"KRAS","KEGG_2019_Mouse","red"
"Amphetamine addiction","1/68",0.289243789255229,0.529545009185542,0,0,2.99004975124378,3.70911301693322,"TH","KEGG_2019_Mouse","red"
"Fc epsilon RI signaling pathway","1/68",0.289243789255229,0.529545009185542,0,0,2.99004975124378,3.70911301693322,"KRAS","KEGG_2019_Mouse","red"
"Renal cell carcinoma","1/68",0.289243789255229,0.529545009185542,0,0,2.99004975124378,3.70911301693322,"KRAS","KEGG_2019_Mouse","red"
"Acute myeloid leukemia","1/69",0.29280968888067,0.529545009185542,0,0,2.94592988710636,3.61828655610275,"KRAS","KEGG_2019_Mouse","red"
"Kaposi sarcoma-associated herpesvirus infection","2/216",0.293860347736136,0.529545009185542,0,0,1.87736028991036,2.29911046589758,"RCAN1;KRAS","KEGG_2019_Mouse","red"
"p53 signaling pathway","1/71",0.299888438313403,0.529545009185542,0,0,2.86147186147186,3.44619860155019,"THBS1","KEGG_2019_Mouse","red"
"Arrhythmogenic right ventricular cardiomyopathy (ARVC)","1/72",0.303401461859655,0.529545009185542,0,0,2.82102717313985,3.36463457832852,"CACNB4","KEGG_2019_Mouse","red"
"B cell receptor signaling pathway","1/72",0.303401461859655,0.529545009185542,0,0,2.82102717313985,3.36463457832852,"KRAS","KEGG_2019_Mouse","red"
"Bacterial invasion of epithelial cells","1/74",0.310375237892897,0.529545009185542,0,0,2.74346201743462,3.20977722405069,"ELMO1","KEGG_2019_Mouse","red"
"Gastric acid secretion","1/74",0.310375237892897,0.529545009185542,0,0,2.74346201743462,3.20977722405069,"KCNQ1","KEGG_2019_Mouse","red"
"Glioma","1/75",0.313836161648445,0.529545009185542,0,0,2.70625170625171,3.13623236372496,"KRAS","KEGG_2019_Mouse","red"
"Chronic myeloid leukemia","1/76",0.317279889350664,0.529545009185542,0,0,2.67003367003367,3.0651211233087,"KRAS","KEGG_2019_Mouse","red"
"Renin secretion","1/76",0.317279889350664,0.529545009185542,0,0,2.67003367003367,3.0651211233087,"GUCY1B1","KEGG_2019_Mouse","red"
"Thermogenesis","2/231",0.321506425753241,0.529545009185542,0,0,1.75305231262811,1.98925463460844,"KRAS;FGFR1","KEGG_2019_Mouse","red"
"Cardiac muscle contraction","1/78",0.324116094429913,0.529545009185542,0,0,2.60041978223796,2.92977207832515,"CACNB4","KEGG_2019_Mouse","red"
"Salmonella infection","1/78",0.324116094429913,0.529545009185542,0,0,2.60041978223796,2.92977207832515,"DYNC1I1","KEGG_2019_Mouse","red"
"Ras signaling pathway","2/233",0.325175502475933,0.529545009185542,0,0,1.73769767647319,1.95211260075993,"KRAS;FGFR1","KEGG_2019_Mouse","red"
"ECM-receptor interaction","1/83",0.340911546721369,0.529545009185542,0,0,2.44124168514412,2.62709885646942,"THBS1","KEGG_2019_Mouse","red"
"RNA degradation","1/83",0.340911546721369,0.529545009185542,0,0,2.44124168514412,2.62709885646942,"CNOT10","KEGG_2019_Mouse","red"
"ErbB signaling pathway","1/84",0.344220716526821,0.529545009185542,0,0,2.41170743580382,2.57201895784243,"KRAS","KEGG_2019_Mouse","red"
"Hypertrophic cardiomyopathy (HCM)","1/86",0.350789788685405,0.529545009185542,0,0,2.35472370766488,2.46673350535558,"CACNB4","KEGG_2019_Mouse","red"
"Insulin secretion","1/86",0.350789788685405,0.529545009185542,0,0,2.35472370766488,2.46673350535558,"TRPM4","KEGG_2019_Mouse","red"
"Th1 and Th2 cell differentiation","1/87",0.354049852499014,0.529545009185542,0,0,2.3272257458304,2.41639933353241,"MAML2","KEGG_2019_Mouse","red"
"Colorectal cancer","1/88",0.357293708483398,0.529545009185542,0,0,2.30035992104958,2.36752381170365,"KRAS","KEGG_2019_Mouse","red"
"Dilated cardiomyopathy (DCM)","1/90",0.363733115678147,0.529545009185542,0,0,2.24843945068664,2.27392523969427,"CACNB4","KEGG_2019_Mouse","red"
"GABAergic synapse","1/90",0.363733115678147,0.529545009185542,0,0,2.24843945068664,2.27392523969427,"SLC38A1","KEGG_2019_Mouse","red"
"GnRH signaling pathway","1/90",0.363733115678147,0.529545009185542,0,0,2.24843945068664,2.27392523969427,"KRAS","KEGG_2019_Mouse","red"
"Progesterone-mediated oocyte maturation","1/90",0.363733115678147,0.529545009185542,0,0,2.24843945068664,2.27392523969427,"KRAS","KEGG_2019_Mouse","red"
"Protein digestion and absorption","1/90",0.363733115678147,0.529545009185542,0,0,2.24843945068664,2.27392523969427,"KCNQ1","KEGG_2019_Mouse","red"
"Human cytomegalovirus infection","2/255",0.365155885449267,0.529545009185542,0,0,1.58481890780027,1.59659559116084,"ARHGEF11;KRAS","KEGG_2019_Mouse","red"
"TGF-beta signaling pathway","1/91",0.366928825262423,0.529545009185542,0,0,2.22334455667789,2.22909720803597,"THBS1","KEGG_2019_Mouse","red"
"Choline metabolism in cancer","1/99",0.391928946523868,0.536140315623247,0,0,2.0410224695939,1.91177413897195,"KRAS","KEGG_2019_Mouse","red"
"Circadian entrainment","1/99",0.391928946523868,0.536140315623247,0,0,2.0410224695939,1.91177413897195,"GUCY1B1","KEGG_2019_Mouse","red"
"Melanogenesis","1/100",0.394984420817951,0.536140315623247,0,0,2.02030405060708,1.87667852610055,"KRAS","KEGG_2019_Mouse","red"
"AGE-RAGE signaling pathway in diabetic complications","1/101",0.398024694482133,0.536140315623247,0,0,2,1.84248245836996,"KRAS","KEGG_2019_Mouse","red"
"T cell receptor signaling pathway","1/101",0.398024694482133,0.536140315623247,0,0,2,1.84248245836996,"KRAS","KEGG_2019_Mouse","red"
"Aldosterone synthesis and secretion","1/102",0.401049842395342,0.536140315623247,0,0,1.98009800980098,1.80915528558786,"ATP2B4","KEGG_2019_Mouse","red"
"Longevity regulating pathway","1/102",0.401049842395342,0.536140315623247,0,0,1.98009800980098,1.80915528558786,"KRAS","KEGG_2019_Mouse","red"
"C-type lectin receptor signaling pathway","1/112",0.43048561638067,0.569496596670262,0,0,1.8008008008008,1.51778940882089,"KRAS","KEGG_2019_Mouse","red"
"Glutamatergic synapse","1/114",0.436198565833718,0.571105338771981,0,0,1.76874944131581,1.46745661650072,"SLC38A1","KEGG_2019_Mouse","red"
"Natural killer cell mediated cytotoxicity","1/118",0.447454800068397,0.579864893966188,0,0,1.70793404126737,1.37348597340122,"KRAS","KEGG_2019_Mouse","red"
"Lysosome","1/124",0.463923277206856,0.580735030985967,0,0,1.62412745339575,1.2473885010387,"MANBA","KEGG_2019_Mouse","red"
"Sphingolipid signaling pathway","1/124",0.463923277206856,0.580735030985967,0,0,1.62412745339575,1.2473885010387,"KRAS","KEGG_2019_Mouse","red"
"Platelet activation","1/125",0.46662037707619,0.580735030985967,0,0,1.61094819159335,1.22792793965158,"GUCY1B1","KEGG_2019_Mouse","red"
"Autophagy","1/130",0.479905677193982,0.580735030985967,0,0,1.54811682718659,1.13657427447839,"KRAS","KEGG_2019_Mouse","red"
"Relaxin signaling pathway","1/131",0.482523156606063,0.580735030985967,0,0,1.53613053613054,1.11941882389327,"KRAS","KEGG_2019_Mouse","red"
"FoxO signaling pathway","1/132",0.485127594032975,0.580735030985967,0,0,1.52432724188449,1.1026119616962,"KRAS","KEGG_2019_Mouse","red"
"Serotonergic synapse","1/132",0.485127594032975,0.580735030985967,0,0,1.52432724188449,1.1026119616962,"KRAS","KEGG_2019_Mouse","red"
"Estrogen signaling pathway","1/134",0.490297600070642,0.580735030985967,0,0,1.50125313283208,1.07000724904239,"KRAS","KEGG_2019_Mouse","red"
"Dopaminergic synapse","1/135",0.492863296366116,0.580735030985967,0,0,1.48997437057139,1.05419178131578,"TH","KEGG_2019_Mouse","red"
"Apelin signaling pathway","1/138",0.500483918197201,0.580735030985967,0,0,1.45712600457126,1.00859320422095,"KRAS","KEGG_2019_Mouse","red"
"Pathways in cancer","3/535",0.502893268361744,0.580735030985967,0,0,1.12595922796682,0.773958838275883,"ARHGEF11;KRAS;FGFR1","KEGG_2019_Mouse","red"
"Insulin signaling pathway","1/139",0.502998845735877,0.580735030985967,0,0,1.44649392475479,0.993983474661611,"KRAS","KEGG_2019_Mouse","red"
"Apoptosis","1/141",0.507991154544595,0.581215104749222,0,0,1.42568542568543,0.965604255328444,"KRAS","KEGG_2019_Mouse","red"
"Parkinson disease","1/144",0.515386675547343,0.584411676736719,0,0,1.39556403192767,0.925032639771104,"TH","KEGG_2019_Mouse","red"
"Phospholipase D signaling pathway","1/149",0.527468747150282,0.592818857416688,0,0,1.34807534807535,0.862317510620557,"KRAS","KEGG_2019_Mouse","red"
"mTOR signaling pathway","1/154",0.539252532966754,0.600746242866472,0,0,1.30369049976893,0.805121832204194,"KRAS","KEGG_2019_Mouse","red"
"Hepatitis C","1/160",0.553009592723917,0.607575412837793,0,0,1.25411346166063,0.742911645774827,"KRAS","KEGG_2019_Mouse","red"
"Hepatitis B","1/163",0.559734829149778,0.607575412837793,0,0,1.23070208255393,0.714166728910465,"KRAS","KEGG_2019_Mouse","red"
"Protein processing in endoplasmic reticulum","1/163",0.559734829149778,0.607575412837793,0,0,1.23070208255393,0.714166728910465,"MBTPS1","KEGG_2019_Mouse","red"
"Cell adhesion molecules (CAMs)","1/170",0.575039975380935,0.615985202384983,0,0,1.17930787161556,0.652529581961561,"PTPRM","KEGG_2019_Mouse","red"
"Hepatocellular carcinoma","1/171",0.577182984911913,0.615985202384983,0,0,1.17231134878194,0.644297547374328,"KRAS","KEGG_2019_Mouse","red"
"Alzheimer disease","1/175",0.585648556428657,0.619811388886996,0,0,1.14512945547428,0.612684798979807,"MAPT","KEGG_2019_Mouse","red"
"Transcriptional misregulation in cancer","1/183",0.6020794872594,0.630924959039744,0,0,1.09435009435009,0.555235815206858,"AFF1","KEGG_2019_Mouse","red"
"Cellular senescence","1/185",0.606085393723219,0.630924959039744,0,0,1.08234519104084,0.541967458037162,"KRAS","KEGG_2019_Mouse","red"
"Calcium signaling pathway","1/189",0.613977814396427,0.633944572588181,0,0,1.05910165484634,0.516626063848475,"ATP2B4","KEGG_2019_Mouse","red"
"Focal adhesion","1/199",0.633030530285215,0.64834578505018,0,0,1.00510152025304,0.459569228815331,"THBS1","KEGG_2019_Mouse","red"
"cAMP signaling pathway","1/211",0.654668298556741,0.665142991333649,0,0,0.947089947089947,0.401212480953937,"ATP2B4","KEGG_2019_Mouse","red"
"Viral carcinogenesis","1/229",0.684778279205045,0.690213027452704,0,0,0.871522239943293,0.330010762244593,"KRAS","KEGG_2019_Mouse","red"
"Human T-cell leukemia virus 1 infection","1/245",0.709351740244625,0.709351740244625,0,0,0.81371087928465,0.279431381953944,"KRAS","KEGG_2019_Mouse","red"
"Regulation Of Potassium Ion Transmembrane Transport (GO:1901379)","4/33",2.15362677384751e-05,0.0133280159295482,0,0,28.5502873563218,306.794883388829,"DPP6;KCNIP3;NEDD4L;KCNN2","GO_Biological_Process_2023","green"
"Regulation Of Monoatomic Cation Transmembrane Transport (GO:1904062)","4/39",4.23048246913471e-05,0.0133280159295482,0,0,23.6488095238095,238.157923950891,"DPP6;KCNIP3;NEDD4L;KCNN2","GO_Biological_Process_2023","green"
"Nervous System Development (GO:0007399)","10/433",6.21835890958704e-05,0.0133280159295482,0,0,5.11610191752036,49.551592937937,"SEMA5A;FARP1;RBFOX1;IL1RAPL2;NRXN1;GRIK1;GFRA1;SERPINI1;NAV2;FGF13","GO_Biological_Process_2023","green"
"Regulation Of Cardiac Muscle Cell Contraction (GO:0086004)","3/26",0.000290049387363004,0.046625439018603,0,0,26.7283729269386,217.714875120753,"PDE4B;CTNNA3;FGF13","GO_Biological_Process_2023","green"
"Regulation Of Potassium Ion Transport (GO:0043266)","3/30",0.00044640250260442,0.0574073618349284,0,0,22.7640320733104,175.608334527758,"DPP6;KCNIP3;KCNN2","GO_Biological_Process_2023","green"
"Regulation Of Trans-Synaptic Signaling (GO:0099177)","3/36",0.000768177033599937,0.0823229721007933,0,0,18.6194939081537,133.529520677171,"NRG3;GRID1;GRIK1","GO_Biological_Process_2023","green"
"Axonal Fasciculation (GO:0007413)","2/12",0.00158104510229119,0.121630522649248,0,0,40.5918367346939,261.803918893847,"SEMA5A;EPHA3","GO_Biological_Process_2023","green"
"Calcium Ion Import (GO:0070509)","2/12",0.00158104510229119,0.121630522649248,0,0,40.5918367346939,261.803918893847,"SLC8A1;CACNA1G","GO_Biological_Process_2023","green"
"Regulation Of Synapse Assembly (GO:0051963)","3/51",0.00212229630435684,0.121630522649248,0,0,12.7912371134021,78.733346844315,"LRRTM3;IL1RAPL2;NRXN1","GO_Biological_Process_2023","green"
"Cytoskeleton Organization (GO:0007010)","4/111",0.00234073669948557,0.121630522649248,0,0,7.70755451713396,46.686889589314,"MAST4;SH3KBP1;PLCE1;PHIP","GO_Biological_Process_2023","green"
"ERBB Signaling Pathway (GO:0038127)","3/54",0.002500594818504,0.121630522649248,0,0,12.0369921164342,72.1163479298262,"PTPRR;NRG3;PLCE1","GO_Biological_Process_2023","green"
"Regulation Of Synaptic Transmission, Glutamatergic (GO:0051966)","3/55",0.0026353413771885,0.121630522649248,0,0,11.8049167327518,70.1063613055492,"GRM3;NRXN1;GRIK1","GO_Biological_Process_2023","green"
"Regulation Of Presynapse Assembly (GO:1905606)","2/16",0.00283741499181759,0.121630522649248,0,0,28.9883381924198,170.012598917729,"LRRTM3;IL1RAPL2","GO_Biological_Process_2023","green"
"Regulation Of Presynapse Organization (GO:0099174)","2/16",0.00283741499181759,0.121630522649248,0,0,28.9883381924198,170.012598917729,"LRRTM3;IL1RAPL2","GO_Biological_Process_2023","green"
"Membrane Depolarization During Cardiac Muscle Cell Action Potential (GO:0086012)","2/16",0.00283741499181759,0.121630522649248,0,0,28.9883381924198,170.012598917729,"SLC8A1;CACNA1G","GO_Biological_Process_2023","green"
"Modulation Of Chemical Synaptic Transmission (GO:0050804)","4/123",0.00339042739947073,0.13625280111623,0,0,6.92612044817927,39.3874568402115,"GRM3;NRG3;GRID1;GRIK1","GO_Biological_Process_2023","green"
"Regulation Of Anatomical Structure Morphogenesis (GO:0022603)","4/127",0.00380144168027054,0.143783941200821,0,0,6.69952574525745,37.332269068967,"SIPA1L1;ADGRB3;NEDD4L;PHIP","GO_Biological_Process_2023","green"
"Regulation Of Cardiac Conduction (GO:1903779)","2/21",0.00488538725831669,0.174254814161924,0,0,21.3544575725027,113.63788950908,"ATP2A3;SLC8A1","GO_Biological_Process_2023","green"
"Synapse Assembly (GO:0007416)","3/71",0.00542005642805361,0.174254814161924,0,0,9.02001212856277,47.0632577361771,"FARP1;NRXN1;FGF13","GO_Biological_Process_2023","green"
"Regulation Of Hydrolase Activity (GO:0051336)","3/71",0.00542005642805361,0.174254814161924,0,0,9.02001212856277,47.0632577361771,"SIPA1L1;PLXNA2;EPHA3","GO_Biological_Process_2023","green"
"Axon Guidance (GO:0007411)","4/149",0.0066747485612657,0.192594547122594,0,0,5.67672413793103,28.4371166854251,"SEMA5A;NRXN1;PLXNA2;EPHA3","GO_Biological_Process_2023","green"
"Negative Regulation Of Proteolysis Involved In Protein Catabolic Process (GO:1903051)","2/25",0.00688907400282997,0.192594547122594,0,0,17.6370896184561,87.7942327571282,"PRKCG;HIPK2","GO_Biological_Process_2023","green"
"Negative Regulation Of Stress Fiber Assembly (GO:0051497)","2/25",0.00688907400282997,0.192594547122594,0,0,17.6370896184561,87.7942327571282,"TMEFF2;ARHGAP28","GO_Biological_Process_2023","green"
"Calcium Ion Transmembrane Transport (GO:0070588)","3/80",0.00754367358989859,0.197405764426629,0,0,7.96211005489356,38.9111981120306,"ATP2A3;SLC8A1;CACNA1G","GO_Biological_Process_2023","green"
"Synaptic Transmission, Glutamatergic (GO:0035249)","2/27",0.00800810651058956,0.197405764426629,0,0,16.2244897959184,78.3204947866311,"GRID1;GRIK1","GO_Biological_Process_2023","green"
"Calcium Ion Transmembrane Import Into Cytosol (GO:0097553)","3/83",0.00834600734283341,0.197405764426629,0,0,7.66237113402062,36.6718938313713,"PLCE1;SLC8A1;CACNA1G","GO_Biological_Process_2023","green"
"Negative Regulation Of Actin Filament Bundle Assembly (GO:0032232)","2/28",0.00859620747114401,0.197405764426629,0,0,15.5996860282575,74.1988795836398,"TMEFF2;ARHGAP28","GO_Biological_Process_2023","green"
"Regulation Of Cardiac Muscle Cell Action Potential (GO:0098901)","2/28",0.00859620747114401,0.197405764426629,0,0,15.5996860282575,74.1988795836398,"CTNNA3;FGF13","GO_Biological_Process_2023","green"
"Cardiac Muscle Cell Action Potential (GO:0086001)","2/29",0.00920309747511436,0.203863727055375,0,0,15.021164021164,70.4224490277819,"SLC8A1;CACNA1G","GO_Biological_Process_2023","green"
"Peptidyl-Serine Modification (GO:0018209)","4/166",0.00968510610104445,0.203863727055375,0,0,5.07664609053498,23.5412507820812,"PRKCG;MAST4;MGAT5B;HIPK2","GO_Biological_Process_2023","green"
"Cardiac Muscle Cell Action Potential Involved In Contraction (GO:0086002)","2/30",0.00982857782071015,0.203863727055375,0,0,14.4839650145773,66.9515638793864,"NEDD4L;CACNA1G","GO_Biological_Process_2023","green"
"Endodermal Cell Differentiation (GO:0035987)","2/31",0.0104724512850622,0.204054126554395,0,0,13.9838142153413,63.7523090878691,"COL11A1;COL8A1","GO_Biological_Process_2023","green"
"Regulation Of Cell Morphogenesis (GO:0022604)","2/31",0.0104724512850622,0.204054126554395,0,0,13.9838142153413,63.7523090878691,"NTNG1;PHIP","GO_Biological_Process_2023","green"
"Regulation Of Neuron Projection Development (GO:0010975)","4/174",0.0113638641834637,0.214910725587269,0,0,4.83578431372549,21.651338187187,"NTNG1;SIPA1L1;SERPINI1;EPHA3","GO_Biological_Process_2023","green"
"Chemical Synaptic Transmission (GO:0007268)","5/273",0.0120192476414636,0.220810749527461,0,0,3.85545954438335,17.045934873086,"GRM3;GRID1;NRXN1;GRIK1;GABRG3","GO_Biological_Process_2023","green"
"Semaphorin-Plexin Signaling Pathway (GO:0071526)","2/34",0.0125124802245356,0.22348679956601,0,0,12.6709183673469,55.5116572102178,"SEMA5A;PLXNA2","GO_Biological_Process_2023","green"
"Glutamate Receptor Signaling Pathway (GO:0007215)","2/35",0.0132279832722483,0.22383140115936,0,0,12.2863327149041,53.1435584472206,"GRM3;GRIK1","GO_Biological_Process_2023","green"
"Regulation Of Cardiac Muscle Contraction (GO:0055117)","2/35",0.0132279832722483,0.22383140115936,0,0,12.2863327149041,53.1435584472206,"PDE4B;SLC8A1","GO_Biological_Process_2023","green"
"Calcium Ion Import Across Plasma Membrane (GO:0098703)","2/37",0.0147110875878219,0.231033409477046,0,0,11.5830903790087,48.8708399253876,"SLC8A1;CACNA1G","GO_Biological_Process_2023","green"
"Regulation Of Sodium Ion Transmembrane Transporter Activity (GO:2000649)","2/37",0.0147110875878219,0.231033409477046,0,0,11.5830903790087,48.8708399253876,"NEDD4L;FGF13","GO_Biological_Process_2023","green"
"Axonogenesis (GO:0007409)","4/188",0.0147315237769189,0.231033409477046,0,0,4.46467391304348,18.8309480754796,"SEMA5A;NTNG1;NRXN1;EPHA3","GO_Biological_Process_2023","green"
"Protein Localization To Membrane (GO:0072657)","4/192",0.0157977826439019,0.24032858913021,0,0,4.36879432624113,18.121259458719,"DPP6;NRXN1;KCNIP3;FGF13","GO_Biological_Process_2023","green"
"Regulation Of Cell Differentiation (GO:0045595)","4/193",0.0160717407971991,0.24032858913021,0,0,4.34545855379189,17.9497542704628,"PTPRR;ST7;DPF3;EPHA3","GO_Biological_Process_2023","green"
"Extracellular Structure Organization (GO:0043062)","3/109",0.0173780716412014,0.241159378270649,0,0,5.77533553783311,23.4048136142864,"COL11A1;ST7;COL8A1","GO_Biological_Process_2023","green"
"External Encapsulating Structure Organization (GO:0045229)","3/110",0.0178018044903922,0.241159378270649,0,0,5.72107139416129,23.0470812431264,"COL11A1;ST7;COL8A1","GO_Biological_Process_2023","green"
"Regulation Of Heart Rate By Cardiac Conduction (GO:0086091)","2/41",0.0178804597481127,0.241159378270649,0,0,10.3929879644165,41.8218699251635,"CTNNA3;CACNA1G","GO_Biological_Process_2023","green"
"Calcium Ion Transport (GO:0006816)","3/112",0.0186665018739365,0.241159378270649,0,0,5.6155301239005,22.3555641556835,"ATP2A3;SLC8A1;CACNA1G","GO_Biological_Process_2023","green"
"Regulation Of Axonogenesis (GO:0050770)","2/42",0.0187140554000923,0.241159378270649,0,0,10.1326530612245,40.3125617234172,"SIPA1L1;PLXNA2","GO_Biological_Process_2023","green"
"Learning (GO:0007612)","2/43",0.0195637897091909,0.241159378270649,0,0,9.88501742160279,38.888398778374,"NRXN1;FGF13","GO_Biological_Process_2023","green"
"Negative Regulation Of BMP Signaling Pathway (GO:0030514)","2/43",0.0195637897091909,0.241159378270649,0,0,9.88501742160279,38.888398778374,"VWC2;HIPK2","GO_Biological_Process_2023","green"
"Ephrin Receptor Signaling Pathway (GO:0048013)","2/43",0.0195637897091909,0.241159378270649,0,0,9.88501742160279,38.888398778374,"SIPA1L1;EPHA3","GO_Biological_Process_2023","green"
"Positive Regulation Of Cell Projection Organization (GO:0031346)","3/118",0.0213987474323764,0.241159378270649,0,0,5.32093231734648,20.4559139962277,"PLXNA2;SERPINI1;EPHA3","GO_Biological_Process_2023","green"
"Regulation Of Cell Migration (GO:0030334)","6/434",0.0217893851239897,0.241159378270649,0,0,2.90395704911513,11.1115047962341,"SEMA5A;NTNG1;FRMD5;TMEFF2;PLXNA2;AMOTL1","GO_Biological_Process_2023","green"
"Cardiac Conduction (GO:0061337)","2/46",0.0222080432575084,0.241159378270649,0,0,9.20964749536178,35.0638977870873,"CTNNA3;CACNA1G","GO_Biological_Process_2023","green"
"Regulation Of Cell Motility (GO:2000145)","3/123",0.0238342004694833,0.241159378270649,0,0,5.0979381443299,19.0491276504594,"FRMD5;PLXNA2;AMOTL1","GO_Biological_Process_2023","green"
"Neuron Projection Guidance (GO:0097485)","3/124",0.0243385983169026,0.241159378270649,0,0,5.05555082218625,18.7848686370022,"SEMA5A;NRXN1;EPHA3","GO_Biological_Process_2023","green"
"Telencephalon Cell Migration (GO:0022029)","1/5",0.0247535287182936,0.241159378270649,0,0,50.2424242424242,185.836036973753,"FGF13","GO_Biological_Process_2023","green"
"PML Body Organization (GO:0030578)","1/5",0.0247535287182936,0.241159378270649,0,0,50.2424242424242,185.836036973753,"HIPK2","GO_Biological_Process_2023","green"
"Vocal Learning (GO:0042297)","1/5",0.0247535287182936,0.241159378270649,0,0,50.2424242424242,185.836036973753,"NRXN1","GO_Biological_Process_2023","green"
"Negative Regulation Of Relaxation Of Muscle (GO:1901078)","1/5",0.0247535287182936,0.241159378270649,0,0,50.2424242424242,185.836036973753,"PDE4B","GO_Biological_Process_2023","green"
"Imitative Learning (GO:0098596)","1/5",0.0247535287182936,0.241159378270649,0,0,50.2424242424242,185.836036973753,"NRXN1","GO_Biological_Process_2023","green"
"Postsynaptic Density Assembly (GO:0097107)","1/5",0.0247535287182936,0.241159378270649,0,0,50.2424242424242,185.836036973753,"NRXN1","GO_Biological_Process_2023","green"
"Blood Vessel Endothelial Cell Proliferation Involved In Sprouting Angiogenesis (GO:0002043)","1/5",0.0247535287182936,0.241159378270649,0,0,50.2424242424242,185.836036973753,"SEMA5A","GO_Biological_Process_2023","green"
"Regulation Of Relaxation Of Cardiac Muscle (GO:1901897)","1/5",0.0247535287182936,0.241159378270649,0,0,50.2424242424242,185.836036973753,"PDE4B","GO_Biological_Process_2023","green"
"Cerebral Cortex Cell Migration (GO:0021795)","1/5",0.0247535287182936,0.241159378270649,0,0,50.2424242424242,185.836036973753,"FGF13","GO_Biological_Process_2023","green"
"Regulation Of Voltage-Gated Sodium Channel Activity (GO:1905150)","1/5",0.0247535287182936,0.241159378270649,0,0,50.2424242424242,185.836036973753,"FGF13","GO_Biological_Process_2023","green"
"Cell Chemotaxis (GO:0060326)","2/50",0.0259489619459531,0.243517147398334,0,0,8.44047619047619,30.8214426622313,"SEMA5A;DOCK4","GO_Biological_Process_2023","green"
"Regulation Of Smoothened Signaling Pathway (GO:0008589)","2/51",0.0269214810715392,0.243517147398334,0,0,8.26780508121616,29.8867161104048,"PHIP;KCTD6","GO_Biological_Process_2023","green"
"Synapse Organization (GO:0050808)","3/131",0.0280307213331603,0.243517147398334,0,0,4.77738402061856,17.0765402810598,"NTNG1;FARP1;NRXN1","GO_Biological_Process_2023","green"
"Actin Cytoskeleton Reorganization (GO:0031532)","2/53",0.0289100845392209,0.243517147398334,0,0,7.94277711084434,28.1457453742055,"SIPA1L1;CDC42BPA","GO_Biological_Process_2023","green"
"AV Node Cell Action Potential (GO:0086016)","1/6",0.0296309633944118,0.243517147398334,0,0,40.1919191919192,141.432767389918,"CACNA1G","GO_Biological_Process_2023","green"
"SA Node Cell Action Potential (GO:0086015)","1/6",0.0296309633944118,0.243517147398334,0,0,40.1919191919192,141.432767389918,"CACNA1G","GO_Biological_Process_2023","green"
"Vascular Associated Smooth Muscle Contraction (GO:0014829)","1/6",0.0296309633944118,0.243517147398334,0,0,40.1919191919192,141.432767389918,"SLC8A1","GO_Biological_Process_2023","green"
"Cellular Response To Caffeine (GO:0071313)","1/6",0.0296309633944118,0.243517147398334,0,0,40.1919191919192,141.432767389918,"SLC8A1","GO_Biological_Process_2023","green"
"Response To Caffeine (GO:0031000)","1/6",0.0296309633944118,0.243517147398334,0,0,40.1919191919192,141.432767389918,"SLC8A1","GO_Biological_Process_2023","green"
"Protein Localization To Plasma Membrane (GO:0072659)","3/137",0.0314194441411022,0.243517147398334,0,0,4.56208647484228,15.7863171072755,"DPP6;KCNIP3;FGF13","GO_Biological_Process_2023","green"
"Peptidyl-Threonine Phosphorylation (GO:0018107)","2/58",0.0341280219187038,0.243517147398334,0,0,7.23177842565598,24.4263185896388,"CDC42BPA;HIPK2","GO_Biological_Process_2023","green"
"Protein Localization To Cell Periphery (GO:1990778)","3/142",0.0344004256970443,0.243517147398334,0,0,4.39687013275977,14.8160732240825,"DPP6;KCNIP3;FGF13","GO_Biological_Process_2023","green"
"Regulation Of Collateral Sprouting (GO:0048670)","1/7",0.0344842492004147,0.243517147398334,0,0,33.4915824915825,112.774618360503,"FGF13","GO_Biological_Process_2023","green"
"Positive Regulation Of Insulin-Like Growth Factor Receptor Signaling Pathway (GO:0043568)","1/7",0.0344842492004147,0.243517147398334,0,0,33.4915824915825,112.774618360503,"PHIP","GO_Biological_Process_2023","green"
"Heparan Sulfate Proteoglycan Biosynthetic Process, Polysaccharide Chain Biosynthetic Process (GO:0015014)","1/7",0.0344842492004147,0.243517147398334,0,0,33.4915824915825,112.774618360503,"NDST4","GO_Biological_Process_2023","green"
"Positive Regulation Of Vascular Associated Smooth Muscle Cell Migration (GO:1904754)","1/7",0.0344842492004147,0.243517147398334,0,0,33.4915824915825,112.774618360503,"DOCK4","GO_Biological_Process_2023","green"
"Postsynaptic Density Organization (GO:0097106)","1/7",0.0344842492004147,0.243517147398334,0,0,33.4915824915825,112.774618360503,"NRXN1","GO_Biological_Process_2023","green"
"Postsynaptic Membrane Assembly (GO:0097104)","1/7",0.0344842492004147,0.243517147398334,0,0,33.4915824915825,112.774618360503,"NRXN1","GO_Biological_Process_2023","green"
"Peptidyl-Tyrosine Dephosphorylation Involved In Inactivation Of Protein Kinase Activity (GO:1990264)","1/7",0.0344842492004147,0.243517147398334,0,0,33.4915824915825,112.774618360503,"PTPRR","GO_Biological_Process_2023","green"
"Cellular Response To Epinephrine Stimulus (GO:0071872)","1/7",0.0344842492004147,0.243517147398334,0,0,33.4915824915825,112.774618360503,"PDE4B","GO_Biological_Process_2023","green"
"Cellular Response To Leptin Stimulus (GO:0044320)","1/7",0.0344842492004147,0.243517147398334,0,0,33.4915824915825,112.774618360503,"LEPR","GO_Biological_Process_2023","green"
"Response To Epinephrine (GO:0071871)","1/7",0.0344842492004147,0.243517147398334,0,0,33.4915824915825,112.774618360503,"PDE4B","GO_Biological_Process_2023","green"
"Diacylglycerol Biosynthetic Process (GO:0006651)","1/7",0.0344842492004147,0.243517147398334,0,0,33.4915824915825,112.774618360503,"PLCE1","GO_Biological_Process_2023","green"
"Regulation Of Cardiac Muscle Cell Action Potential Involved In Regulation Of Contraction (GO:0098909)","1/7",0.0344842492004147,0.243517147398334,0,0,33.4915824915825,112.774618360503,"FGF13","GO_Biological_Process_2023","green"
"Sinoatrial Node Development (GO:0003163)","1/7",0.0344842492004147,0.243517147398334,0,0,33.4915824915825,112.774618360503,"CACNA1G","GO_Biological_Process_2023","green"
"Regulation Of Cell Adhesion (GO:0030155)","3/144",0.035632562673451,0.243517147398334,0,0,4.33406448782628,14.4519179998029,"SEMA5A;FRMD5;PLXNA2","GO_Biological_Process_2023","green"
"DNA Damage Response, Signal Transduction By P53 Class Mediator Resulting In Transcription Of P21 Class Mediator (GO:0006978)","1/8",0.0393135041520565,0.243517147398334,0,0,28.7056277056277,92.8967850071638,"HIPK2","GO_Biological_Process_2023","green"
"Positive Regulation Of Synapse Maturation (GO:0090129)","1/8",0.0393135041520565,0.243517147398334,0,0,28.7056277056277,92.8967850071638,"NRXN1","GO_Biological_Process_2023","green"
"Auditory Behavior (GO:0031223)","1/8",0.0393135041520565,0.243517147398334,0,0,28.7056277056277,92.8967850071638,"NRXN1","GO_Biological_Process_2023","green"
"Learned Vocalization Behavior Or Vocal Learning (GO:0098598)","1/8",0.0393135041520565,0.243517147398334,0,0,28.7056277056277,92.8967850071638,"NRXN1","GO_Biological_Process_2023","green"
"Leptin-Mediated Signaling Pathway (GO:0033210)","1/8",0.0393135041520565,0.243517147398334,0,0,28.7056277056277,92.8967850071638,"LEPR","GO_Biological_Process_2023","green"
"Nucleic Acid Transport (GO:0050657)","1/8",0.0393135041520565,0.243517147398334,0,0,28.7056277056277,92.8967850071638,"RBFOX1","GO_Biological_Process_2023","green"
"Response To Leptin (GO:0044321)","1/8",0.0393135041520565,0.243517147398334,0,0,28.7056277056277,92.8967850071638,"LEPR","GO_Biological_Process_2023","green"
"Detection Of Mechanical Stimulus Involved In Sensory Perception Of Sound (GO:0050910)","1/8",0.0393135041520565,0.243517147398334,0,0,28.7056277056277,92.8967850071638,"COL11A1","GO_Biological_Process_2023","green"
"Semaphorin-Plexin Signaling Pathway Involved In Axon Guidance (GO:1902287)","1/8",0.0393135041520565,0.243517147398334,0,0,28.7056277056277,92.8967850071638,"PLXNA2","GO_Biological_Process_2023","green"
"Peptidyl-Threonine Modification (GO:0018210)","2/66",0.043167352566795,0.243517147398334,0,0,6.32525510204082,19.8781944931298,"CDC42BPA;HIPK2","GO_Biological_Process_2023","green"
"DNA Damage Response, Signal Transduction Resulting In Transcription (GO:0042772)","1/9",0.0441188457824273,0.243517147398334,0,0,25.1161616161616,78.3842312444799,"HIPK2","GO_Biological_Process_2023","green"
"Regulation Of High Voltage-Gated Calcium Channel Activity (GO:1901841)","1/9",0.0441188457824273,0.243517147398334,0,0,25.1161616161616,78.3842312444799,"PDE4B","GO_Biological_Process_2023","green"
"Vasoconstriction (GO:0042310)","1/9",0.0441188457824273,0.243517147398334,0,0,25.1161616161616,78.3842312444799,"SLC8A1","GO_Biological_Process_2023","green"
"Negative Regulation Of Potassium Ion Transmembrane Transporter Activity (GO:1901017)","1/9",0.0441188457824273,0.243517147398334,0,0,25.1161616161616,78.3842312444799,"NEDD4L","GO_Biological_Process_2023","green"
"Negative Regulation Of Protein Localization To Cell Surface (GO:2000009)","1/9",0.0441188457824273,0.243517147398334,0,0,25.1161616161616,78.3842312444799,"NEDD4L","GO_Biological_Process_2023","green"
"Negative Regulation Of Receptor Binding (GO:1900121)","1/9",0.0441188457824273,0.243517147398334,0,0,25.1161616161616,78.3842312444799,"ATP2A3","GO_Biological_Process_2023","green"
"Negative Regulation Of Sodium Ion Transmembrane Transport (GO:1902306)","1/9",0.0441188457824273,0.243517147398334,0,0,25.1161616161616,78.3842312444799,"NEDD4L","GO_Biological_Process_2023","green"
"Postsynapse Assembly (GO:0099068)","1/9",0.0441188457824273,0.243517147398334,0,0,25.1161616161616,78.3842312444799,"NRXN1","GO_Biological_Process_2023","green"
"Calcium Ion Transport Into Cytosol (GO:0060402)","1/9",0.0441188457824273,0.243517147398334,0,0,25.1161616161616,78.3842312444799,"SLC8A1","GO_Biological_Process_2023","green"
"Protein O-linked Glycosylation Via Serine (GO:0018242)","1/9",0.0441188457824273,0.243517147398334,0,0,25.1161616161616,78.3842312444799,"MGAT5B","GO_Biological_Process_2023","green"
"Regulation Of Receptor Binding (GO:1900120)","1/9",0.0441188457824273,0.243517147398334,0,0,25.1161616161616,78.3842312444799,"ATP2A3","GO_Biological_Process_2023","green"
"Cellular Response To Purine-Containing Compound (GO:0071415)","1/9",0.0441188457824273,0.243517147398334,0,0,25.1161616161616,78.3842312444799,"SLC8A1","GO_Biological_Process_2023","green"
"Regulation Of Actin Filament-Based Movement (GO:1903115)","1/9",0.0441188457824273,0.243517147398334,0,0,25.1161616161616,78.3842312444799,"PDE4B","GO_Biological_Process_2023","green"
"Peptidyl-Serine Phosphorylation (GO:0018105)","3/158",0.0448855915053095,0.243517147398334,0,0,3.93980711672764,12.2277368042853,"PRKCG;MAST4;HIPK2","GO_Biological_Process_2023","green"
"Regulation Of Heart Contraction (GO:0008016)","2/69",0.0467626402187707,0.243517147398334,0,0,6.04112092598233,18.5019639390654,"ATP2A3;SLC8A1","GO_Biological_Process_2023","green"
"Positive Regulation Of Protein Depolymerization (GO:1901881)","1/10",0.0489003911418305,0.243517147398334,0,0,22.324354657688,67.3742300304506,"SEMA5A","GO_Biological_Process_2023","green"
"Negative Regulation Of Sodium Ion Transmembrane Transporter Activity (GO:2000650)","1/10",0.0489003911418305,0.243517147398334,0,0,22.324354657688,67.3742300304506,"NEDD4L","GO_Biological_Process_2023","green"
"Neuron Projection Fasciculation (GO:0106030)","1/10",0.0489003911418305,0.243517147398334,0,0,22.324354657688,67.3742300304506,"SEMA5A","GO_Biological_Process_2023","green"
"Midbrain Dopaminergic Neuron Differentiation (GO:1904948)","1/10",0.0489003911418305,0.243517147398334,0,0,22.324354657688,67.3742300304506,"LMX1A","GO_Biological_Process_2023","green"
"Regulation Of Synapse Maturation (GO:0090128)","1/10",0.0489003911418305,0.243517147398334,0,0,22.324354657688,67.3742300304506,"NRXN1","GO_Biological_Process_2023","green"
"Positive Regulation Of Actin Filament Depolymerization (GO:0030836)","1/10",0.0489003911418305,0.243517147398334,0,0,22.324354657688,67.3742300304506,"SEMA5A","GO_Biological_Process_2023","green"
"Negative Regulation Of Adenylate Cyclase Activity (GO:0007194)","1/10",0.0489003911418305,0.243517147398334,0,0,22.324354657688,67.3742300304506,"GRM3","GO_Biological_Process_2023","green"
"Negative Regulation Of Cellular Response To Growth Factor Stimulus (GO:0090288)","2/71",0.0492185490137595,0.243517147398334,0,0,5.86542443064182,17.6636360143545,"VWC2;HIPK2","GO_Biological_Process_2023","green"
"Negative Regulation Of Catabolic Process (GO:0009895)","2/72",0.0504637828415357,0.243517147398334,0,0,5.78134110787172,17.265971584774,"PRKCG;HIPK2","GO_Biological_Process_2023","green"
"Negative Regulation Of Cell Adhesion (GO:0007162)","2/72",0.0504637828415357,0.243517147398334,0,0,5.78134110787172,17.265971584774,"SEMA5A;PLXNA2","GO_Biological_Process_2023","green"
"Monoatomic Cation Transmembrane Transport (GO:0098655)","4/281",0.0525572828867447,0.243517147398334,0,0,2.95171480144404,8.69531377529951,"ATP2A3;KCNN2;SLC8A1;CACNA1G","GO_Biological_Process_2023","green"
"DNA Methylation-Dependent Heterochromatin Formation (GO:0006346)","1/11",0.0536582567508638,0.243517147398334,0,0,20.0909090909091,58.7683184218827,"TEX15","GO_Biological_Process_2023","green"
"Negative Regulation Of Potassium Ion Transmembrane Transport (GO:1901380)","1/11",0.0536582567508638,0.243517147398334,0,0,20.0909090909091,58.7683184218827,"NEDD4L","GO_Biological_Process_2023","green"
"Regulation Of Ventricular Cardiac Muscle Cell Action Potential (GO:0098911)","1/11",0.0536582567508638,0.243517147398334,0,0,20.0909090909091,58.7683184218827,"CTNNA3","GO_Biological_Process_2023","green"
"Regulation Of Actin Filament Depolymerization (GO:0030834)","1/11",0.0536582567508638,0.243517147398334,0,0,20.0909090909091,58.7683184218827,"SEMA5A","GO_Biological_Process_2023","green"
"Negative Regulation Of Cyclase Activity (GO:0031280)","1/11",0.0536582567508638,0.243517147398334,0,0,20.0909090909091,58.7683184218827,"GRM3","GO_Biological_Process_2023","green"
"Inorganic Cation Transmembrane Transport (GO:0098662)","4/284",0.0542457728139074,0.243517147398334,0,0,2.91964285714286,8.50851141692561,"ATP2A3;KCNN2;SLC8A1;CACNA1G","GO_Biological_Process_2023","green"
"Positive Regulation Of Neurogenesis (GO:0050769)","2/75",0.0542668897312266,0.243517147398334,0,0,5.54291305563321,16.1511673406941,"VCAN;PLXNA2","GO_Biological_Process_2023","green"
"Regulation Of Stress Fiber Assembly (GO:0051492)","2/75",0.0542668897312266,0.243517147398334,0,0,5.54291305563321,16.1511673406941,"TMEFF2;ARHGAP28","GO_Biological_Process_2023","green"
"Regulation Of BMP Signaling Pathway (GO:0030510)","2/75",0.0542668897312266,0.243517147398334,0,0,5.54291305563321,16.1511673406941,"VWC2;HIPK2","GO_Biological_Process_2023","green"
"Metal Ion Transport (GO:0030001)","3/171",0.0544403566847165,0.243517147398334,0,0,3.63254786450663,10.5730738047588,"ATP2A3;KCNN2;FGF13","GO_Biological_Process_2023","green"
"Actomyosin Structure Organization (GO:0031032)","2/77",0.0568570608364097,0.243517147398334,0,0,5.39455782312925,15.4673563823572,"FRMD5;CDC42BPA","GO_Biological_Process_2023","green"
"Cell Morphogenesis Involved In Neuron Differentiation (GO:0048667)","2/77",0.0568570608364097,0.243517147398334,0,0,5.39455782312925,15.4673563823572,"NTNG1;FARP1","GO_Biological_Process_2023","green"
"Extracellular Matrix Organization (GO:0030198)","3/176",0.0583548847938619,0.243517147398334,0,0,3.52666706394136,10.020009516852,"COL11A1;ST7;COL8A1","GO_Biological_Process_2023","green"
"Synaptic Membrane Adhesion (GO:0099560)","1/12",0.0583925585800791,0.243517147398334,0,0,18.2635445362718,51.8788186041542,"NTNG1","GO_Biological_Process_2023","green"
"G Protein-Coupled Glutamate Receptor Signaling Pathway (GO:0007216)","1/12",0.0583925585800791,0.243517147398334,0,0,18.2635445362718,51.8788186041542,"GRM3","GO_Biological_Process_2023","green"
"Negative Regulation Of Locomotion (GO:0040013)","1/12",0.0583925585800791,0.243517147398334,0,0,18.2635445362718,51.8788186041542,"FRMD5","GO_Biological_Process_2023","green"
"Negative Regulation Of Potassium Ion Transport (GO:0043267)","1/12",0.0583925585800791,0.243517147398334,0,0,18.2635445362718,51.8788186041542,"NEDD4L","GO_Biological_Process_2023","green"
"Atrial Cardiac Muscle Cell Action Potential (GO:0086014)","1/12",0.0583925585800791,0.243517147398334,0,0,18.2635445362718,51.8788186041542,"KCNN2","GO_Biological_Process_2023","green"
"Atrial Cardiac Muscle Tissue Development (GO:0003228)","1/12",0.0583925585800791,0.243517147398334,0,0,18.2635445362718,51.8788186041542,"CACNA1G","GO_Biological_Process_2023","green"
"Nuclear Body Organization (GO:0030575)","1/12",0.0583925585800791,0.243517147398334,0,0,18.2635445362718,51.8788186041542,"HIPK2","GO_Biological_Process_2023","green"
"Polysaccharide Biosynthetic Process (GO:0000271)","1/12",0.0583925585800791,0.243517147398334,0,0,18.2635445362718,51.8788186041542,"NDST4","GO_Biological_Process_2023","green"
"Regulation Of Vascular Associated Smooth Muscle Cell Migration (GO:1904752)","1/12",0.0583925585800791,0.243517147398334,0,0,18.2635445362718,51.8788186041542,"DOCK4","GO_Biological_Process_2023","green"
"Relaxation Of Cardiac Muscle (GO:0055119)","1/12",0.0583925585800791,0.243517147398334,0,0,18.2635445362718,51.8788186041542,"SLC8A1","GO_Biological_Process_2023","green"
"Semaphorin-Plexin Signaling Pathway Involved In Neuron Projection Guidance (GO:1902285)","1/12",0.0583925585800791,0.243517147398334,0,0,18.2635445362718,51.8788186041542,"PLXNA2","GO_Biological_Process_2023","green"
"Regulation Of Cell Communication By Electrical Coupling (GO:0010649)","1/12",0.0583925585800791,0.243517147398334,0,0,18.2635445362718,51.8788186041542,"SLC8A1","GO_Biological_Process_2023","green"
"Negative Regulation Of Cellular Component Organization (GO:0051129)","2/79",0.0594897545967717,0.243517147398334,0,0,5.25390935595017,14.8262756693766,"TMEFF2;EPHA3","GO_Biological_Process_2023","green"
"ERBB2 Signaling Pathway (GO:0038128)","1/13",0.0631034120924419,0.243517147398334,0,0,16.7407407407407,46.2543391597171,"PTPRR","GO_Biological_Process_2023","green"
"Negative Regulation Of Lyase Activity (GO:0051350)","1/13",0.0631034120924419,0.243517147398334,0,0,16.7407407407407,46.2543391597171,"GRM3","GO_Biological_Process_2023","green"
"Inhibitory Synapse Assembly (GO:1904862)","1/13",0.0631034120924419,0.243517147398334,0,0,16.7407407407407,46.2543391597171,"FGF13","GO_Biological_Process_2023","green"
"Neuromuscular Process Controlling Balance (GO:0050885)","1/13",0.0631034120924419,0.243517147398334,0,0,16.7407407407407,46.2543391597171,"NRXN1","GO_Biological_Process_2023","green"
"Membrane Depolarization During Action Potential (GO:0086010)","1/13",0.0631034120924419,0.243517147398334,0,0,16.7407407407407,46.2543391597171,"SLC8A1","GO_Biological_Process_2023","green"
"Protein Localization To Synapse (GO:0035418)","1/13",0.0631034120924419,0.243517147398334,0,0,16.7407407407407,46.2543391597171,"NRXN1","GO_Biological_Process_2023","green"
"Relaxation Of Muscle (GO:0090075)","1/13",0.0631034120924419,0.243517147398334,0,0,16.7407407407407,46.2543391597171,"SLC8A1","GO_Biological_Process_2023","green"
"Regulation Of Cell Projection Organization (GO:0031344)","1/13",0.0631034120924419,0.243517147398334,0,0,16.7407407407407,46.2543391597171,"NTNG1","GO_Biological_Process_2023","green"
"Vascular Transport (GO:0010232)","2/83",0.0648783802345316,0.243517147398334,0,0,4.99344923154447,13.6582862458477,"ATP2A3;LEPR","GO_Biological_Process_2023","green"
"Transport Across Blood-Brain Barrier (GO:0150104)","2/85",0.067632189652766,0.243517147398334,0,0,4.87263339070568,13.1252723836309,"ATP2A3;LEPR","GO_Biological_Process_2023","green"
"Calcium-Mediated Signaling (GO:0019722)","2/85",0.067632189652766,0.243517147398334,0,0,4.87263339070568,13.1252723836309,"PLCE1;SLC8A1","GO_Biological_Process_2023","green"
"Synaptic Transmission, GABAergic (GO:0051932)","1/14",0.0677909321684321,0.243517147398334,0,0,15.4522144522145,41.5869594433684,"GABRG3","GO_Biological_Process_2023","green"
"Synaptonemal Complex Assembly (GO:0007130)","1/14",0.0677909321684321,0.243517147398334,0,0,15.4522144522145,41.5869594433684,"TEX15","GO_Biological_Process_2023","green"
"Synaptonemal Complex Organization (GO:0070193)","1/14",0.0677909321684321,0.243517147398334,0,0,15.4522144522145,41.5869594433684,"TEX15","GO_Biological_Process_2023","green"
"Regulation Of Endothelial Cell Chemotaxis (GO:2001026)","1/14",0.0677909321684321,0.243517147398334,0,0,15.4522144522145,41.5869594433684,"SEMA5A","GO_Biological_Process_2023","green"
"Regulation Of Feeding Behavior (GO:0060259)","1/14",0.0677909321684321,0.243517147398334,0,0,15.4522144522145,41.5869594433684,"LEPR","GO_Biological_Process_2023","green"
"Neuron Cell-Cell Adhesion (GO:0007158)","1/14",0.0677909321684321,0.243517147398334,0,0,15.4522144522145,41.5869594433684,"NRXN1","GO_Biological_Process_2023","green"
"Regulation Of Neuron Projection Arborization (GO:0150011)","1/14",0.0677909321684321,0.243517147398334,0,0,15.4522144522145,41.5869594433684,"NTNG1","GO_Biological_Process_2023","green"
"Cardiac Cell Development (GO:0055006)","1/14",0.0677909321684321,0.243517147398334,0,0,15.4522144522145,41.5869594433684,"SLC8A1","GO_Biological_Process_2023","green"
"Membrane Repolarization During Cardiac Muscle Cell Action Potential (GO:0086013)","1/14",0.0677909321684321,0.243517147398334,0,0,15.4522144522145,41.5869594433684,"KCNN2","GO_Biological_Process_2023","green"
"Response To Muscle Stretch (GO:0035994)","1/14",0.0677909321684321,0.243517147398334,0,0,15.4522144522145,41.5869594433684,"SLC8A1","GO_Biological_Process_2023","green"
"Detection Of Mechanical Stimulus Involved In Sensory Perception (GO:0050974)","1/14",0.0677909321684321,0.243517147398334,0,0,15.4522144522145,41.5869594433684,"COL11A1","GO_Biological_Process_2023","green"
"Regulation Of Bone Remodeling (GO:0046850)","1/14",0.0677909321684321,0.243517147398334,0,0,15.4522144522145,41.5869594433684,"LEPR","GO_Biological_Process_2023","green"
"Positive Regulation Of Endothelial Cell Chemotaxis (GO:2001028)","1/14",0.0677909321684321,0.243517147398334,0,0,15.4522144522145,41.5869594433684,"SEMA5A","GO_Biological_Process_2023","green"
"Smooth Muscle Contraction (GO:0006939)","1/14",0.0677909321684321,0.243517147398334,0,0,15.4522144522145,41.5869594433684,"SLC8A1","GO_Biological_Process_2023","green"
"Regulation Of Double-Strand Break Repair (GO:2000779)","2/88",0.0718343542729081,0.251882769561646,0,0,4.70194589463692,12.3820687985171,"DPF3;TEX15","GO_Biological_Process_2023","green"
"Negative Regulation Of Protein Kinase Activity (GO:0006469)","2/88",0.0718343542729081,0.251882769561646,0,0,4.70194589463692,12.3820687985171,"PTPRR;SLC8A1","GO_Biological_Process_2023","green"
"Positive Regulation Of Plasma Membrane Bounded Cell Projection Assembly (GO:0120034)","2/88",0.0718343542729081,0.251882769561646,0,0,4.70194589463692,12.3820687985171,"TENM2;PLCE1","GO_Biological_Process_2023","green"
"Epiboly Involved In Wound Healing (GO:0090505)","1/15",0.0724552331756038,0.251882769561646,0,0,14.3477633477633,37.6598138369901,"TMEFF2","GO_Biological_Process_2023","green"
"Negative Regulation Of Cation Transmembrane Transport (GO:1904063)","1/15",0.0724552331756038,0.251882769561646,0,0,14.3477633477633,37.6598138369901,"NEDD4L","GO_Biological_Process_2023","green"
"Regulation Of Signal Transduction (GO:0009966)","3/193",0.0726209025072876,0.251882769561646,0,0,3.20835594139989,8.41392142994221,"SEMA5A;PLCE1;PHIP","GO_Biological_Process_2023","green"
"Positive Regulation Of DNA Repair (GO:0045739)","2/89",0.0732536203857354,0.251882769561646,0,0,4.6476659629369,12.1481976031779,"PRKCG;DPF3","GO_Biological_Process_2023","green"
"Sodium Ion Transport (GO:0006814)","2/89",0.0732536203857354,0.251882769561646,0,0,4.6476659629369,12.1481976031779,"FGF13;SLC8A1","GO_Biological_Process_2023","green"
"Positive Regulation Of Smooth Muscle Cell Migration (GO:0014911)","1/16",0.0770964289305897,0.255811745012052,0,0,13.3905723905724,34.3159973270839,"DOCK4","GO_Biological_Process_2023","green"
"Protein Alpha-1,2-Demannosylation (GO:0036508)","1/16",0.0770964289305897,0.255811745012052,0,0,13.3905723905724,34.3159973270839,"MAN1A2","GO_Biological_Process_2023","green"
"Cell Communication By Electrical Coupling Involved In Cardiac Conduction (GO:0086064)","1/16",0.0770964289305897,0.255811745012052,0,0,13.3905723905724,34.3159973270839,"SLC8A1","GO_Biological_Process_2023","green"
"Regulation Of Cardiac Muscle Contraction By Regulation Of The Release Of Sequestered Calcium Ion (GO:0010881)","1/16",0.0770964289305897,0.255811745012052,0,0,13.3905723905724,34.3159973270839,"SLC8A1","GO_Biological_Process_2023","green"
"Positive Regulation Of Neuron Projection Development (GO:0010976)","2/92",0.0775653030615549,0.255811745012052,0,0,4.49206349206349,11.484567093173,"SERPINI1;EPHA3","GO_Biological_Process_2023","green"
"Anterograde Trans-Synaptic Signaling (GO:0098916)","3/199",0.0779961129096355,0.255811745012052,0,0,3.10919419314117,7.93185376487499,"GRM3;NRXN1;GRIK1","GO_Biological_Process_2023","green"
"Protein O-linked Glycosylation (GO:0006493)","2/93",0.0790200821692443,0.255811745012052,0,0,4.44247589145548,11.2752403927723,"MGAT5B;B3GALT1","GO_Biological_Process_2023","green"
"Facultative Heterochromatin Formation (GO:0140718)","1/17",0.0817146326715557,0.255811745012052,0,0,12.5530303030303,31.4393429542943,"TEX15","GO_Biological_Process_2023","green"
"Ventricular Cardiac Muscle Cell Action Potential (GO:0086005)","1/17",0.0817146326715557,0.255811745012052,0,0,12.5530303030303,31.4393429542943,"NEDD4L","GO_Biological_Process_2023","green"
"Hippo Signaling (GO:0035329)","1/17",0.0817146326715557,0.255811745012052,0,0,12.5530303030303,31.4393429542943,"AMOTL1","GO_Biological_Process_2023","green"
"Neuron Maturation (GO:0042551)","1/17",0.0817146326715557,0.255811745012052,0,0,12.5530303030303,31.4393429542943,"ADGRB3","GO_Biological_Process_2023","green"
"Postsynaptic Membrane Organization (GO:0001941)","1/17",0.0817146326715557,0.255811745012052,0,0,12.5530303030303,31.4393429542943,"NRXN1","GO_Biological_Process_2023","green"
"Cellular Response To Alkaloid (GO:0071312)","1/17",0.0817146326715557,0.255811745012052,0,0,12.5530303030303,31.4393429542943,"SLC8A1","GO_Biological_Process_2023","green"
"Polyol Metabolic Process (GO:0019751)","1/17",0.0817146326715557,0.255811745012052,0,0,12.5530303030303,31.4393429542943,"INPP4B","GO_Biological_Process_2023","green"
"Positive Chemotaxis (GO:0050918)","1/17",0.0817146326715557,0.255811745012052,0,0,12.5530303030303,31.4393429542943,"SEMA5A","GO_Biological_Process_2023","green"
"Positive Regulation Of Amyloid-Beta Formation (GO:1902004)","1/17",0.0817146326715557,0.255811745012052,0,0,12.5530303030303,31.4393429542943,"LRRTM3","GO_Biological_Process_2023","green"
"Regulation Of Adenylate Cyclase Activity (GO:0045761)","1/17",0.0817146326715557,0.255811745012052,0,0,12.5530303030303,31.4393429542943,"GRM3","GO_Biological_Process_2023","green"
"Positive Regulation Of Dendrite Extension (GO:1903861)","1/17",0.0817146326715557,0.255811745012052,0,0,12.5530303030303,31.4393429542943,"NEDD4L","GO_Biological_Process_2023","green"
"Cell Junction Assembly (GO:0034329)","2/95",0.0819552402371427,0.255811745012052,0,0,4.34649989027869,10.873126025504,"FARP1;NRXN1","GO_Biological_Process_2023","green"
"Regulation Of Dendrite Extension (GO:1903859)","1/18",0.0863099571505928,0.256304635292823,0,0,11.8140225787285,28.9421143066093,"NEDD4L","GO_Biological_Process_2023","green"
"Positive Regulation Of Neuroblast Proliferation (GO:0002052)","1/18",0.0863099571505928,0.256304635292823,0,0,11.8140225787285,28.9421143066093,"VCAN","GO_Biological_Process_2023","green"
"Neuromuscular Process (GO:0050905)","1/18",0.0863099571505928,0.256304635292823,0,0,11.8140225787285,28.9421143066093,"NRXN1","GO_Biological_Process_2023","green"
"Intracellular Sodium Ion Homeostasis (GO:0006883)","1/18",0.0863099571505928,0.256304635292823,0,0,11.8140225787285,28.9421143066093,"SLC8A1","GO_Biological_Process_2023","green"
"Cardiac Muscle Cell Contraction (GO:0086003)","1/18",0.0863099571505928,0.256304635292823,0,0,11.8140225787285,28.9421143066093,"CACNA1G","GO_Biological_Process_2023","green"
"Myoblast Fusion (GO:0007520)","1/18",0.0863099571505928,0.256304635292823,0,0,11.8140225787285,28.9421143066093,"ADGRB3","GO_Biological_Process_2023","green"
"Endothelial Cell Proliferation (GO:0001935)","1/18",0.0863099571505928,0.256304635292823,0,0,11.8140225787285,28.9421143066093,"SEMA5A","GO_Biological_Process_2023","green"
"Energy Reserve Metabolic Process (GO:0006112)","1/18",0.0863099571505928,0.256304635292823,0,0,11.8140225787285,28.9421143066093,"LEPR","GO_Biological_Process_2023","green"
"Positive Regulation Of Cold-Induced Thermogenesis (GO:0120162)","2/98",0.0864201908419546,0.256304635292823,0,0,4.21003401360544,10.3084111715959,"LEPR;EBF2","GO_Biological_Process_2023","green"
"Axon Development (GO:0061564)","2/99",0.0879246283814667,0.256304635292823,0,0,4.16642120765832,10.129717084782,"SEMA5A;NTNG1","GO_Biological_Process_2023","green"
"N-glycan Processing (GO:0006491)","1/19",0.0908825145361798,0.256304635292823,0,0,11.1571268237935,26.7568838212325,"MAN1A2","GO_Biological_Process_2023","green"
"Regulation Of Insulin-Like Growth Factor Receptor Signaling Pathway (GO:0043567)","1/19",0.0908825145361798,0.256304635292823,0,0,11.1571268237935,26.7568838212325,"PHIP","GO_Biological_Process_2023","green"
"Inositol Phosphate-Mediated Signaling (GO:0048016)","1/19",0.0908825145361798,0.256304635292823,0,0,11.1571268237935,26.7568838212325,"PLCE1","GO_Biological_Process_2023","green"
"Intrinsic Apoptotic Signaling Pathway In Response To DNA Damage By P53 Class Mediator (GO:0042771)","1/19",0.0908825145361798,0.256304635292823,0,0,11.1571268237935,26.7568838212325,"HIPK2","GO_Biological_Process_2023","green"
"Cellular Response To Catecholamine Stimulus (GO:0071870)","1/19",0.0908825145361798,0.256304635292823,0,0,11.1571268237935,26.7568838212325,"PDE4B","GO_Biological_Process_2023","green"
"piRNA Processing (GO:0034587)","1/19",0.0908825145361798,0.256304635292823,0,0,11.1571268237935,26.7568838212325,"TEX15","GO_Biological_Process_2023","green"
"Regulation Of Tissue Remodeling (GO:0034103)","1/19",0.0908825145361798,0.256304635292823,0,0,11.1571268237935,26.7568838212325,"LEPR","GO_Biological_Process_2023","green"
"Receptor Clustering (GO:0043113)","1/19",0.0908825145361798,0.256304635292823,0,0,11.1571268237935,26.7568838212325,"NRXN1","GO_Biological_Process_2023","green"
"Positive Regulation Of Axon Extension (GO:0045773)","1/19",0.0908825145361798,0.256304635292823,0,0,11.1571268237935,26.7568838212325,"SEMA5A","GO_Biological_Process_2023","green"
"Negative Regulation Of Axon Extension Involved In Axon Guidance (GO:0048843)","1/19",0.0908825145361798,0.256304635292823,0,0,11.1571268237935,26.7568838212325,"SEMA5A","GO_Biological_Process_2023","green"
"Regulation Of Behavior (GO:0050795)","1/19",0.0908825145361798,0.256304635292823,0,0,11.1571268237935,26.7568838212325,"LEPR","GO_Biological_Process_2023","green"
"Dopaminergic Neuron Differentiation (GO:0071542)","1/19",0.0908825145361798,0.256304635292823,0,0,11.1571268237935,26.7568838212325,"LMX1A","GO_Biological_Process_2023","green"
"Regulation Of GTPase Activity (GO:0043087)","3/214",0.0921674450838924,0.257099257354709,0,0,2.885962769336,6.88056323316647,"SIPA1L1;PLXNA2;EPHA3","GO_Biological_Process_2023","green"
"Calcium Ion Homeostasis (GO:0055074)","2/102",0.0924846891098034,0.257099257354709,0,0,4.04081632653061,9.62002061056518,"ATP2A3;SLC8A1","GO_Biological_Process_2023","green"
"Inorganic Cation Import Across Plasma Membrane (GO:0098659)","2/103",0.0940199139873013,0.257099257354709,0,0,4.00060618306729,9.45842784039207,"SLC8A1;CACNA1G","GO_Biological_Process_2023","green"
"Gamma-Aminobutyric Acid Signaling Pathway (GO:0007214)","1/20",0.0954324164624815,0.257099257354709,0,0,10.5693779904306,24.8310303892707,"GABRG3","GO_Biological_Process_2023","green"
"Negative Regulation Of Microtubule Depolymerization (GO:0007026)","1/20",0.0954324164624815,0.257099257354709,0,0,10.5693779904306,24.8310303892707,"FGF13","GO_Biological_Process_2023","green"
"Ameboidal-Type Cell Migration (GO:0001667)","1/20",0.0954324164624815,0.257099257354709,0,0,10.5693779904306,24.8310303892707,"AMOTL1","GO_Biological_Process_2023","green"
"Regulation Of Membrane Depolarization (GO:0003254)","1/20",0.0954324164624815,0.257099257354709,0,0,10.5693779904306,24.8310303892707,"NEDD4L","GO_Biological_Process_2023","green"
"Peripheral Nervous System Development (GO:0007422)","1/20",0.0954324164624815,0.257099257354709,0,0,10.5693779904306,24.8310303892707,"SERPINI1","GO_Biological_Process_2023","green"
"Regulation Of Smooth Muscle Contraction (GO:0006940)","1/20",0.0954324164624815,0.257099257354709,0,0,10.5693779904306,24.8310303892707,"PLCE1","GO_Biological_Process_2023","green"
"Regulation Of Cardiac Muscle Contraction By Calcium Ion Signaling (GO:0010882)","1/20",0.0954324164624815,0.257099257354709,0,0,10.5693779904306,24.8310303892707,"SLC8A1","GO_Biological_Process_2023","green"
"Positive Regulation Of Vasculature Development (GO:1904018)","2/104",0.0955625544444408,0.257099257354709,0,0,3.96118447378952,9.30075904717404,"SEMA5A;HIPK2","GO_Biological_Process_2023","green"
"Intrinsic Apoptotic Signaling Pathway (GO:0097193)","2/105",0.0971124998083677,0.260180572403252,0,0,3.92252823459481,9.1468854610462,"ATP2A3;HIPK2","GO_Biological_Process_2023","green"
"Positive Regulation Of Amyloid Precursor Protein Catabolic Process (GO:1902993)","1/21",0.0999597740324998,0.26341858484794,0,0,10.040404040404,23.1229243332888,"LRRTM3","GO_Biological_Process_2023","green"
"Retrotransposon Silencing (GO:0010526)","1/21",0.0999597740324998,0.26341858484794,0,0,10.040404040404,23.1229243332888,"TEX15","GO_Biological_Process_2023","green"
"Regulation Of Cell-Substrate Junction Assembly (GO:0090109)","1/21",0.0999597740324998,0.26341858484794,0,0,10.040404040404,23.1229243332888,"EPHA3","GO_Biological_Process_2023","green"
"Sodium Ion Import Across Plasma Membrane (GO:0098719)","1/21",0.0999597740324998,0.26341858484794,0,0,10.040404040404,23.1229243332888,"SLC8A1","GO_Biological_Process_2023","green"
"Positive Regulation Of Metabolic Process (GO:0009893)","2/108",0.101805071977306,0.267186372577174,0,0,3.81093569503273,8.70682707358352,"LEPR;EBF2","GO_Biological_Process_2023","green"
"Acylglycerol Biosynthetic Process (GO:0046463)","1/22",0.104464697819105,0.267612751783604,0,0,9.56180856180856,21.5992275397069,"PLCE1","GO_Biological_Process_2023","green"
"Inositol Phosphate Metabolic Process (GO:0043647)","1/22",0.104464697819105,0.267612751783604,0,0,9.56180856180856,21.5992275397069,"INPP4B","GO_Biological_Process_2023","green"
"Positive Regulation Of Synaptic Transmission, Glutamatergic (GO:0051968)","1/22",0.104464697819105,0.267612751783604,0,0,9.56180856180856,21.5992275397069,"NRXN1","GO_Biological_Process_2023","green"
"Regulation Of Release Of Sequestered Calcium Ion Into Cytosol By Sarcoplasmic Reticulum (GO:0010880)","1/22",0.104464697819105,0.267612751783604,0,0,9.56180856180856,21.5992275397069,"SLC8A1","GO_Biological_Process_2023","green"
"Negative Regulation Of Axonogenesis (GO:0050771)","1/22",0.104464697819105,0.267612751783604,0,0,9.56180856180856,21.5992275397069,"FGF13","GO_Biological_Process_2023","green"
"Positive Regulation Of Excitatory Postsynaptic Potential (GO:2000463)","1/22",0.104464697819105,0.267612751783604,0,0,9.56180856180856,21.5992275397069,"NRXN1","GO_Biological_Process_2023","green"
"Protein Phosphorylation (GO:0006468)","5/500",0.105760654821201,0.269857543849335,0,0,2.06326422115896,4.63528134855708,"PRKCG;MAST4;CDC42BPA;EPHA3;HIPK2","GO_Biological_Process_2023","green"
"Negative Regulation Of Transmembrane Receptor Protein Serine/Threonine Kinase Signaling Pathway (GO:0090101)","2/111",0.10655948968071,0.270475337870923,0,0,3.7054858640704,8.29677502072275,"VWC2;HIPK2","GO_Biological_Process_2023","green"
"Positive Regulation Of Lamellipodium Assembly (GO:0010592)","1/23",0.108947297836033,0.270475337870923,0,0,9.1267217630854,20.2329475165344,"PLCE1","GO_Biological_Process_2023","green"
"Negative Regulation Of Protein Depolymerization (GO:1901880)","1/23",0.108947297836033,0.270475337870923,0,0,9.1267217630854,20.2329475165344,"FGF13","GO_Biological_Process_2023","green"
"Heparan Sulfate Proteoglycan Biosynthetic Process (GO:0015012)","1/23",0.108947297836033,0.270475337870923,0,0,9.1267217630854,20.2329475165344,"NDST4","GO_Biological_Process_2023","green"
"Axon Extension (GO:0048675)","1/23",0.108947297836033,0.270475337870923,0,0,9.1267217630854,20.2329475165344,"SEMA5A","GO_Biological_Process_2023","green"
"Diacylglycerol Metabolic Process (GO:0046339)","1/23",0.108947297836033,0.270475337870923,0,0,9.1267217630854,20.2329475165344,"PLCE1","GO_Biological_Process_2023","green"
"Regulation Of Axon Extension Involved In Axon Guidance (GO:0048841)","1/23",0.108947297836033,0.270475337870923,0,0,9.1267217630854,20.2329475165344,"SEMA5A","GO_Biological_Process_2023","green"
"Negative Regulation Of Ion Transmembrane Transporter Activity (GO:0032413)","1/24",0.113407683581024,0.274139626099994,0,0,8.72946859903382,19.0020116101552,"NEDD4L","GO_Biological_Process_2023","green"
"Gliogenesis (GO:0042063)","1/24",0.113407683581024,0.274139626099994,0,0,8.72946859903382,19.0020116101552,"VCAN","GO_Biological_Process_2023","green"
"Regulation Of Microtubule Depolymerization (GO:0031114)","1/24",0.113407683581024,0.274139626099994,0,0,8.72946859903382,19.0020116101552,"FGF13","GO_Biological_Process_2023","green"
"Regulation Of Neuroblast Proliferation (GO:1902692)","1/24",0.113407683581024,0.274139626099994,0,0,8.72946859903382,19.0020116101552,"VCAN","GO_Biological_Process_2023","green"
"Positive Regulation Of Transforming Growth Factor Beta Receptor Signaling Pathway (GO:0030511)","1/24",0.113407683581024,0.274139626099994,0,0,8.72946859903382,19.0020116101552,"HIPK2","GO_Biological_Process_2023","green"
"Lipid Translocation (GO:0034204)","1/24",0.113407683581024,0.274139626099994,0,0,8.72946859903382,19.0020116101552,"ATP11C","GO_Biological_Process_2023","green"
"Positive Regulation Of Cellular Response To Transforming Growth Factor Beta Stimulus (GO:1903846)","1/24",0.113407683581024,0.274139626099994,0,0,8.72946859903382,19.0020116101552,"HIPK2","GO_Biological_Process_2023","green"
"Positive Regulation Of Interleukin-2 Production (GO:0032743)","1/25",0.117845964040422,0.2746210850498,0,0,8.36531986531987,17.8882067340701,"PDE4B","GO_Biological_Process_2023","green"
"Wound Healing, Spreading Of Cells (GO:0044319)","1/25",0.117845964040422,0.2746210850498,0,0,8.36531986531987,17.8882067340701,"TMEFF2","GO_Biological_Process_2023","green"
"Negative Regulation Of Smoothened Signaling Pathway (GO:0045879)","1/25",0.117845964040422,0.2746210850498,0,0,8.36531986531987,17.8882067340701,"KCTD6","GO_Biological_Process_2023","green"
"Negative Regulation Of Transposition (GO:0010529)","1/25",0.117845964040422,0.2746210850498,0,0,8.36531986531987,17.8882067340701,"TEX15","GO_Biological_Process_2023","green"
"Regulation Of Postsynapse Organization (GO:0099175)","1/25",0.117845964040422,0.2746210850498,0,0,8.36531986531987,17.8882067340701,"SIPA1L1","GO_Biological_Process_2023","green"
"Cardiac Conduction System Development (GO:0003161)","1/25",0.117845964040422,0.2746210850498,0,0,8.36531986531987,17.8882067340701,"CACNA1G","GO_Biological_Process_2023","green"
"Regulation Of B Cell Activation (GO:0050864)","1/25",0.117845964040422,0.2746210850498,0,0,8.36531986531987,17.8882067340701,"SH3KBP1","GO_Biological_Process_2023","green"
"Myotube Differentiation (GO:0014902)","1/25",0.117845964040422,0.2746210850498,0,0,8.36531986531987,17.8882067340701,"ADGRB3","GO_Biological_Process_2023","green"
"Sodium Ion Homeostasis (GO:0055078)","1/25",0.117845964040422,0.2746210850498,0,0,8.36531986531987,17.8882067340701,"SLC8A1","GO_Biological_Process_2023","green"
"Regulation Of Small GTPase Mediated Signal Transduction (GO:0051056)","2/118",0.117877790783429,0.2746210850498,0,0,3.48064743138635,7.44199615906489,"PLCE1;ARHGAP28","GO_Biological_Process_2023","green"
"Positive Regulation Of Angiogenesis (GO:0045766)","2/119",0.119518877292295,0.277439126710996,0,0,3.45072387929531,7.33030700433838,"SEMA5A;HIPK2","GO_Biological_Process_2023","green"
"Negative Regulation Of Endothelial Cell Apoptotic Process (GO:2000352)","1/26",0.122262247628669,0.277790195142171,0,0,8.03030303030303,16.8763802180029,"SEMA5A","GO_Biological_Process_2023","green"
"Positive Regulation Of Nuclear Division (GO:0051785)","1/26",0.122262247628669,0.277790195142171,0,0,8.03030303030303,16.8763802180029,"PHIP","GO_Biological_Process_2023","green"
"Regulation Of Nucleotide-Excision Repair (GO:2000819)","1/26",0.122262247628669,0.277790195142171,0,0,8.03030303030303,16.8763802180029,"DPF3","GO_Biological_Process_2023","green"
"Regulation Of Potassium Ion Transmembrane Transporter Activity (GO:1901016)","1/26",0.122262247628669,0.277790195142171,0,0,8.03030303030303,16.8763802180029,"NEDD4L","GO_Biological_Process_2023","green"
"Cardiac Muscle Cell Development (GO:0055013)","1/26",0.122262247628669,0.277790195142171,0,0,8.03030303030303,16.8763802180029,"SLC8A1","GO_Biological_Process_2023","green"
"Cellular Response To Xenobiotic Stimulus (GO:0071466)","1/26",0.122262247628669,0.277790195142171,0,0,8.03030303030303,16.8763802180029,"PDE4B","GO_Biological_Process_2023","green"
"In Utero Embryonic Development (GO:0001701)","1/27",0.126656642302827,0.28277854514138,0,0,7.72105672105672,15.9538300108164,"PTPRR","GO_Biological_Process_2023","green"
"Cardiac Muscle Cell Differentiation (GO:0055007)","1/27",0.126656642302827,0.28277854514138,0,0,7.72105672105672,15.9538300108164,"SLC8A1","GO_Biological_Process_2023","green"
"Microtubule Polymerization Or Depolymerization (GO:0031109)","1/27",0.126656642302827,0.28277854514138,0,0,7.72105672105672,15.9538300108164,"FGF13","GO_Biological_Process_2023","green"
"Regulation Of Actin Polymerization Or Depolymerization (GO:0008064)","1/27",0.126656642302827,0.28277854514138,0,0,7.72105672105672,15.9538300108164,"ARHGAP28","GO_Biological_Process_2023","green"
"Positive Regulation Of Filopodium Assembly (GO:0051491)","1/27",0.126656642302827,0.28277854514138,0,0,7.72105672105672,15.9538300108164,"TENM2","GO_Biological_Process_2023","green"
"Regulation Of Monoatomic Ion Transport (GO:0043269)","1/28",0.131029255394866,0.289525124463569,0,0,7.43471754582866,15.1098341340557,"NEDD4L","GO_Biological_Process_2023","green"
"Regulation Of Plasma Membrane Bounded Cell Projection Organization (GO:0120035)","1/28",0.131029255394866,0.289525124463569,0,0,7.43471754582866,15.1098341340557,"NTNG1","GO_Biological_Process_2023","green"
"Regulation Of Sodium Ion Transmembrane Transport (GO:1902305)","1/28",0.131029255394866,0.289525124463569,0,0,7.43471754582866,15.1098341340557,"NEDD4L","GO_Biological_Process_2023","green"
"Positive Regulation Of Neural Precursor Cell Proliferation (GO:2000179)","1/29",0.13538019382269,0.292112297409361,0,0,7.16883116883117,14.3352837783296,"VCAN","GO_Biological_Process_2023","green"
"Heterotypic Cell-Cell Adhesion (GO:0034113)","1/29",0.13538019382269,0.292112297409361,0,0,7.16883116883117,14.3352837783296,"CTNNA3","GO_Biological_Process_2023","green"
"Regulation Of Monoatomic Ion Transmembrane Transport (GO:0034765)","1/29",0.13538019382269,0.292112297409361,0,0,7.16883116883117,14.3352837783296,"NEDD4L","GO_Biological_Process_2023","green"
"Regulation Of Muscle Contraction (GO:0006937)","1/29",0.13538019382269,0.292112297409361,0,0,7.16883116883117,14.3352837783296,"PLCE1","GO_Biological_Process_2023","green"
"Regulation Of Neuron Migration (GO:2001222)","1/29",0.13538019382269,0.292112297409361,0,0,7.16883116883117,14.3352837783296,"NTNG1","GO_Biological_Process_2023","green"
"Peptidyl-Tyrosine Dephosphorylation (GO:0035335)","1/29",0.13538019382269,0.292112297409361,0,0,7.16883116883117,14.3352837783296,"PTPRR","GO_Biological_Process_2023","green"
"Regulation Of Voltage-Gated Calcium Channel Activity (GO:1901385)","1/29",0.13538019382269,0.292112297409361,0,0,7.16883116883117,14.3352837783296,"PDE4B","GO_Biological_Process_2023","green"
"Regulation Of Dendritic Spine Morphogenesis (GO:0061001)","1/30",0.139709563918842,0.296805237741484,0,0,6.92128178335075,13.6223945108193,"SIPA1L1","GO_Biological_Process_2023","green"
"Homologous Chromosome Pairing At Meiosis (GO:0007129)","1/30",0.139709563918842,0.296805237741484,0,0,6.92128178335075,13.6223945108193,"TEX15","GO_Biological_Process_2023","green"
"Intrinsic Apoptotic Signaling Pathway In Response To Endoplasmic Reticulum Stress (GO:0070059)","1/30",0.139709563918842,0.296805237741484,0,0,6.92128178335075,13.6223945108193,"ATP2A3","GO_Biological_Process_2023","green"
"Negative Regulation Of Axon Extension (GO:0030517)","1/30",0.139709563918842,0.296805237741484,0,0,6.92128178335075,13.6223945108193,"SEMA5A","GO_Biological_Process_2023","green"
"Circulatory System Development (GO:0072359)","2/132",0.141341709574619,0.296805237741484,0,0,3.10361067503925,6.07244658574773,"PLCE1;PHIP","GO_Biological_Process_2023","green"
"Negative Regulation Of Cell Motility (GO:2000146)","2/133",0.143054753837309,0.296805237741484,0,0,3.07976320299112,5.98868525199053,"FRMD5;TMEFF2","GO_Biological_Process_2023","green"
"Negative Regulation Of Developmental Growth (GO:0048640)","1/31",0.144017471501311,0.296805237741484,0,0,6.69023569023569,12.9644769200402,"FGF13","GO_Biological_Process_2023","green"
"Regulation Of Dendrite Morphogenesis (GO:0048814)","1/31",0.144017471501311,0.296805237741484,0,0,6.69023569023569,12.9644769200402,"NEDD4L","GO_Biological_Process_2023","green"
"Positive Regulation Of Lamellipodium Organization (GO:1902745)","1/31",0.144017471501311,0.296805237741484,0,0,6.69023569023569,12.9644769200402,"PLCE1","GO_Biological_Process_2023","green"
"Negative Regulation Of Microtubule Polymerization Or Depolymerization (GO:0031111)","1/31",0.144017471501311,0.296805237741484,0,0,6.69023569023569,12.9644769200402,"FGF13","GO_Biological_Process_2023","green"
"Regulation Of Protein Localization To Cell Surface (GO:2000008)","1/31",0.144017471501311,0.296805237741484,0,0,6.69023569023569,12.9644769200402,"NEDD4L","GO_Biological_Process_2023","green"
"Phospholipid Translocation (GO:0045332)","1/31",0.144017471501311,0.296805237741484,0,0,6.69023569023569,12.9644769200402,"ATP11C","GO_Biological_Process_2023","green"
"Modulation Of Excitatory Postsynaptic Potential (GO:0098815)","1/31",0.144017471501311,0.296805237741484,0,0,6.69023569023569,12.9644769200402,"NRXN1","GO_Biological_Process_2023","green"
"Negative Regulation Of Chemotaxis (GO:0050922)","1/31",0.144017471501311,0.296805237741484,0,0,6.69023569023569,12.9644769200402,"SEMA5A","GO_Biological_Process_2023","green"
"Regulation Of Protein Phosphorylation (GO:0001932)","3/265",0.147219926732178,0.298932558318332,0,0,2.31817108680255,4.44121640468074,"LEPR;PLCE1;PHIP","GO_Biological_Process_2023","green"
"Regulation Of Metaphase/Anaphase Transition Of Cell Cycle (GO:1902099)","1/32",0.148304021933978,0.298932558318332,0,0,6.47409579667644,12.3557529781019,"DPF3","GO_Biological_Process_2023","green"
"Positive Regulation Of Synapse Assembly (GO:0051965)","1/32",0.148304021933978,0.298932558318332,0,0,6.47409579667644,12.3557529781019,"NRXN1","GO_Biological_Process_2023","green"
"Mesenchymal Cell Migration (GO:0090497)","1/32",0.148304021933978,0.298932558318332,0,0,6.47409579667644,12.3557529781019,"SEMA5A","GO_Biological_Process_2023","green"
"Proteoglycan Biosynthetic Process (GO:0030166)","1/32",0.148304021933978,0.298932558318332,0,0,6.47409579667644,12.3557529781019,"B3GAT1","GO_Biological_Process_2023","green"
"Regulation Of Transmembrane Transport (GO:0034762)","1/32",0.148304021933978,0.298932558318332,0,0,6.47409579667644,12.3557529781019,"NEDD4L","GO_Biological_Process_2023","green"
"Muscle Cell Development (GO:0055001)","1/32",0.148304021933978,0.298932558318332,0,0,6.47409579667644,12.3557529781019,"SLC8A1","GO_Biological_Process_2023","green"
"Negative Regulation Of Endocytosis (GO:0045806)","1/33",0.152569319997184,0.300006338710059,0,0,6.27146464646465,11.7912078898077,"EPHA3","GO_Biological_Process_2023","green"
"Negative Regulation Of Epithelial Cell Migration (GO:0010633)","1/33",0.152569319997184,0.300006338710059,0,0,6.27146464646465,11.7912078898077,"PTPRR","GO_Biological_Process_2023","green"
"Regulation Of Lamellipodium Assembly (GO:0010591)","1/33",0.152569319997184,0.300006338710059,0,0,6.27146464646465,11.7912078898077,"PLCE1","GO_Biological_Process_2023","green"
"Inositol Lipid-Mediated Signaling (GO:0048017)","1/33",0.152569319997184,0.300006338710059,0,0,6.27146464646465,11.7912078898077,"PLCE1","GO_Biological_Process_2023","green"
"Cardiac Muscle Contraction (GO:0060048)","1/33",0.152569319997184,0.300006338710059,0,0,6.27146464646465,11.7912078898077,"SLC8A1","GO_Biological_Process_2023","green"
"Regulation Of Protein Polymerization (GO:0032271)","1/33",0.152569319997184,0.300006338710059,0,0,6.27146464646465,11.7912078898077,"ARHGAP28","GO_Biological_Process_2023","green"
"Regulation Of G0 To G1 Transition (GO:0070316)","1/33",0.152569319997184,0.300006338710059,0,0,6.27146464646465,11.7912078898077,"DPF3","GO_Biological_Process_2023","green"
"Regulation Of Amyloid-Beta Formation (GO:1902003)","1/33",0.152569319997184,0.300006338710059,0,0,6.27146464646465,11.7912078898077,"LRRTM3","GO_Biological_Process_2023","green"
"Intracellular Calcium Ion Homeostasis (GO:0006874)","2/139",0.1534237633251,0.300766706762315,0,0,2.94398927454193,5.51865948464525,"ATP2A3;SLC8A1","GO_Biological_Process_2023","green"
"Glial Cell Differentiation (GO:0010001)","1/34",0.156813470025957,0.304464155233439,0,0,6.08111417202326,11.2664696999635,"VCAN","GO_Biological_Process_2023","green"
"Microtubule Polymerization (GO:0046785)","1/34",0.156813470025957,0.304464155233439,0,0,6.08111417202326,11.2664696999635,"FGF13","GO_Biological_Process_2023","green"
"Smoothened Signaling Pathway (GO:0007224)","1/34",0.156813470025957,0.304464155233439,0,0,6.08111417202326,11.2664696999635,"HIPK2","GO_Biological_Process_2023","green"
"Organelle Organization (GO:0006996)","4/418",0.157203887305601,0.304464155233439,0,0,1.96115136876006,3.62854515085322,"MAST4;SH3KBP1;PLCE1;PHIP","GO_Biological_Process_2023","green"
"Positive Regulation Of Mitotic Nuclear Division (GO:0045840)","1/35",0.161036575774195,0.304548583008257,0,0,5.90196078431373,10.7777108251808,"PHIP","GO_Biological_Process_2023","green"
"Intrinsic Apoptotic Signaling Pathway By P53 Class Mediator (GO:0072332)","1/35",0.161036575774195,0.304548583008257,0,0,5.90196078431373,10.7777108251808,"HIPK2","GO_Biological_Process_2023","green"
"Liver Development (GO:0001889)","1/35",0.161036575774195,0.304548583008257,0,0,5.90196078431373,10.7777108251808,"ARID5B","GO_Biological_Process_2023","green"
"Regulation Of Postsynaptic Membrane Potential (GO:0060078)","1/35",0.161036575774195,0.304548583008257,0,0,5.90196078431373,10.7777108251808,"GABRG3","GO_Biological_Process_2023","green"
"Regulation Of Sodium Ion Transport (GO:0002028)","1/35",0.161036575774195,0.304548583008257,0,0,5.90196078431373,10.7777108251808,"NEDD4L","GO_Biological_Process_2023","green"
"Regulatory ncRNA Processing (GO:0070918)","1/35",0.161036575774195,0.304548583008257,0,0,5.90196078431373,10.7777108251808,"TEX15","GO_Biological_Process_2023","green"
"Dendrite Morphogenesis (GO:0048813)","1/35",0.161036575774195,0.304548583008257,0,0,5.90196078431373,10.7777108251808,"FARP1","GO_Biological_Process_2023","green"
"Endoderm Formation (GO:0001706)","1/35",0.161036575774195,0.304548583008257,0,0,5.90196078431373,10.7777108251808,"COL8A1","GO_Biological_Process_2023","green"
"DNA Damage Response, Signal Transduction By P53 Class Mediator (GO:0030330)","1/36",0.165238740567014,0.308826143061407,0,0,5.73304473304473,10.3215669941692,"HIPK2","GO_Biological_Process_2023","green"
"Negative Regulation Of Sequestering Of Calcium Ion (GO:0051283)","1/36",0.165238740567014,0.308826143061407,0,0,5.73304473304473,10.3215669941692,"PLCE1","GO_Biological_Process_2023","green"
"Neural Crest Cell Migration (GO:0001755)","1/36",0.165238740567014,0.308826143061407,0,0,5.73304473304473,10.3215669941692,"SEMA5A","GO_Biological_Process_2023","green"
"Regulation Of Cold-Induced Thermogenesis (GO:0120161)","2/146",0.165699874581937,0.308826143061407,0,0,2.79988662131519,5.03301210512649,"LEPR;EBF2","GO_Biological_Process_2023","green"
"Neuron Projection Morphogenesis (GO:0048812)","2/146",0.165699874581937,0.308826143061407,0,0,2.79988662131519,5.03301210512649,"NTNG1;FARP1","GO_Biological_Process_2023","green"
"Protein Glycosylation (GO:0006486)","2/147",0.167467830513668,0.310778949877926,0,0,2.78043631245602,4.96853960242873,"MGAT5B;B3GALT1","GO_Biological_Process_2023","green"
"Phosphorylation (GO:0016310)","4/429",0.167714301100529,0.310778949877926,0,0,1.9093137254902,3.40906693302158,"PRKCG;CDC42BPA;EPHA3;HIPK2","GO_Biological_Process_2023","green"
"Central Nervous System Development (GO:0007417)","3/283",0.16874817701987,0.311796200643035,0,0,2.16715758468336,3.85612697682446,"IL1RAPL2;GRIK1;SERPINI1","GO_Biological_Process_2023","green"
"Transmembrane Receptor Protein Tyrosine Kinase Signaling Pathway (GO:0007169)","3/284",0.169970623012711,0.31315504469104,0,0,2.1593352166416,3.82662198906307,"SIPA1L1;PHIP;EPHA3","GO_Biological_Process_2023","green"
"Negative Regulation Of Epithelial Cell Apoptotic Process (GO:1904036)","1/38",0.173580657931626,0.314401022676156,0,0,5.42260442260442,9.49559255823113,"SEMA5A","GO_Biological_Process_2023","green"
"Positive Regulation Of Myoblast Differentiation (GO:0045663)","1/38",0.173580657931626,0.314401022676156,0,0,5.42260442260442,9.49559255823113,"DPF3","GO_Biological_Process_2023","green"
"Membrane Assembly (GO:0071709)","1/38",0.173580657931626,0.314401022676156,0,0,5.42260442260442,9.49559255823113,"NRXN1","GO_Biological_Process_2023","green"
"Positive Regulation Of Axonogenesis (GO:0050772)","1/38",0.173580657931626,0.314401022676156,0,0,5.42260442260442,9.49559255823113,"PLXNA2","GO_Biological_Process_2023","green"
"Positive Regulation Of Bone Mineralization (GO:0030501)","1/38",0.173580657931626,0.314401022676156,0,0,5.42260442260442,9.49559255823113,"SLC8A1","GO_Biological_Process_2023","green"
"Signal Release From Synapse (GO:0099643)","1/38",0.173580657931626,0.314401022676156,0,0,5.42260442260442,9.49559255823113,"NRXN1","GO_Biological_Process_2023","green"
"RNA Transport (GO:0050658)","1/39",0.17772061456847,0.316424719980683,0,0,5.27963849016481,9.12080010262218,"RBFOX1","GO_Biological_Process_2023","green"
"Negative Regulation Of Proteasomal Protein Catabolic Process (GO:1901799)","1/39",0.17772061456847,0.316424719980683,0,0,5.27963849016481,9.12080010262218,"PRKCG","GO_Biological_Process_2023","green"
"Negative Regulation Of Transport (GO:0051051)","1/39",0.17772061456847,0.316424719980683,0,0,5.27963849016481,9.12080010262218,"EPHA3","GO_Biological_Process_2023","green"
"Negative Regulation Of Ubiquitin-Dependent Protein Catabolic Process (GO:2000059)","1/39",0.17772061456847,0.316424719980683,0,0,5.27963849016481,9.12080010262218,"HIPK2","GO_Biological_Process_2023","green"
"Neuron Projection Extension (GO:1990138)","1/39",0.17772061456847,0.316424719980683,0,0,5.27963849016481,9.12080010262218,"SEMA5A","GO_Biological_Process_2023","green"
"Release Of Sequestered Calcium Ion Into Cytosol (GO:0051209)","1/39",0.17772061456847,0.316424719980683,0,0,5.27963849016481,9.12080010262218,"PLCE1","GO_Biological_Process_2023","green"
"Regulation Of Cellular Component Organization (GO:0051128)","2/153",0.178142688387259,0.316424719980683,0,0,2.66914447898365,4.60472912764016,"NRG3;PLCE1","GO_Biological_Process_2023","green"
"Negative Regulation Of Protein Localization (GO:1903828)","1/40",0.181840038445641,0.321217430550953,0,0,5.14400414400414,8.76861291991989,"NEDD4L","GO_Biological_Process_2023","green"
"Regulation Of Microtubule Cytoskeleton Organization (GO:0070507)","1/40",0.181840038445641,0.321217430550953,0,0,5.14400414400414,8.76861291991989,"EPHA3","GO_Biological_Process_2023","green"
"Regulation Of Dendrite Development (GO:0050773)","1/41",0.185939030336605,0.32313188244983,0,0,5.01515151515152,8.43717221072756,"NEDD4L","GO_Biological_Process_2023","green"
"Heart Contraction (GO:0060047)","1/41",0.185939030336605,0.32313188244983,0,0,5.01515151515152,8.43717221072756,"SLC8A1","GO_Biological_Process_2023","green"
"Positive Regulation Of Ossification (GO:0045778)","1/41",0.185939030336605,0.32313188244983,0,0,5.01515151515152,8.43717221072756,"SLC8A1","GO_Biological_Process_2023","green"
"Visual System Development (GO:0150063)","1/41",0.185939030336605,0.32313188244983,0,0,5.01515151515152,8.43717221072756,"HIPK2","GO_Biological_Process_2023","green"
"Regulation Of Microtubule-Based Process (GO:0032886)","1/41",0.185939030336605,0.32313188244983,0,0,5.01515151515152,8.43717221072756,"EPHA3","GO_Biological_Process_2023","green"
"Cellular Response To Retinoic Acid (GO:0071300)","1/41",0.185939030336605,0.32313188244983,0,0,5.01515151515152,8.43717221072756,"EPHA3","GO_Biological_Process_2023","green"
"Positive Regulation Of Neuron Differentiation (GO:0045666)","1/42",0.190017690585897,0.327564008168183,0,0,4.89258438038926,8.12481204328322,"VWC2","GO_Biological_Process_2023","green"
"Regulation Of Ubiquitin-Dependent Protein Catabolic Process (GO:2000058)","1/42",0.190017690585897,0.327564008168183,0,0,4.89258438038926,8.12481204328322,"HIPK2","GO_Biological_Process_2023","green"
"Collagen Fibril Organization (GO:0030199)","1/42",0.190017690585897,0.327564008168183,0,0,4.89258438038926,8.12481204328322,"COL11A1","GO_Biological_Process_2023","green"
"Regulation Of Endothelial Cell Apoptotic Process (GO:2000351)","1/43",0.19407611900782,0.329263705862871,0,0,4.77585377585378,7.83003533696715,"SEMA5A","GO_Biological_Process_2023","green"
"Regulation Of Filopodium Assembly (GO:0051489)","1/43",0.19407611900782,0.329263705862871,0,0,4.77585377585378,7.83003533696715,"TENM2","GO_Biological_Process_2023","green"
"Neurotransmitter Secretion (GO:0007269)","1/43",0.19407611900782,0.329263705862871,0,0,4.77585377585378,7.83003533696715,"NRXN1","GO_Biological_Process_2023","green"
"Positive Regulation Of Biomineral Tissue Development (GO:0070169)","1/43",0.19407611900782,0.329263705862871,0,0,4.77585377585378,7.83003533696715,"SLC8A1","GO_Biological_Process_2023","green"
"Regulation Of Cell-Cell Adhesion (GO:0022407)","1/43",0.19407611900782,0.329263705862871,0,0,4.77585377585378,7.83003533696715,"PTPRR","GO_Biological_Process_2023","green"
"Energy Derivation By Oxidation Of Organic Compounds (GO:0015980)","1/43",0.19407611900782,0.329263705862871,0,0,4.77585377585378,7.83003533696715,"LEPR","GO_Biological_Process_2023","green"
"Negative Regulation Of Cell Migration (GO:0030336)","2/163",0.196156627809209,0.331738460476084,0,0,2.50209151983775,4.07551129848272,"PTPRR;TMEFF2","GO_Biological_Process_2023","green"
"Neural Crest Cell Development (GO:0014032)","1/44",0.1981144149655,0.331738460476084,0,0,4.6645525017618,7.55149331126355,"SEMA5A","GO_Biological_Process_2023","green"
"Regulation Of Transport (GO:0051049)","1/44",0.1981144149655,0.331738460476084,0,0,4.6645525017618,7.55149331126355,"LEPR","GO_Biological_Process_2023","green"
"Regulation Of DNA Recombination (GO:0000018)","1/44",0.1981144149655,0.331738460476084,0,0,4.6645525017618,7.55149331126355,"TEX15","GO_Biological_Process_2023","green"
"Positive Regulation Of Chemotaxis (GO:0050921)","1/44",0.1981144149655,0.331738460476084,0,0,4.6645525017618,7.55149331126355,"SEMA5A","GO_Biological_Process_2023","green"
"Epidermal Growth Factor Receptor Signaling Pathway (GO:0007173)","1/45",0.202132677279174,0.336713242203391,0,0,4.55831037649219,7.28796784173202,"PLCE1","GO_Biological_Process_2023","green"
"Regulation Of Protein Modification Process (GO:0031399)","1/45",0.202132677279174,0.336713242203391,0,0,4.55831037649219,7.28796784173202,"PHIP","GO_Biological_Process_2023","green"
"T Cell Differentiation (GO:0030217)","1/46",0.206131004383124,0.342486397463433,0,0,4.45679012345679,7.03835624820852,"LEPR","GO_Biological_Process_2023","green"
"Positive Regulation Of Lymphocyte Activation (GO:0051251)","1/47",0.210109494168341,0.344779101234861,0,0,4.3596837944664,6.80165814675797,"SH3KBP1","GO_Biological_Process_2023","green"
"Regulation Of Interleukin-2 Production (GO:0032663)","1/47",0.210109494168341,0.344779101234861,0,0,4.3596837944664,6.80165814675797,"PDE4B","GO_Biological_Process_2023","green"
"Insulin Receptor Signaling Pathway (GO:0008286)","1/47",0.210109494168341,0.344779101234861,0,0,4.3596837944664,6.80165814675797,"PHIP","GO_Biological_Process_2023","green"
"Regulation Of Signal Transduction By P53 Class Mediator (GO:1901796)","1/47",0.210109494168341,0.344779101234861,0,0,4.3596837944664,6.80165814675797,"HIPK2","GO_Biological_Process_2023","green"
"Supramolecular Fiber Organization (GO:0097435)","3/316",0.210332137269794,0.344779101234861,0,0,1.93541055959949,3.01743549290661,"SH3KBP1;COL11A1;FGF13","GO_Biological_Process_2023","green"
"Heart Development (GO:0007507)","2/171",0.210728128748523,0.344779101234861,0,0,2.38268325081512,3.71028211013766,"PLCE1;PHIP","GO_Biological_Process_2023","green"
"Generation Of Neurons (GO:0048699)","2/172",0.212557721644281,0.345493920952479,0,0,2.36854741896759,3.66779443778241,"LMX1A;FGF13","GO_Biological_Process_2023","green"
"Cell-Cell Adhesion Via Plasma-Membrane Adhesion Molecules (GO:0098742)","2/172",0.212557721644281,0.345493920952479,0,0,2.36854741896759,3.66779443778241,"NTNG1;TENM2","GO_Biological_Process_2023","green"
"Oligosaccharide Metabolic Process (GO:0009311)","1/48",0.214068244088033,0.345493920952479,0,0,4.26670964968837,6.57696403663591,"B3GALT1","GO_Biological_Process_2023","green"
"Chloride Transmembrane Transport (GO:1902476)","1/48",0.214068244088033,0.345493920952479,0,0,4.26670964968837,6.57696403663591,"GABRG3","GO_Biological_Process_2023","green"
"Negative Regulation Of ERK1 And ERK2 Cascade (GO:0070373)","1/48",0.214068244088033,0.345493920952479,0,0,4.26670964968837,6.57696403663591,"PTPRR","GO_Biological_Process_2023","green"
"Neuron Differentiation (GO:0030182)","2/173",0.21438891828933,0.345493920952479,0,0,2.35457691848669,3.6259626023678,"TENM2;LMX1A","GO_Biological_Process_2023","green"
"Erythrocyte Differentiation (GO:0030218)","1/49",0.21800735103248,0.346120312873789,0,0,4.17760942760943,6.36344537186664,"HIPK2","GO_Biological_Process_2023","green"
"Positive Regulation Of Nervous System Development (GO:0051962)","1/49",0.21800735103248,0.346120312873789,0,0,4.17760942760943,6.36344537186664,"NRXN1","GO_Biological_Process_2023","green"
"Heterophilic Cell-Cell Adhesion Via Plasma Membrane Cell Adhesion Molecules (GO:0007157)","1/49",0.21800735103248,0.346120312873789,0,0,4.17760942760943,6.36344537186664,"TENM2","GO_Biological_Process_2023","green"
"Regulation Of Mitotic Metaphase/Anaphase Transition (GO:0030071)","1/49",0.21800735103248,0.346120312873789,0,0,4.17760942760943,6.36344537186664,"DPF3","GO_Biological_Process_2023","green"
"Intrinsic Apoptotic Signaling Pathway In Response To DNA Damage (GO:0008630)","1/49",0.21800735103248,0.346120312873789,0,0,4.17760942760943,6.36344537186664,"HIPK2","GO_Biological_Process_2023","green"
"Regulation Of Cell Communication (GO:0010646)","1/49",0.21800735103248,0.346120312873789,0,0,4.17760942760943,6.36344537186664,"SLC8A1","GO_Biological_Process_2023","green"
"Regulation Of Epithelial Cell Migration (GO:0010632)","1/50",0.221926911560385,0.35061180376739,0,0,4.09214594928881,6.16034588762116,"PTPRR","GO_Biological_Process_2023","green"
"Positive Regulation Of Developmental Growth (GO:0048639)","1/50",0.221926911560385,0.35061180376739,0,0,4.09214594928881,6.16034588762116,"NEDD4L","GO_Biological_Process_2023","green"
"SMAD Protein Signal Transduction (GO:0060395)","1/51",0.225827021656465,0.354162865670993,0,0,4.01010101010101,5.96697401593565,"HIPK2","GO_Biological_Process_2023","green"
"Positive Regulation Of Protein Localization To Cell Periphery (GO:1904377)","1/51",0.225827021656465,0.354162865670993,0,0,4.01010101010101,5.96697401593565,"EPHA3","GO_Biological_Process_2023","green"
"Positive Regulation Of Protein Localization To Plasma Membrane (GO:1903078)","1/51",0.225827021656465,0.354162865670993,0,0,4.01010101010101,5.96697401593565,"EPHA3","GO_Biological_Process_2023","green"
"Sprouting Angiogenesis (GO:0002040)","1/52",0.229707776816989,0.357632204584319,0,0,3.93127351950881,5.78269622196604,"SEMA5A","GO_Biological_Process_2023","green"
"Neurotransmitter Transport (GO:0006836)","1/52",0.229707776816989,0.357632204584319,0,0,3.93127351950881,5.78269622196604,"NRXN1","GO_Biological_Process_2023","green"
"Positive Regulation Of B Cell Activation (GO:0050871)","1/52",0.229707776816989,0.357632204584319,0,0,3.93127351950881,5.78269622196604,"SH3KBP1","GO_Biological_Process_2023","green"
"Glycoprotein Metabolic Process (GO:0009100)","1/53",0.233569272224541,0.360036934842752,0,0,3.85547785547786,5.60693113764998,"MAN1A2","GO_Biological_Process_2023","green"
"Regulation Of Proteasomal Protein Catabolic Process (GO:0061136)","1/53",0.233569272224541,0.360036934842752,0,0,3.85547785547786,5.60693113764998,"PRKCG","GO_Biological_Process_2023","green"
"Regulation Of Alternative mRNA Splicing, Via Spliceosome (GO:0000381)","1/53",0.233569272224541,0.360036934842752,0,0,3.85547785547786,5.60693113764998,"RBFOX1","GO_Biological_Process_2023","green"
"Phosphate-Containing Compound Metabolic Process (GO:0006796)","2/184",0.234620873621518,0.360036934842752,0,0,2.21103386409509,3.20552234069518,"PRKCG;INPP4B","GO_Biological_Process_2023","green"
"Regulation Of Focal Adhesion Assembly (GO:0051893)","1/54",0.237411602446854,0.360036934842752,0,0,3.78254240518391,5.43914439332398,"EPHA3","GO_Biological_Process_2023","green"
"Negative Regulation Of Protein Catabolic Process (GO:0042177)","1/54",0.237411602446854,0.360036934842752,0,0,3.78254240518391,5.43914439332398,"PRKCG","GO_Biological_Process_2023","green"
"Negative Regulation Of Protein Modification By Small Protein Conjugation Or Removal (GO:1903321)","1/54",0.237411602446854,0.360036934842752,0,0,3.78254240518391,5.43914439332398,"PRKCG","GO_Biological_Process_2023","green"
"Negative Regulation Of Protein Ubiquitination (GO:0031397)","1/54",0.237411602446854,0.360036934842752,0,0,3.78254240518391,5.43914439332398,"PRKCG","GO_Biological_Process_2023","green"
"Regulation Of Myoblast Differentiation (GO:0045661)","1/54",0.237411602446854,0.360036934842752,0,0,3.78254240518391,5.43914439332398,"DPF3","GO_Biological_Process_2023","green"
"Peptidyl-Tyrosine Modification (GO:0018212)","1/54",0.237411602446854,0.360036934842752,0,0,3.78254240518391,5.43914439332398,"EPHA3","GO_Biological_Process_2023","green"
"Monoatomic Anion Transmembrane Transport (GO:0098656)","1/54",0.237411602446854,0.360036934842752,0,0,3.78254240518391,5.43914439332398,"GABRG3","GO_Biological_Process_2023","green"
"Neuron Migration (GO:0001764)","1/55",0.241234861655302,0.364974155398492,0,0,3.71230826786382,5.27884403782842,"FGF13","GO_Biological_Process_2023","green"
"Regulation Of Mitotic Nuclear Division (GO:0007088)","1/56",0.245039143568043,0.368993370759372,0,0,3.64462809917355,5.12557648253206,"PHIP","GO_Biological_Process_2023","green"
"Regulation Of Cation Channel Activity (GO:2001257)","1/56",0.245039143568043,0.368993370759372,0,0,3.64462809917355,5.12557648253206,"FGF13","GO_Biological_Process_2023","green"
"Intracellular Monoatomic Cation Homeostasis (GO:0030003)","2/190",0.245707634706595,0.369135535318553,0,0,2.13981762917933,3.00347568499149,"ATP2A3;SLC8A1","GO_Biological_Process_2023","green"
"Striated Muscle Contraction (GO:0006941)","1/57",0.248824541413001,0.372079488671068,0,0,3.57936507936508,4.97892289699759,"SLC8A1","GO_Biological_Process_2023","green"
"Myeloid Cell Differentiation (GO:0030099)","1/57",0.248824541413001,0.372079488671068,0,0,3.57936507936508,4.97892289699759,"HIPK2","GO_Biological_Process_2023","green"
"Modification-Dependent Protein Catabolic Process (GO:0019941)","2/192",0.249408486067724,0.372087370166001,0,0,2.11707841031149,2.93990892306422,"NEDD4L;KCTD6","GO_Biological_Process_2023","green"
"Eye Development (GO:0001654)","1/58",0.252591147960672,0.372514009492459,0,0,3.5163919900762,4.83849599837867,"HIPK2","GO_Biological_Process_2023","green"
"Positive Regulation Of Type II Interferon Production (GO:0032729)","1/58",0.252591147960672,0.372514009492459,0,0,3.5163919900762,4.83849599837867,"PDE4B","GO_Biological_Process_2023","green"
"Memory (GO:0007613)","1/58",0.252591147960672,0.372514009492459,0,0,3.5163919900762,4.83849599837867,"FGF13","GO_Biological_Process_2023","green"
"Muscle Organ Development (GO:0007517)","1/58",0.252591147960672,0.372514009492459,0,0,3.5163919900762,4.83849599837867,"MKX","GO_Biological_Process_2023","green"
"Regulation Of Bone Mineralization (GO:0030500)","1/58",0.252591147960672,0.372514009492459,0,0,3.5163919900762,4.83849599837867,"SLC8A1","GO_Biological_Process_2023","green"
"Positive Regulation Of Protein Binding (GO:0032092)","1/59",0.256339055642632,0.375457887877477,0,0,3.45559038662487,4.70393718537215,"HIPK2","GO_Biological_Process_2023","green"
"Phospholipid Transport (GO:0015914)","1/59",0.256339055642632,0.375457887877477,0,0,3.45559038662487,4.70393718537215,"ATP11C","GO_Biological_Process_2023","green"
"Chordate Embryonic Development (GO:0043009)","1/59",0.256339055642632,0.375457887877477,0,0,3.45559038662487,4.70393718537215,"PTPRR","GO_Biological_Process_2023","green"
"Regulation Of Extrinsic Apoptotic Signaling Pathway (GO:2001236)","1/60",0.260068356267662,0.378334735475354,0,0,3.39684985447697,4.57491398098809,"PHIP","GO_Biological_Process_2023","green"
"Negative Regulation Of Peptidase Activity (GO:0010466)","1/60",0.260068356267662,0.378334735475354,0,0,3.39684985447697,4.57491398098809,"SERPINI1","GO_Biological_Process_2023","green"
"Response To Retinoic Acid (GO:0032526)","1/60",0.260068356267662,0.378334735475354,0,0,3.39684985447697,4.57491398098809,"EPHA3","GO_Biological_Process_2023","green"
"Positive Regulation Of Cell Junction Assembly (GO:1901890)","1/61",0.263779141308675,0.382004477165491,0,0,3.34006734006734,4.45111773409346,"NRXN1","GO_Biological_Process_2023","green"
"Negative Regulation Of Autophagy (GO:0010507)","1/61",0.263779141308675,0.382004477165491,0,0,3.34006734006734,4.45111773409346,"LEPR","GO_Biological_Process_2023","green"
"Organic Substance Transport (GO:0071702)","2/201",0.266080599970853,0.38447151860957,0,0,2.02040816326531,2.67493152775878,"ATP2A3;LRP1B","GO_Biological_Process_2023","green"
"Phosphatidylinositol-Mediated Signaling (GO:0048015)","1/62",0.267471501800711,0.385614743627482,0,0,3.28514654744163,4.33226156152993,"PLCE1","GO_Biological_Process_2023","green"
"Inorganic Anion Transmembrane Transport (GO:0098661)","1/63",0.271145528260931,0.388299720872558,0,0,3.23199739328772,4.21807849737542,"GABRG3","GO_Biological_Process_2023","green"
"Protein Polymerization (GO:0051258)","1/63",0.271145528260931,0.388299720872558,0,0,3.23199739328772,4.21807849737542,"FGF13","GO_Biological_Process_2023","green"
"Phosphatidylinositol Metabolic Process (GO:0046488)","1/63",0.271145528260931,0.388299720872558,0,0,3.23199739328772,4.21807849737542,"INPP4B","GO_Biological_Process_2023","green"
"Regulation Of Angiogenesis (GO:0045765)","2/205",0.273493735468433,0.39079215979156,0,0,1.9801950336785,2.5672764502121,"SEMA5A;HIPK2","GO_Biological_Process_2023","green"
"Protein N-linked Glycosylation (GO:0006487)","1/64",0.274801310842782,0.391789895503124,0,0,3.18053551386885,4.10831982313615,"MGAT5B","GO_Biological_Process_2023","green"
"Regulation Of Canonical Wnt Signaling Pathway (GO:0060828)","2/207",0.277199672471101,0.394334932298492,0,0,1.96067695370831,2.51558224197517,"SEMA5A;TPBG","GO_Biological_Process_2023","green"
"Regulation Of Cell-Matrix Adhesion (GO:0001952)","1/65",0.278438939213788,0.395223483254892,0,0,3.13068181818182,4.00275356439037,"EPHA3","GO_Biological_Process_2023","green"
"Negative Regulation Of Endopeptidase Activity (GO:0010951)","1/66",0.282058502576368,0.398601356388143,0,0,3.08236208236208,3.90116313048372,"SERPINI1","GO_Biological_Process_2023","green"
"Regulation Of Endocytosis (GO:0030100)","1/66",0.282058502576368,0.398601356388143,0,0,3.08236208236208,3.90116313048372,"EPHA3","GO_Biological_Process_2023","green"
"Protein Modification Process (GO:0036211)","5/711",0.283175687390615,0.399302559193345,0,0,1.43089309676457,1.8053403210196,"PRKCG;PTPRR;CDC42BPA;EPHA3;HIPK2","GO_Biological_Process_2023","green"
"Activation Of Cysteine-Type Endopeptidase Activity Involved In Apoptotic Process (GO:0006919)","1/67",0.285660089808726,0.400173066986951,0,0,3.03550658096113,3.80334608196671,"ATP2A3","GO_Biological_Process_2023","green"
"Peptidyl-Tyrosine Phosphorylation (GO:0018108)","1/67",0.285660089808726,0.400173066986951,0,0,3.03550658096113,3.80334608196671,"EPHA3","GO_Biological_Process_2023","green"
"Negative Regulation Of Cellular Catabolic Process (GO:0031330)","1/67",0.285660089808726,0.400173066986951,0,0,3.03550658096113,3.80334608196671,"LEPR","GO_Biological_Process_2023","green"
"Neuropeptide Signaling Pathway (GO:0007218)","1/68",0.289243789255229,0.404312514111113,0,0,2.99004975124378,3.70911301693322,"SORCS2","GO_Biological_Process_2023","green"
"Regulation Of Endopeptidase Activity (GO:0052548)","1/69",0.29280968888067,0.405442796593333,0,0,2.94592988710636,3.61828655610275,"SERPINI1","GO_Biological_Process_2023","green"
"Regulation Of Monoatomic Ion Transmembrane Transporter Activity (GO:0032412)","1/69",0.29280968888067,0.405442796593333,0,0,2.94592988710636,3.61828655610275,"NEDD4L","GO_Biological_Process_2023","green"
"Cellular Response To Calcium Ion (GO:0071277)","1/69",0.29280968888067,0.405442796593333,0,0,2.94592988710636,3.61828655610275,"CPNE4","GO_Biological_Process_2023","green"
"Negative Regulation Of Extrinsic Apoptotic Signaling Pathway (GO:2001237)","1/70",0.296357876203525,0.405442796593333,0,0,2.9030888596106,3.53070042231205,"PHIP","GO_Biological_Process_2023","green"
"Neutrophil Chemotaxis (GO:0030593)","1/70",0.296357876203525,0.405442796593333,0,0,2.9030888596106,3.53070042231205,"PDE4B","GO_Biological_Process_2023","green"
"Protein K48-linked Ubiquitination (GO:0070936)","1/70",0.296357876203525,0.405442796593333,0,0,2.9030888596106,3.53070042231205,"NEDD4L","GO_Biological_Process_2023","green"
"Regulation Of G Protein-Coupled Receptor Signaling Pathway (GO:0008277)","1/70",0.296357876203525,0.405442796593333,0,0,2.9030888596106,3.53070042231205,"PLCE1","GO_Biological_Process_2023","green"
"Regulation Of Actin Filament Polymerization (GO:0030833)","1/70",0.296357876203525,0.405442796593333,0,0,2.9030888596106,3.53070042231205,"ARHGAP28","GO_Biological_Process_2023","green"
"Regulation Of Actin Filament-Based Process (GO:0032970)","1/70",0.296357876203525,0.405442796593333,0,0,2.9030888596106,3.53070042231205,"EPHA3","GO_Biological_Process_2023","green"
"Sensory Organ Development (GO:0007423)","1/70",0.296357876203525,0.405442796593333,0,0,2.9030888596106,3.53070042231205,"HIPK2","GO_Biological_Process_2023","green"
"Regulation Of Double-Strand Break Repair Via Homologous Recombination (GO:0010569)","1/71",0.299888438313403,0.407670752294964,0,0,2.86147186147186,3.44619860155019,"TEX15","GO_Biological_Process_2023","green"
"Negative Regulation Of Protein Binding (GO:0032091)","1/71",0.299888438313403,0.407670752294964,0,0,2.86147186147186,3.44619860155019,"ATP2A3","GO_Biological_Process_2023","green"
"Negative Regulation Of Supramolecular Fiber Organization (GO:1902904)","1/71",0.299888438313403,0.407670752294964,0,0,2.86147186147186,3.44619860155019,"FGF13","GO_Biological_Process_2023","green"
"Cellular Response To Hypoxia (GO:0071456)","1/72",0.303401461859655,0.410709768370017,0,0,2.82102717313985,3.36463457832852,"HIPK2","GO_Biological_Process_2023","green"
"Second-Messenger-Mediated Signaling (GO:0019932)","1/72",0.303401461859655,0.410709768370017,0,0,2.82102717313985,3.36463457832852,"PLCE1","GO_Biological_Process_2023","green"
"DNA Replication (GO:0006260)","1/73",0.306897033111884,0.412834293495693,0,0,2.78170594837262,3.28587063696556,"RBMS1","GO_Biological_Process_2023","green"
"Granulocyte Chemotaxis (GO:0071621)","1/73",0.306897033111884,0.412834293495693,0,0,2.78170594837262,3.28587063696556,"PDE4B","GO_Biological_Process_2023","green"
"Cellular Response To Decreased Oxygen Levels (GO:0036294)","1/73",0.306897033111884,0.412834293495693,0,0,2.78170594837262,3.28587063696556,"HIPK2","GO_Biological_Process_2023","green"
"Gland Development (GO:0048732)","1/74",0.310375237892897,0.414909101798613,0,0,2.74346201743462,3.20977722405069,"ARID5B","GO_Biological_Process_2023","green"
"Negative Regulation Of Neuron Apoptotic Process (GO:0043524)","1/74",0.310375237892897,0.414909101798613,0,0,2.74346201743462,3.20977722405069,"PRKCG","GO_Biological_Process_2023","green"
"Regulation Of Cell Cycle G1/S Phase Transition (GO:1902806)","1/74",0.310375237892897,0.414909101798613,0,0,2.74346201743462,3.20977722405069,"DPF3","GO_Biological_Process_2023","green"
"Regulation Of Fat Cell Differentiation (GO:0045598)","1/75",0.313836161648445,0.41822243838528,0,0,2.70625170625171,3.13623236372496,"PTPRR","GO_Biological_Process_2023","green"
"Regulation Of Cell Growth (GO:0001558)","2/227",0.314154646563126,0.41822243838528,0,0,1.78458049886621,2.06631206042599,"NRG3;PLCE1","GO_Biological_Process_2023","green"
"Cellular Response To Lipid (GO:0071396)","2/228",0.315994207705089,0.419802222219777,0,0,1.77659382337006,2.04669186176984,"PDE4B;EPHA3","GO_Biological_Process_2023","green"
"Regulation Of Ras Protein Signal Transduction (GO:0046578)","1/76",0.317279889350664,0.419988356566696,0,0,2.67003367003367,3.0651211233087,"PLCE1","GO_Biological_Process_2023","green"
"Positive Regulation Of Synaptic Transmission (GO:0050806)","1/77",0.320706505558706,0.419988356566696,0,0,2.6347687400319,2.99633512170869,"NRXN1","GO_Biological_Process_2023","green"
"Neutrophil Migration (GO:1990266)","1/77",0.320706505558706,0.419988356566696,0,0,2.6347687400319,2.99633512170869,"PDE4B","GO_Biological_Process_2023","green"
"Monoatomic Cation Homeostasis (GO:0055080)","1/77",0.320706505558706,0.419988356566696,0,0,2.6347687400319,2.99633512170869,"SLC8A1","GO_Biological_Process_2023","green"
"Positive Regulation Of JNK Cascade (GO:0046330)","1/77",0.320706505558706,0.419988356566696,0,0,2.6347687400319,2.99633512170869,"HIPK2","GO_Biological_Process_2023","green"
"Chloride Transport (GO:0006821)","1/77",0.320706505558706,0.419988356566696,0,0,2.6347687400319,2.99633512170869,"GABRG3","GO_Biological_Process_2023","green"
"Positive Regulation Of Endothelial Cell Proliferation (GO:0001938)","1/77",0.320706505558706,0.419988356566696,0,0,2.6347687400319,2.99633512170869,"SEMA5A","GO_Biological_Process_2023","green"
"Positive Regulation Of Developmental Process (GO:0051094)","2/233",0.325175502475933,0.424572821960451,0,0,1.73769767647319,1.95211260075993,"NRXN1;DPF3","GO_Biological_Process_2023","green"
"Positive Regulation Of Protein Localization To Membrane (GO:1905477)","1/79",0.32750873980153,0.424572821960451,0,0,2.56695156695157,2.86533539771871,"EPHA3","GO_Biological_Process_2023","green"
"Regulation Of Neuron Differentiation (GO:0045664)","1/79",0.32750873980153,0.424572821960451,0,0,2.56695156695157,2.86533539771871,"VWC2","GO_Biological_Process_2023","green"
"Positive Regulation Of Cytoskeleton Organization (GO:0051495)","1/79",0.32750873980153,0.424572821960451,0,0,2.56695156695157,2.86533539771871,"SEMA5A","GO_Biological_Process_2023","green"
"Positive Regulation Of Endocytosis (GO:0045807)","1/79",0.32750873980153,0.424572821960451,0,0,2.56695156695157,2.86533539771871,"NEDD4L","GO_Biological_Process_2023","green"
"Negative Regulation Of Protein Serine/Threonine Kinase Activity (GO:0071901)","1/80",0.330884524972772,0.427192524677594,0,0,2.5343306482547,2.80293378962301,"SLC8A1","GO_Biological_Process_2023","green"
"Regulation Of Protein Localization To Plasma Membrane (GO:1903076)","1/80",0.330884524972772,0.427192524677594,0,0,2.5343306482547,2.80293378962301,"EPHA3","GO_Biological_Process_2023","green"
"Cellular Response To Oxygen-Containing Compound (GO:1901701)","3/406",0.331522659119937,0.427192524677594,0,0,1.49627791563275,1.65197927639876,"CPNE4;PDE4B;EPHA3","GO_Biological_Process_2023","green"
"Regulation Of Phosphorylation (GO:0042325)","1/82",0.337585846063778,0.432405774938266,0,0,2.47150517520888,2.68389506560141,"PHIP","GO_Biological_Process_2023","green"
"Negative Regulation Of Apoptotic Signaling Pathway (GO:2001234)","1/82",0.337585846063778,0.432405774938266,0,0,2.47150517520888,2.68389506560141,"PHIP","GO_Biological_Process_2023","green"
"Sodium Ion Transmembrane Transport (GO:0035725)","1/82",0.337585846063778,0.432405774938266,0,0,2.47150517520888,2.68389506560141,"SLC8A1","GO_Biological_Process_2023","green"
"Regulation Of Epithelial To Mesenchymal Transition (GO:0010717)","1/83",0.340911546721369,0.434932786789365,0,0,2.44124168514412,2.62709885646942,"EPHA3","GO_Biological_Process_2023","green"
"Phospholipase C-activating G Protein-Coupled Receptor Signaling Pathway (GO:0007200)","1/83",0.340911546721369,0.434932786789365,0,0,2.44124168514412,2.62709885646942,"PLCE1","GO_Biological_Process_2023","green"
"Positive Regulation Of Double-Strand Break Repair (GO:2000781)","1/84",0.344220716526821,0.43828499153811,0,0,2.41170743580382,2.57201895784243,"DPF3","GO_Biological_Process_2023","green"
"Regulation Of Kinase Activity (GO:0043549)","1/85",0.347513436866072,0.439000274862248,0,0,2.38287638287638,2.51858583349566,"PLCE1","GO_Biological_Process_2023","green"
"Positive Regulation Of Amide Metabolic Process (GO:0034250)","1/85",0.347513436866072,0.439000274862248,0,0,2.38287638287638,2.51858583349566,"LRRTM3","GO_Biological_Process_2023","green"
"Positive Regulation Of Canonical Wnt Signaling Pathway (GO:0090263)","1/85",0.347513436866072,0.439000274862248,0,0,2.38287638287638,2.51858583349566,"SEMA5A","GO_Biological_Process_2023","green"
"Positive Regulation Of Endothelial Cell Migration (GO:0010595)","1/85",0.347513436866072,0.439000274862248,0,0,2.38287638287638,2.51858583349566,"SEMA5A","GO_Biological_Process_2023","green"
"Positive Regulation Of DNA-binding Transcription Factor Activity (GO:0051091)","2/246",0.348893339322039,0.439879249380531,0,0,1.6440281030445,1.73114354350853,"ARID5B;HIPK2","GO_Biological_Process_2023","green"
"Regulation Of Mitotic Cell Cycle Phase Transition (GO:1901990)","1/86",0.350789788685405,0.440542644774834,0,0,2.35472370766488,2.46673350535558,"DPF3","GO_Biological_Process_2023","green"
"Negative Regulation Of Binding (GO:0051100)","1/86",0.350789788685405,0.440542644774834,0,0,2.35472370766488,2.46673350535558,"ARHGAP28","GO_Biological_Process_2023","green"
"Glucose Homeostasis (GO:0042593)","1/87",0.354049852499014,0.44290672209507,0,0,2.3272257458304,2.41639933353241,"LEPR","GO_Biological_Process_2023","green"
"Regulation Of Type II Interferon Production (GO:0032649)","1/87",0.354049852499014,0.44290672209507,0,0,2.3272257458304,2.41639933353241,"PDE4B","GO_Biological_Process_2023","green"
"Negative Regulation Of Neuron Death (GO:1901215)","1/88",0.357293708483398,0.445232276269041,0,0,2.30035992104958,2.36752381170365,"PRKCG","GO_Biological_Process_2023","green"
"Positive Regulation Of Cell Adhesion (GO:0045785)","1/88",0.357293708483398,0.445232276269041,0,0,2.30035992104958,2.36752381170365,"FRMD5","GO_Biological_Process_2023","green"
"Sensory Perception Of Mechanical Stimulus (GO:0050954)","1/89",0.360521436424534,0.448385461549276,0,0,2.27410468319559,2.32005037808893,"COL11A1","GO_Biological_Process_2023","green"
"Lymphocyte Differentiation (GO:0030098)","1/91",0.366928825262423,0.453721605084112,0,0,2.22334455667789,2.22909720803597,"LEPR","GO_Biological_Process_2023","green"
"Positive Regulation Of Binding (GO:0051099)","1/91",0.366928825262423,0.453721605084112,0,0,2.22334455667789,2.22909720803597,"HIPK2","GO_Biological_Process_2023","green"
"Regulation Of Actin Cytoskeleton Organization (GO:0032956)","1/91",0.366928825262423,0.453721605084112,0,0,2.22334455667789,2.22909720803597,"EPHA3","GO_Biological_Process_2023","green"
"Sensory Perception Of Sound (GO:0007605)","1/92",0.370108643786799,0.456775159222479,0,0,2.1988011988012,2.18551754723327,"COL11A1","GO_Biological_Process_2023","green"
"Regulation Of Endothelial Cell Proliferation (GO:0001936)","1/93",0.373272649434986,0.458918381618921,0,0,2.1747913921827,2.14313983216348,"SEMA5A","GO_Biological_Process_2023","green"
"Positive Regulation Of Protein Kinase B Signaling (GO:0051897)","1/93",0.373272649434986,0.458918381618921,0,0,2.1747913921827,2.14313983216348,"SEMA5A","GO_Biological_Process_2023","green"
"Regulation Of mRNA Splicing, Via Spliceosome (GO:0048024)","1/94",0.376420920115876,0.461026003113349,0,0,2.15129792549147,2.10191981526176,"RBFOX1","GO_Biological_Process_2023","green"
"Muscle Contraction (GO:0006936)","1/94",0.376420920115876,0.461026003113349,0,0,2.15129792549147,2.10191981526176,"SLC8A1","GO_Biological_Process_2023","green"
"T Cell Receptor Signaling Pathway (GO:0050852)","1/95",0.379553533216983,0.463098523450702,0,0,2.12830431979368,2.06181530451832,"PDE4B","GO_Biological_Process_2023","green"
"Positive Regulation Of Transmembrane Receptor Protein Serine/Threonine Kinase Signaling Pathway (GO:0090100)","1/95",0.379553533216983,0.463098523450702,0,0,2.12830431979368,2.06181530451832,"HIPK2","GO_Biological_Process_2023","green"
"Positive Regulation Of Supramolecular Fiber Organization (GO:1902905)","1/96",0.382670565880735,0.466017374737335,0,0,2.10579479000532,2.02278604662789,"SEMA5A","GO_Biological_Process_2023","green"
"Positive Regulation Of Signal Transduction (GO:0009967)","2/266",0.384823642532729,0.467753501225983,0,0,1.51793444650588,1.44958204202647,"NRXN1;PHIP","GO_Biological_Process_2023","green"
"Negative Regulation Of Macromolecule Biosynthetic Process (GO:0010558)","1/98",0.388858196397513,0.469992143390227,0,0,2.06216807247735,1.94780133547852,"TMEFF2","GO_Biological_Process_2023","green"
"MAPK Cascade (GO:0000165)","1/98",0.388858196397513,0.469992143390227,0,0,2.06216807247735,1.94780133547852,"FGF13","GO_Biological_Process_2023","green"
"Phosphatidylinositol Biosynthetic Process (GO:0006661)","1/98",0.388858196397513,0.469992143390227,0,0,2.06216807247735,1.94780133547852,"INPP4B","GO_Biological_Process_2023","green"
"Cellular Response To Insulin Stimulus (GO:0032869)","1/99",0.391928946523868,0.472814845431233,0,0,2.0410224695939,1.91177413897195,"PHIP","GO_Biological_Process_2023","green"
"Visual Perception (GO:0007601)","1/101",0.398024694482133,0.479269435490659,0,0,2,1.84248245836996,"COL11A1","GO_Biological_Process_2023","green"
"Activation Of GTPase Activity (GO:0090630)","1/102",0.401049842395342,0.481110165410831,0,0,1.98009800980098,1.80915528558786,"SIPA1L1","GO_Biological_Process_2023","green"
"Sensory Perception Of Light Stimulus (GO:0050953)","1/102",0.401049842395342,0.481110165410831,0,0,1.98009800980098,1.80915528558786,"COL11A1","GO_Biological_Process_2023","green"
"Positive Regulation Of Stress-Activated MAPK Cascade (GO:0032874)","1/105",0.410035274847405,0.489151543092545,0,0,1.92268842268842,1.71409996792236,"HIPK2","GO_Biological_Process_2023","green"
"Regulation Of Neuron Apoptotic Process (GO:0043523)","1/105",0.410035274847405,0.489151543092545,0,0,1.92268842268842,1.71409996792236,"PRKCG","GO_Biological_Process_2023","green"
"Negative Regulation Of MAPK Cascade (GO:0043409)","1/105",0.410035274847405,0.489151543092545,0,0,1.92268842268842,1.71409996792236,"PTPRR","GO_Biological_Process_2023","green"
"Regulation Of G1/S Transition Of Mitotic Cell Cycle (GO:2000045)","1/106",0.413000661133786,0.489962038946539,0,0,1.9042809042809,1.68396719161278,"DPF3","GO_Biological_Process_2023","green"
"Response To Calcium Ion (GO:0051592)","1/106",0.413000661133786,0.489962038946539,0,0,1.9042809042809,1.68396719161278,"CPNE4","GO_Biological_Process_2023","green"
"Positive Regulation Of Cell Growth (GO:0030307)","1/106",0.413000661133786,0.489962038946539,0,0,1.9042809042809,1.68396719161278,"NEDD4L","GO_Biological_Process_2023","green"
"Positive Regulation Of Cell Differentiation (GO:0045597)","2/283",0.414697062220494,0.491068528559443,0,0,1.42486745587915,1.25417830284191,"VWC2;DPF3","GO_Biological_Process_2023","green"
"Monoatomic Ion Transport (GO:0006811)","1/107",0.41595129052059,0.491648308464595,0,0,1.88622069754145,1.65456849319568,"SLC8A1","GO_Biological_Process_2023","green"
"Glycerophospholipid Biosynthetic Process (GO:0046474)","1/108",0.41888723576301,0.494210078157092,0,0,1.86849806475975,1.62588017253325,"INPP4B","GO_Biological_Process_2023","green"
"Cellular Response To Salt (GO:1902075)","1/109",0.421808569139365,0.494932317439072,0,0,1.85110362888141,1.59787949320038,"CPNE4","GO_Biological_Process_2023","green"
"Positive Regulation Of Wnt Signaling Pathway (GO:0030177)","1/109",0.421808569139365,0.494932317439072,0,0,1.85110362888141,1.59787949320038,"SEMA5A","GO_Biological_Process_2023","green"
"Positive Regulation Of Cysteine-Type Endopeptidase Activity Involved In Apoptotic Process (GO:0043280)","1/109",0.421808569139365,0.494932317439072,0,0,1.85110362888141,1.59787949320038,"ATP2A3","GO_Biological_Process_2023","green"
"Adenylate Cyclase-Activating G Protein-Coupled Receptor Signaling Pathway (GO:0007189)","1/110",0.424715362613925,0.496530869383189,0,0,1.83402835696414,1.57054463447437,"ADGRB3","GO_Biological_Process_2023","green"
"Regulation Of JNK Cascade (GO:0046328)","1/110",0.424715362613925,0.496530869383189,0,0,1.83402835696414,1.57054463447437,"HIPK2","GO_Biological_Process_2023","green"
"RNA Metabolic Process (GO:0016070)","1/111",0.427607687964041,0.497200259242094,0,0,1.81726354453627,1.54385464626272,"RBMS1","GO_Biological_Process_2023","green"
"T Cell Activation (GO:0042110)","1/111",0.427607687964041,0.497200259242094,0,0,1.81726354453627,1.54385464626272,"LEPR","GO_Biological_Process_2023","green"
"Regulation Of Transforming Growth Factor Beta Receptor Signaling Pathway (GO:0017015)","1/111",0.427607687964041,0.497200259242094,0,0,1.81726354453627,1.54385464626272,"HIPK2","GO_Biological_Process_2023","green"
"Regulation Of Protein Serine/Threonine Kinase Activity (GO:0071900)","1/112",0.43048561638067,0.498742795194182,0,0,1.8008008008008,1.51778940882089,"SLC8A1","GO_Biological_Process_2023","green"
"Small GTPase Mediated Signal Transduction (GO:0007264)","1/112",0.43048561638067,0.498742795194182,0,0,1.8008008008008,1.51778940882089,"PLCE1","GO_Biological_Process_2023","green"
"Regulation Of Protein Ubiquitination (GO:0031396)","1/113",0.433349218837219,0.500257715821062,0,0,1.78463203463203,1.4923295915181,"PRKCG","GO_Biological_Process_2023","green"
"Positive Regulation Of Cellular Component Organization (GO:0051130)","1/113",0.433349218837219,0.500257715821062,0,0,1.78463203463203,1.4923295915181,"NRXN1","GO_Biological_Process_2023","green"
"Regulation Of Cytoskeleton Organization (GO:0051493)","1/114",0.436198565833718,0.500849424698358,0,0,1.76874944131581,1.46745661650072,"EPHA3","GO_Biological_Process_2023","green"
"Response To Endoplasmic Reticulum Stress (GO:0034976)","1/114",0.436198565833718,0.500849424698358,0,0,1.76874944131581,1.46745661650072,"ATP2A3","GO_Biological_Process_2023","green"
"Negative Regulation Of Canonical Wnt Signaling Pathway (GO:0090090)","1/114",0.436198565833718,0.500849424698358,0,0,1.76874944131581,1.46745661650072,"TPBG","GO_Biological_Process_2023","green"
"Regulation Of Intracellular Signal Transduction (GO:1902531)","2/297",0.438759996999523,0.50289247427931,0,0,1.35627810446212,1.11730559055249,"ARHGAP28;HIPK2","GO_Biological_Process_2023","green"
"Cellular Response To Molecule Of Bacterial Origin (GO:0071219)","1/117",0.444661775482094,0.508750038496417,0,0,1.72274468826193,1.39618351518444,"PDE4B","GO_Biological_Process_2023","green"
"Regulation Of Protein Binding (GO:0043393)","1/118",0.447454800068397,0.510130206460956,0,0,1.70793404126737,1.37348597340122,"HIPK2","GO_Biological_Process_2023","green"
"Positive Regulation Of Cell Cycle Process (GO:0090068)","1/118",0.447454800068397,0.510130206460956,0,0,1.70793404126737,1.37348597340122,"PHIP","GO_Biological_Process_2023","green"
"Regulation Of Protein Kinase Activity (GO:0045859)","1/119",0.450233917137087,0.512390103927694,0,0,1.69337442218798,1.35129249451638,"PLCE1","GO_Biological_Process_2023","green"
"Potassium Ion Transport (GO:0006813)","1/122",0.458488507016457,0.519028362696446,0,0,1.6511394941147,1.28759168960267,"KCNN2","GO_Biological_Process_2023","green"
"Regulation Of Protein Catabolic Process (GO:0042176)","1/122",0.458488507016457,0.519028362696446,0,0,1.6511394941147,1.28759168960267,"PRKCG","GO_Biological_Process_2023","green"
"Receptor-Mediated Endocytosis (GO:0006898)","1/122",0.458488507016457,0.519028362696446,0,0,1.6511394941147,1.28759168960267,"LRP1B","GO_Biological_Process_2023","green"
"Positive Regulation Of Epithelial Cell Proliferation (GO:0050679)","1/123",0.461212676190375,0.521194641107928,0,0,1.63752276867031,1.26727232996582,"SEMA5A","GO_Biological_Process_2023","green"
"Protein Dephosphorylation (GO:0006470)","1/124",0.463923277206856,0.522421483789858,0,0,1.62412745339575,1.2473885010387,"PTPRR","GO_Biological_Process_2023","green"
"Cellular Response To Lipopolysaccharide (GO:0071222)","1/124",0.463923277206856,0.522421483789858,0,0,1.62412745339575,1.2473885010387,"PDE4B","GO_Biological_Process_2023","green"
"Protein Transport (GO:0015031)","2/313",0.465600643115683,0.523393729935987,0,0,1.2854518012993,0.982634065787606,"PHIP;LRP1B","GO_Biological_Process_2023","green"
"Negative Regulation Of Cell Growth (GO:0030308)","1/125",0.46662037707619,0.52362461162302,0,0,1.61094819159335,1.22792793965158,"FGF13","GO_Biological_Process_2023","green"
"Regulation Of DNA Repair (GO:0006282)","1/129",0.477275091201804,0.534647880910731,0,0,1.5602904040404,1.15408790031601,"DPF3","GO_Biological_Process_2023","green"
"Transmembrane Receptor Protein Serine/Threonine Kinase Signaling Pathway (GO:0007178)","1/130",0.479905677193982,0.535728038950921,0,0,1.54811682718659,1.13657427447839,"HIPK2","GO_Biological_Process_2023","green"
"Regulation Of Cell Cycle Process (GO:0010564)","1/130",0.479905677193982,0.535728038950921,0,0,1.54811682718659,1.13657427447839,"DPF3","GO_Biological_Process_2023","green"
"Antigen Receptor-Mediated Signaling Pathway (GO:0050851)","1/134",0.490297600070642,0.546380167843021,0,0,1.50125313283208,1.07000724904239,"PDE4B","GO_Biological_Process_2023","green"
"Cellular Response To Metal Ion (GO:0071248)","1/135",0.492863296366116,0.54828909959068,0,0,1.48997437057139,1.05419178131578,"CPNE4","GO_Biological_Process_2023","green"
"Regulation Of Protein Kinase B Signaling (GO:0051896)","1/136",0.49541620618668,0.550177237613187,0,0,1.47886270108492,1.03868964279636,"SEMA5A","GO_Biological_Process_2023","green"
"Potassium Ion Transmembrane Transport (GO:0071805)","1/137",0.497956392525298,0.552044759299597,0,0,1.46791443850267,1.02349273069514,"KCNN2","GO_Biological_Process_2023","green"
"Negative Regulation Of Cellular Process (GO:0048523)","3/537",0.505397087123474,0.558483325680718,0,0,1.12162631761844,0.765409966042434,"SEMA5A;FRMD5;PLXNA2","GO_Biological_Process_2023","green"
"Negative Regulation Of Wnt Signaling Pathway (GO:0030178)","1/140",0.505501237241334,0.558483325680718,0,0,1.43601482450403,0.979656196045578,"TPBG","GO_Biological_Process_2023","green"
"Ras Protein Signal Transduction (GO:0007265)","1/144",0.515386675547343,0.567454849960516,0,0,1.39556403192767,0.925032639771104,"PLCE1","GO_Biological_Process_2023","green"
"Actin Filament Organization (GO:0007015)","1/144",0.515386675547343,0.567454849960516,0,0,1.39556403192767,0.925032639771104,"SH3KBP1","GO_Biological_Process_2023","green"
"Negative Regulation Of Protein Metabolic Process (GO:0051248)","1/147",0.522672127159014,0.573512248742741,0,0,1.36668050366681,0.886703567337748,"PRKCG","GO_Biological_Process_2023","green"
"Dephosphorylation (GO:0016311)","1/147",0.522672127159014,0.573512248742741,0,0,1.36668050366681,0.886703567337748,"PTPRR","GO_Biological_Process_2023","green"
"Neuron Development (GO:0048666)","1/150",0.529849131261317,0.58039691891146,0,0,1.33896007050369,0.850457856372934,"TENM2","GO_Biological_Process_2023","green"
"Ubiquitin-Dependent Protein Catabolic Process (GO:0006511)","2/367",0.550365270449262,0.601238104775888,0,0,1.0922560805144,0.652265942059725,"NEDD4L;KCTD6","GO_Biological_Process_2023","green"
"Response To Lipopolysaccharide (GO:0032496)","1/159",0.550745324592532,0.601238104775888,0,0,1.26211481907684,0.75282975911799,"PDE4B","GO_Biological_Process_2023","green"
"Regulation Of Macromolecule Metabolic Process (GO:0060255)","1/162",0.557504289374834,0.607585183166133,0,0,1.23840893406111,0.723583865255002,"SLC8A1","GO_Biological_Process_2023","green"
"Adenylate Cyclase-Modulating G Protein-Coupled Receptor Signaling Pathway (GO:0007188)","1/163",0.559734829149778,0.607955228282614,0,0,1.23070208255393,0.714166728910465,"ADGRB3","GO_Biological_Process_2023","green"
"Nitrogen Compound Transport (GO:0071705)","1/163",0.559734829149778,0.607955228282614,0,0,1.23070208255393,0.714166728910465,"LRP1B","GO_Biological_Process_2023","green"
"Positive Regulation Of Cellular Process (GO:0048522)","3/594",0.573906946992501,0.622297077430317,0,0,1.01046627243707,0.561099804641665,"FRMD5;DPF3;PHIP","GO_Biological_Process_2023","green"
"Positive Regulation Of Multicellular Organismal Process (GO:0051240)","2/387",0.579314595720883,0.62710317348237,0,0,1.03445534057779,0.564719107143552,"LEPR;EBF2","GO_Biological_Process_2023","green"
"RNA Processing (GO:0006396)","1/183",0.6020794872594,0.650650605559318,0,0,1.09435009435009,0.555235815206858,"RBMS1","GO_Biological_Process_2023","green"
"Endocytosis (GO:0006897)","1/189",0.613977814396427,0.662395527947823,0,0,1.05910165484634,0.516626063848475,"LRP1B","GO_Biological_Process_2023","green"
"Regulation Of MAPK Cascade (GO:0043408)","1/204",0.642204728471937,0.691687839878485,0,0,0.98009653182067,0.434033920674657,"PLCE1","GO_Biological_Process_2023","green"
"Proteasomal Protein Catabolic Process (GO:0010498)","1/220",0.670063162229564,0.720485975440819,0,0,0.907753332410867,0.363449273959763,"NEDD4L","GO_Biological_Process_2023","green"
"Positive Regulation Of Cell Motility (GO:2000147)","1/221",0.671731187910482,0.721073712565008,0,0,0.903581267217631,0.359532308442823,"SEMA5A","GO_Biological_Process_2023","green"
"Positive Regulation Of Protein Modification Process (GO:0031401)","1/225",0.678320213394343,0.726933162020937,0,0,0.887265512265512,0.344379519525088,"LEPR","GO_Biological_Process_2023","green"
"Protein Polyubiquitination (GO:0000209)","1/226",0.679946905822444,0.727463994082914,0,0,0.88327721661055,0.340715851291423,"NEDD4L","GO_Biological_Process_2023","green"
"Chromatin Remodeling (GO:0006338)","1/228",0.683175898430978,0.728494365988588,0,0,0.875406042806924,0.333532253769872,"DPF3","GO_Biological_Process_2023","green"
"Cilium Organization (GO:0044782)","1/228",0.683175898430978,0.728494365988588,0,0,0.875406042806924,0.333532253769872,"PHIP","GO_Biological_Process_2023","green"
"Negative Regulation Of Multicellular Organismal Process (GO:0051241)","1/231",0.687959009576293,0.731169658111663,0,0,0.863855950812473,0.323104604801154,"PTPRR","GO_Biological_Process_2023","green"
"Positive Regulation Of Phosphorylation (GO:0042327)","1/231",0.687959009576293,0.731169658111663,0,0,0.863855950812473,0.323104604801154,"LEPR","GO_Biological_Process_2023","green"
"Positive Regulation Of GTPase Activity (GO:0043547)","1/234",0.692670620678898,0.734962391248402,0,0,0.852603286079681,0.313076512912352,"SIPA1L1","GO_Biological_Process_2023","green"
"Regulation Of Transcription By RNA Polymerase II (GO:0006357)","9/2028",0.695893135845576,0.737165216389959,0,0,0.875904184968078,0.317567095079371,"TENM2;LMX1A;KCNIP3;DPF3;EBF2;ARID5B;PHIP;MKX;HIPK2","GO_Biological_Process_2023","green"
"Negative Regulation Of Apoptotic Process (GO:0043066)","2/482",0.698204949654375,0.738397668795663,0,0,0.825680272108844,0.296619523734893,"PRKCG;PHIP","GO_Biological_Process_2023","green"
"Regulation Of Autophagy (GO:0010506)","1/241",0.703392239478639,0.742662085360861,0,0,0.827441077441077,0.291127358427709,"LEPR","GO_Biological_Process_2023","green"
"Cilium Assembly (GO:0060271)","1/243",0.706386958483719,0.744601334926281,0,0,0.820519242006845,0.285205999695782,"PHIP","GO_Biological_Process_2023","green"
"Regulation Of ERK1 And ERK2 Cascade (GO:0070372)","1/244",0.707873072911603,0.744946621738398,0,0,0.817101051668953,0.282300632023774,"PTPRR","GO_Biological_Process_2023","green"
"Cytokine-Mediated Signaling Pathway (GO:0019221)","1/257",0.726528139341902,0.763329401302031,0,0,0.775094696969697,0.247625753183798,"LEPR","GO_Biological_Process_2023","green"
"Cellular Component Assembly (GO:0022607)","1/260",0.730662789373251,0.766421164057097,0,0,0.765999765999766,0.240373197771099,"TEX15","GO_Biological_Process_2023","green"
"Negative Regulation Of Transcription By RNA Polymerase II (GO:0000122)","3/763",0.739887139174817,0.773550820378486,0,0,0.778893109061313,0.234647483525657,"TENM2;KCNIP3;ARID5B","GO_Biological_Process_2023","green"
"Negative Regulation Of Signal Transduction (GO:0009968)","1/267",0.74007117960611,0.773550820378486,0,0,0.745576061365535,0.224425036623886,"KCTD6","GO_Biological_Process_2023","green"
"Chromatin Organization (GO:0006325)","1/268",0.741388401309585,0.773550820378486,0,0,0.742745810161541,0.222252298707315,"DPF3","GO_Biological_Process_2023","green"
"Positive Regulation Of Intracellular Signal Transduction (GO:1902533)","2/525",0.742271938061471,0.773550820378486,0,0,0.75611659577789,0.225352695027355,"SEMA5A;PLCE1","GO_Biological_Process_2023","green"
"Positive Regulation Of Cell Migration (GO:0030335)","1/272",0.746591527340346,0.776793449967383,0,0,0.731633679973163,0.213810476284462,"SEMA5A","GO_Biological_Process_2023","green"
"Plasma Membrane Bounded Cell Projection Assembly (GO:0120031)","1/275",0.750425733287746,0.779521399844944,0,0,0.723512497235125,0.207730993364859,"PHIP","GO_Biological_Process_2023","green"
"DNA Metabolic Process (GO:0006259)","1/288",0.766387690368496,0.794818201462811,0,0,0.690282617111885,0.183661503836082,"RBMS1","GO_Biological_Process_2023","green"
"Positive Regulation Of Nucleic Acid-Templated Transcription (GO:1903508)","2/557",0.77143447732575,0.798763879098965,0,0,0.711343997058283,0.184596285196443,"PHIP;HIPK2","GO_Biological_Process_2023","green"
"Gene Expression (GO:0010467)","1/296",0.775703629009535,0.801892979828185,0,0,0.671289162814587,0.170497212295587,"RBMS1","GO_Biological_Process_2023","green"
"Regulation Of Cell Cycle (GO:0051726)","1/298",0.777974552087712,0.802949658093738,0,0,0.666700676801687,0.167382848459339,"HIPK2","GO_Biological_Process_2023","green"
"Cellular Response To Cytokine Stimulus (GO:0071345)","1/308",0.788992179375311,0.813015979708854,0,0,0.644655019247853,0.152782511267399,"LEPR","GO_Biological_Process_2023","green"
"Positive Regulation Of MAPK Cascade (GO:0043410)","1/310",0.791129857891819,0.813914397799103,0,0,0.640417116145272,0.150045346926481,"PLCE1","GO_Biological_Process_2023","green"
"Proteasome-Mediated Ubiquitin-Dependent Protein Catabolic Process (GO:0043161)","1/319",0.800487119011081,0.821953816538132,0,0,0.622006225779811,0.138418054598085,"NEDD4L","GO_Biological_Process_2023","green"
"Positive Regulation Of Cytokine Production (GO:0001819)","1/320",0.801500844431429,0.821953816538132,0,0,0.620024698394604,0.137192402084256,"PDE4B","GO_Biological_Process_2023","green"
"Organelle Assembly (GO:0070925)","1/322",0.803513022023935,0.822705212040431,0,0,0.616098681519242,0.13477891033833,"PHIP","GO_Biological_Process_2023","green"
"Intracellular Protein Transport (GO:0006886)","1/325",0.806493484318124,0.824444054716302,0,0,0.610300536226462,0.131250904008978,"PHIP","GO_Biological_Process_2023","green"
"Protein Localization (GO:0008104)","1/351",0.830518537542441,0.84765622165046,0,0,0.564213564213564,0.104777296437494,"PHIP","GO_Biological_Process_2023","green"
"Protein Modification By Small Protein Conjugation (GO:0032446)","1/364",0.841398644336136,0.857399886383733,0,0,0.54364582463756,0.0938820447069887,"NEDD4L","GO_Biological_Process_2023","green"
"Positive Regulation Of Protein Phosphorylation (GO:0001934)","1/377",0.851586816325218,0.866408738761258,0,0,0.524500322372663,0.0842629841292362,"LEPR","GO_Biological_Process_2023","green"
"Positive Regulation Of Transcription By RNA Polymerase II (GO:0045944)","3/938",0.853820145281257,0.866720645765716,0,0,0.627322344120404,0.0991387047851618,"LMX1A;PHIP;HIPK2","GO_Biological_Process_2023","green"
"Negative Regulation Of Programmed Cell Death (GO:0043069)","1/381",0.854589252590146,0.866720645765716,0,0,0.518872939925571,0.0815327527067876,"PHIP","GO_Biological_Process_2023","green"
"Regulation Of DNA-templated Transcription (GO:0006355)","7/1922",0.85709775408759,0.867895836028852,0,0,0.706898003874337,0.109006005980816,"LMX1A;DPF3;EBF2;ARID5B;PHIP;MKX;HIPK2","GO_Biological_Process_2023","green"
"Protein Ubiquitination (GO:0016567)","1/434",0.889128852651689,0.89891486203622,0,0,0.454125551123242,0.0533657071397892,"NEDD4L","GO_Biological_Process_2023","green"
"Negative Regulation Of DNA-templated Transcription (GO:0045892)","3/1025",0.892400455531302,0.900806111313387,0,0,0.571287348437468,0.0650355265414706,"TENM2;KCNIP3;ARID5B","GO_Biological_Process_2023","green"
"Negative Regulation Of Nucleic Acid-Templated Transcription (GO:1903507)","1/456",0.900954262775652,0.908015032860101,0,0,0.431679431679432,0.0450245037640661,"ARID5B","GO_Biological_Process_2023","green"
"Positive Regulation Of Cell Population Proliferation (GO:0008284)","1/483",0.913772625636864,0.919492642072775,0,0,0.406932394484262,0.0366945210923637,"PHIP","GO_Biological_Process_2023","green"
"Positive Regulation Of DNA-templated Transcription (GO:0045893)","3/1243",0.952391118850439,0.956855452220051,0,0,0.465414033920851,0.0227026589498196,"LMX1A;PHIP;HIPK2","GO_Biological_Process_2023","green"
"Regulation Of Apoptotic Process (GO:0042981)","1/705",0.972611449744519,0.975646118854486,0,0,0.275424701561065,0.00764871163431264,"PHIP","GO_Biological_Process_2023","green"
"Regulation Of Cell Population Proliferation (GO:0042127)","1/766",0.980060635604898,0.98158720980366,0,0,0.252657291872978,0.00508872912159621,"PHIP","GO_Biological_Process_2023","green"
"Regulation Of Gene Expression (GO:0010468)","1/1127",0.997014429286552,0.997014429286552,0,0,0.168415953495882,0.000503569834722501,"SLC8A1","GO_Biological_Process_2023","green"
"Calcium signaling pathway","5/189",0.00260717884810453,0.220415272854344,0,0,5.6395881006865,33.5526535150813,"PRKCG;ATP2A3;PLCE1;SLC8A1;CACNA1G","KEGG_2019_Mouse","green"
"Mannose type O-glycan biosynthesis","2/23",0.00584761959206228,0.220415272854344,0,0,19.3187560738581,99.3316462237063,"MGAT5B;B3GAT1","KEGG_2019_Mouse","green"
"Cell adhesion molecules (CAMs)","4/170",0.0105027473359628,0.220415272854344,0,0,4.95331325301205,22.5678816777749,"NTNG1;VCAN;NRXN1;NCAM2","KEGG_2019_Mouse","green"
"Morphine addiction","3/92",0.0110454740818408,0.220415272854344,0,0,6.88439708096838,31.0192655790006,"PRKCG;PDE4B;GABRG3","KEGG_2019_Mouse","green"
"Axon guidance","4/180",0.012738821536065,0.220415272854344,0,0,4.66950757575758,20.373533799992,"SEMA5A;NTNG1;PLXNA2;EPHA3","KEGG_2019_Mouse","green"
"Phosphatidylinositol signaling system","3/98",0.0130939766052085,0.220415272854344,0,0,6.44763971785133,27.954405817651,"PRKCG;INPP4B;PLCE1","KEGG_2019_Mouse","green"
"Aldosterone-regulated sodium reabsorption","2/38",0.0154783132235365,0.223329947939598,0,0,11.2607709750567,46.9384448645158,"PRKCG;NEDD4L","KEGG_2019_Mouse","green"
"Glutamatergic synapse","3/114",0.0195542061325189,0.234163219431881,0,0,5.51379214265812,21.6943728553258,"PRKCG;GRM3;GRIK1","KEGG_2019_Mouse","green"
"Rap1 signaling pathway","4/209",0.020866029454326,0.234163219431881,0,0,4.0030487804878,15.4903289704313,"PRKCG;DOCK4;SIPA1L1;PLCE1","KEGG_2019_Mouse","green"
"N-Glycan biosynthesis","2/50",0.0259489619459531,0.26054354241316,0,0,8.44047619047619,30.8214426622313,"MAN1A2;MGAT5B","KEGG_2019_Mouse","green"
"Neuroactive ligand-receptor interaction","5/348",0.0305306947034879,0.26054354241316,0,0,3.00092066901949,10.4702803882618,"GRM3;GRID1;LEPR;GRIK1;GABRG3","KEGG_2019_Mouse","green"
"Endocrine and other factor-regulated calcium reabsorption","2/55",0.030955668405524,0.26054354241316,0,0,7.64227955333077,26.5584434034501,"PRKCG;SLC8A1","KEGG_2019_Mouse","green"
"Arrhythmogenic right ventricular cardiomyopathy (ARVC)","2/72",0.0504637828415357,0.373125348135255,0,0,5.78134110787172,17.265971584774,"CTNNA3;SLC8A1","KEGG_2019_Mouse","green"
"Inositol phosphate metabolism","2/73",0.051720345286075,0.373125348135255,0,0,5.699626329405,16.8817463030563,"INPP4B;PLCE1","KEGG_2019_Mouse","green"
"ErbB signaling pathway","2/84",0.0662504359060044,0.419048717679653,0,0,4.93230462916874,13.3878197311643,"PRKCG;NRG3","KEGG_2019_Mouse","green"
"Insulin secretion","2/86",0.0690235124413976,0.419048717679653,0,0,4.81438289601555,12.8703286595916,"PRKCG;KCNN2","KEGG_2019_Mouse","green"
"GABAergic synapse","2/90",0.0746819496854828,0.419048717679653,0,0,4.59461966604824,11.9208181587653,"PRKCG;GABRG3","KEGG_2019_Mouse","green"
"Protein digestion and absorption","2/90",0.0746819496854828,0.419048717679653,0,0,4.59461966604824,11.9208181587653,"COL11A1;SLC8A1","KEGG_2019_Mouse","green"
"Circadian entrainment","2/99",0.0879246283814667,0.460164571248714,0,0,4.16642120765832,10.129717084782,"PRKCG;CACNA1G","KEGG_2019_Mouse","green"
"Aldosterone synthesis and secretion","2/102",0.0924846891098034,0.460164571248714,0,0,4.04081632653061,9.62002061056518,"PRKCG;CACNA1G","KEGG_2019_Mouse","green"
"Pancreatic secretion","2/105",0.0971124998083677,0.460164571248714,0,0,3.92252823459481,9.1468854610462,"PRKCG;ATP2A3","KEGG_2019_Mouse","green"
"Parathyroid hormone synthesis, secretion and action","2/107",0.10023386700467,0.460164571248714,0,0,3.84742468415938,8.85003537243058,"PRKCG;PDE4B","KEGG_2019_Mouse","green"
"Thyroid hormone signaling pathway","2/115",0.112990010336963,0.475499626834718,0,0,3.57359581000542,7.7920679547705,"PRKCG;PLCE1","KEGG_2019_Mouse","green"
"Leukocyte transendothelial migration","2/115",0.112990010336963,0.475499626834718,0,0,3.57359581000542,7.7920679547705,"PRKCG;CTNNA3","KEGG_2019_Mouse","green"
"Serotonergic synapse","2/132",0.141341709574619,0.566253892242573,0,0,3.10361067503925,6.07244658574773,"PRKCG;KCNN2","KEGG_2019_Mouse","green"
"Prion diseases","1/34",0.156813470025957,0.566253892242573,0,0,6.08111417202326,11.2664696999635,"NCAM2","KEGG_2019_Mouse","green"
"Retrograde endocannabinoid signaling","2/150",0.172791328093857,0.566253892242573,0,0,2.72366243794815,4.7818540898178,"PRKCG;GABRG3","KEGG_2019_Mouse","green"
"African trypanosomiasis","1/39",0.17772061456847,0.566253892242573,0,0,5.27963849016481,9.12080010262218,"PRKCG","KEGG_2019_Mouse","green"
"Nicotine addiction","1/40",0.181840038445641,0.566253892242573,0,0,5.14400414400414,8.76861291991989,"GABRG3","KEGG_2019_Mouse","green"
"MAPK signaling pathway","3/294",0.1823346342158,0.566253892242573,0,0,2.08406844510575,3.54690032572311,"PRKCG;PTPRR;CACNA1G","KEGG_2019_Mouse","green"
"Mineral absorption","1/44",0.1981144149655,0.566253892242573,0,0,4.6645525017618,7.55149331126355,"SLC8A1","KEGG_2019_Mouse","green"
"Glycosphingolipid biosynthesis","1/45",0.202132677279174,0.566253892242573,0,0,4.55831037649219,7.28796784173202,"B3GALT1","KEGG_2019_Mouse","green"
"Tight junction","2/167",0.203427034299401,0.566253892242573,0,0,2.44094001236858,3.88706977769903,"NEDD4L;AMOTL1","KEGG_2019_Mouse","green"
"Hepatocellular carcinoma","2/171",0.210728128748523,0.566253892242573,0,0,2.38268325081512,3.71028211013766,"PRKCG;DPF3","KEGG_2019_Mouse","green"
"cGMP-PKG signaling pathway","2/172",0.212557721644281,0.566253892242573,0,0,2.36854741896759,3.66779443778241,"ATP2A3;SLC8A1","KEGG_2019_Mouse","green"
"ABC transporters","1/48",0.214068244088033,0.566253892242573,0,0,4.26670964968837,6.57696403663591,"ABCA8B","KEGG_2019_Mouse","green"
"Type II diabetes mellitus","1/48",0.214068244088033,0.566253892242573,0,0,4.26670964968837,6.57696403663591,"CACNA1G","KEGG_2019_Mouse","green"
"Cocaine addiction","1/48",0.214068244088033,0.566253892242573,0,0,4.26670964968837,6.57696403663591,"GRM3","KEGG_2019_Mouse","green"
"Glycosaminoglycan biosynthesis","1/53",0.233569272224541,0.566253892242573,0,0,3.85547785547786,5.60693113764998,"NDST4","KEGG_2019_Mouse","green"
"VEGF signaling pathway","1/58",0.252591147960672,0.566253892242573,0,0,3.5163919900762,4.83849599837867,"PRKCG","KEGG_2019_Mouse","green"
"Endometrial cancer","1/58",0.252591147960672,0.566253892242573,0,0,3.5163919900762,4.83849599837867,"CTNNA3","KEGG_2019_Mouse","green"
"Long-term depression","1/61",0.263779141308675,0.566253892242573,0,0,3.34006734006734,4.45111773409346,"PRKCG","KEGG_2019_Mouse","green"
"Proteoglycans in cancer","2/203",0.269787257396922,0.566253892242573,0,0,2.00010153315057,2.62037615304045,"PRKCG;PLCE1","KEGG_2019_Mouse","green"
"Non-small cell lung cancer","1/66",0.282058502576368,0.566253892242573,0,0,3.08236208236208,3.90116313048372,"PRKCG","KEGG_2019_Mouse","green"
"cAMP signaling pathway","2/211",0.284608511779544,0.566253892242573,0,0,1.92276144907724,2.41622026619919,"PDE4B;PLCE1","KEGG_2019_Mouse","green"
"Long-term potentiation","1/67",0.285660089808726,0.566253892242573,0,0,3.03550658096113,3.80334608196671,"PRKCG","KEGG_2019_Mouse","green"
"Amphetamine addiction","1/68",0.289243789255229,0.566253892242573,0,0,2.99004975124378,3.70911301693322,"PRKCG","KEGG_2019_Mouse","green"
"Cortisol synthesis and secretion","1/69",0.29280968888067,0.566253892242573,0,0,2.94592988710636,3.61828655610275,"CACNA1G","KEGG_2019_Mouse","green"
"Adipocytokine signaling pathway","1/71",0.299888438313403,0.566253892242573,0,0,2.86147186147186,3.44619860155019,"LEPR","KEGG_2019_Mouse","green"
"Adherens junction","1/72",0.303401461859655,0.566253892242573,0,0,2.82102717313985,3.36463457832852,"CTNNA3","KEGG_2019_Mouse","green"
"Bile secretion","1/72",0.303401461859655,0.566253892242573,0,0,2.82102717313985,3.36463457832852,"KCNN2","KEGG_2019_Mouse","green"
"Thyroid hormone synthesis","1/73",0.306897033111884,0.566253892242573,0,0,2.78170594837262,3.28587063696556,"PRKCG","KEGG_2019_Mouse","green"
"Bacterial invasion of epithelial cells","1/74",0.310375237892897,0.566253892242573,0,0,2.74346201743462,3.20977722405069,"CTNNA3","KEGG_2019_Mouse","green"
"Gastric acid secretion","1/74",0.310375237892897,0.566253892242573,0,0,2.74346201743462,3.20977722405069,"PRKCG","KEGG_2019_Mouse","green"
"Glioma","1/75",0.313836161648445,0.566253892242573,0,0,2.70625170625171,3.13623236372496,"PRKCG","KEGG_2019_Mouse","green"
"Cardiac muscle contraction","1/78",0.324116094429913,0.566253892242573,0,0,2.60041978223796,2.92977207832515,"SLC8A1","KEGG_2019_Mouse","green"
"Salivary secretion","1/78",0.324116094429913,0.566253892242573,0,0,2.60041978223796,2.92977207832515,"PRKCG","KEGG_2019_Mouse","green"
"Ras signaling pathway","2/233",0.325175502475933,0.566253892242573,0,0,1.73769767647319,1.95211260075993,"PRKCG;PLCE1","KEGG_2019_Mouse","green"
"Gap junction","1/86",0.350789788685405,0.586213690203285,0,0,2.35472370766488,2.46673350535558,"PRKCG","KEGG_2019_Mouse","green"
"Hypertrophic cardiomyopathy (HCM)","1/86",0.350789788685405,0.586213690203285,0,0,2.35472370766488,2.46673350535558,"SLC8A1","KEGG_2019_Mouse","green"
"Fc gamma R-mediated phagocytosis","1/87",0.354049852499014,0.586213690203285,0,0,2.3272257458304,2.41639933353241,"PRKCG","KEGG_2019_Mouse","green"
"Dilated cardiomyopathy (DCM)","1/90",0.363733115678147,0.592532978766014,0,0,2.24843945068664,2.27392523969427,"SLC8A1","KEGG_2019_Mouse","green"
"Endocytosis","2/269",0.390143698583407,0.609098396101447,0,0,1.50064969808148,1.41247174664387,"SH3KBP1;NEDD4L","KEGG_2019_Mouse","green"
"Choline metabolism in cancer","1/99",0.391928946523868,0.609098396101447,0,0,2.0410224695939,1.91177413897195,"PRKCG","KEGG_2019_Mouse","green"
"Melanogenesis","1/100",0.394984420817951,0.609098396101447,0,0,2.02030405060708,1.87667852610055,"PRKCG","KEGG_2019_Mouse","green"
"AGE-RAGE signaling pathway in diabetic complications","1/101",0.398024694482133,0.609098396101447,0,0,2,1.84248245836996,"PLCE1","KEGG_2019_Mouse","green"
"HIF-1 signaling pathway","1/104",0.407055058636552,0.613427452566358,0,0,1.94145336863783,1.74499153520703,"PRKCG","KEGG_2019_Mouse","green"
"Amoebiasis","1/106",0.413000661133786,0.613427452566358,0,0,1.9042809042809,1.68396719161278,"PRKCG","KEGG_2019_Mouse","green"
"Cholinergic synapse","1/113",0.433349218837219,0.630637532683935,0,0,1.78463203463203,1.4923295915181,"PRKCG","KEGG_2019_Mouse","green"
"Natural killer cell mediated cytotoxicity","1/118",0.447454800068397,0.630637532683935,0,0,1.70793404126737,1.37348597340122,"PRKCG","KEGG_2019_Mouse","green"
"Sphingolipid signaling pathway","1/124",0.463923277206856,0.630637532683935,0,0,1.62412745339575,1.2473885010387,"PRKCG","KEGG_2019_Mouse","green"
"AMPK signaling pathway","1/126",0.469304042324134,0.630637532683935,0,0,1.5979797979798,1.20887881651748,"LEPR","KEGG_2019_Mouse","green"
"Inflammatory mediator regulation of TRP channels","1/127",0.471974339207137,0.630637532683935,0,0,1.58521725188392,1.19022971699885,"PRKCG","KEGG_2019_Mouse","green"
"Dopaminergic synapse","1/135",0.492863296366116,0.630637532683935,0,0,1.48997437057139,1.05419178131578,"PRKCG","KEGG_2019_Mouse","green"
"Purine metabolism","1/136",0.49541620618668,0.630637532683935,0,0,1.47886270108492,1.03868964279636,"PDE4B","KEGG_2019_Mouse","green"
"Apelin signaling pathway","1/138",0.500483918197201,0.630637532683935,0,0,1.45712600457126,1.00859320422095,"SLC8A1","KEGG_2019_Mouse","green"
"Ubiquitin mediated proteolysis","1/138",0.500483918197201,0.630637532683935,0,0,1.45712600457126,1.00859320422095,"NEDD4L","KEGG_2019_Mouse","green"
"Vascular smooth muscle contraction","1/140",0.505501237241334,0.630637532683935,0,0,1.43601482450403,0.979656196045578,"PRKCG","KEGG_2019_Mouse","green"
"Adrenergic signaling in cardiomyocytes","1/148",0.525076432202193,0.630637532683935,0,0,1.35731464302893,0.874397623216168,"SLC8A1","KEGG_2019_Mouse","green"
"Phospholipase D signaling pathway","1/149",0.527468747150282,0.630637532683935,0,0,1.34807534807535,0.862317510620557,"GRM3","KEGG_2019_Mouse","green"
"Gastric cancer","1/150",0.529849131261317,0.630637532683935,0,0,1.33896007050369,0.850457856372934,"CTNNA3","KEGG_2019_Mouse","green"
"Non-alcoholic fatty liver disease (NAFLD)","1/151",0.5322176434695,0.630637532683935,0,0,1.32996632996633,0.83881344703288,"LEPR","KEGG_2019_Mouse","green"
"mTOR signaling pathway","1/154",0.539252532966754,0.630637532683935,0,0,1.30369049976893,0.805121832204194,"PRKCG","KEGG_2019_Mouse","green"
"Oxytocin signaling pathway","1/154",0.539252532966754,0.630637532683935,0,0,1.30369049976893,0.805121832204194,"PRKCG","KEGG_2019_Mouse","green"
"Cushing syndrome","1/159",0.550745324592532,0.630637532683935,0,0,1.26211481907684,0.75282975911799,"CACNA1G","KEGG_2019_Mouse","green"
"Hippo signaling pathway","1/159",0.550745324592532,0.630637532683935,0,0,1.26211481907684,0.75282975911799,"CTNNA3","KEGG_2019_Mouse","green"
"Wnt signaling pathway","1/160",0.553009592723917,0.630637532683935,0,0,1.25411346166063,0.742911645774827,"PRKCG","KEGG_2019_Mouse","green"
"Hepatitis B","1/163",0.559734829149778,0.630637532683935,0,0,1.23070208255393,0.714166728910465,"PRKCG","KEGG_2019_Mouse","green"
"Protein processing in endoplasmic reticulum","1/163",0.559734829149778,0.630637532683935,0,0,1.23070208255393,0.714166728910465,"MAN1A2","KEGG_2019_Mouse","green"
"JAK-STAT signaling pathway","1/164",0.56195423704509,0.630637532683935,0,0,1.22308979364194,0.7049092863918,"LEPR","KEGG_2019_Mouse","green"
"Alzheimer disease","1/175",0.585648556428657,0.650005540651587,0,0,1.14512945547428,0.612684798979807,"ATP2A3","KEGG_2019_Mouse","green"
"Cellular senescence","1/185",0.606085393723219,0.665376356152664,0,0,1.08234519104084,0.541967458037162,"HIPK2","KEGG_2019_Mouse","green"
"Huntington disease","1/192",0.619794203522166,0.673109833932675,0,0,1.04230789571104,0.498606520241977,"DNAH7B","KEGG_2019_Mouse","green"
"Focal adhesion","1/199",0.633030530285215,0.680171101689433,0,0,1.00510152025304,0.459569228815331,"PRKCG","KEGG_2019_Mouse","green"
"Thermogenesis","1/231",0.687959009576293,0.731409052286374,0,0,0.863855950812473,0.323104604801154,"DPF3","KEGG_2019_Mouse","green"
"Human immunodeficiency virus 1 infection","1/238",0.698843373301633,0.735241465661093,0,0,0.83804287601756,0.300294759320438,"PRKCG","KEGG_2019_Mouse","green"
"Human cytomegalovirus infection","1/255",0.723736859618685,0.753581678572033,0,0,0.781277340332458,0.252608375993645,"PRKCG","KEGG_2019_Mouse","green"
"Pathways in cancer","2/535",0.751707086711428,0.773234238290476,0,0,0.741547650955316,0.211644034819821,"PRKCG;CTNNA3","KEGG_2019_Mouse","green"
"MicroRNAs in cancer","1/281",0.757922669215417,0.773234238290476,0,0,0.707792207792208,0.196181539398202,"PRKCG","KEGG_2019_Mouse","green"
"Cytokine-cytokine receptor interaction","1/292",0.771092573236891,0.77880349896926,0,0,0.680655350758444,0.176934209993707,"LEPR","KEGG_2019_Mouse","green"
"Olfactory transduction","1/1133",0.997108021558509,0.997108021558509,0,0,0.16746975050862,0.000485020581135414,"SLC8A1","KEGG_2019_Mouse","green"
