"gene_name","module","color","kME_turquoise","kME_blue","kME_grey","kME_brown"
"AL669831.5","turquoise","turquoise",0.279539275608436,-0.173484105739968,0.0956753432979559,0.0447924298906746
"NOC2L","blue","blue",-0.121458410333286,0.230290346321099,0.119606831723087,0.0703991083078586
"HES4","grey","grey",-0.00988359235472602,0.119458408725464,0.106433678157699,0.059869045576272
"ISG15","grey","grey",-0.0462611336948326,0.0770743303743567,-0.00475761789860731,-0.0390654088591091
"C1orf159","turquoise","turquoise",0.196958102432413,-0.122551243826124,0.085969194642301,0.0322519419111536
"SDF4","blue","blue",-0.0707319352100067,0.170725508944831,0.104062412756476,0.0585890700406961
"B3GALT6","blue","blue",-0.069535682403817,0.125817186297397,0.0641960694346584,0.0633132159833083
"UBE2J2","grey","grey",0.00545002883327128,0.0829020618497511,0.104751988474363,0.0748472756085464
"ACAP3","grey","grey",0.142171158985436,-0.0591659044112575,0.104198903002316,0.0477895255778334
"INTS11","blue","blue",-0.0117622509093743,0.127869936797184,0.118204099022726,0.0608213518983008
"CPTP","grey","grey",-0.0729239808720834,0.112358902267421,0.0569579252176966,0.0485588067923941
"DVL1","grey","grey",-0.0248928542754404,0.0915594925758949,0.0891781238771637,0.0979868916553322
"AURKAIP1","blue","blue",-0.164254519575881,0.292939428412183,0.129433262022116,0.125563357287207
"CCNL2","grey","grey",0.0721753725517472,0.0223300708036044,0.0975393025211638,0.0597661020530942
"MRPL20","blue","blue",-0.0905076399649256,0.163859839900019,0.0786441077385251,0.0741005106240456
"ATAD3A","grey","grey",0.0199204256035099,0.0686659243759744,0.0999759226917734,0.0675121904066542
"SSU72","blue","blue",-0.15301908735886,0.263963172201329,0.116419496713367,0.117778893465688
"FNDC10","blue","blue",-0.0767731014474927,0.14709381339181,0.0892584038760229,0.0968387639016427
"MIB2","grey","grey",0.0537847852649493,0.0348128621380844,0.109210292816131,0.0594423352600109
"CDK11B","grey","grey",-0.00186784081126475,0.0642920482347357,0.0704240382349136,0.043347587811017
"NADK","grey","grey",0.0290148915343979,0.037658403343992,0.0873528587033229,0.0748352639497734
"GNB1","blue","blue",-0.110936655695186,0.262080814787356,0.197442501670356,0.246004955698171
"PRKCZ","blue","blue",-0.012285693046084,0.15874850583049,0.176509973000352,0.181012902826107
"FAAP20","grey","grey",-0.0105519325992212,0.0513070476720614,0.046765495923662,0.0498062550020936
"SKI","turquoise","turquoise",0.21749617613327,-0.13562483581754,0.0948333813853592,0.042479295211947
"RER1","blue","blue",-0.107914597363132,0.215331960731319,0.108586818905244,0.0635018378306995
"PEX10","blue","blue",-0.0431644500096752,0.1047034475384,0.0806764004585764,0.0731130967589024
"PANK4","blue","blue",-0.047140930140986,0.120721148082375,0.0749856110796235,0.0378400744092971
"FAM213B","blue","blue",-0.118677520141106,0.193905365606477,0.095351247008167,0.109630861895143
"TPRG1L","blue","blue",-0.20991114509434,0.321578287514282,0.134084167657106,0.137849676370131
"LRRC47","blue","blue",-0.123050007288216,0.223382172839092,0.104696401163463,0.0656448335721945
"CEP104","grey","grey",0.100488878880234,-0.0260065820721244,0.100635981964072,0.0826398072377556
"AJAP1","turquoise","turquoise",0.197553135536423,-0.0401306714507027,0.199955140512209,0.169731486347377
"AL365255.1","turquoise","turquoise",0.304416747661836,-0.183291418416726,0.125076877134012,0.0506782065592767
"NPHP4","turquoise","turquoise",0.215099747661932,-0.115172334257915,0.108199488749698,0.0618276219896413
"KCNAB2","blue","blue",-0.0978796398717395,0.250961717908575,0.158922630081773,0.113076817793411
"CHD5","blue","blue",0.00284050472456781,0.153270724262711,0.196518279422231,0.17740769843666
"RPL22","grey","grey",0.0383344356127032,0.022078248053917,0.0670288631416353,0.0403403055679194
"ICMT","blue","blue",-0.123508976920037,0.218359682749522,0.116346897428561,0.102816387007801
"ACOT7","blue","blue",-0.321539283027422,0.494186576868563,0.135883935605809,0.0574084804586269
"NOL9","grey","grey",0.0626208975384721,0.0293817746466609,0.0994020496607627,0.0736020382277825
"KLHL21","blue","blue",-0.0579702831369273,0.131012274095833,0.0910690378851509,0.0729343981237825
"THAP3","grey","grey",-0.0291370362102571,0.0976566989659467,0.0745629585633738,0.0582649503682671
"DNAJC11","grey","grey",0.0886024366954795,0.0134827462183152,0.125074834512683,0.0904824042967842
"CAMTA1","turquoise","turquoise",0.294906325965459,-0.0875173834973339,0.22336560119126,0.166952441510949
"PER3","turquoise","turquoise",0.145433974076774,-0.0682295680758517,0.073775804991401,0.0327285815590017
"PARK7","blue","blue",-0.18709171470819,0.317195018341546,0.109236740264811,0.0832083236465336
"ERRFI1","grey","grey",-0.00473878422861697,0.0657331788932347,0.0919458618264073,0.065674173940287
"SLC45A1","blue","blue",-0.170749969724063,0.280101315172377,0.116706696402146,0.0429983114559006
"RERE","turquoise","turquoise",0.399994419866258,-0.200456429653364,0.21104063380515,0.114963777191042
"ENO1","blue","blue",-0.38074429007564,0.523854857396599,0.101010529342804,0.0218738033564797
"SLC25A33","grey","grey",0.0529854291782865,0.0249519927361559,0.0905482682699445,0.0663205869872983
"TMEM201","grey","grey",-0.0481472943613177,0.0994834617679839,0.0698978980125514,0.0534784117261903
"CLSTN1","blue","blue",-0.28078495407952,0.406121657028561,0.120495699417343,0.0286021639297662
"CTNNBIP1","grey","grey",0.0761781479776679,0.0074239200868455,0.0982446264906877,0.0883543562684156
"LZIC","grey","grey",-0.0141802212803326,0.0597133671895425,0.0637139686788399,0.0783712703032247
"NMNAT1","turquoise","turquoise",0.142760742721172,-0.0680763229770953,0.086301445008789,0.0550072282024134
"UBE4B","turquoise","turquoise",0.237926618818967,-0.0741169296363367,0.17861984934628,0.119260251557886
"KIF1B","brown","brown",0.074020198998284,0.116132543177948,0.236938815895273,0.298981566858684
"PGD","blue","blue",-0.038963941825599,0.149827744361362,0.117901616141324,0.0569668356588334
"DFFA","blue","blue",-0.0475588998776596,0.140574193891883,0.0985766317478296,0.096324330579166
"PEX14","grey","grey",0.156590517690827,-0.0301010425296804,0.144842502452597,0.07001054634879
"SRM","blue","blue",-0.0882059516651951,0.191365677013136,0.104185161285671,0.0862575129420325
"EXOSC10","grey","grey",0.126212682195655,-0.0605651575940458,0.0707531803246136,0.0152141084764322
"MTOR","grey","grey",0.0377551966759908,0.127445292610483,0.184710022171088,0.107247252730289
"FBXO2","blue","blue",-0.365545406525109,0.500436028302541,0.115549789533551,0.11105880478246
"FBXO44","blue","blue",-0.108389323330594,0.221073289591704,0.109822280543821,0.0720269801820057
"MTHFR","grey","grey",0.084734835874637,-0.0219694884333145,0.0747883242889407,0.0336471779149037
"CLCN6","grey","grey",0.113965014833908,-0.028136827392414,0.0992712372814883,0.0370181297621705
"KIAA2013","blue","blue",-0.0348171333958753,0.115885309815643,0.0983023409388843,0.0818112835685532
"PLOD1","grey","grey",-0.0491098910418211,0.0941678656712375,0.0469272639666491,0.00235476093551145
"MFN2","blue","blue",-0.112071990029056,0.228536797837038,0.140351143475419,0.154187502529574
"VPS13D","turquoise","turquoise",0.257770273975376,-0.099433919795988,0.180050599622474,0.161232900711644
"PRDM2","turquoise","turquoise",0.161841422761128,-0.0322700966115868,0.157751274493821,0.116134946107361
"KAZN","turquoise","turquoise",0.654589087822168,-0.455804289204523,0.181042455462727,0.0710782259063305
"EFHD2","grey","grey",-0.062724229488031,0.122752659666095,0.0658549708510384,0.0466373486395044
"DNAJC16","grey","grey",0.0259278801996662,0.0416080668395219,0.103471967813481,0.051422802457718
"DDI2","grey","grey",0.0987635181360281,-0.00771733746176138,0.117427916414506,0.105534422208065
"PLEKHM2","grey","grey",0.0478552615919554,0.0302953787290481,0.11056095914163,0.0974159302835021
"UQCRHL","blue","blue",-0.0859820193514659,0.167205473122977,0.0798833275231516,0.0888387079453982
"SPEN","grey","grey",0.112742835790029,-0.0224823763668989,0.113629927144875,0.0681185623322219
"ZBTB17","grey","grey",0.0272255187172686,0.0227818808237634,0.0587425178105232,0.0486552329930768
"FBXO42","turquoise","turquoise",0.306959493331626,-0.141984401374375,0.178685565611618,0.0924060675776238
"SZRD1","grey","grey",0.0299010946081982,0.0132221424231626,0.0640654497925999,0.0514312280636801
"NBPF1","grey","grey",0.139830626159615,-0.0535437150940474,0.111227071782043,0.0725488225921485
"CROCC","turquoise","turquoise",0.235314632529317,-0.114470345886618,0.126951534630678,0.0581514578023488
"ATP13A2","blue","blue",-0.158076614313977,0.313575022477628,0.161482042319388,0.100974981643366
"SDHB","grey","grey",0.0167851390490625,0.09116921327575,0.111806639584708,0.0660440329021727
"PADI2","turquoise","turquoise",0.0731791970220972,-0.0677038193674974,0.00698369476459457,-0.0107584059581822
"PADI1","grey","grey",-0.0703126187610015,0.130439619536461,0.078093834129053,0.0817773214834787
"RCC2","grey","grey",0.025334085866377,0.0395545647650882,0.0717705271992253,0.0336908431171113
"ARHGEF10L","turquoise","turquoise",0.190667961683961,-0.079427166995968,0.129211845973979,0.0747187438508842
"UBR4","grey","grey",0.105255585252754,0.0400173287762929,0.189291755430844,0.14826869235954
"AL035413.1","grey","grey",0.0124216754325412,0.0307769852540172,0.047530426094077,0.0286068571108378
"EMC1","blue","blue",-0.0795139858864538,0.166986514058716,0.10317125649143,0.0475228293986513
"MRTO4","blue","blue",-0.0600363503240892,0.151876912687867,0.0930486147569675,0.0737780300016407
"AKR7A2","blue","blue",-0.0936232141040989,0.208345025790268,0.107523316956893,0.0594034061191704
"CAPZB","blue","blue",-0.067571076521819,0.266253820912205,0.184591779781557,0.0984731810746451
"NBL1","blue","blue",-0.104412619490524,0.191595240499225,0.0957354569945407,0.0791408659454701
"OTUD3","grey","grey",0.0861408672863908,0.0066442668825879,0.110343267952555,0.0799481139224799
"CAMK2N1","blue","blue",-0.17265421980151,0.262059906925178,0.119388059875511,0.178602406133227
"MUL1","blue","blue",-0.0553629944619301,0.126877688322186,0.0891916004782801,0.0648885121173537
"FAM43B","blue","blue",-0.126527960836031,0.227946437588871,0.122277779974531,0.0836032949132778
"PINK1","blue","blue",-0.379995604256237,0.506001441788737,0.123228851211906,0.112814193454203
"DDOST","blue","blue",-0.0616090616300207,0.126600707210813,0.0734085870132252,0.0183696781499039
"HP1BP3","grey","grey",0.0564421429131675,0.0945969067725321,0.168122947517163,0.113513490026554
"EIF4G3","grey","grey",0.086765060392832,0.118944644456837,0.211603992866483,0.0541811476476573
"ECE1","turquoise","turquoise",0.14248565274977,-0.0757329731218408,0.0766174819994346,0.0352724187425029
"RAP1GAP","blue","blue",-0.0996511667083016,0.2378811803858,0.159905698886242,0.108417287534362
"USP48","grey","grey",0.0830371574113694,0.050739670053889,0.144115499307476,0.0686519016221104
"CDC42","blue","blue",-0.153405298023182,0.314175367689074,0.148749700351027,0.0968242937144347
"ZBTB40","grey","grey",0.0772416237461414,0.00174049565826288,0.102233259988219,0.0595536603496625
"C1QB","grey","grey",-0.0324210112939398,-0.0329238171990766,-0.0682515413334659,-0.063730263150301
"EPHB2","turquoise","turquoise",0.276317412209062,-0.117081595714455,0.17686506423634,0.0945390591507184
"KDM1A","grey","grey",0.0335049354803785,0.0827891822912444,0.135664523295492,0.0685369052382451
"LUZP1","grey","grey",0.174118114052932,-0.0417940607143817,0.15397035184861,0.0976187840887857
"HNRNPR","blue","blue",-0.0643389499356662,0.182045311082792,0.124587556023126,0.06848354219746
"RPL11","blue","blue",-0.0939132191589907,0.145660404338825,0.04792621061501,0.0351326781385753
"ELOA","grey","grey",0.0195205018338604,0.0435219871150493,0.0818409045349123,0.055902693684666
"PITHD1","blue","blue",-0.311602268321012,0.435251660179592,0.121588844721719,0.134153931987261
"LYPLA2","blue","blue",-0.0612444297104179,0.129985759135884,0.078918815974218,0.0560023006597927
"HMGCL","grey","grey",0.0048785683739433,0.062702973002533,0.0719966324327689,0.0438150627406042
"FUCA1","grey","grey",-0.0398996466905069,0.0948642980047616,0.0704560364302399,0.0341079814422845
"PNRC2","blue","blue",-0.0724791298763703,0.116764885687542,0.0544815820914588,0.0431461968390109
"SRSF10","grey","grey",-0.0159202686921405,0.126060495817083,0.131499191696272,0.0960625598345375
"STPG1","grey","grey",0.0443378921512179,0.0436891576266712,0.108974614088044,0.0801005397723848
"NIPAL3","blue","blue",-0.0868275120227371,0.225628116811812,0.162357884306778,0.141644724812438
"RCAN3","grey","grey",0.0153083904344369,0.0827280282435495,0.121154036214609,0.111046539845863
"SRRM1","grey","grey",0.077728716007902,0.00969323812569947,0.106516033410008,0.0876585081433479
"CLIC4","turquoise","turquoise",0.115712084794055,-0.085214443297628,0.0252620131301838,-0.000766675477047179
"SYF2","grey","grey",-0.046715273093196,0.104933183363256,0.0744483255989063,0.0549494889323744
"RSRP1","turquoise","turquoise",0.389817512292474,-0.245713507645818,0.14247332394925,0.0327527895445433
"TMEM50A","grey","grey",-0.0129483552748983,0.0766096683815351,0.0761254148317735,0.046429127750495
"MACO1","turquoise","turquoise",0.17224593454257,-0.0401005220326025,0.146002567908225,0.0934134562637408
"MAN1C1","turquoise","turquoise",0.205417914556457,-0.043466629801598,0.182801433337769,0.0981427278475561
"MTFR1L","blue","blue",-0.0754683421433078,0.175379986720844,0.115700060838554,0.128096925269249
"PAQR7","grey","grey",0.0102780965373258,0.045151220526247,0.0745043788157515,0.0459909976373559
"STMN1","blue","blue",-0.3412222547453,0.45624392716896,0.0970342110479026,0.103684330076143
"PAFAH2","grey","grey",0.0354335998295099,0.0330129913671355,0.0773182017241293,0.0432015923907414
"PDIK1L","grey","grey",0.0433512290352283,0.0138698824921951,0.0748221605195605,0.0711177513077106
"ZNF593","blue","blue",-0.0723077544302829,0.127635075645937,0.0473067937934679,0.0227832307418379
"SH3BGRL3","blue","blue",-0.213935876867238,0.307197793918097,0.0816302533531229,0.0751904346218906
"DHDDS","grey","grey",0.063318466602011,0.0737329641046699,0.151607371169375,0.0995241584880335
"HMGN2","grey","grey",-0.00606522930200431,0.00794327607999419,0.00705129923830853,0.0236302610952253
"RPS6KA1","grey","grey",0.0177868393810527,0.0369156565718034,0.0705766746359493,0.0349023192086935
"ARID1A","grey","grey",0.129427587904101,-0.00847707104996025,0.149998188978356,0.0949379236657163
"ZDHHC18","grey","grey",0.0190402276679779,0.0690465498479252,0.104603464595711,0.0584033980983417
"GPN2","grey","grey",-0.0124022392881003,0.0705386924891623,0.069988318627461,0.0649429126727716
"NUDC","blue","blue",-0.10498063228212,0.203782675092821,0.0893941919175235,0.0538752618567277
"TRNP1","blue","blue",-0.0736166268763605,0.177984105701589,0.109477304099585,0.0944788052683448
"SLC9A1","grey","grey",0.0336261956421295,0.0354949995062162,0.0951888302006641,0.0460038769736449
"WDTC1","grey","grey",0.0755586619663429,0.0012291013249314,0.0930539006522247,0.0667637091171179
"TMEM222","blue","blue",-0.104763726657023,0.195778023932777,0.0947437105486102,0.0879147028287918
"WASF2","turquoise","turquoise",0.182287804284747,-0.123469662839054,0.058009567957951,0.0132397509832674
"AHDC1","grey","grey",0.124126092303445,-0.0357139919616851,0.115527512643504,0.074929178911325
"IFI6","grey","grey",-0.0854752977236125,0.136623918117053,0.0147403366117421,-0.022212250271266
"FAM76A","grey","grey",0.0816923926066011,-0.020274118957498,0.0668870760132012,0.0466433237861091
"STX12","blue","blue",-0.0366579660976733,0.200162442258103,0.168992917183371,0.129329497038578
"PPP1R8","grey","grey",0.0412374590152088,0.0310097714035565,0.0848763544437148,0.0646549031868512
"RPA2","blue","blue",-0.053437628555858,0.136729466462252,0.0881593889022369,0.0597833736173786
"EYA3","turquoise","turquoise",0.212733228292156,-0.0804087710334807,0.13676950997566,0.0692095171696658
"DNAJC8","blue","blue",-0.117709152006686,0.235624534350951,0.116608812704385,0.0944138684752132
"ATP5IF1","blue","blue",-0.251553308974601,0.353065615729012,0.0852824269008637,0.079404639230792
"SESN2","grey","grey",-0.0202705930335093,0.0872593638174926,0.0842378312341038,0.0617654993755004
"PHACTR4","turquoise","turquoise",0.32885110384766,-0.208245094668259,0.117032122960008,0.0537374636240812
"RCC1","grey","grey",0.13926520610851,-0.0667763859374159,0.0792451747902049,0.028852346512558
"TRNAU1AP","turquoise","turquoise",0.251857896345294,-0.128194066198999,0.125970495658213,0.0542649971972025
"TAF12","grey","grey",0.055066838578331,0.0189582872321497,0.081569320032383,0.0472533492493364
"YTHDF2","blue","blue",-0.0459302898962461,0.167697467897973,0.145778804815981,0.0893072653742112
"EPB41","turquoise","turquoise",0.407115429241758,-0.220681225833938,0.194658224332682,0.102793307809761
"SRSF4","grey","grey",0.159435558284327,-0.0308263661184236,0.142927954879888,0.0684803928505129
"MECR","grey","grey",0.0258913030574827,0.0882482955367122,0.119876472745664,0.0961311172515696
"PTPRU","grey","grey",-0.0279666234080951,0.111977875981552,0.101747664977766,0.057654102960143
"SDC3","grey","grey",-0.0544603536309403,0.12338391219626,0.0875443588763221,0.0493099082594614
"PUM1","blue","blue",-0.0131805413883426,0.158535027350004,0.181605553473215,0.129393365954735
"NKAIN1","grey","grey",0.114069845711598,-0.0454632243982059,0.0816698115220658,0.0411649027555166
"SNRNP40","grey","grey",0.0701833218832094,0.00400556230153079,0.0738096267953109,0.0200554582559634
"ZCCHC17","blue","blue",-0.0537641777333156,0.198258907297851,0.156074574970179,0.140760305133801
"FABP3","blue","blue",-0.090628390345803,0.174047666655216,0.0636989085534351,0.036359305938951
"PEF1","blue","blue",-0.146094705956147,0.266169589531034,0.123900731256952,0.0905261652545464
"ADGRB2","grey","grey",-0.0391076847415413,0.123072906639331,0.108463379025535,0.100069180904853
"KHDRBS1","blue","blue",-0.0262235903782639,0.163056888374613,0.13934104192112,0.0639553462564887
"TMEM39B","grey","grey",0.0973187714375526,-0.0436637927594418,0.0664850794056127,0.0386662750910138
"KPNA6","blue","blue",-0.087525819719728,0.246011148577831,0.183393610572627,0.17808023395526
"TXLNA","grey","grey",-0.0434426294724482,0.116816052431379,0.0968152495861351,0.0649237492250396
"EIF3I","blue","blue",-0.157373228372569,0.276018276184231,0.111298425820206,0.0799126439306075
"MARCKSL1","grey","grey",0.000171538163174599,-0.0456658900627675,-0.0413796307315284,-0.0267322760287249
"BSDC1","grey","grey",0.0211876035461323,0.0791920733601992,0.129491846309138,0.098085520292669
"ZBTB8OS","turquoise","turquoise",0.397204805546527,-0.241600739110199,0.154506940647143,0.0564482565092362
"RBBP4","grey","grey",0.0103261409325554,0.102007940054991,0.127184401214377,0.0696753103378203
"SYNC","blue","blue",-0.0795815264461853,0.17032485504358,0.100484506677177,0.0582500704941054
"YARS","blue","blue",-0.0711128219787164,0.20707782704131,0.142746283546093,0.0938387154116138
"S100PBP","turquoise","turquoise",0.14074170132076,-0.0392014797806873,0.0992968675452935,0.0512616216613829
"FNDC5","blue","blue",-0.0180304699593674,0.0897045716706227,0.0907139498587695,0.0862917619224797
"TMEM54","blue","blue",-0.0595770029411243,0.121810520408162,0.0612068519359579,0.0519725343579968
"RNF19B","grey","grey",0.00884333115633529,0.0391375644711221,0.054344583407521,0.0210736130301259
"AK2","grey","grey",0.0703066118493515,-0.00118359662745998,0.0758069093608766,0.0419795739325622
"AZIN2","grey","grey",0.079527117065571,0.00852473614402263,0.0940174335451577,0.0559055186720134
"PHC2","turquoise","turquoise",0.209828206274312,-0.0847197938129277,0.142739771275365,0.0912023447530797
"CSMD2","turquoise","turquoise",0.584956702072196,-0.364657527641712,0.208296631544163,0.0763568624858118
"SMIM12","blue","blue",0.00281877529617244,0.103905998765209,0.109794611947925,0.0876096698752171
"DLGAP3","turquoise","turquoise",0.182203293695545,-0.0754608847121148,0.134992343285196,0.100773922293445
"SFPQ","grey","grey",0.1067027929868,0.0349170891971687,0.147744791339332,0.0569456999119135
"ZMYM4","grey","grey",0.0819779202901357,0.0727606543727535,0.169644197933768,0.124753185114616
"KIAA0319L","grey","grey",0.0426587532599245,0.0772146852493579,0.141625967321859,0.0907128956876944
"NCDN","blue","blue",-0.307003005364461,0.457801130733714,0.10993645502139,0.010146057234581
"PSMB2","blue","blue",-0.134227603262156,0.244756057831481,0.110193222577132,0.0697711385579196
"C1orf216","blue","blue",-0.109369345937014,0.216908040787347,0.117816934401149,0.10768549289861
"AGO4","turquoise","turquoise",0.364879724775023,-0.232341118859491,0.133539454194068,0.0552855497222887
"AGO1","turquoise","turquoise",0.164902584554701,-0.0910205584227476,0.0877914395930158,0.0786386365356723
"AGO3","turquoise","turquoise",0.342917126245357,-0.203818444135075,0.152392057861543,0.103492193384932
"ADPRHL2","grey","grey",-0.0325269106811264,0.0976244334119897,0.0755288254688147,0.0369288163179767
"TRAPPC3","blue","blue",-0.0459125144671096,0.139400339698562,0.100697324376593,0.0800457360051892
"MAP7D1","blue","blue",-0.173926553294858,0.313892590169229,0.150893612439343,0.1226550770124
"THRAP3","blue","blue",-0.00966315795845947,0.148598053171702,0.156603894548654,0.110766726669162
"STK40","turquoise","turquoise",0.261607049072252,-0.130948496836055,0.152917461252785,0.0913320138939593
"LSM10","blue","blue",-0.0794221516967727,0.158509280739725,0.0812836552004892,0.0707467213300021
"OSCP1","grey","grey",-0.00324898597024101,0.0895880546689372,0.0903456393874489,0.0491837280391231
"MRPS15","blue","blue",-0.0496628410670504,0.142281418186496,0.088450561761929,0.0674670564686994
"GRIK3","turquoise","turquoise",0.312069608964184,-0.166499447005884,0.155166624193052,0.0774864685665633
"MEAF6","blue","blue",-0.111131018247865,0.217857530547503,0.118034583693236,0.118600004689462
"GNL2","grey","grey",-0.0144892138531401,0.0765012719519893,0.0726325841600706,0.0428637002989122
"C1orf109","grey","grey",-0.00549772944797606,0.0738343782414393,0.0884685933935249,0.0708149398343904
"EPHA10","grey","grey",0.075424392703409,0.0333806708659487,0.123485501797236,0.0695347661893713
"MANEAL","blue","blue",-0.08079194452962,0.157390931716631,0.0883272002409622,0.0452625306506713
"YRDC","grey","grey",-0.0489409550482391,0.113441437340943,0.0761206489944056,0.0625319520376731
"C1orf122","blue","blue",-0.110530573755957,0.211220282116671,0.095629004820785,0.0825012529781658
"MTF1","turquoise","turquoise",0.188680677230896,-0.103711401335101,0.0979694751453431,0.0502318937859657
"INPP5B","turquoise","turquoise",0.35178428750918,-0.227619816409736,0.122120794996783,0.0492444581507331
"SF3A3","grey","grey",-0.0228212589871612,0.108209887492441,0.102433025146245,0.0530178770543295
"UTP11","blue","blue",-0.0680342873879902,0.147626906479945,0.0777770094932552,0.0288034648396626
"RRAGC","blue","blue",-0.124115933424173,0.233514933759665,0.139081145948753,0.121997719900619
"AL139260.1","turquoise","turquoise",0.540394155115093,-0.365158345117367,0.166745192544718,0.0503698937479879
"AKIRIN1","blue","blue",-0.0650263224719303,0.170936994957846,0.130515823924883,0.121329481514259
"NDUFS5","blue","blue",-0.197874665908914,0.294534209935383,0.0804017555578886,0.050848380423933
"MACF1","turquoise","turquoise",0.363157759263596,-0.199758462410048,0.198672402545288,0.201228334587798
"PABPC4","grey","grey",-0.00668641400349972,0.0361203472945455,0.0441777443671472,0.0507967987152532
"HPCAL4","blue","blue",-0.106490281158383,0.201041078227653,0.128525044429073,0.158769023158732
"PPIE","grey","grey",-0.0182772753253638,0.0667352293588384,0.0596737298846328,0.0366032493823176
"TRIT1","turquoise","turquoise",0.205650569583186,-0.0951946823959769,0.107573721879606,0.0410910261432466
"CAP1","blue","blue",-0.218534659039567,0.352673826726123,0.137290712322636,0.0846688852514548
"PPT1","blue","blue",-0.136846051491898,0.240176141487854,0.115003704860609,0.0843407681954359
"RLF","turquoise","turquoise",0.275710113408978,-0.149852799504541,0.135788646886972,0.0630750311936775
"ZMPSTE24","grey","grey",-0.0367496500665166,0.102177511948479,0.0905656217909363,0.0664150934870979
"SMAP2","blue","blue",-0.0336818475879624,0.176022014684955,0.153694361480395,0.111338238751832
"RIMS3","blue","blue",-0.06625655346037,0.153072071262856,0.131792457059377,0.182526375800776
"NFYC","grey","grey",0.130857187220735,-0.0322225790777353,0.105599752575084,0.0513576465511446
"CITED4","grey","grey",-0.0488975687692624,0.105494611271335,0.0577982774871078,0.0493648782903706
"CTPS1","grey","grey",0.00247084234636197,0.0783059395789057,0.0909581497679864,0.0531945584483788
"SCMH1","turquoise","turquoise",0.424680463692205,-0.259555993661205,0.167401769141309,0.0707323729636263
"HIVEP3","turquoise","turquoise",0.504110527184318,-0.314151715589914,0.182812127428965,0.0671170972659387
"FOXJ3","turquoise","turquoise",0.184194236425012,-0.0527761288832396,0.146564277316918,0.0819686524781275
"RIMKLA","blue","blue",-0.0226748745267476,0.149249516333889,0.155715100589648,0.168861041212966
"PPCS","blue","blue",-0.0542105412733222,0.131237090719533,0.0834153976617111,0.0775198527691663
"CCDC30","turquoise","turquoise",0.34352738072986,-0.187305732198334,0.158320165149505,0.067703030831483
"YBX1","grey","grey",0.00951816822757,0.0439975390473094,0.0709576148946745,0.0725840468293621
"SVBP","grey","grey",-0.037035513104444,0.10429705933883,0.0736929925595561,0.0705809645335375
"EBNA1BP2","blue","blue",-0.0607816803070781,0.133297329453251,0.0779325237206314,0.0629206309608508
"MED8","blue","blue",-0.0283954431521409,0.109424206767682,0.0857599290003536,0.0708439922943354
"PTPRF","blue","blue",-0.0268227708747013,0.146340007870189,0.155085017612267,0.129830079047233
"IPO13","grey","grey",0.0498023298543573,0.0333810070905834,0.0972690336788295,0.076615285996211
"ATP6V0B","blue","blue",-0.410901265644088,0.528029804779227,0.0867767039605915,0.0293730135651017
"B4GALT2","grey","grey",-0.0395391116462024,0.10556873044478,0.102946833460374,0.143203823307194
"CCDC24","grey","grey",0.110606316796768,-0.0318730408519986,0.094458401097975,0.0468193359941371
"DMAP1","blue","blue",-0.0660185744555632,0.160307216463626,0.109647019293971,0.0712185771057698
"ERI3","grey","grey",0.0294340669938233,0.134435497020193,0.169439494531536,0.10651961210426
"RNF220","turquoise","turquoise",0.0684559212925389,0.0201602880868424,0.0711394817620896,0.0544030788852959
"TMEM53","grey","grey",-0.00468458500062378,0.0550616846588748,0.0669868515914873,0.0347252841587498
"RPS8","blue","blue",-0.103783913480853,0.164750476907995,0.0523633301591009,0.0371869001087853
"EIF2B3","grey","grey",0.114543220791361,0.0263942489029219,0.146688136549553,0.0680041835122282
"HECTD3","grey","grey",-0.0334890734568508,0.0899306266416123,0.0700760525268706,0.0329851478118786
"UROD","blue","blue",-0.0916598109904481,0.169662583416592,0.0760505051000375,0.0513964656219648
"ZSWIM5","turquoise","turquoise",0.436197088467189,-0.243989469853237,0.187638564838967,0.0799415279731919
"PRDX1","blue","blue",-0.299452642808798,0.408390591980443,0.089018451975556,0.0491307176167411
"AKR1A1","grey","grey",0.0123949612892919,0.0396711707742368,0.0504225493842948,0.0130814493132928
"NASP","grey","grey",0.115401666961851,-0.0574256695717519,0.0577905432833704,0.00965582795894694
"GPBP1L1","turquoise","turquoise",0.205719477853648,-0.0885408773519659,0.127438461891897,0.0849549529277988
"TMEM69","grey","grey",-0.0151034115845949,0.0626479964151722,0.0623220307680789,0.041487483103813
"IPP","grey","grey",0.00431302038711342,0.0645183338251615,0.0822149337940298,0.0822609426797574
"MAST2","turquoise","turquoise",0.224246759359989,-0.0587356964508559,0.186653873023026,0.145410446076822
"PIK3R3","blue","blue",-0.0772947712329902,0.129980757376065,0.0733808458699637,0.101377888995475
"POMGNT1","grey","grey",-0.0147096953290521,0.0729277680197022,0.0697398016934401,0.0595865969636467
"LRRC41","grey","grey",0.0202288116626569,0.0732397324018684,0.106552599494921,0.0625902969157818
"UQCRH","blue","blue",-0.185142652833168,0.301572836253797,0.106010935147813,0.098180049680727
"NSUN4","grey","grey",0.0169474692711514,0.055489695855852,0.0836347924637751,0.0409909827923795
"FAAH","grey","grey",0.0146933940728962,0.0531644070160058,0.0698057800741273,0.0363076994071314
"MKNK1","turquoise","turquoise",0.266327413230449,-0.172723032125262,0.0894814981880392,0.0277902325680088
"ATPAF1","blue","blue",-0.0983093188120436,0.226777104198804,0.139811726460278,0.142845493437505
"EFCAB14","brown","brown",-0.00207665529942729,0.0666035122395366,0.0954642770147791,0.155366243820986
"CYP4X1","grey","grey",0.0185072833935646,0.0469495604876621,0.0711427829587198,0.0421623352199121
"CMPK1","blue","blue",-0.123031909635008,0.24502499287633,0.138675422699404,0.150393919857869
"SPATA6","turquoise","turquoise",0.339330899899589,-0.214201320910173,0.111298762127646,0.0376459652971722
"AGBL4","turquoise","turquoise",0.587685311337411,-0.3912745055018,0.173197888237766,0.0550855821423825
"ELAVL4","grey","grey",-0.0298996733267651,0.165769379096149,0.185887725870795,0.127542830874179
"FAF1","turquoise","turquoise",0.361442511135465,-0.167629164841601,0.18227584131472,0.0698515696899697
"RNF11","blue","blue",-0.133878197464145,0.231556263848766,0.135407695978301,0.179667632210377
"TTC39A","blue","blue",-0.0146061333153914,0.11265279109582,0.112537509699479,0.0754065459190541
"EPS15","blue","blue",-0.0414630069126014,0.209188642657669,0.180217096574594,0.187965199808379
"OSBPL9","turquoise","turquoise",0.213520987498589,-0.0472634493606314,0.169855902122229,0.0912563465383628
"NRDC","grey","grey",0.0651184584144941,0.0902135855799041,0.165564761680096,0.121035521166375
"RAB3B","grey","grey",-0.00848049513457385,0.0357099414301055,0.037614800219701,0.0637315742294602
"TXNDC12","grey","grey",0.0333238420074827,0.0182318957656647,0.0651815098744991,0.0352806811227492
"BTF3L4","grey","grey",-0.00914385659828355,0.0973175500397339,0.0936776836159256,0.0857442055553701
"ZFYVE9","turquoise","turquoise",0.221593742875081,-0.0571689307474272,0.178154034763854,0.132597569794161
"TUT4","turquoise","turquoise",0.300110185033487,-0.167397707276005,0.139200995990001,0.0656053451678586
"COA7","grey","grey",-0.0471811631562127,0.102818077166914,0.0626135085769241,0.064192336494368
"ZYG11B","blue","blue",-0.0629728013705287,0.196784242682104,0.170786898560667,0.199968154996313
"ECHDC2","turquoise","turquoise",0.377453155295571,-0.239785730478274,0.132290228876084,0.0372044038557623
"SCP2","blue","blue",-0.0990648450890522,0.249244865557953,0.150186735945115,0.0813983496085073
"C1orf123","grey","grey",-0.0127158611591232,0.0842692570469043,0.0629532761692969,0.0393985771553053
"MAGOH","grey","grey",0.0291169790242969,0.0347969565672405,0.0675817979187665,0.0345434531484755
"LRP8","grey","grey",0.0982813799608926,0.000752538588238985,0.126699004913988,0.0794393974772428
"YIPF1","blue","blue",-0.032315113824773,0.0894885918708687,0.0572376932565646,0.0341862346021597
"TMEM59","blue","blue",-0.178305549444974,0.289877246980954,0.112148494810694,0.0848324346650811
"MRPL37","blue","blue",-0.0647056519580833,0.151312410345641,0.0951730005403695,0.0759022227062557
"SSBP3","grey","grey",0.0456904673084434,0.098113887894343,0.177740474586584,0.173987213583537
"DHCR24","blue","blue",-0.269874566196297,0.375070368435198,0.105588432670203,0.0440059609317258
"USP24","turquoise","turquoise",0.227037317382182,-0.0896473507419205,0.1432819358551,0.0718301775117756
"PRKAA2","grey","grey",0.112436989514609,-0.00138827192673914,0.137932108986178,0.127574882519619
"DAB1","turquoise","turquoise",0.699120641843294,-0.512674069447676,0.164905706385901,0.0580261966859457
"MYSM1","turquoise","turquoise",0.213380029644425,-0.107469374248106,0.107130305273836,0.0542587115470081
"JUN","grey","grey",-0.0318935877774484,0.049847690602681,0.030424242840667,0.00890198917762981
"FGGY","turquoise","turquoise",0.328284269681349,-0.19052272308597,0.133550319539746,0.0515602818057809
"HOOK1","grey","grey",0.109882044483318,-0.0349497489704616,0.0919991700574889,0.0702605904481268
"NFIA","turquoise","turquoise",0.16931339501792,-0.140373887157938,0.00040241553651479,-0.024850043162354
"TM2D1","grey","grey",0.0102997055059037,0.0954374288800444,0.113840664546836,0.0792640796814106
"PATJ","turquoise","turquoise",0.35633114117032,-0.167962047959438,0.183516120330482,0.103969523277652
"KANK4","grey","grey",0.0937293123252448,0.105734213665603,0.227520288716382,0.148678375085537
"USP1","grey","grey",-0.031623458342899,0.098248829385868,0.0833750328603463,0.0626028373938504
"DOCK7","turquoise","turquoise",0.243118370026771,-0.0652735412395458,0.186621284492428,0.118725969052897
"ATG4C","turquoise","turquoise",0.159584221311229,-0.100121330314611,0.0526843671674817,0.0211413544874481
"ITGB3BP","grey","grey",0.117235744059977,-0.02622309401106,0.0900604064107676,0.0277368640127368
"EFCAB7","grey","grey",0.0937557853297311,0.00920000421562308,0.112423685973572,0.0331084052773074
"PGM1","blue","blue",-0.0131850579671266,0.11405844249481,0.102751735466501,0.0415776685425089
"CACHD1","turquoise","turquoise",0.148710491505946,-0.101108141006494,0.055523431898684,0.0263316709980806
"RAVER2","turquoise","turquoise",0.310711115037161,-0.185783296660185,0.11903921273126,0.0467368703391574
"JAK1","blue","blue",-0.0221807335231177,0.160254191482697,0.149192421131425,0.0666819288847303
"AK4","grey","grey",-0.0200712926625285,0.10918615889204,0.117977485876688,0.152024681968332
"DNAJC6","blue","blue",-0.224617218288677,0.373011802540612,0.136435245891374,0.126773350156235
"LEPR","turquoise","turquoise",0.249987902854869,-0.119808219817041,0.133256046862766,0.0791916593234601
"PDE4B","turquoise","turquoise",0.650826559020797,-0.477714123094864,0.140889292678037,0.0191850010026602
"SGIP1","turquoise","turquoise",0.300553357906883,-0.0730657332481803,0.221194393602473,0.125030166446021
"WDR78","turquoise","turquoise",0.24916889373582,-0.150880103573374,0.0939275185469458,0.0283928491837457
"MIER1","turquoise","turquoise",0.180268069857142,-0.0757559995219697,0.113511813113403,0.069106601546574
"SERBP1","blue","blue",-0.0543526299319805,0.140523125401845,0.104777619617378,0.0546108260856818
"GADD45A","blue","blue",-0.0859733619380641,0.143498674984131,0.0691548239864801,0.0627156548301772
"LRRC7","turquoise","turquoise",0.549239924396479,-0.342381887765285,0.201627867583961,0.117824070476206
"LRRC40","grey","grey",0.0411542386242717,0.0491689874976944,0.103531369996861,0.0548939747975839
"SRSF11","turquoise","turquoise",0.276238518504751,-0.0968100699703091,0.179599258320298,0.0886715522869059
"ANKRD13C","turquoise","turquoise",0.250196502999195,-0.113388441831764,0.154187647381672,0.0966427965539547
"ZRANB2","grey","grey",0.0762307452897605,0.0843191313368688,0.17371390781454,0.0825201334179829
"NEGR1","turquoise","turquoise",0.405334297223814,-0.217429660811569,0.195153557254059,0.121957781612654
"ERICH3","grey","grey",0.00268516688051855,0.0970702335733875,0.109546770395224,0.0767059946053491
"CRYZ","grey","grey",-0.0290472763498361,0.0737557168872446,0.0493665949268076,0.0110631985601469
"TYW3","grey","grey",-0.0024116052734634,0.0655402491345714,0.0755043454541233,0.074679213495137
"SLC44A5","turquoise","turquoise",0.683357173389773,-0.480620114992541,0.180596994761125,0.0561126949624147
"ACADM","blue","blue",-0.0360214288177623,0.170823703556001,0.144080771795544,0.0792208278477601
"RABGGTB","grey","grey",-0.00133422597907046,0.0521266922975174,0.0621248757252414,0.0351458022668155
"ST6GALNAC3","turquoise","turquoise",0.29906217543945,-0.197144551796159,0.0700817157661764,-0.00452943336068293
"ST6GALNAC5","turquoise","turquoise",0.398457640389284,-0.229878405361761,0.176326851894246,0.0914484545875782
"PIGK","grey","grey",0.00223950962538479,0.0786629267170975,0.0912832188001857,0.0338934383645241
"AK5","grey","grey",0.151471491407324,0.0551050288989099,0.21237516264391,0.110145518211802
"AC118549.1","turquoise","turquoise",0.265344439009785,-0.144367812358686,0.116788659377428,0.058557929251551
"USP33","blue","blue",0.0302848454745686,0.144167081014112,0.193811822207373,0.118688420981678
"MIGA1","blue","blue",-0.0992992999950932,0.272665184362018,0.184463808617507,0.164465176222002
"FUBP1","grey","grey",0.0462015054212825,0.051721814599719,0.111949030561398,0.043073134333895
"GIPC2","grey","grey",0.00092116551588099,0.0976988201400217,0.1335264130684,0.155227507278206
"ADGRL2","turquoise","turquoise",0.40473472833295,-0.240945716398907,0.174717004088491,0.075173426295431
"TTLL7","turquoise","turquoise",0.203885354268727,-0.00154434982066822,0.205888950496146,0.150282406748139
"PRKACB","blue","blue",-0.10108835424765,0.257434120381106,0.17449840856128,0.172253933543651
"RPF1","grey","grey",-0.0282919652428154,0.0716949547116233,0.0505528152113787,0.0206689376315274
"SSX2IP","grey","grey",0.0255451533959952,0.0739187677635238,0.124495710984355,0.107871165183377
"C1orf52","blue","blue",-0.0608085704478546,0.169985039496322,0.119665436859415,0.0929405464386731
"AL078459.1","blue","blue",-0.0718206358816373,0.182568696986505,0.111507621722851,0.100630115821754
"DDAH1","blue","blue",-0.113418038954871,0.285914984112763,0.184493162161503,0.186636874049996
"ZNHIT6","turquoise","turquoise",0.188479371309505,-0.0915420633361936,0.0948822432910251,0.0532448527726012
"ODF2L","turquoise","turquoise",0.211686799180986,-0.0568366190237155,0.160939702835895,0.0902603489779643
"SH3GLB1","turquoise","turquoise",0.113744896462576,-0.0224747139012827,0.10159334936862,0.0459017034492927
"SELENOF","blue","blue",-0.041035125801481,0.153867544837533,0.11206698129125,0.0889262226158038
"HS2ST1","turquoise","turquoise",0.318008582049772,-0.204778111735796,0.107609938214161,0.0288030737525292
"LMO4","blue","blue",-0.0859490402745651,0.143315297544327,0.0828492535590207,0.121216451730881
"PKN2","turquoise","turquoise",0.399652047208998,-0.260744002637984,0.132941118629313,0.0412154893621706
"GTF2B","grey","grey",0.0295097509930106,0.0550574545581812,0.104116611098157,0.029232822015263
"KYAT3","grey","grey",0.0214054879300535,0.0947232780669443,0.118091415084282,0.043793571782914
"LRRC8B","turquoise","turquoise",0.115866321377031,-0.0422103955814279,0.0811822592349766,0.0579523391387505
"LRRC8D","blue","blue",-0.0666402501731213,0.112694293023753,0.0686124884762524,0.0517130271966282
"ZNF326","grey","grey",0.0780733277083492,0.0133991591159918,0.103669957781186,0.0430961919649543
"ZNF644","turquoise","turquoise",0.257654220658589,-0.130712576898317,0.133643359528808,0.0774875156990783
"EPHX4","grey","grey",-0.00711119939239208,0.0559277174005828,0.0605102109555851,0.0282467700755825
"BTBD8","blue","blue",-0.069495773620877,0.179996308057936,0.147232874126766,0.116118573568082
"GLMN","turquoise","turquoise",0.192167382087049,-0.100074410194143,0.0877915917348362,0.0364409143955704
"RPAP2","turquoise","turquoise",0.271687048990466,-0.094894760381475,0.173586763971735,0.100194191605121
"EVI5","turquoise","turquoise",0.354778505047673,-0.18220316314173,0.169166864916445,0.105863997094689
"RPL5","blue","blue",-0.093347996074871,0.198429824359317,0.097820278482854,0.0610505820573346
"FAM69A","turquoise","turquoise",0.186830160382936,-0.0683481326492822,0.119187519173953,0.0656187253964672
"MTF2","turquoise","turquoise",0.261623800160422,-0.146552874336542,0.113043811587986,0.0585691989549731
"TMED5","grey","grey",-0.022312145964614,0.0790025690116546,0.0754738869287024,0.0519925261131376
"DR1","grey","grey",-0.0158694461090711,0.0715054897464242,0.072578580902465,0.0994188078727265
"FNBP1L","turquoise","turquoise",0.280189236899234,-0.130449290874843,0.158422905811449,0.0942837940945272
"BCAR3","turquoise","turquoise",0.160404090779874,-0.0977560420758312,0.0540061987217151,0.00872356487190349
"DNTTIP2","blue","blue",-0.0919574863097803,0.149776282436762,0.085140664885681,0.0656968021512595
"GCLM","blue","blue",-0.0711399110125596,0.196912629527517,0.153523527534946,0.128390667761382
"ABCD3","grey","grey",-0.00742583199176276,0.106427897789731,0.112907929492168,0.0443443823763126
"CNN3","grey","grey",-0.0426560783668602,0.0892820831005469,0.0592578296508722,0.0267553641271855
"ALG14","grey","grey",0.0956010998298407,0.00951410578673858,0.118259142163596,0.070388470055822
"PTBP2","turquoise","turquoise",0.235785920450215,-0.0368653736550573,0.204607900474758,0.0833871854011212
"DPYD","turquoise","turquoise",0.553009051906534,-0.388794708871473,0.127284232600397,0.0249076865270733
"MIR137HG","turquoise","turquoise",0.637339179617467,-0.455770438246407,0.163592845242191,0.0371382590830968
"SNX7","grey","grey",0.10063201255793,-0.0262861323499857,0.0857993123486783,0.0597651066074027
"PLPPR4","grey","grey",0.068748772319023,0.0488082976497424,0.153890856121454,0.0822378918321737
"AGL","grey","grey",-0.0165455709939016,0.129115925931976,0.129290473959345,0.0727598844292147
"TRMT13","turquoise","turquoise",0.197437803094531,-0.107276873956706,0.0844083256301059,0.0143573071889026
"DBT","grey","grey",-0.00263823112454553,0.0824710306222894,0.104483955041468,0.1187359185006
"RTCA","blue","blue",-0.0726281259103484,0.171083998960494,0.0978350018513413,0.0825912233097944
"EXTL2","blue","blue",-0.127886714745681,0.263948712293949,0.149297022529044,0.105219389117319
"SLC30A7","turquoise","turquoise",0.234265246048094,-0.139574642157727,0.0941176090750799,0.0413121675141272
"DPH5","grey","grey",0.0652916939210218,-0.00686849482915715,0.0652048665077019,0.023317167182411
"AC093157.1","turquoise","turquoise",0.138900493005379,-0.0604563119960057,0.0812647315176471,0.0492737899521256
"OLFM3","turquoise","turquoise",0.271248920497684,-0.0617319302404985,0.230859980028857,0.130630262599558
"COL11A1","turquoise","turquoise",0.507058961134713,-0.348467156249018,0.158030456377724,0.0486156098594239
"RNPC3","turquoise","turquoise",0.553591373728436,-0.371442830975772,0.179435549456633,0.0507308019072423
"AMY2B","turquoise","turquoise",0.423456677738947,-0.280372121056702,0.130727603116305,0.0311417664608534
"PRMT6","grey","grey",-0.0544417964712084,0.0859278711070256,0.0440727753429302,0.0629608419559326
"NTNG1","grey","grey",0.133818518600866,-0.0712930732000207,0.0717492309984021,0.0231584907755183
"VAV3","grey","grey",0.183209622613229,0.00116775004252201,0.206485763359774,0.110206578065806
"SLC25A24","turquoise","turquoise",0.16228085927862,-0.0535007407694398,0.128938543237139,0.0799741865587028
"FAM102B","brown","brown",-0.00631046882530903,0.107592964122656,0.132542850787066,0.216426260115346
"HENMT1","grey","grey",-0.0274325663372628,0.0812187111991719,0.0673816960930313,0.0681049512337986
"PRPF38B","grey","grey",0.0675740847205215,0.0100194362192957,0.0934900110952042,0.0509729783364372
"STXBP3","turquoise","turquoise",0.121967848709759,-0.0446847204642871,0.074370851242333,0.0376204992395435
"AL449266.1","grey","grey",0.10575940877627,-0.0352803303808965,0.0778418045252723,0.0340417362275578
"GPSM2","turquoise","turquoise",0.0923288338517567,-0.0355407272146404,0.0527588735914106,0.00850671960197985
"WDR47","blue","blue",-0.144212733722888,0.270463142365919,0.143109206753809,0.123324136362189
"TAF13","blue","blue",-0.0818139932302451,0.16330242645047,0.0988602740116179,0.122243169385031
"TMEM167B","blue","blue",-0.0687214235445901,0.151401359373412,0.10259373044201,0.109669178517608
"KIAA1324","grey","grey",0.134105700143812,-0.00741085580294143,0.143534697419559,0.074629613558772
"SARS","blue","blue",-0.202752585718491,0.351257051254018,0.148059750347673,0.0973822248315961
"CELSR2","blue","blue",-0.0962444063368864,0.179575124571056,0.093312610258848,0.0536560744240622
"SORT1","turquoise","turquoise",0.0825085819808505,-0.00465941656641464,0.079901174690506,0.0323803290559927
"PSMA5","blue","blue",-0.0455457893435996,0.148079038574875,0.111574763092274,0.0722280690958512
"AMIGO1","blue","blue",-0.125842210875608,0.20793338157821,0.0919454300482642,0.070427403157824
"GPR61","grey","grey",0.0247995859074908,0.0361424260191849,0.0769849743815476,0.074620726298191
"GNAI3","turquoise","turquoise",0.123012447703132,-0.0261928529850714,0.106079761654913,0.0510391385837438
"AMPD2","blue","blue",-0.10862218525683,0.208041114139431,0.120355160693998,0.108315499919044
"GSTM3","blue","blue",-0.0714591109181956,0.113403238954816,0.0348330566299359,0.0305025788066691
"AHCYL1","blue","blue",-0.085269113609032,0.177886990662663,0.0945246971289025,0.0602518806372127
"STRIP1","blue","blue",-0.0725001765490679,0.159982688746507,0.0939400503973308,0.0493753560378262
"SLC6A17","grey","grey",-0.0273225152848996,0.080531475968803,0.0515220028556271,0.0313793734274482
"KCNC4","grey","grey",-0.0157623156868291,0.0810228583844693,0.0914591403278109,0.0969871117101202
"LAMTOR5","blue","blue",-0.166514547558373,0.272905695891697,0.104476989277621,0.109153845398518
"KCNA2","grey","grey",-0.0497449205080847,0.11644481189889,0.113721868271863,0.155332900142601
"AL365361.1","grey","grey",-0.0693125912233548,0.141425391104913,0.102573198607791,0.11745122276091
"LRIF1","grey","grey",0.0176657201989001,0.0188667725729535,0.0452730866365308,0.0326243871579104
"CEPT1","grey","grey",0.0943744885727993,-0.0202241179932041,0.0774677797418619,0.025692789822682
"WDR77","blue","blue",-0.105307514852645,0.212708067064279,0.103765671718823,0.0604062474002348
"ATP5PB","blue","blue",-0.262583880068977,0.420619871809557,0.13414881930118,0.0822992203679203
"RAP1A","turquoise","turquoise",0.194397395747801,-0.0944793757505639,0.101699459420281,0.0546521191130132
"KCND3","turquoise","turquoise",0.0530104043531652,0.118751123071952,0.223166775218536,0.222162033859397
"CTTNBP2NL","turquoise","turquoise",0.260498858418552,-0.145665820582126,0.120435273576705,0.0567357857290237
"ST7L","turquoise","turquoise",0.186154554923751,-0.0983447336521518,0.0903616492703179,0.0328293458803234
"CAPZA1","blue","blue",-0.0557081227906462,0.187162252526614,0.138859196663239,0.104078374562747
"SLC16A1","grey","grey",-0.00957705066249735,0.0770074806341603,0.0888787997261753,0.0509717556480029
"SLC16A1-AS1","turquoise","turquoise",0.471606732966689,-0.298782998400635,0.167131238668078,0.065022425964693
"LRIG2","turquoise","turquoise",0.207190256651557,-0.112804035053377,0.10528085459132,0.0647774998354391
"MAGI3","turquoise","turquoise",0.247559681784405,-0.0459747528482941,0.217656987087891,0.165483270964677
"PHTF1","turquoise","turquoise",0.208007069390017,-0.0725491884138724,0.143501587654149,0.101307774416408
"RSBN1","grey","grey",0.085696856854361,0.0115869100657545,0.127206891424973,0.0962900029750277
"AP4B1","grey","grey",0.0141813432860892,0.0537165222454346,0.0732805620483557,0.038997353556337
"HIPK1","grey","grey",0.0090925898142429,0.0683336919812816,0.108313021559517,0.121030246838174
"TRIM33","turquoise","turquoise",0.294892481389831,-0.143542178587684,0.159368006936142,0.0948992019369263
"BCAS2","blue","blue",-0.194781174823504,0.32099557482996,0.123971569376227,0.114029621398831
"NRAS","grey","grey",-0.0336786942336514,0.0851292489931194,0.071170155060426,0.100825333937148
"CSDE1","blue","blue",-0.194767052545489,0.302630078253938,0.146368666354369,0.214785382280843
"SIKE1","grey","grey",-0.0149401623732333,0.0787205026758784,0.0846473862037972,0.111852925437634
"NHLH2","grey","grey",-0.0119536576906376,0.0570435830019638,0.0595745106108603,0.0469185369054959
"SLC22A15","turquoise","turquoise",0.331454341286414,-0.169370077224356,0.152891949294714,0.0732030212594058
"ATP1A1","blue","blue",-0.397735041896005,0.465903923784482,0.0921456154145597,0.0332379860354952
"CD58","blue","blue",-0.0364973268355236,0.0989633050657601,0.0580784343044974,0.0196568524801522
"IGSF3","grey","grey",0.0177988135396037,0.0235687804556744,0.0538100891642519,0.036299947738375
"TTF2","turquoise","turquoise",0.103894609532832,-0.0349948747380476,0.0688836765986402,0.0415337082479071
"MAN1A2","turquoise","turquoise",0.153377945601589,0.00538112723014115,0.177657339039277,0.120487268661567
"GDAP2","turquoise","turquoise",0.186820656638265,-0.0935282388105491,0.0985400325389502,0.0646961653208046
"WDR3","grey","grey",-0.0186087871613495,0.0755454308074762,0.074157600549018,0.0476252739502024
"AL359915.2","turquoise","turquoise",0.245434893550526,-0.171559192777232,0.0592702099472854,0.0134163882881374
"SEC22B","blue","blue",-0.0537100149914973,0.169402756652017,0.120429100422833,0.100059536075074
"LINC00623","turquoise","turquoise",0.227481628471074,-0.107821902500026,0.124866775572618,0.0838936317112638
"SRGAP2C","turquoise","turquoise",0.171763374537937,-0.0869490721396748,0.0908299968244335,0.0627889325720304
"AC244021.1","turquoise","turquoise",0.30455728569293,-0.171730893822879,0.145210348939412,0.0905046556140397
"NBPF15","turquoise","turquoise",0.298923631138597,-0.18805866740126,0.118318379944561,0.0360232999618716
"FP700111.1","turquoise","turquoise",0.329165396286511,-0.15234696907403,0.171111300320413,0.0833920359728991
"SRGAP2B","turquoise","turquoise",0.205274258346274,-0.119667329337608,0.0875883371547813,0.0508740545115806
"GPR89A","grey","grey",0.0905964644814897,-0.00988932239281917,0.0846503633100015,0.0224133867280023
"RNF115","turquoise","turquoise",0.150269900728263,0.0125868730792149,0.178009948261697,0.156647136603898
"POLR3C","grey","grey",0.0642822730393677,0.00283059822978027,0.0859760911927984,0.0578695341432162
"ANKRD35","grey","grey",0.0421666893920984,0.0426931517916589,0.104192963434762,0.0567852387392513
"PEX11B","blue","blue",-0.0724748298333563,0.171295519111617,0.10841307099665,0.0909853107048348
"RBM8A","blue","blue",-0.0778639814487575,0.152393280127547,0.0824039557514251,0.084576870433986
"ANKRD34A","blue","blue",-0.0796926660951751,0.153996050796362,0.090223490760309,0.0830051112376687
"PRKAB2","grey","grey",0.079147609529983,-0.00936356986403266,0.08013035993953,0.0580896489388761
"AC242426.2","grey","grey",0.0189774456572027,0.0806822515876169,0.108340010937876,0.0384903807248879
"FMO5","grey","grey",-0.0327139100405603,0.11796142562591,0.0893392554334605,0.0447072621145435
"CHD1L","turquoise","turquoise",0.199770922464051,-0.0940456520203233,0.109052539579759,0.061005910196831
"BCL9","grey","grey",0.0488297521211502,0.0344988791634192,0.106224750129647,0.0739828614710396
"GPR89B","grey","grey",0.148745177381453,-0.0400492136793802,0.118632515711141,0.0466887188877181
"AC239809.3","turquoise","turquoise",0.346557037141456,-0.220894392443509,0.135028793449839,0.0596515618789765
"PDE4DIP","turquoise","turquoise",0.303467884888589,-0.0876829197314626,0.220373330139149,0.134369244806869
"AC245297.3","turquoise","turquoise",0.310100279934637,-0.197336851368951,0.102677352217465,0.0345305694899446
"SV2A","blue","blue",-0.383572662804396,0.483518716514553,0.0897212785124732,0.0229751683314348
"OTUD7B","turquoise","turquoise",0.221110950044143,-0.135701289003544,0.0841026623543047,0.038140655866236
"VPS45","grey","grey",0.12769853397496,0.0319975647553996,0.164188543935699,0.0689892741615177
"PLEKHO1","grey","grey",-0.033164192293755,0.101865119088881,0.0819515907680722,0.0806356727166986
"ANP32E","blue","blue",-0.10044060099644,0.180264864876482,0.10037811233067,0.103739762872359
"MRPS21","blue","blue",-0.0794779359906203,0.180118371622815,0.0892067779583886,0.0678265317142074
"PRPF3","grey","grey",0.11909999766203,-0.0568708926629721,0.0767919442387934,0.0430700710372098
"RPRD2","turquoise","turquoise",0.237647688829921,-0.0985274759397729,0.158151161002831,0.0870470125860831
"TARS2","grey","grey",-0.00463546939136497,0.0718995095053643,0.0830718159979139,0.0581175228225953
"MCL1","grey","grey",0.0046933879021603,0.030228940225473,0.0498970849120001,0.0475649898105771
"ENSA","blue","blue",-0.0456210323450646,0.150227416391437,0.12656540938041,0.156186536015978
"GOLPH3L","grey","grey",-0.00950130890283554,0.117433832864727,0.132575211203303,0.0865802046345289
"ARNT","turquoise","turquoise",0.22120065785356,-0.112463173399356,0.122636834863374,0.0471556822444922
"PRUNE1","grey","grey",0.00194937969801625,0.0505324207247906,0.0716182981241538,0.0546816937037075
"CDC42SE1","grey","grey",0.115267692441629,-0.0206489001658746,0.0961448069447713,0.0362624118410227
"MLLT11","blue","blue",-0.256546013326285,0.37226348615688,0.122084531388064,0.148629299952667
"SEMA6C","grey","grey",0.0187782399388366,0.0289454226503928,0.0648334878231422,0.0402337389806068
"VPS72","grey","grey",-0.0356431963610865,0.0916888271286484,0.0631945066398231,0.0576305667521917
"PIP5K1A","turquoise","turquoise",0.275896005860926,-0.151707777368377,0.131613083800142,0.0569749921664688
"PSMD4","blue","blue",-0.123617712282765,0.26925406641642,0.151037788921048,0.113871803850358
"PI4KB","grey","grey",-0.0131278716625891,0.099719005983161,0.116494336507389,0.0805419511404233
"PSMB4","blue","blue",-0.157178993996838,0.269370195380154,0.103885581089636,0.0541505460633244
"POGZ","turquoise","turquoise",0.349874080480721,-0.200406617940368,0.166070072927735,0.0936320950817414
"SNX27","grey","grey",0.00768420585275687,0.109199191122794,0.159844142405933,0.178443843335592
"CELF3","grey","grey",-0.020575465828709,0.100263444188208,0.109359818233461,0.103220104206827
"MRPL9","blue","blue",-0.0778029993870358,0.160168216181396,0.0768930386677103,0.0517306264091143
"TDRKH","grey","grey",0.014516180310937,0.0649102515010652,0.0966206421497477,0.0685549494146694
"THEM4","grey","grey",0.121523471146977,-0.00562763636684703,0.132787772034266,0.0939148240391375
"FLG-AS1","turquoise","turquoise",0.277839118261791,-0.178446487547773,0.105555121151864,0.0611973107704136
"S100A6","blue","blue",-0.115210118451692,0.175672644878386,0.0526555057097315,0.0450313750392204
"CHTOP","grey","grey",0.00321830500029762,0.0783193044424904,0.0928977975312215,0.0589017006037694
"SNAPIN","blue","blue",-0.0598303431559188,0.130304572812862,0.0694698184522078,0.0608881344810874
"ILF2","blue","blue",-0.187681625712494,0.320034019533622,0.119620163304029,0.051161852358213
"INTS3","grey","grey",0.108547130400621,-0.0274735221368661,0.0884238421756743,0.0150365418070949
"GATAD2B","turquoise","turquoise",0.309526035246366,-0.174377683602556,0.146465975185401,0.0708707565414955
"DENND4B","grey","grey",0.0911654629555916,-0.0286051711774207,0.086971837406973,0.0677144862078394
"JTB","blue","blue",-0.0568252409367854,0.135895752619834,0.078561258158477,0.0672716390458026
"RPS27","grey","grey",-0.0250506283862155,0.0515892373595794,0.017262139507874,0.00569619879684876
"TPM3","blue","blue",-0.0546480253030367,0.175344985273026,0.13013927258396,0.13920440772287
"C1orf43","grey","grey",-0.033656194966548,0.141475709429194,0.12473714855435,0.107458128268515
"UBAP2L","grey","grey",-0.0105903553591508,0.0897448112534205,0.105422168140736,0.0508671967826075
"HAX1","blue","blue",-0.0551152502852848,0.155291184231657,0.0997692325047226,0.0643507791091138
"ATP8B2","turquoise","turquoise",0.176620518182093,-0.102709894082493,0.0870024431042287,0.0383168913114753
"UBE2Q1","blue","blue",-0.143463041126347,0.234150096237311,0.11408236683297,0.119425732324876
"CHRNB2","blue","blue",-0.133158490054259,0.222300364917403,0.106235009851416,0.0851008296890088
"ADAR","blue","blue",-0.111799472059366,0.247611591683174,0.16293754806694,0.138186881006174
"KCNN3","grey","grey",0.111713785222289,0.0833088680900998,0.245028165437982,0.196951803880617
"PMVK","blue","blue",-0.0506409597916166,0.112642689782916,0.0556542977117771,0.0484599723102136
"PBXIP1","grey","grey",-0.0372903724971266,0.0500463981967826,0.0193551765684993,0.0146936130268317
"PYGO2","grey","grey",-0.0304776410178019,0.0605727815366804,0.043018003794271,0.0355098976943495
"FLAD1","grey","grey",-0.0329969831856632,0.0989499152285211,0.0720023310798987,0.0545974674458529
"ADAM15","grey","grey",0.00382778252782431,0.0574699593819824,0.0611636317881827,0.0283707786562891
"TRIM46","grey","grey",0.0889510713961513,-0.0336701051062729,0.0686432991292826,0.024422072660137
"MTX1","grey","grey",-0.0498854588523512,0.0919926407023695,0.0493629773711253,0.0286909934601843
"GBA","blue","blue",-0.121904394487205,0.222030521384825,0.111982204821835,0.0414360190245639
"FAM189B","grey","grey",0.0348673209505386,0.0249783302215089,0.0732785440690718,0.0356801359281283
"SCAMP3","blue","blue",-0.0682401076371003,0.140673940232096,0.0772800734727542,0.0387138639071422
"HCN3","grey","grey",-0.0340315624511423,0.107137351896466,0.0863596585379901,0.0468056551256972
"FDPS","blue","blue",-0.0872920171993302,0.243964107184108,0.138016059069715,0.0812428890367393
"RUSC1","blue","blue",-0.150471840474325,0.298885918686147,0.154018852561276,0.083581274577352
"ASH1L","turquoise","turquoise",0.270393410560247,-0.106891513962064,0.194610347486551,0.160648130441648
"MSTO1","blue","blue",-0.048885710081585,0.118564074222049,0.0801807648402059,0.0598328228996715
"YY1AP1","grey","grey",0.0560049287988818,0.0484071442630004,0.125952880827008,0.0949130549702941
"DAP3","grey","grey",0.177749078988995,-0.0229940739732866,0.171532897770345,0.0793830902104442
"GON4L","turquoise","turquoise",0.204588959132845,-0.0987440773027606,0.119770799732353,0.0708969887159619
"SYT11","blue","blue",-0.457398016428718,0.539034191085951,0.0859549579548815,0.0611720659901705
"RIT1","grey","grey",0.0213094432805813,0.0294206411127403,0.0655604355479036,0.0686685678132299
"KHDC4","turquoise","turquoise",0.170441106261197,-0.075347325368478,0.101650073161969,0.0395569550154042
"SSR2","blue","blue",-0.0857932728638414,0.162817960605089,0.0735457151163297,0.0380210376269315
"UBQLN4","grey","grey",-0.0357794919302649,0.0931635483687685,0.0728388683972341,0.0696818711061829
"LAMTOR2","blue","blue",-0.0543032221966504,0.132525262129758,0.0705986799199317,0.0471747499203943
"LMNA","turquoise","turquoise",0.220069778827366,-0.111167277365357,0.106340608652428,0.0307623550689339
"SLC25A44","grey","grey",-0.0385236780341359,0.119076221980902,0.107689781499551,0.103762166285302
"SMG5","grey","grey",0.0786346605947802,0.00635058980065871,0.109888931338717,0.116201087594168
"GLMP","blue","blue",-0.0735030507502301,0.140502020638536,0.079409495774783,0.0400345873325752
"CCT3","blue","blue",-0.229624911251635,0.366329691582237,0.127139958599139,0.0409495369532621
"C1orf61","grey","grey",0.0195035127872166,-0.0349980700960628,-0.0118397960851406,-0.0261866330765704
"MEF2D","blue","blue",-0.0304377270845302,0.128281744234337,0.122848716505992,0.0951029863496687
"NAXE","blue","blue",-0.10003220961283,0.191706180898092,0.0809325076129316,0.0582333838374834
"GPATCH4","blue","blue",-0.062093855192324,0.121997116345518,0.0684017989363049,0.0815445374837773
"HAPLN2","grey","grey",0.0336125978149859,-0.0484177507672537,-0.0200660944231096,-0.0267407195977503
"BCAN","grey","grey",-0.00912014529363817,0.0033843205227917,-0.00717883738050646,-0.0153478490018547
"MRPL24","grey","grey",-0.0498123255482655,0.0964540227138419,0.0556876365416136,0.0481807105245056
"HDGF","grey","grey",-0.0278557501201405,0.0725520395422636,0.0626145984621496,0.059684888528232
"PRCC","grey","grey",-0.00152643948299023,0.0917388530759951,0.100740502958263,0.0571220736628754
"ARHGEF11","turquoise","turquoise",0.390433041260708,-0.212813649038632,0.185801307473211,0.0947840950613897
"CADM3","blue","blue",-0.303437743450709,0.438055901233667,0.122799597366441,0.0375552180605037
"ACKR1","grey","grey",-0.031754992474782,0.0996401791836286,0.0722594123701537,0.0276175369002001
"DUSP23","grey","grey",-0.0449157500177285,0.0892028679725157,0.0499059690749746,0.034106272492118
"TAGLN2","blue","blue",-0.0796796830999299,0.168816851805777,0.0884666068030335,0.0675575877692
"KCNJ9","blue","blue",-0.074438294805778,0.151260993169992,0.09675374595593,0.101397716677226
"IGSF8","blue","blue",-0.0722815826007999,0.165915760371513,0.0930486520024781,0.03386590897688
"ATP1A2","grey","grey",-0.00759914846847819,-0.0497537601781279,-0.0581006759039013,-0.0457566370331267
"PEA15","blue","blue",-0.244790092643365,0.327852249546571,0.106777924573702,0.151226537124436
"DCAF8","blue","blue",-0.0449094069285626,0.142762740121225,0.10882291634483,0.0783705954212382
"COPA","blue","blue",-0.0926598286276623,0.246543986574644,0.168263477131058,0.12470124426119
"NCSTN","blue","blue",-0.129855201502443,0.20644303539952,0.0770916038064473,0.0225399885688913
"PFDN2","blue","blue",-0.11979795243712,0.226615391046763,0.102536242938219,0.087416991621911
"NIT1","blue","blue",-0.0721893617088141,0.166642383143245,0.0913226941088469,0.0519298764894602
"UFC1","blue","blue",-0.106743317085227,0.191763836759701,0.0802148581719257,0.0652906619289508
"B4GALT3","blue","blue",-0.0425390071636144,0.0905194320308744,0.0619201503988245,0.0627595641084954
"NDUFS2","blue","blue",-0.189564707820666,0.34252692834414,0.129150689379932,0.061738188085229
"TOMM40L","grey","grey",-0.0347122631406293,0.0937994256841272,0.0762984307294216,0.0824142486163696
"SDHC","blue","blue",-0.0540434700306551,0.17609242362344,0.134189660944247,0.136475100233722
"ATF6","grey","grey",0.0932268132244628,0.031073882063273,0.140746456127169,0.0812946165763533
"NOS1AP","turquoise","turquoise",0.391206996852546,-0.191196923370659,0.191257938382844,0.0935833240744127
"UHMK1","blue","blue",-0.182237042939786,0.287122042851743,0.160589552297681,0.306920242070146
"UAP1","grey","grey",-0.0462986697152673,0.116384771772276,0.0911321170204046,0.0800880378774191
"RGS4","blue","blue",-0.357193077756303,0.461227106615979,0.118318503951789,0.134020640537727
"PBX1","turquoise","turquoise",0.243875968967184,-0.0386431599957652,0.249662594293975,0.252459052156656
"LMX1A","grey","grey",0.113420540474692,-0.0412755133043802,0.0925030596112509,0.0549011317920761
"MGST3","blue","blue",-0.153901743486735,0.332215939566907,0.142875826271515,0.071100269272139
"ALDH9A1","blue","blue",-0.0774767035533763,0.149627315582941,0.0880801008761088,0.0403767290184485
"TMCO1","blue","blue",-0.116472705815581,0.244383976519783,0.134529673706539,0.0765551858090804
"UCK2","grey","grey",0.138752617909274,-0.0185699575908798,0.137802363495914,0.0829565598520222
"FAM78B","turquoise","turquoise",0.212309251937401,-0.110375723744668,0.105863107454466,0.0499491535123094
"POGK","grey","grey",0.0410015466288945,0.0215129870369849,0.0770830899890473,0.0628451944116029
"TADA1","grey","grey",0.00176282312644764,0.0571861579972839,0.0823685229872633,0.0617391333153263
"POU2F1","turquoise","turquoise",0.438719012066411,-0.273611443874926,0.151440975295627,0.0523007329177486
"CREG1","grey","grey",0.0204138226496318,0.035913032830897,0.0595101184134803,0.0321022180040613
"MPZL1","grey","grey",0.105988835091653,0.0225980323915578,0.15087720839078,0.104258551048429
"MPC2","blue","blue",-0.134052902148064,0.257648487400984,0.127883793765554,0.126916279668408
"DCAF6","turquoise","turquoise",0.188762748461273,-0.0558557759449781,0.151879246693029,0.132775428650159
"GPR161","brown","brown",0.0666357641127178,0.0576280062048573,0.161798810004094,0.209783790280612
"TIPRL","blue","blue",-0.0304767031140786,0.174567948641442,0.155920740270223,0.104054154597507
"SFT2D2","grey","grey",0.0458539058462204,0.0230791707007905,0.0922144079157392,0.105292202229901
"ATP1B1","blue","blue",-0.719463695713413,0.68632943471135,-0.0480574324816812,-0.0140961396874662
"NME7","blue","blue",-0.0141809917883365,0.23163724463473,0.207109775704972,0.107087149327196
"BLZF1","grey","grey",0.101011482431698,0.0110138540110798,0.126877359594555,0.0938590283323587
"CCDC181","grey","grey",-0.0219720893691836,0.104245085010058,0.0935775631569369,0.0714357720449606
"SLC19A2","grey","grey",0.0902208972773757,-0.0370624420241731,0.0672938507424423,0.0334028385819272
"SCYL3","grey","grey",0.0608820023406176,0.00538075956103499,0.073660812506089,0.0416633997481145
"KIFAP3","blue","blue",-0.157624935112033,0.367531215383705,0.164562060731314,0.0149078498884519
"PRRC2C","grey","grey",0.0777561556948885,0.056831104625408,0.170724133798144,0.0813285597813444
"VAMP4","grey","grey",-0.0461884462317708,0.125731940348188,0.105223229400321,0.129938270491732
"METTL13","grey","grey",-0.0365927182510476,0.100888421516783,0.0795087201637087,0.063394522328487
"DNM3","grey","grey",-0.00508387672396256,0.237278096331821,0.208756405378581,0.125926149126882
"PIGC","blue","blue",-0.0341508065202678,0.142307177792133,0.100658408227864,0.063008911771578
"SUCO","grey","grey",0.0700844244107897,0.0192635714005222,0.107424070599106,0.0529229734383532
"AL645568.1","turquoise","turquoise",0.390289969925417,-0.245986080538427,0.139535172358527,0.0567731223338995
"PRDX6","blue","blue",-0.117300600644787,0.232731425421309,0.104752162654803,0.0551539989271494
"KLHL20","turquoise","turquoise",0.171363225040969,-0.0700555566472109,0.117354262121592,0.0760148446574004
"RC3H1","turquoise","turquoise",0.271890585244194,-0.13065866829395,0.15112498916827,0.125411292722335
"RABGAP1L","turquoise","turquoise",0.344284003729635,-0.113275311402218,0.239760410196992,0.195383024594627
"CACYBP","blue","blue",-0.221780951489196,0.356991366198751,0.118500391965565,0.0859111745604356
"MRPS14","grey","grey",-0.0333593341197279,0.107386355962874,0.0810911650102089,0.0707758096510843
"TNR","turquoise","turquoise",0.206019723362366,-0.122652148005408,0.077011359609028,0.0306969072885469
"COP1","turquoise","turquoise",0.39344182023979,-0.234786591068232,0.149373795699025,0.053188837442686
"ASTN1","turquoise","turquoise",0.197580548312248,-0.0309736709681959,0.169875380134413,0.0690823798911958
"BRINP2","turquoise","turquoise",0.228946287148198,-0.118744648196669,0.119844205454926,0.0575604580188266
"RASAL2","turquoise","turquoise",0.373510749438432,-0.202242094536671,0.166785489375752,0.090629281947799
"RALGPS2","turquoise","turquoise",0.327252179330892,-0.183998494428715,0.148817252322794,0.0913870621390452
"FAM20B","brown","brown",-0.00591237215649994,0.101598288839376,0.130285476607412,0.219154586782556
"ABL2","turquoise","turquoise",0.195817736911486,-0.07987882624659,0.134182691660245,0.113366083141637
"SOAT1","grey","grey",0.0368981304647348,0.0107108311805424,0.0649894628546662,0.0262938773875287
"TOR1AIP2","grey","grey",0.0423961401280299,0.0509367223454182,0.128559958600897,0.135960443100872
"TOR1AIP1","grey","grey",-0.0217826293589474,0.0645937039951615,0.0662051378847273,0.0506632247579718
"CEP350","turquoise","turquoise",0.263252665644545,-0.134377498341981,0.139524258190743,0.123871345502294
"QSOX1","grey","grey",-0.013937767484626,0.0944663144393711,0.101470459592684,0.0327572257182885
"ACBD6","turquoise","turquoise",0.364995283997672,-0.192667633404376,0.157960236092547,0.0671430923466504
"XPR1","turquoise","turquoise",0.141706135741167,-0.00927543728401316,0.163601155563213,0.158051951906109
"STX6","turquoise","turquoise",0.171400721081357,-0.0911203136376174,0.0843218940927811,0.0460468326988027
"CACNA1E","turquoise","turquoise",0.19599177586955,-0.0198321426732176,0.202947633187628,0.102406166244343
"GLUL","grey","grey",-0.0180867194021214,-0.0101805802038939,-0.0322578520287207,-0.0305089456438003
"RNASEL","grey","grey",-0.0449981668406824,0.0801148505158917,0.0504700160916918,0.0265152647644576
"RGS16","blue","blue",-0.208764596926416,0.337129922200775,0.131212824800878,0.111104048999533
"RGS8","grey","grey",-0.0350282371131207,0.10940091008255,0.091919213079359,0.109515513877661
"NPL","turquoise","turquoise",0.1860507553925,-0.106114275905621,0.0714192340003544,0.0163000961293719
"DHX9","blue","blue",-0.0971627412351882,0.236034701061445,0.128828959994325,0.0412163449570724
"LAMC1","turquoise","turquoise",0.317816730335333,-0.16115600412625,0.153108804301235,0.0756828909350722
"NMNAT2","grey","grey",0.0751054549826462,0.15865495190189,0.258800920621764,0.218093764251763
"SMG7","turquoise","turquoise",0.150614986424212,-0.0607126455931326,0.103703699870196,0.0761861577352548
"ARPC5","blue","blue",-0.0450542794544746,0.118089666614744,0.0854955109742078,0.0857856965632404
"RGL1","turquoise","turquoise",0.282848735416126,-0.118179895986844,0.170698543285829,0.0959058410945084
"COLGALT2","turquoise","turquoise",0.156171517938229,-0.0785415060830887,0.0694542865518652,0.0257706489442927
"TSEN15","grey","grey",0.113018117510182,-0.0263036554875055,0.0905287951152349,0.0489899739629417
"C1orf21","turquoise","turquoise",0.229334484899316,-0.100879304284699,0.131621160705017,0.105435484332038
"EDEM3","grey","grey",0.103830671577707,-0.00450133573759264,0.124884546253456,0.0835090643263033
"RNF2","grey","grey",0.104512463607753,-0.0204080625635961,0.0991516902708827,0.0552113090484973
"TRMT1L","grey","grey",-0.00965918841743863,0.082854880045524,0.0971709510225737,0.0536460034688265
"SWT1","turquoise","turquoise",0.212146772392673,-0.103988580454303,0.108505209842125,0.050645663460772
"IVNS1ABP","grey","grey",0.0198010479169479,0.028614775622454,0.0498567725877846,0.0456173536150366
"TPR","grey","grey",-0.00160940088936337,0.107191019705985,0.114693809313173,0.0462189322966282
"ODR4","grey","grey",0.0992980818824622,0.0119776482407412,0.113605669585744,0.0540830413793237
"AL136454.1","blue","blue",-0.0869211489190919,0.122857595676386,0.0346384368324472,0.0348933419827887
"RGS2","blue","blue",-0.0858275130482703,0.148301543547914,0.0780832535127609,0.0459329159576121
"UCHL5","blue","blue",-0.0518564922370304,0.159117380815741,0.123422225540398,0.116397496287534
"TROVE2","grey","grey",0.0587193883167333,0.0161436565751461,0.101046883660739,0.0827042773380384
"GLRX2","blue","blue",-0.0665218088437284,0.117849487607728,0.0635474801208039,0.0757688168254487
"CDC73","turquoise","turquoise",0.19785812666184,-0.0596870354871167,0.146348522676591,0.0876554845573103
"B3GALT2","grey","grey",-0.0368872114882525,0.0797462008565107,0.0643596539477618,0.0386407314769942
"KCNT2","turquoise","turquoise",0.45207894749581,-0.270660569917023,0.170172082555496,0.0699433715334344
"ZBTB41","grey","grey",-0.025149900100216,0.102743689008507,0.117963500963882,0.164649870476692
"CRB1","turquoise","turquoise",0.263214060718963,-0.161665994650263,0.0955198648647023,0.048889992804588
"DENND1B","turquoise","turquoise",0.309887169662094,-0.161315159968722,0.152585517433095,0.10215210266067
"NEK7","turquoise","turquoise",0.0687425534855845,0.0318703301851263,0.100396378357125,0.0778426811432019
"MIR181A1HG","turquoise","turquoise",0.536896587034542,-0.367748921149524,0.143549382127465,0.0429882397982096
"ZNF281","grey","grey",-0.0199450096598726,0.0793062773849996,0.0880900035224474,0.0573617766922622
"CAMSAP2","turquoise","turquoise",0.106636077511059,0.0629235185945713,0.204968562870793,0.202559212754707
"KIF21B","grey","grey",0.0773825689969628,0.00290715462786452,0.112799256967026,0.095297178420181
"TMEM9","blue","blue",-0.117587150650846,0.210037796259857,0.0974902884448507,0.0685466945593263
"PHLDA3","blue","blue",-0.0909768019746621,0.154608907146665,0.0787439885464389,0.0764127682914834
"CSRP1","grey","grey",-0.054143410242049,0.0730054302224437,0.0285184949927477,0.0238561874155747
"NAV1","turquoise","turquoise",0.364089308589542,-0.185622371325183,0.189086676439685,0.104215851123235
"IPO9","grey","grey",0.0927988017860869,0.0402086451410337,0.162683618367557,0.14188711871324
"SHISA4","blue","blue",-0.0849109606196627,0.153507570543242,0.0737524860032666,0.0666875742888355
"TIMM17A","blue","blue",-0.0918748375276068,0.209126188472229,0.126351302598126,0.102729771209996
"ARL8A","blue","blue",-0.190036442195556,0.307415496633722,0.132848593279367,0.138339395739581
"UBE2T","blue","blue",-0.0854897568797838,0.17627073395919,0.0897504059004315,0.0601207826503198
"PPP1R12B","turquoise","turquoise",0.391041827830762,-0.20120015082817,0.189883150241159,0.128633237690263
"KDM5B","grey","grey",0.0627734035915353,0.0819625197561722,0.154022249294338,0.0933702222367585
"RABIF","grey","grey",-0.0191418122176239,0.0664358681697906,0.0492285169995296,0.0367790131670497
"KLHL12","blue","blue",-0.0767176893041267,0.163597855834483,0.0954143838947245,0.0609660616212339
"ADIPOR1","blue","blue",-0.047139761011266,0.10724568471999,0.079073210354665,0.0679551899798041
"CYB5R1","blue","blue",-0.198834731093911,0.342886843901811,0.12995578573181,0.0710145226853021
"TMEM183A","blue","blue",-0.0560213925445032,0.143268222047537,0.100491294141121,0.121068724117577
"ATP2B4","grey","grey",0.0865988521379342,0.00302826567226887,0.100264109539183,0.0405658666796829
"SNRPE","grey","grey",-0.0303273994138003,0.0796121481260325,0.0482541640137761,0.0424669888382308
"PLEKHA6","turquoise","turquoise",0.221924515523444,-0.067404772441065,0.168255762831238,0.0861223786957583
"PPP1R15B","grey","grey",-0.00547138603550902,0.0566164588532784,0.0651096248234794,0.0719717052174489
"PIK3C2B","turquoise","turquoise",0.222129530016502,-0.122972986839348,0.0963526808672432,0.037175971752234
"MDM4","turquoise","turquoise",0.273463995130147,-0.143938198845764,0.128420198056618,0.0676608322553751
"LRRN2","turquoise","turquoise",0.202790170864019,-0.0619598399549319,0.163930203097978,0.0913438530754392
"NFASC","grey","grey",0.178528755020909,0.0378848447462929,0.235496918563461,0.0924053856882744
"CNTN2","grey","grey",-0.0437126237761987,0.126101485125752,0.101769558743167,0.0410197440503894
"RBBP5","grey","grey",-0.012424814619699,0.0830068309256149,0.0968720239446476,0.0762557807911169
"DSTYK","blue","blue",-0.0484087527406457,0.15955948921065,0.143184570282164,0.154006245356808
"TMCC2","grey","grey",0.0319235069985483,0.0614265544432403,0.114727376577665,0.101906748337302
"KLHDC8A","grey","grey",-0.020121750342801,0.0830506017229701,0.0815665062039824,0.0924905444290757
"CDK18","turquoise","turquoise",0.130661358742306,-0.0890671082631694,0.0288687020674408,-0.0110790137788501
"MFSD4A","blue","blue",-0.0427937865119879,0.118929937985602,0.0872756444367413,0.0628968968782587
"NUCKS1","blue","blue",-0.088373013315399,0.183159045552408,0.126604849812679,0.185513824754062
"RAB29","grey","grey",-0.0355733979915715,0.0889579152567111,0.0681415296544172,0.0596919056155075
"SLC41A1","grey","grey",0.00492763027714157,0.0382933851166757,0.057557015126892,0.0619068495723477
"SRGAP2","turquoise","turquoise",0.178759678902395,-0.0538687113533165,0.126681073048956,0.0547775961424943
"RASSF5","grey","grey",0.106138558347463,-0.00508892204662333,0.136454472233722,0.0810480214410824
"MAPKAPK2","grey","grey",0.0722313655841016,-0.0219771998697537,0.0721985023782677,0.0506893359200594
"PFKFB2","grey","grey",-0.0140903380080879,0.0758135460172736,0.0818398456146216,0.0571753831525153
"YOD1","grey","grey",-0.0200172728821418,0.0602709754787346,0.0587460376615098,0.0585690751431982
"CD55","blue","blue",-0.0910386037670327,0.206874388597019,0.130881192344377,0.0690187796954162
"CD46","grey","grey",0.00815271723847593,0.124716163498328,0.141627312448826,0.0456742564715911
"MIR29B2CHG","turquoise","turquoise",0.565610563946052,-0.406020248210404,0.161199117569592,0.0374860009130293
"PLXNA2","grey","grey",0.17055658026541,-0.0941051334389743,0.093802967177207,0.024730615021349
"CAMK1G","grey","grey",-0.0426925109352144,0.113812296898732,0.0838828334189553,0.0535897706124302
"UTP25","grey","grey",-0.0196607187066769,0.0764168945411544,0.0760909548274735,0.0457404732931995
"SYT14","turquoise","turquoise",0.38321249457976,-0.184440965700513,0.211085874084298,0.142696247067028
"SERTAD4","grey","grey",0.0282597985735739,0.0213622132398774,0.066758157335499,0.0691401559488178
"RCOR3","turquoise","turquoise",0.246786869279045,-0.100028950710698,0.153841993748716,0.0945912559975297
"LPGAT1","brown","brown",0.033856346170498,0.131557816706925,0.205826070378311,0.286827744345661
"INTS7","grey","grey",0.103540336801013,-0.00515356078302674,0.112040398016799,0.053339464688381
"PPP2R5A","turquoise","turquoise",0.104421347901729,-0.0395953528173628,0.0718884533930174,0.0329963460634515
"TMEM206","grey","grey",0.0497341019915776,-0.00627810366376155,0.0484627775584385,0.0226284313711793
"NENF","grey","grey",-0.0507639899000661,0.103037651490413,0.05560844742344,0.0443624774860268
"NSL1","grey","grey",0.106687868499562,-0.0145556946428791,0.0982637707633715,0.056073412720382
"TATDN3","grey","grey",0.0998481186644217,-0.00294767464374454,0.101454462105353,0.0616921751185793
"FLVCR1","grey","grey",0.0373515079185588,0.0603188802425957,0.124645304870185,0.0924414970949653
"ANGEL2","turquoise","turquoise",0.125101048981793,-0.0346844435961106,0.0973389707066358,0.0539015706624567
"RPS6KC1","turquoise","turquoise",0.294837117077258,-0.125874089764559,0.174012949883955,0.105703932235347
"SMYD2","grey","grey",0.0627532944170173,0.0249249747965372,0.0994461453779493,0.0473895932488046
"KCTD3","turquoise","turquoise",0.201276500359011,-0.0965996151210603,0.107692415597974,0.067708170123049
"ESRRG","turquoise","turquoise",0.358063946610815,-0.192964853393894,0.144065665360251,0.0684485843275139
"GPATCH2","turquoise","turquoise",0.2974881370948,-0.148067572019914,0.151817901834167,0.0838413322738939
"RRP15","grey","grey",0.0732925889575895,0.00963419635433275,0.0958641538667175,0.0669018324182879
"LYPLAL1","turquoise","turquoise",0.17361761975707,-0.0559947156178169,0.111267978099791,0.0519208390249605
"SLC30A10","grey","grey",0.0521204238130212,0.00355182419603188,0.0650222633675414,0.0476603872128474
"EPRS","blue","blue",-0.177631156317276,0.296080411761554,0.143345839702814,0.0320770496282559
"BPNT1","grey","grey",0.026841729239096,0.0276461082844902,0.0726433490928436,0.0355638475580134
"IARS2","blue","blue",-0.0248573627732897,0.129010130537609,0.123962438221229,0.138918892512042
"RAB3GAP2","grey","grey",-0.017493781824293,0.154118095053279,0.172314992039547,0.0931116263648037
"MARK1","turquoise","turquoise",0.271288523542547,-0.097638871778098,0.194237766237831,0.0969925725708587
"MARC2","grey","grey",0.0906924617926084,-0.0341349283982974,0.0666863155922873,0.034283151725106
"MARC1","grey","grey",0.0455916117310158,0.0214416137657126,0.0719160373983134,0.0381607160963107
"MIA3","blue","blue",-0.130441980744892,0.230966826544721,0.136760138026881,0.066912949343867
"AIDA","grey","grey",0.0518474994888368,0.035321466420791,0.1004391922812,0.0975900377333256
"BROX","grey","grey",-0.0359921464247963,0.115274427272607,0.100577070514602,0.0781379779791903
"SUSD4","grey","grey",0.142420923788868,-0.0200833096111807,0.138059449083023,0.0743610795903771
"CAPN2","grey","grey",0.0649339317942016,-0.0103891009568031,0.0686085861313124,0.0277666575276875
"FBXO28","grey","grey",0.115635269409499,0.0201986007334868,0.15244955380789,0.111718792556595
"DEGS1","blue","blue",-0.100661148957618,0.16871040265028,0.0783638440224992,0.0197547985506941
"NVL","turquoise","turquoise",0.260154891289726,-0.158909735414862,0.0975180715580396,0.0424724568219982
"CNIH4","blue","blue",-0.0205270052455045,0.121496513069332,0.106668826552427,0.0811635255885663
"WDR26","turquoise","turquoise",0.117918347016089,0.00540617770636422,0.14177721723324,0.107363634092007
"CNIH3","turquoise","turquoise",0.226348687073906,-0.0810743991584987,0.14828454370379,0.0928080487696545
"DNAH14","turquoise","turquoise",0.538769038311625,-0.330084777969539,0.185484978706344,0.0760307423509545
"LBR","turquoise","turquoise",0.136074534080397,-0.0632769604456463,0.0656427813089411,0.0359921877559929
"ENAH","grey","grey",0.132419563337919,0.0366439924226954,0.20121026215902,0.188247820893006
"SRP9","blue","blue",-0.163764777870625,0.270452406024535,0.109660322574213,0.127252325851595
"EPHX1","grey","grey",-0.00551662585746447,0.0235047678946457,0.0214653200557292,-0.0057611663799167
"SDE2","grey","grey",-0.0155850951383931,0.0749110702594329,0.091472910775114,0.0808292284217875
"ACBD3","blue","blue",-0.0128624723126272,0.140661517964566,0.139957780107925,0.0941418499124435
"PARP1","blue","blue",-0.178189803357454,0.274151498122978,0.111205102068834,0.0365257595248984
"ITPKB","turquoise","turquoise",0.088028162175347,-0.0536184644288216,0.030537542965057,-0.00364105486429757
"PSEN2","blue","blue",-0.0716401757653483,0.156270640510948,0.0930950341531013,0.0622685361352956
"COQ8A","grey","grey",0.0796925865512521,0.00968013325199724,0.102714506300219,0.0486354849897623
"CDC42BPA","turquoise","turquoise",0.322441072478478,-0.127748257177112,0.209821964345564,0.182340759369553
"SNAP47","grey","grey",-0.0315799739728948,0.128648294598972,0.107362519116651,0.0895087470918389
"JMJD4","blue","blue",-0.0579721652714077,0.126948168827806,0.076552137856863,0.0561105193347817
"ARF1","blue","blue",-0.246206192266515,0.377019761496056,0.135177515844513,0.114119474661734
"C1orf35","grey","grey",0.0262914649979385,0.0330657748624746,0.0756331362049748,0.0390368961466276
"MRPL55","blue","blue",-0.093024442973838,0.177179337489266,0.086241334158041,0.0699635487842735
"GUK1","blue","blue",-0.130255905299872,0.235566390424161,0.114105450385073,0.127280595056831
"RNF187","blue","blue",-0.23359059922804,0.355419422561366,0.124344051908216,0.12794622887691
"RAB4A","blue","blue",-0.0695378564975528,0.202135654894625,0.145654990083817,0.143708963056142
"CCSAP","grey","grey",-0.0104956686575573,0.100544471825014,0.112116654679955,0.103911970729476
"NUP133","grey","grey",0.112884835965343,-0.00476294002527128,0.120568671467942,0.0530689173391129
"ABCB10","turquoise","turquoise",0.194671723909247,-0.0864109410295181,0.110391062977925,0.0517055152643652
"TAF5L","grey","grey",0.073618299460342,0.00328673675884886,0.0857140051169292,0.0646578715672708
"GALNT2","turquoise","turquoise",0.129460269025873,-0.0040233213391454,0.146203043373446,0.0691186255138286
"PGBD5","turquoise","turquoise",0.33804665840075,-0.159113792536267,0.198425264822937,0.112983470934893
"COG2","grey","grey",0.0392683759104948,0.016493215554668,0.0700043931164606,0.0334011728268147
"TTC13","turquoise","turquoise",0.218180637975056,-0.0956459702916987,0.125336648981947,0.0504659628396205
"ARV1","grey","grey",-0.0244172275925272,0.0892168418387918,0.0765682454390336,0.0656464336759918
"GNPAT","grey","grey",0.0113662874828916,0.0571753314662221,0.0797172041970279,0.0636956258135281
"EXOC8","grey","grey",-0.0487988227214445,0.112029725243533,0.0835503959474826,0.0785637191755713
"EGLN1","grey","grey",0.113781315578798,-4.33765029143599e-05,0.134027993654478,0.116044197938278
"SIPA1L2","brown","brown",0.0642590309369821,0.0771067779130998,0.168964336947351,0.213392941184097
"NTPCR","grey","grey",-0.019085210448784,0.121920084922095,0.112116421190762,0.085745834399563
"PCNX2","turquoise","turquoise",0.389485340160765,-0.172932357719873,0.223247619460203,0.122314320191196
"KCNK1","grey","grey",0.0144026756670982,0.0234661427238957,0.0441827882976261,0.0247293709304543
"SLC35F3","turquoise","turquoise",0.293217364673154,-0.151340364985928,0.135676188574809,0.0777420702282493
"COA6","blue","blue",-0.0332775827755832,0.0957598404712648,0.0587010368311343,0.0513527866844187
"TARBP1","turquoise","turquoise",0.462952998133826,-0.30400660491262,0.144314723750339,0.0386561009060602
"IRF2BP2","grey","grey",-0.0441549329393108,0.0977489182173528,0.0858581062074003,0.0793669402560778
"TOMM20","blue","blue",-0.222160591365613,0.336288069747094,0.134486697172869,0.176794215957607
"ARID4B","turquoise","turquoise",0.320659892863088,-0.178252035565042,0.154828968972088,0.0768328862925299
"B3GALNT2","turquoise","turquoise",0.170882717511364,-0.0840697349450336,0.0927263935938131,0.0556932489715247
"LYST","turquoise","turquoise",0.341129096414944,-0.187616955435007,0.154148553573902,0.0886906463252442
"GPR137B","grey","grey",0.132013946299074,-0.0380943102113449,0.113678957857971,0.0786147217008781
"ERO1B","turquoise","turquoise",0.184170501591212,-0.0965566265937075,0.088802326870687,0.0395913269362255
"EDARADD","grey","grey",-0.0112810833048048,0.0854054161452197,0.0777478287523969,0.0329683541625506
"LGALS8","grey","grey",-0.0495072206783789,0.158177143006153,0.12057142343859,0.0695738971529327
"HEATR1","grey","grey",0.0917414852646603,-0.0214612767664855,0.0864902388405759,0.0508296714644199
"MTR","turquoise","turquoise",0.255859506719394,-0.131695963017448,0.124358708848657,0.0658487308532029
"RYR2","turquoise","turquoise",0.256455210598016,-0.174497445543757,0.0629200236462032,0.0145550520224525
"FMN2","turquoise","turquoise",0.394367570488421,-0.216670060925732,0.171220324734172,0.100289142046057
"RGS7","turquoise","turquoise",0.514256950297617,-0.292728176596553,0.201614664678474,0.0958756143152943
"FH","blue","blue",-0.10507907376939,0.193026977702454,0.0790762748374429,0.0257336866484964
"OPN3","grey","grey",0.0121282881047138,0.0492171306532274,0.0837181449079342,0.0671587306131413
"PLD5","turquoise","turquoise",0.315382864878149,-0.133887817964993,0.171971882014035,0.0883209878434438
"CEP170","grey","grey",0.052370535767651,0.0920652405964131,0.172210004808274,0.108767316232498
"SDCCAG8","turquoise","turquoise",0.371334475036517,-0.194589008226994,0.164485326500859,0.0622737581509501
"AKT3","turquoise","turquoise",0.380826794299846,-0.187052213860386,0.197527583423206,0.132827710015697
"ZBTB18","grey","grey",-0.00971520209625516,0.0610425590200697,0.0700904718246759,0.0845920071859485
"ADSS","grey","grey",0.0377806178690194,0.0613722526151552,0.120997965605027,0.0736335507588735
"DESI2","turquoise","turquoise",0.156704698622196,-0.0872589872365159,0.0692922891903162,0.0300662198059103
"COX20","blue","blue",-0.0562582740152886,0.150760026632836,0.101531921435356,0.0923582346340395
"HNRNPU","blue","blue",-0.0485066498593732,0.156058897496732,0.130305126315057,0.0760285020504025
"EFCAB2","turquoise","turquoise",0.328196850051347,-0.17019817233746,0.158711194804375,0.0895432253235462
"KIF26B","turquoise","turquoise",0.553368386246025,-0.323294386743739,0.22849904205572,0.141335665561468
"SMYD3","turquoise","turquoise",0.550385636411885,-0.324058503491015,0.209205301648872,0.0741827501958062
"TFB2M","grey","grey",0.00717110776495386,0.0370127587128707,0.0571299299365551,0.0290809066663436
"CNST","blue","blue",-0.0481065817423438,0.166324577944671,0.150233339862718,0.177335973884533
"SCCPDH","blue","blue",-0.119460294673658,0.236450857298263,0.115224907519944,0.0690624121783301
"AHCTF1","turquoise","turquoise",0.187029501932819,-0.115834191301758,0.081063408817197,0.0499330213201834
"ZNF124","turquoise","turquoise",0.186734938928899,-0.113394201526411,0.0827275882576827,0.0359873435709839
"TRIM58","grey","grey",0.0212910844221596,0.0377799445855527,0.0797621975347483,0.0774289721168414
"SH3BP5L","grey","grey",0.0032854438908479,0.050992088105456,0.071386261952752,0.0642602120430173
"SH3YL1","turquoise","turquoise",0.259014387193132,-0.130051388176941,0.123756299278938,0.0750818868063736
"ACP1","blue","blue",-0.0923386097083957,0.19735548494535,0.116395436805017,0.11418574112774
"TMEM18","blue","blue",-0.0726279959273257,0.142422784388792,0.0705943167456262,0.0442587251864492
"MYT1L","turquoise","turquoise",0.446247503911792,-0.221702784843139,0.233868801345509,0.160590495257971
"LINC01250","turquoise","turquoise",0.400015717646732,-0.253644294664666,0.143840448070186,0.0542579581079923
"EIPR1","grey","grey",0.0385586803564131,0.0822447803441741,0.130673374855466,0.0998678023131147
"TRAPPC12","grey","grey",0.117537599419681,0.0802543765254982,0.192764696757937,0.080650686681483
"ADI1","grey","grey",-0.0114181274164949,0.0833555970145087,0.0711174359487245,0.0477779356815956
"AC108488.2","grey","grey",-0.0244329520522704,0.0689884131495169,0.0590653897640647,0.0732767931593384
"RPS7","blue","blue",-0.108770573000612,0.192779223343042,0.0779596681511319,0.069884949676203
"SOX11","grey","grey",0.0163369850408345,0.0411571576805166,0.0809177426859532,0.0805485616352774
"RNF144A","turquoise","turquoise",0.328159626189664,-0.198418987701741,0.119194239749918,0.0449070866459138
"ID2","blue","blue",-0.0674967697576943,0.10846840639443,0.0580010289728324,0.0310509193819375
"KIDINS220","blue","blue",-0.100196660496834,0.230914283638126,0.153966254926628,0.0894650069957349
"MBOAT2","turquoise","turquoise",0.230565101766374,-0.0675700194800378,0.180549467675151,0.123307540039326
"ASAP2","grey","grey",0.163436120415473,0.00259800987049347,0.180755972832062,0.100088324455147
"ITGB1BP1","grey","grey",0.0389837445334165,0.0723151833667467,0.11744389990244,0.0968521442318611
"CPSF3","grey","grey",0.00698022611160256,0.0630780864836085,0.0857000686380281,0.0498731753358577
"IAH1","grey","grey",0.00285798618771126,0.0750553926695872,0.0793609425967208,0.0568375741861149
"ADAM17","turquoise","turquoise",0.242674877714911,-0.139145701518093,0.0948284018861124,0.0360866003310796
"YWHAQ","blue","blue",-0.233751849228443,0.391091670687106,0.151166166034376,0.136384699253766
"TAF1B","grey","grey",0.112814180602814,-0.0127859671493604,0.110180137238098,0.060593377553843
"GRHL1","turquoise","turquoise",0.312305415884858,-0.185543448233965,0.128244215958978,0.0443932023215666
"HPCAL1","blue","blue",-0.0393351346619785,0.1372623917266,0.109133446595633,0.101268406787294
"ODC1","blue","blue",-0.0456889097175186,0.128644746226728,0.105831189839651,0.0863921419186913
"NOL10","turquoise","turquoise",0.206069875086258,-0.0808946059946906,0.137382387456957,0.0601236123126504
"PDIA6","blue","blue",-0.0385830816416151,0.117768081639104,0.105224867706816,0.0582509495547306
"ROCK2","grey","grey",0.0929598848281648,0.0512383431909518,0.178670803455793,0.144790864912508
"E2F6","grey","grey",0.0505088393706551,0.00219438908551922,0.0564953584474781,0.0321436698136298
"GREB1","turquoise","turquoise",0.180724079974254,-0.102347101618341,0.0750815355199165,0.0372627622513386
"LPIN1","grey","grey",0.0910347986316371,0.0473685137611995,0.160317492951619,0.0764024525419163
"MIR3681HG","grey","grey",-0.00806364784802329,0.0763080133040757,0.0686777818488338,0.0417423317888598
"TRIB2","grey","grey",-0.0130676151788323,0.0602244379795525,0.0661416775776756,0.0729015933107352
"NBAS","turquoise","turquoise",0.197058079995309,-0.0222003080428439,0.168100263610049,0.105784362139635
"DDX1","blue","blue",-0.199856304149269,0.331849456564315,0.135282593781832,0.0472633734393232
"FAM49A","grey","grey",-0.000909939321211846,0.136585895324279,0.161492910079757,0.140517513027833
"VSNL1","blue","blue",-0.185881285772795,0.356716869325857,0.150979211075003,0.105232979905814
"SMC6","turquoise","turquoise",0.313506432437143,-0.169440158829706,0.139511562725369,0.06355701336504
"KCNS3","turquoise","turquoise",0.12416288933556,0.0104552167715753,0.135368923555581,0.0978878207851287
"RDH14","blue","blue",-0.0779753629743216,0.141882832483313,0.0719951704226543,0.0504857460524327
"WDR35","grey","grey",0.10183441362194,-0.0156859260246272,0.0943926745263129,0.0532350027451702
"MATN3","blue","blue",-0.0456684372891504,0.150689082356367,0.10426859120737,0.0416655443534522
"LAPTM4A","blue","blue",-0.103391674028161,0.168185248076866,0.0728669726365997,0.0585777351752783
"SDC1","blue","blue",-0.177048855981812,0.270814162015563,0.110965538167663,0.0385107624572512
"PUM2","turquoise","turquoise",0.200645383005367,-0.0742428621292381,0.152977900735101,0.15041589458901
"RHOB","grey","grey",-0.0492252536296114,0.0634782290420065,0.0288922755028477,0.024355006639662
"HS1BP3","grey","grey",0.0365238160664704,0.00555980189387609,0.0451311828344488,0.0312680131224494
"LDAH","turquoise","turquoise",0.224761334173029,-0.0761511581846493,0.144145124466592,0.0676360046543136
"KLHL29","turquoise","turquoise",0.494443049071516,-0.316926284590639,0.180075458575652,0.0728817768823165
"ATAD2B","turquoise","turquoise",0.35134112561833,-0.222353992442562,0.118322843968758,0.0502578599245135
"UBXN2A","grey","grey",0.176917776492955,-0.0587952554815402,0.134111670074529,0.0962909552811186
"FKBP1B","blue","blue",-0.0944601685586006,0.188689401833245,0.0946748803581884,0.0997687399482519
"SF3B6","blue","blue",-0.0547183967891317,0.131280610624255,0.074126937934257,0.0452778939978944
"FAM228B","grey","grey",0.155555850229432,-0.0544759842926802,0.110241760622711,0.0825745840032131
"ITSN2","turquoise","turquoise",0.1925549950999,-0.061204190108815,0.141942276869788,0.0962285928751774
"NCOA1","turquoise","turquoise",0.363537037174819,-0.18905385479037,0.17875647909773,0.0929686524313628
"PTRHD1","blue","blue",-0.0596741896585001,0.125854903266972,0.0633695160270629,0.0528783525340103
"ADCY3","grey","grey",0.0312148672931303,0.093226819744719,0.148426279775979,0.0846347402440217
"DNAJC27","grey","grey",-0.0145200165582595,0.107761345183686,0.11489479193435,0.129731565178127
"EFR3B","grey","grey",0.0293307719189895,0.131011300816397,0.17974393702733,0.158440475343754
"DNMT3A","turquoise","turquoise",0.445324369862378,-0.2981910181665,0.144393804514362,0.0458527871434257
"DTNB","turquoise","turquoise",0.35772973136198,-0.174399162907675,0.181567346356045,0.087836825189779
"ASXL2","turquoise","turquoise",0.193399247870927,-0.0847241804516079,0.115766404230419,0.0670594466313053
"KIF3C","blue","blue",-0.254167536382264,0.389515131135487,0.172073547166708,0.213155904891904
"RAB10","grey","grey",0.0503787366488142,0.0936105716132293,0.160430435999651,0.122478054096373
"HADHA","blue","blue",-0.0636836910944379,0.18854343234886,0.119469469495146,0.0596618464360493
"HADHB","blue","blue",-0.034580943293167,0.169703196108214,0.124192197019699,0.0522431905498386
"SELENOI","blue","blue",-0.0306781745859672,0.147509416392811,0.129886071768311,0.0804062150781267
"DPYSL5","grey","grey",0.0525167214026829,0.103348613899567,0.166385756032633,0.11684717531585
"MAPRE3","blue","blue",-0.217227413509526,0.361217249380774,0.13786356774416,0.0913232848397987
"TMEM214","blue","blue",-0.056054479062481,0.125483152176333,0.0892531937155541,0.0803084726046122
"OST4","blue","blue",-0.0877646313553182,0.168617825731022,0.0653538800688112,0.0484747518110675
"CGREF1","blue","blue",-0.0207932149234802,0.119657704991769,0.111568152265436,0.075345014400691
"PREB","blue","blue",-0.0687658970623734,0.132817300365569,0.0716800703578493,0.0622569678352288
"SLC5A6","blue","blue",-0.0464442220061933,0.111069708710445,0.0701188523424098,0.0331162097296608
"ATRAID","blue","blue",-0.0578138567859198,0.110386614363148,0.0538996747959305,0.0240872675811086
"MPV17","grey","grey",-0.00707847536793252,0.105914301266416,0.105898621210513,0.0715454788991746
"GTF3C2","grey","grey",0.0889423238189425,-0.0254164439299673,0.0704047413869929,0.013058662790233
"EIF2B4","grey","grey",-0.034311142972042,0.0783156761900612,0.0501782004759128,0.0279368982503206
"SNX17","blue","blue",-0.117910454992268,0.209089647096154,0.0894430132339233,0.0692401958879033
"PPM1G","blue","blue",-0.0982477275695128,0.203238429213825,0.111606923101643,0.0536981522989649
"NRBP1","blue","blue",-0.124554136678533,0.232463964476978,0.119351288956058,0.0702478618925696
"IFT172","turquoise","turquoise",0.208266373460551,-0.098301569299031,0.110418434460285,0.0440434113226073
"FNDC4","grey","grey",-0.0532702845211405,0.120774355450109,0.0820657965925999,0.0996807676777962
"ZNF512","grey","grey",0.043239969536171,0.0318324163679009,0.0930201645958602,0.0698478933234923
"GPN1","grey","grey",-0.0255847040333981,0.0945255515990436,0.0710904870062112,0.0401160240153062
"SUPT7L","blue","blue",-0.0461791795315892,0.15264661078978,0.115961085015205,0.0736156431282475
"SLC4A1AP","blue","blue",-0.0551203375879366,0.166861210873981,0.125168113288082,0.0744180120193801
"MRPL33","grey","grey",0.0568737026453385,0.0138030948689262,0.0765265162770947,0.0488609384668062
"RBKS","grey","grey",0.112456866445492,-0.0278601012001489,0.0894115574242336,0.0424626557738265
"BABAM2","turquoise","turquoise",0.322723161032076,-0.136667298618907,0.171327825093483,0.0634275712326756
"PPP1CB","turquoise","turquoise",0.196139212280349,-0.115086467171403,0.0777111247639383,0.0389661464738717
"TRMT61B","grey","grey",0.103182727479825,0.00824194746833104,0.118516494601408,0.060449443029385
"WDR43","grey","grey",0.077225533806648,-0.00112914224782194,0.0963842414037798,0.0346436280361662
"CLIP4","turquoise","turquoise",0.141066713992678,-0.0444162675506811,0.10010690774119,0.0532994133858695
"YPEL5","blue","blue",-0.104182125846469,0.2099701842553,0.110788617117164,0.0967471010006461
"LBH","blue","blue",-0.0863863767174882,0.172769357263798,0.10377909535772,0.119787482560529
"LCLAT1","turquoise","turquoise",0.21888084237382,-0.109327425009462,0.105468308256555,0.0538176598270755
"EHD3","blue","blue",-0.0769542156981554,0.165637970703417,0.101068831146397,0.106088146393942
"MEMO1","grey","grey",0.112989412662467,-0.0410497596651693,0.0889883294741429,0.0509611841247022
"DPY30","blue","blue",-0.0526380408097326,0.149109126705122,0.093477148903915,0.0737097418908461
"SPAST","turquoise","turquoise",0.130320015887293,-0.0177569634876796,0.128998113553412,0.0988517791568006
"SLC30A6","turquoise","turquoise",0.191399337943207,-0.0759050304448069,0.115211131845218,0.0602403998678253
"YIPF4","grey","grey",-0.00124347956284619,0.114189900930183,0.151464784542458,0.156460490942295
"BIRC6","turquoise","turquoise",0.32852933376948,-0.153996526915027,0.171174264658107,0.118147236658051
"TTC27","turquoise","turquoise",0.209708484905294,-0.114193212178846,0.0876990909613782,0.0361126159268527
"LINC00486","grey","grey",0.188924680496848,-0.0204254008814004,0.171364387864795,0.0717858193838913
"FAM98A","blue","blue",-0.102885198462248,0.210926676076918,0.126351452957805,0.094167976737152
"CRIM1","grey","grey",0.0611574297783026,-0.0186694860911521,0.05104225393951,0.0106967704282342
"FEZ2","grey","grey",0.0370923011835824,0.0661475512265405,0.114053170498351,0.0781473495274568
"STRN","turquoise","turquoise",0.159919652383753,-0.0667839389901872,0.101090141417747,0.0759940338970745
"HEATR5B","grey","grey",0.0549709093760408,0.0755617947143009,0.139314858183739,0.0644390427527748
"GPATCH11","blue","blue",-0.0490132779051757,0.144289842930449,0.103538536505468,0.0883549732268317
"EIF2AK2","grey","grey",-0.0214300792023528,0.144443465706661,0.15183517917496,0.146884726682734
"CEBPZOS","grey","grey",-0.00934767143743812,0.0914271302247111,0.0977811165382582,0.101281363727509
"CEBPZ","blue","blue",-0.0491971828371376,0.142587261227926,0.109949032150944,0.0685621397384488
"NDUFAF7","grey","grey",0.0453819574567834,0.0557109230317731,0.112777511789821,0.0578650506577733
"QPCT","blue","blue",-0.110136564929893,0.202783659750928,0.0831165026683302,0.0142818672058766
"ATL2","grey","grey",0.0934526981835148,-0.00519768023246084,0.106114779170341,0.0708841436540308
"HNRNPLL","grey","grey",0.050155442069209,0.045528487499578,0.110279536476647,0.0707112878104405
"SRSF7","grey","grey",0.000899523172849741,0.0855137598528482,0.101148098046937,0.0613093088570815
"DHX57","grey","grey",0.133464734322108,-0.0430073709207184,0.106592402522308,0.056776410489487
"SOS1","turquoise","turquoise",0.294693822199658,-0.122668815960468,0.184920000571888,0.126673266527023
"MAP4K3","turquoise","turquoise",0.317538493200841,-0.171554783293735,0.151112548850964,0.079332249062494
"AC007388.1","turquoise","turquoise",0.34919090530868,-0.179727873952966,0.179206967608008,0.128493266167773
"TMEM178A","grey","grey",0.0980460600969228,0.0158647107876354,0.129206039842728,0.0762637592997857
"THUMPD2","turquoise","turquoise",0.234194552335283,-0.124519781026454,0.11329059371689,0.0423177255927488
"SLC8A1-AS1","grey","grey",0.0109029075380643,0.126323810558724,0.143606179864669,0.102789161753291
"SLC8A1","turquoise","turquoise",0.183230675089418,0.0419870059189021,0.243985687886529,0.181342654692222
"EML4","turquoise","turquoise",0.281675515038488,-0.160679931454566,0.113470051027124,0.0422462217765878
"COX7A2L","blue","blue",-0.112865111958757,0.242356640856355,0.133607650178728,0.117595279776897
"MTA3","turquoise","turquoise",0.240572749753504,-0.0905754065584291,0.150917650454783,0.0966677868020829
"THADA","turquoise","turquoise",0.259538743453412,-0.112570471373338,0.140560013207381,0.0505495241255461
"DYNC2LI1","grey","grey",0.0895220265180631,0.0149026437754468,0.106183248436146,0.0389652007173403
"LRPPRC","blue","blue",-0.15371718925278,0.330189664226924,0.165238325026835,0.0692796423745724
"PPM1B","turquoise","turquoise",0.164033563787392,-0.0528009794375147,0.118083699717489,0.0682000359166844
"SLC3A1","blue","blue",-0.0681842048039478,0.154922683360605,0.0747490741495354,0.0372764115948584
"PREPL","blue","blue",-0.460990895869792,0.564714367289985,0.076112247505618,0.0133920437728259
"CAMKMT","turquoise","turquoise",0.427094822663514,-0.233469010560925,0.174744587716259,0.0624165061900214
"SRBD1","turquoise","turquoise",0.172110853929662,-0.0750052386038856,0.0970780753114128,0.0365104864963792
"PRKCE","turquoise","turquoise",0.250875140799456,-0.130214516585954,0.120185206372193,0.0666169618333796
"RHOQ","blue","blue",-0.137726979949528,0.235490781216935,0.134604442149022,0.191540689822747
"PIGF","grey","grey",0.110947609223066,-0.0242930212018614,0.0894469450747423,0.0404364615934452
"CRIPT","grey","grey",-0.00651583335008225,0.0595346302532492,0.0577454921135255,0.0509276086119922
"SOCS5","grey","grey",0.0401306148292845,0.0475921898715377,0.119163552806276,0.114637627453201
"MCFD2","blue","blue",-0.153575129755155,0.245400292549044,0.123509143704106,0.165995719016602
"TTC7A","turquoise","turquoise",0.26762273435089,-0.164222822685818,0.106485236949423,0.0337271037663392
"CALM2","blue","blue",-0.136023291276228,0.224538685446186,0.090558108558927,0.0843644874660571
"MSH2","grey","grey",-0.0207712107518145,0.114897464022205,0.115980451845882,0.0682339610899939
"KCNK12","grey","grey",0.0701401949842941,0.0114169094748468,0.0884059568266473,0.0557674718043138
"MSH6","grey","grey",-0.00447315340106898,0.0640451529077107,0.0767183995265669,0.0502662097350587
"FBXO11","turquoise","turquoise",0.175418522333026,-0.00483616072214007,0.185016426341679,0.114025483258216
"FOXN2","turquoise","turquoise",0.184018919016217,-0.114634957082291,0.0648540349582881,0.0315314556274413
"PPP1R21","turquoise","turquoise",0.196079123764114,-0.0335943018072152,0.17025801096756,0.109393221708826
"NRXN1","turquoise","turquoise",0.360122676812837,-0.137192055961691,0.212300455801126,0.0862090748830968
"ASB3","grey","grey",-0.0123961276151706,0.0639214294562948,0.0722789004865125,0.0449536715087423
"GPR75-ASB3","turquoise","turquoise",0.210954955954661,-0.141076110434228,0.0682783596073312,0.0297448199090315
"ERLEC1","blue","blue",-0.154144921312846,0.245592980523504,0.101250995578934,0.0947877850226915
"PSME4","turquoise","turquoise",0.205738108429952,-0.0719778866383973,0.135075030372382,0.0718491504458501
"ACYP2","turquoise","turquoise",0.221289778794761,-0.00996387779675824,0.191363257676658,0.0955081591509875
"SPTBN1","blue","blue",-0.0510068211020523,0.196936208563956,0.19392122545341,0.325778281208071
"AC093110.1","grey","grey",-0.0589476070003366,0.0994862816269392,0.0548742370923337,0.12359249964154
"EML6","turquoise","turquoise",0.558998580149184,-0.364423572865181,0.174340710151786,0.0743849737297576
"RTN4","blue","blue",-0.649768804699656,0.66171216085774,-0.0147661958540007,-0.00489318997799087
"CLHC1","turquoise","turquoise",0.25492255498187,-0.156342269853465,0.0894994141527659,0.0349162276471114
"RPS27A","blue","blue",-0.135085400564852,0.18265051501626,0.0391964505724327,0.0385139505134822
"MTIF2","grey","grey",0.0118665474944025,0.0692769657773204,0.0895251103995898,0.0661321410704564
"CCDC88A","turquoise","turquoise",0.37036459982783,-0.197983240121573,0.188565527344577,0.13113185304746
"CFAP36","blue","blue",-0.0444636356835838,0.162927847992507,0.121317736575196,0.0970408970810512
"PPP4R3B","grey","grey",0.0337271830097007,0.0727654336153375,0.121591068237386,0.112354028620193
"PNPT1","grey","grey",0.169051571262549,-0.0628175989192345,0.117600485212042,0.0505203816450656
"CCDC85A","turquoise","turquoise",0.43542409914785,-0.214581745450315,0.221603388804163,0.159525213113433
"FANCL","grey","grey",0.0925698368484736,0.0447164236514211,0.143917771604593,0.0555191495584647
"LINC01122","turquoise","turquoise",0.376923447281822,-0.217649713188796,0.149421213600505,0.0646705324547861
"BCL11A","grey","grey",0.122256513754635,-0.0317597304203335,0.102776090078276,0.0673814820013047
"PAPOLG","turquoise","turquoise",0.127541883307653,-0.0551325290635992,0.0819387553675551,0.0549075705693457
"PEX13","grey","grey",0.0779063950600804,-0.00542714557377142,0.0816417344867286,0.0431184722568301
"KIAA1841","turquoise","turquoise",0.315155328376136,-0.146587425993303,0.171514407516047,0.0992664671851894
"C2orf74","grey","grey",-0.0393442637905072,0.106058276722888,0.0646273535039315,0.0546101257642173
"USP34","turquoise","turquoise",0.327003320290478,-0.152036332843161,0.180859386965373,0.141308575129995
"XPO1","grey","grey",0.129470277180884,0.00265260678689705,0.169391597752739,0.0894562496202477
"CCT4","blue","blue",-0.164193195398512,0.289361491149646,0.124865067679621,0.0455239677101386
"COMMD1","turquoise","turquoise",0.301575433201636,-0.130789608033365,0.154639934887909,0.0636642743346786
"B3GNT2","blue","blue",-0.0788992189865861,0.168859214093995,0.122293667078625,0.0762703162999009
"TMEM17","blue","blue",-0.0858253455028442,0.158090523581551,0.0920021585333541,0.0743462850251903
"EHBP1","turquoise","turquoise",0.277128559225003,-0.0790187966637339,0.224490506384225,0.191784028310919
"WDPCP","turquoise","turquoise",0.351176209080561,-0.173690830115434,0.161908419727744,0.0662574742714168
"MDH1","blue","blue",-0.476537857033372,0.585430303015391,0.0527354844112903,-0.00717163364672124
"UGP2","blue","blue",-0.030391195503521,0.164851085156415,0.138602613214149,0.141255917778956
"VPS54","turquoise","turquoise",0.337540332555972,-0.215766143094247,0.11027917520388,0.0354558637533853
"LGALSL","grey","grey",-0.0539607584411781,0.106157214117111,0.0698220706765795,0.0834852915810085
"AFTPH","grey","grey",0.0484947693474547,0.0693562985166715,0.143597655777059,0.104601128242577
"SLC1A4","blue","blue",-0.0735982730083082,0.175712878181462,0.112190089028667,0.0640296017113135
"CEP68","grey","grey",0.12628285025052,-0.00436928628472341,0.135348439722334,0.08311786733963
"RAB1A","blue","blue",-0.0833940913474245,0.254795448544681,0.177303740402282,0.122539242212421
"ACTR2","blue","blue",-0.113457446383004,0.255168937165016,0.171190314485353,0.205940721642672
"SPRED2","turquoise","turquoise",0.287037884107271,-0.157071864494697,0.12219963874818,0.0601017075494606
"C1D","blue","blue",-0.0194143783238204,0.135044705480902,0.118561754174994,0.111476514206185
"WDR92","grey","grey",-0.00410107210746073,0.057044991416754,0.0647291916027401,0.0351396253971052
"PNO1","grey","grey",0.0316251651472063,0.0350928801216492,0.0775259549572548,0.0466220751712233
"CNRIP1","blue","blue",-0.0697599880274158,0.174528923538896,0.113313865877349,0.106476438811462
"ANTXR1","turquoise","turquoise",0.359184565712661,-0.224444091028176,0.125855250899573,0.0437943185551521
"GFPT1","blue","blue",-0.0102015060797238,0.15135388099286,0.155167551479144,0.0807026470101332
"NFU1","grey","grey",0.105460901280001,-0.00077382042531567,0.109061786045388,0.0527705585603685
"AAK1","grey","grey",0.0712059204677018,0.146257467678753,0.234667777550887,0.135689770708989
"GMCL1","turquoise","turquoise",0.129426116533472,-0.0296297643632154,0.109311404244614,0.101196539578016
"MXD1","grey","grey",0.0901410072897435,-0.0269528529541444,0.0842818825141411,0.0674894942233608
"PCBP1","blue","blue",-0.187419175171554,0.2834019134745,0.111170442305314,0.0821280574091163
"PCYOX1","blue","blue",-0.240258272215842,0.341713741257137,0.12933211936855,0.0734156197889904
"SNRPG","grey","grey",-0.0201522336328441,0.0777482712703206,0.0555522538071143,0.0443465745869183
"FAM136A","blue","blue",-0.0549481468722019,0.128354824271887,0.082803749079659,0.0921855738756975
"ADD2","grey","grey",0.0923781603920146,0.0684496334113474,0.194507927604747,0.204122370425898
"NAGK","blue","blue",-0.029885175549289,0.137464302721446,0.107052651075326,0.0565051572765565
"MPHOSPH10","blue","blue",-0.0789427616629422,0.163694722061301,0.108953337069418,0.0703654918127565
"ZNF638","turquoise","turquoise",0.262456139521496,-0.0880092419706012,0.175313368014712,0.0706253073103453
"DYSF","turquoise","turquoise",0.274055092833427,-0.117265168917315,0.149441295194865,0.0754735481074544
"EXOC6B","turquoise","turquoise",0.432552845698054,-0.208648525838576,0.211591557184939,0.135544844769816
"SPR","grey","grey",-0.0725976344771772,0.109469734830532,0.0302734236009461,0.0285100046716042
"SFXN5","turquoise","turquoise",0.321487339667674,-0.184302918389067,0.141442772899025,0.0680346490276667
"SMYD5","grey","grey",-0.0184081374641391,0.0777030855804075,0.0785053410583611,0.068235568291024
"PRADC1","grey","grey",-0.0380209984934595,0.0868270598813222,0.0497360213402109,0.0300544429342466
"CCT7","blue","blue",-0.236402537375912,0.388443533589379,0.147551154423247,0.0879808643909972
"FBXO41","grey","grey",0.0611945213850004,0.0265289641592188,0.118035735580411,0.110438809325617
"ALMS1","turquoise","turquoise",0.323909710773665,-0.191918426910387,0.126186941577392,0.0687736065939764
"TPRKB","grey","grey",-0.004265558401129,0.0558904008543994,0.0539074473794866,0.034083874666293
"DUSP11","grey","grey",0.0349110997016846,0.00979161744486835,0.0513544340077725,0.029571456758854
"STAMBP","grey","grey",0.0437479934877059,0.065637778346334,0.118077801379612,0.0775128580124794
"DGUOK","grey","grey",-0.0236283598582176,0.102426362542226,0.0737852452234169,0.0507443362510789
"TET3","turquoise","turquoise",0.373259278415651,-0.241566684968539,0.135712393707048,0.056952849048276
"BOLA3","blue","blue",-0.0593159253127605,0.151669771006897,0.088027780228507,0.0629715565333866
"MOB1A","grey","grey",-0.00673616619699707,0.0774490404226248,0.0856074325537529,0.0590045921634186
"MTHFD2","grey","grey",-0.0356759611749542,0.088792503890423,0.0713016959933036,0.0776778367979485
"AC006030.1","grey","grey",0.133970781020639,-0.0538852274441114,0.0838160888162031,0.0492194748542494
"DCTN1","blue","blue",-0.126694228517564,0.219644789225092,0.106869069612858,0.0893067379421289
"WDR54","blue","blue",-0.0471321884715373,0.118026133120432,0.0676252061477061,0.0447122765911319
"AUP1","blue","blue",-0.0531848036770947,0.118937839561688,0.0614607635229312,0.0304889744389911
"HTRA2","blue","blue",-0.0521955269920173,0.130250012963763,0.0821281129968364,0.0611522354138122
"SEMA4F","grey","grey",0.00379518364660826,0.047323663476175,0.0567177887085788,0.0233012175107859
"POLE4","blue","blue",-0.0543198540214132,0.110266113584591,0.0556759084860593,0.052747110233107
"MRPL19","blue","blue",-0.0589868551770896,0.16398974597993,0.126574980732239,0.159335258213521
"GCFC2","grey","grey",0.135303899083098,-0.0323507767707583,0.106603786859209,0.0623583220089362
"LRRTM4","turquoise","turquoise",0.672862414792245,-0.479093337067233,0.141965902652524,0.0248276544709317
"CTNNA2","turquoise","turquoise",0.52562500576674,-0.306120543355726,0.179114959053352,0.0340512905518904
"SUCLG1","blue","blue",-0.069492800276462,0.21324572447428,0.130876124833812,0.0572942944331529
"TMSB10","blue","blue",-0.155420018063154,0.226221339546333,0.0474125741835131,0.0317274355343788
"KCMF1","grey","grey",0.0643625949331119,0.0676274915965492,0.155184966480787,0.148365885952087
"TGOLN2","blue","blue",-0.198964179814324,0.321951215967585,0.136844195724455,0.142994774322638
"RETSAT","blue","blue",-0.061770550858496,0.118854651514536,0.0564224617510725,0.02856715591326
"ELMOD3","turquoise","turquoise",0.227715456275881,-0.142393408796187,0.0813894252129395,0.0379872208723274
"MAT2A","grey","grey",0.0942594264768301,0.0202447532522971,0.152947266547361,0.0763013488285531
"GGCX","grey","grey",0.0147655794415218,0.0549434416231808,0.067036978380993,0.0188997160324914
"RNF181","blue","blue",-0.0518466210693484,0.113432638038721,0.0511148464751108,0.0419028557188702
"USP39","grey","grey",0.0595034603114211,0.00520237102151676,0.0684441364722585,0.0401177958842748
"ST3GAL5","grey","grey",0.035283351512322,0.0818549616237286,0.139119751859146,0.131336518099154
"POLR1A","turquoise","turquoise",0.121629032322408,-0.0332585947532242,0.101571493982427,0.0792371138012151
"PTCD3","blue","blue",-0.0679851875901385,0.204706941960995,0.143389799532666,0.0945558571929453
"IMMT","blue","blue",-0.224128867849967,0.398434057800255,0.171704840206218,0.0803281990471203
"MRPL35","blue","blue",-0.0758904030482083,0.17143474907759,0.101020636990217,0.0997057564763177
"REEP1","blue","blue",-0.178097171702631,0.333058378564425,0.180474389181175,0.166090198044868
"KDM3A","grey","grey",0.0706978127284352,-0.0110064205808766,0.071238223700043,0.0476044265419741
"CHMP3","blue","blue",-0.096853128967025,0.178256567834215,0.0993308752134414,0.121213167189247
"RNF103-CHMP3","turquoise","turquoise",0.182181034689993,-0.104721716790618,0.0724630701046443,0.0241664506345241
"RMND5A","turquoise","turquoise",0.157542741651156,-0.0559438237031579,0.111403119127255,0.0828597482094051
"PLGLB1","turquoise","turquoise",0.277054050181995,-0.186193999473961,0.0839171994153618,0.0234921315137281
"CYTOR","turquoise","turquoise",0.177627812628972,-0.0736357629690057,0.0929416754289968,0.0389053103105855
"EIF2AK3","turquoise","turquoise",0.162923452844841,-0.0860800397502685,0.0877273265078024,0.03260579972764
"MRPS5","grey","grey",0.117839170109398,-0.00499676046860749,0.121709738176507,0.0390689169810751
"KCNIP3","grey","grey",0.0660805311149461,-0.0109016214914326,0.0629174808353181,0.0322230407240558
"FAHD2A","grey","grey",0.0374071874858148,0.0272633563058181,0.0666214605043147,0.0300151244234857
"ANKRD36C","turquoise","turquoise",0.480935326494008,-0.31331123308095,0.153571586287739,0.0561640173618746
"STARD7","grey","grey",-0.052568989248065,0.137886850533049,0.11888847965682,0.119707507818451
"TMEM127","blue","blue",-0.0735009573886005,0.159388860798647,0.108995690910149,0.0718526582622209
"CIAO1","blue","blue",-0.0671828692459445,0.202746238986924,0.131766615040492,0.0701188728633557
"SNRNP200","blue","blue",-0.0574922588219117,0.150831391613089,0.102433531101051,0.0479440791662893
"KANSL3","turquoise","turquoise",0.161205862864913,-0.055667944343974,0.100575361531274,0.0544345746853032
"LMAN2L","grey","grey",0.099230531711749,-0.0362871914982216,0.0737958468072497,0.0243720734554855
"CNNM4","grey","grey",0.0343750103000973,0.00917863376360332,0.0544078106379362,0.0266933454277344
"ANKRD23","turquoise","turquoise",0.229707700346762,-0.13399577509167,0.0945018614164663,0.0359614771391645
"ANKRD36","turquoise","turquoise",0.454130754994579,-0.30690705062645,0.121493484068149,0.0288716928876327
"AC092683.1","turquoise","turquoise",0.579820922964258,-0.390762494019099,0.178539488556757,0.0559703886050226
"ANKRD36B","turquoise","turquoise",0.332630558120649,-0.21582641831115,0.0973823980942182,0.0345928915842417
"COX5B","blue","blue",-0.130243232432025,0.207480004060131,0.0554633370281906,0.0361737046225698
"ACTR1B","blue","blue",-0.0635061863467451,0.14756616731221,0.0858009676002162,0.0665559543427788
"TMEM131","turquoise","turquoise",0.210545619635847,-0.0998903844257583,0.113528832352623,0.0363983650671247
"INPP4A","grey","grey",0.143887839007615,0.0177862941714453,0.193714027142626,0.165798161315164
"COA5","grey","grey",-0.0455141034356983,0.112012487565682,0.0694730890755614,0.0526596144230053
"UNC50","grey","grey",-0.0160678460126558,0.0842424065722003,0.0792035612148074,0.0403701077539938
"MGAT4A","grey","grey",0.0596634521178846,0.0305313695668221,0.115095127717544,0.106671055736371
"KIAA1211L","turquoise","turquoise",0.157618603705295,-0.051178706296724,0.112177709387116,0.0442686473181069
"TSGA10","turquoise","turquoise",0.323123759478931,-0.183230223350129,0.138601298840656,0.0873273885881836
"AC079447.1","turquoise","turquoise",0.213886319502016,-0.095013519507904,0.124180479639983,0.0729773474993864
"MITD1","grey","grey",0.110765324679441,-0.0407817569904062,0.0795119721297302,0.0428598895801524
"TXNDC9","blue","blue",-0.0630556219641666,0.150178802422993,0.0933607380249818,0.0512625643267559
"EIF5B","grey","grey",0.0113069657014105,0.110572031456261,0.144105320859897,0.0956500338423008
"REV1","turquoise","turquoise",0.253290339811552,-0.132430864141492,0.126424262496743,0.0815199303176215
"AFF3","turquoise","turquoise",0.465627434070135,-0.259006241782984,0.209437161545854,0.127041867491254
"LONRF2","blue","blue",-0.145210423504052,0.280456111813427,0.175423447161567,0.207518868661316
"CHST10","grey","grey",-0.00551231727801576,0.06561185239574,0.0829995070266843,0.0578097576819253
"PDCL3","blue","blue",-0.101456149023664,0.194705421642035,0.0927097864306307,0.0641695766160383
"RPL31","grey","grey",-0.0269739495775361,0.052769307512433,0.0241579302614236,0.0124382256253014
"TBC1D8","turquoise","turquoise",0.245534800979105,-0.14105677792176,0.100510139754119,0.0357216644995891
"CNOT11","grey","grey",-0.0196703354825517,0.0981530691694485,0.0914508396773939,0.0560276621296007
"RNF149","grey","grey",0.116424703195438,-0.00738911521891787,0.121375273306521,0.0344259932777406
"CREG2","blue","blue",-0.0873620572404662,0.170407717102306,0.109248623168666,0.130151645046498
"MAP4K4","turquoise","turquoise",0.327627400994756,-0.191994305263019,0.120263785418197,0.0538607187512602
"TMEM182","grey","grey",0.0909222311731515,-0.017279323986227,0.0780577319543476,0.0513717516297916
"POU3F3","grey","grey",0.00368935706666676,0.0247781741883014,0.0429792535866946,0.0474035353633142
"MRPS9","blue","blue",-0.0026139748791313,0.128951262387311,0.125311585621684,0.0570090858337398
"TGFBRAP1","grey","grey",0.0401308419322878,0.0280945488547392,0.0882274985638667,0.0703624769485699
"C2orf49","grey","grey",-0.0255645621101334,0.101324832960927,0.0794310993673362,0.0716905212275823
"NCK2","turquoise","turquoise",0.176742367007286,-0.0711909545037864,0.102649426210913,0.0507475447427366
"UXS1","grey","grey",0.203274715061633,-0.0401770283653073,0.167511474272138,0.0749343024881401
"GCC2","blue","blue",-0.0558999825696887,0.186466196245878,0.162648100958789,0.192749692228056
"LIMS1","turquoise","turquoise",0.291339027353218,-0.171384438774584,0.11229632555399,0.0486615391337608
"RANBP2","blue","blue",0.0018288168980787,0.113414991869932,0.148638067787229,0.108227646396547
"CCDC138","turquoise","turquoise",0.282638508602532,-0.185834124684086,0.090403381449303,0.0260347179793285
"SH3RF3","turquoise","turquoise",0.455858991336356,-0.289254716446088,0.155867505419587,0.0572086521585402
"SEPT10","turquoise","turquoise",0.193925620044741,-0.125476544254651,0.0575168581393276,0.0146821602407321
"SMIM37","blue","blue",-0.0778015762248999,0.160629786574317,0.0767835231315049,0.0712681341706149
"MIR4435-2HG","turquoise","turquoise",0.398765147795592,-0.224322220041547,0.165932953503102,0.0928953565894658
"ANAPC1","turquoise","turquoise",0.184109472439513,-0.0635935787542177,0.128062814970039,0.100281076424687
"TMEM87B","grey","grey",0.0859183859518724,-0.0149238377128155,0.0792583628738365,0.0338740885573589
"FBLN7","grey","grey",-0.0176906333858414,0.0894198310107693,0.0833769966886157,0.0636828037219238
"ZC3H8","turquoise","turquoise",0.178482132965546,-0.0585583453061431,0.121737871772125,0.0624662085279178
"ZC3H6","turquoise","turquoise",0.133549155657911,-0.0491527508257247,0.0840194610637682,0.0402553986473724
"TTL","turquoise","turquoise",0.113570481719252,0.00429225544872003,0.140546551961462,0.149448464882359
"CHCHD5","grey","grey",-0.0378012691507032,0.0850304900123927,0.0462050374661143,0.0579451700145688
"SLC20A1","blue","blue",-0.0450848064151647,0.126653271727552,0.0990234533460868,0.0716010312725858
"CBWD2","grey","grey",0.0851103943654999,-0.00866781729131504,0.0783471867519105,0.0552401168450487
"SLC35F5","turquoise","turquoise",0.186619980473888,-0.0970156292693656,0.102561997841895,0.0499377009014805
"ACTR3","blue","blue",-0.0650513364381542,0.192764609318763,0.141639554489906,0.137571933812195
"DPP10","turquoise","turquoise",0.444074599345419,-0.25607303391872,0.161733372105234,0.0581350221283241
"DPP10-AS1","grey","grey",0.0119318613636876,0.0230886135420304,0.0366301512975186,0.0389823316516511
"DDX18","blue","blue",-0.0356201214066732,0.142846484781661,0.121172480284829,0.0870085253797953
"CCDC93","turquoise","turquoise",0.265049175722352,-0.138799584086865,0.134710660497907,0.0657111876684945
"INSIG2","grey","grey",-0.0236263979858219,0.100968814247457,0.100849497723332,0.107838811758999
"EN1","blue","blue",-0.115287043682778,0.227566202357423,0.131097770255896,0.11901752517899
"DBI","grey","grey",-0.0508717454721444,0.0744390688724142,0.0229230335926515,0.018940533475629
"CFAP221","turquoise","turquoise",0.204213531183141,-0.11518205131367,0.0859456542547194,0.0467117600913084
"PTPN4","turquoise","turquoise",0.298995336330135,-0.154073478094203,0.148181735390675,0.0947665228541048
"EPB41L5","turquoise","turquoise",0.239848196717669,-0.130940440845146,0.103616970061789,0.0339993876513082
"RALB","grey","grey",-0.0383151283909232,0.0852163804670804,0.0620596015109962,0.0971749913262871
"CLASP1","turquoise","turquoise",0.256178678295233,-0.0984860027898123,0.171512915925561,0.0979448402744165
"NIFK","grey","grey",-0.0316162249279991,0.0673983996476953,0.0453850122700054,0.0301370040907581
"TSN","blue","blue",-0.109151335009288,0.223840250587575,0.123048425505006,0.104988362599877
"CNTNAP5","turquoise","turquoise",0.50633461055327,-0.319094332185316,0.151056746052164,0.0373245578267704
"BIN1","blue","blue",0.00222634670164423,0.139689331382951,0.155450986596682,0.101312007340987
"CYP27C1","grey","grey",0.136923311399226,-0.0211311187799645,0.133474803524302,0.0925037169947704
"ERCC3","grey","grey",0.0694551671101481,0.0525794609765706,0.141207691743632,0.114063815552737
"MAP3K2","turquoise","turquoise",0.211905774807938,-0.0761583336724357,0.147691945817719,0.103872274896627
"IWS1","grey","grey",0.110269528106852,-0.0147231557786515,0.10085031624858,0.0454688122156839
"WDR33","turquoise","turquoise",0.15825639734396,-0.0478002795654222,0.124880015670126,0.0972204201322818
"SAP130","grey","grey",0.130372587920838,-0.0400671495384365,0.0996038030041547,0.036551390202359
"UGGT1","grey","grey",0.0486194257869854,0.0413671598054145,0.112824547836222,0.0553014283551969
"HS6ST1","grey","grey",0.0125708300567055,0.0818385021214769,0.132932916951167,0.118525871617844
"SMPD4","turquoise","turquoise",0.231040433260937,-0.110697016817607,0.136672393073679,0.0713355069255494
"MZT2B","blue","blue",-0.0967910967941314,0.182172058516103,0.0838709981115539,0.0876454413123549
"CCDC115","blue","blue",-0.0937701075014123,0.186289755752494,0.102282762241174,0.111404105613461
"IMP4","blue","blue",-0.104724926321117,0.195317117523742,0.0957229686702045,0.113059872207051
"PTPN18","grey","grey",0.035666583366701,0.0175213185061451,0.0541326658700835,0.0511124017073786
"CFC1","blue","blue",-0.0626653501038308,0.134126015615743,0.0732028725153728,0.0463852775937341
"AMER3","grey","grey",0.00828090744919539,0.0541332000129661,0.0818117555629372,0.0601921604446394
"ARHGEF4","grey","grey",0.106489681816373,0.023564990852147,0.140783051202077,0.0894976192030735
"FAM168B","grey","grey",-0.00391135199127965,0.111311946015662,0.135762337739861,0.154324394954746
"PLEKHB2","blue","blue",-0.263356259950107,0.384004297538547,0.13792221154174,0.181197709781858
"MZT2A","blue","blue",-0.0453518283143886,0.131668621980847,0.0796819801032247,0.0719823470591027
"ANKRD30BL","turquoise","turquoise",0.580713672465769,-0.390715036853487,0.181901968027552,0.0690761685857711
"NCKAP5","turquoise","turquoise",0.238887233121305,-0.181987212029837,0.0225530993680104,-0.0245298533431812
"MGAT5","turquoise","turquoise",0.179452731267683,-0.0341469048319841,0.148151887309904,0.105695085978805
"TMEM163","turquoise","turquoise",0.224728938135932,-0.1199410767571,0.0901643617508577,0.0312895943622649
"CCNT2","turquoise","turquoise",0.192786170326532,-0.0804345083193488,0.121056377529292,0.0771064804274576
"RAB3GAP1","blue","blue",-0.0808477343856681,0.273965957169469,0.192379266376016,0.132815200667122
"ZRANB3","turquoise","turquoise",0.240436035014629,-0.134091852648891,0.102699106358472,0.0495299588196099
"R3HDM1","turquoise","turquoise",0.425488538683517,-0.225290047490682,0.200883223890328,0.10968243104782
"UBXN4","grey","grey",0.0641038705475952,0.0500045966762113,0.149783583483504,0.114139749435076
"DARS","grey","grey",0.00402791289186055,0.0960207885423852,0.109675881982736,0.0407288264467456
"HNMT","grey","grey",0.0502100128850801,0.00901570158560757,0.0609905282878183,0.0263391503449176
"SPOPL","grey","grey",0.11755365072956,-0.0212452714978703,0.121497344741184,0.108077009290633
"LRP1B","turquoise","turquoise",0.671209312435626,-0.517848246144975,0.124701009524359,0.00874348098895331
"GTDC1","turquoise","turquoise",0.307109811260844,-0.170437785303835,0.123665830814156,0.0547389408367066
"ZEB2","turquoise","turquoise",0.159187843490032,-0.132410293746619,-0.00811001844524151,-0.0445765658039041
"ACVR2A","turquoise","turquoise",0.250554486727882,-0.137605668144874,0.118270646600148,0.0590908025769181
"ORC4","grey","grey",0.0644779035249174,0.0631048851546481,0.136630610622031,0.0872781979454542
"MBD5","turquoise","turquoise",0.581149031456016,-0.363349464967095,0.196083876279203,0.0791293463099206
"EPC2","turquoise","turquoise",0.216444893359987,-0.107376074428058,0.116777946174072,0.0578229107261616
"AC105402.3","grey","grey",-0.248453763130479,0.124775074721094,-0.078747767927936,0.122359110731721
"KIF5C","grey","grey",0.0224930512083715,0.151047976319563,0.235169267617634,0.281077862108609
"MMADHC","blue","blue",-0.0654136799320877,0.153046311048111,0.107448496934725,0.0792559676171427
"RIF1","grey","grey",0.0282926584687838,0.0621705255484126,0.121201072450046,0.0736164292429312
"NEB","turquoise","turquoise",0.377638545016709,-0.232805886370198,0.140717055402021,0.0678772092752808
"ARL5A","grey","grey",0.0693965612066577,0.0149062369254062,0.101158374784675,0.102418120033202
"CACNB4","turquoise","turquoise",0.564197154113966,-0.377143278593963,0.167119393933502,0.0533367373177634
"STAM2","grey","grey",0.118408624869921,-0.0160274139468683,0.12062811725739,0.0731967253046884
"FMNL2","turquoise","turquoise",0.394618125825891,-0.288938775239049,0.0784021419354031,0.00617034691550772
"PRPF40A","grey","grey",0.0793349558842683,0.0398456293041339,0.137231533650907,0.0779407251549815
"GALNT13","turquoise","turquoise",0.370971893202018,-0.228853505448794,0.11447220043792,0.0324656983172591
"LINC01876","turquoise","turquoise",0.428019568121076,-0.274523687903601,0.135761448340634,0.0557464656821795
"NR4A2","blue","blue",-0.118783251379699,0.232785569382793,0.155581096073899,0.125768032430001
"GPD2","turquoise","turquoise",0.152341780914286,-0.0445972048732695,0.119061325784531,0.0916255700940254
"ERMN","turquoise","turquoise",0.00425729694876395,-0.0622055937492512,-0.0601822416943451,-0.0378761497944199
"ACVR1","turquoise","turquoise",0.151077892798094,-0.0748621920383145,0.0817146843259532,0.0323288265784319
"CCDC148","turquoise","turquoise",0.310815197940278,-0.187866266273272,0.104993220365736,0.0426365123069222
"PKP4","turquoise","turquoise",0.315026426030716,-0.132530709538247,0.186206883713436,0.135445941580729
"DAPL1","grey","grey",0.0706526130337212,0.049809759335268,0.106928939371198,0.0501625667213025
"TANC1","turquoise","turquoise",0.122513766482699,-0.0820187956150113,0.0280409756689864,-0.0172213436412525
"WDSUB1","turquoise","turquoise",0.188612802496894,-0.0785796554453655,0.107769696211495,0.0369787071059152
"BAZ2B","turquoise","turquoise",0.326401017783162,-0.215498403427307,0.0980331610383603,0.0184011173564112
"MARCH7","turquoise","turquoise",0.223034308516562,-0.114119719316104,0.113012357231868,0.0581553735137029
"PLA2R1","turquoise","turquoise",0.436081801042637,-0.277423205095678,0.152502723162963,0.057007899195396
"RBMS1","turquoise","turquoise",0.237905161194047,-0.0665533751680674,0.195653130302485,0.12081959864432
"TANK","turquoise","turquoise",0.140124211210217,0.0192482325735768,0.174783241762969,0.119458635602349
"PSMD14","blue","blue",-0.0743415590366106,0.226215761977705,0.151487140189893,0.076531774781494
"SLC4A10","turquoise","turquoise",0.272088859420701,-0.0853684697937942,0.17820789958113,0.0611313758847217
"GCA","grey","grey",-0.0375537453902826,0.123194739721675,0.0881494552872354,0.0416928489916612
"KCNH7","turquoise","turquoise",0.438029510167214,-0.279298952531835,0.119497188006457,0.0345857052291957
"FIGN","turquoise","turquoise",0.17519115836986,-0.107850415190026,0.0605662451876558,0.0274554864907296
"SCN3A","grey","grey",0.119592481866559,0.0644922696174477,0.206711733088521,0.106073703047436
"SCN2A","blue","blue",-0.0148610626786268,0.186658895223542,0.203994805188914,0.117220024486615
"CSRNP3","turquoise","turquoise",0.118663127979247,0.0497195014743882,0.207006790052429,0.250449230021793
"TTC21B","turquoise","turquoise",0.223220803315888,-0.0880970622075313,0.129032749809861,0.0647687037959957
"SCN1A","grey","grey",0.102739216431788,-0.0383083265457325,0.0638594266160727,0.0203067680776176
"SCN9A","turquoise","turquoise",0.288642874849999,-0.125295953930967,0.177992683979902,0.0685302493898212
"SCN7A","grey","grey",0.0270671514866238,0.0882241077743078,0.139354074213505,0.0677417395241123
"AC073050.1","turquoise","turquoise",0.678280801451772,-0.476473411706066,0.17065142828976,0.0478478423196677
"AC016723.1","turquoise","turquoise",0.184227934561156,-0.0359867594765516,0.136915559243824,0.0977718331828743
"B3GALT1","blue","blue",-0.0933582111568798,0.160648800641679,0.113292163471088,0.133833616897809
"STK39","grey","grey",0.0838526205384831,0.0991151504083293,0.196817676538616,0.13727035142565
"CERS6","turquoise","turquoise",0.142008392401169,0.0477860371374079,0.222873886410571,0.18630262917757
"FASTKD1","turquoise","turquoise",0.247394321286426,-0.110517619378058,0.140743770502499,0.0693534067281803
"PPIG","grey","grey",0.0262927196766346,0.0949681636328734,0.146496335136266,0.108884315723564
"KLHL23","grey","grey",0.100828582774964,-0.0103672970425287,0.0989172951336186,0.062850958212507
"SSB","blue","blue",-0.173030268839351,0.290968479628035,0.132271615206743,0.083608959652536
"METTL5","grey","grey",0.00837112274271433,0.0506196843014833,0.0649958673733072,0.047261134973611
"UBR3","turquoise","turquoise",0.198455633415295,0.00157327017118044,0.220555064433514,0.13066825214826
"GORASP2","blue","blue",-0.0772006553916828,0.179193277972473,0.111798036717181,0.0708700215352521
"TLK1","turquoise","turquoise",0.172316005874202,-0.0177166737924116,0.175879523915671,0.162033489278452
"METTL8","grey","grey",0.128963224237113,-0.0248536484660121,0.111658498524941,0.0700522521253907
"DCAF17","turquoise","turquoise",0.131697467670016,-0.0602237688186189,0.0685886514041633,0.0548830697605458
"DYNC1I2","blue","blue",-0.018115113752854,0.167990866123987,0.161310547972141,0.103020054973027
"SLC25A12","turquoise","turquoise",0.247478169465374,-0.0212947448964367,0.217047905921574,0.0979703552404103
"RAPGEF4","turquoise","turquoise",0.31893201722842,-0.124185913373729,0.195574739996538,0.0934749006436772
"MAP3K20","grey","grey",0.0697820387070328,0.0527016169460647,0.141779055888512,0.161586270831776
"SP3","turquoise","turquoise",0.136433543917081,-0.0682433482595425,0.0747336932088545,0.0334688390223094
"OLA1","grey","grey",0.0376646345316653,0.154623343436559,0.183669069630469,0.091260722456919
"CIR1","grey","grey",0.0210406584150131,0.0851169913327625,0.130528945269583,0.0748731283039573
"SCRN3","grey","grey",-0.0144337369160628,0.138624254335454,0.132564003602487,0.0983088550145727
"GPR155","blue","blue",-0.0226254170178622,0.149386419326916,0.151359305689329,0.0744922818717224
"AC010894.3","blue","blue",-0.0656358627715984,0.132476961260213,0.0655225737445845,0.0459738055240859
"WIPF1","turquoise","turquoise",0.111782020592776,-0.087938467707112,0.0126315325039838,-0.00987652805218123
"CHN1","blue","blue",-0.12400877249896,0.287268602477022,0.175554300840256,0.204316930712319
"ATF2","grey","grey",0.041687237467142,0.0800573031928008,0.146207734260862,0.136069264221648
"ATP5MC3","blue","blue",-0.237337209030708,0.366944048744877,0.10775166508753,0.085340883882691
"LNPK","blue","blue",-0.118820887293655,0.267158405346083,0.159312986374242,0.110653078370196
"MTX2","grey","grey",0.0131603058775974,0.127273616877,0.143542538538663,0.0811633695539497
"HNRNPA3","blue","blue",-0.0459983497864626,0.18628627396284,0.154256574312127,0.0954101124153335
"NFE2L2","turquoise","turquoise",0.227859837265742,-0.098798203469114,0.139845689270937,0.0787451699270173
"AGPS","turquoise","turquoise",0.119767602229347,0.022995184467025,0.15641467540442,0.11502520215666
"RBM45","turquoise","turquoise",0.167239346602775,-0.0670237781884928,0.100153730975541,0.0214279028636824
"OSBPL6","turquoise","turquoise",0.34876860690731,-0.17248155265779,0.181651585220452,0.0880760973842744
"AC009948.1","turquoise","turquoise",0.115039183901401,-0.0595271066034706,0.0593761185114102,0.0354063901132144
"PRKRA","grey","grey",0.0461675530898023,0.0686272521945892,0.12603005009294,0.0741661631207092
"PLEKHA3","blue","blue",-0.0901620370522449,0.207566549721857,0.136952708019882,0.174791146392222
"TTN-AS1","turquoise","turquoise",0.41898407442378,-0.274004483502882,0.1343954169119,0.0525434930927596
"TTN","grey","grey",0.0904841271148129,-0.032667013641402,0.0601915415731639,0.0329384613229096
"SESTD1","turquoise","turquoise",0.201272692109403,-0.0697725021377507,0.145877368820755,0.0979765706773033
"ZNF385B","turquoise","turquoise",0.349259448799421,-0.207574775444189,0.126842395495489,0.0413641361844859
"CWC22","grey","grey",0.0782257024551041,-0.0118504217566569,0.084348473166519,0.0687816279489089
"UBE2E3","blue","blue",-0.0280919364668253,0.163123049991702,0.151101000587902,0.123054349597925
"SSFA2","turquoise","turquoise",0.195661349010678,-0.123004543287796,0.0737553337158834,0.0391923341862112
"PDE1A","turquoise","turquoise",0.274394569779009,-0.0797342151269393,0.194008150372441,0.100089538042453
"DNAJC10","grey","grey",0.00167625415249302,0.115163722230633,0.135553984922576,0.0903575052312102
"NCKAP1","blue","blue",-0.0723332767126742,0.210584347602547,0.175258269556214,0.192817788353626
"ZNF804A","turquoise","turquoise",0.346135923231901,-0.208747858687231,0.120717571798482,0.0490558762633895
"ZC3H15","blue","blue",-0.217507577426747,0.376212714710165,0.147997072781335,0.0743420082793602
"ITGAV","grey","grey",0.0636729593869242,0.00558784073691249,0.0691946809866756,0.0163907524968769
"FAM171B","grey","grey",0.0368268730094685,0.0445218639407726,0.108647994207256,0.0666888420262671
"WDR75","grey","grey",0.0418975284156224,0.0403250253655103,0.0959053615900759,0.048382154396531
"ASNSD1","blue","blue",-0.0784171508375954,0.183913585142737,0.1178535668674,0.0996029821705376
"ANKAR","turquoise","turquoise",0.244504889992415,-0.147799944450352,0.0861368536058806,0.0299064045978108
"ORMDL1","grey","grey",0.016128169888712,0.0771119002077471,0.109877763727956,0.0811373837338027
"PMS1","turquoise","turquoise",0.198132937166237,-0.102237890803006,0.0980381657269095,0.0384365330670059
"C2orf88","grey","grey",0.0522065305692432,0.0555655716005814,0.116985620981911,0.0731856868773851
"HIBCH","turquoise","turquoise",0.329353972147181,-0.113342622096288,0.206531485769111,0.0788519037365983
"INPP1","grey","grey",-0.0026405483951194,0.107179828239741,0.115695323231114,0.0570755839535305
"MFSD6","blue","blue",-0.289113250702186,0.416695961650089,0.146886487928894,0.10939752564097
"NAB1","grey","grey",-0.00849765632467068,0.109863671080563,0.129421200083916,0.144057683815163
"GLS","blue","blue",-0.0862108893216958,0.2908344861933,0.185964173048905,0.0720486130290286
"STAT1","blue","blue",-0.148539963910115,0.27931907476349,0.125847495704252,0.0614263490672574
"TMEFF2","turquoise","turquoise",0.276793448552848,-0.107016228251858,0.181227494051204,0.114377228796055
"SLC39A10","blue","blue",-0.128906112019775,0.270498725141429,0.162931958356576,0.0998798208698402
"DNAH7","turquoise","turquoise",0.166023476059045,-0.12842573463301,0.0411292422499335,0.0141367039318348
"HECW2","turquoise","turquoise",0.449182598508247,-0.239581077675858,0.204852591573017,0.104054948169143
"GTF3C3","grey","grey",0.0490801965571769,0.0311752499951031,0.0996283800036351,0.0369328808805521
"PGAP1","grey","grey",0.0668160661592933,0.0688172997883823,0.17755034969879,0.123682722874847
"ANKRD44","turquoise","turquoise",0.398958370370291,-0.251137127977622,0.134123271166733,0.0495611835299314
"SF3B1","blue","blue",-0.0707115746851945,0.164234598170422,0.110618329695238,0.0182711940866019
"COQ10B","blue","blue",-0.0956750265706243,0.193309331135038,0.104871998602174,0.0691994425200821
"HSPD1","blue","blue",-0.288106670445624,0.427680538184859,0.140684378534199,0.0547238648233873
"MOB4","blue","blue",-0.107460193538053,0.207833816954805,0.110742006302625,0.107217909629381
"PLCL1","turquoise","turquoise",0.207610916508326,-0.175975990804545,0.00237077601013412,-0.0336354499997685
"FTCDNL1","turquoise","turquoise",0.17034974432102,-0.0900300758486556,0.0688227428468793,0.0605184910091395
"C2orf69","grey","grey",-0.012318509613431,0.0729860206911457,0.0913752366940838,0.10145738346701
"MAIP1","grey","grey",0.0294360259626652,0.0434455948490642,0.0731619619400244,0.039156444654524
"SPATS2L","grey","grey",0.153541581492752,0.00879401980381486,0.18696134016297,0.098068392903953
"BZW1","blue","blue",-0.128219962676667,0.228649442117875,0.119292678481865,0.139880614515068
"CLK1","turquoise","turquoise",0.223355346086271,-0.136566255257966,0.0877314365442369,0.00749152557288253
"PPIL3","grey","grey",0.0584160339870582,0.0252198922389476,0.075873392706618,0.0433331449530326
"NIF3L1","blue","blue",-0.050467292947554,0.119426504491859,0.0714534592523045,0.0203837419014465
"ORC2","turquoise","turquoise",0.194438601778557,-0.0871565063920032,0.095156178993662,0.0434409379240857
"FAM126B","grey","grey",0.117880566913534,0.0255012405606976,0.181152103777628,0.188814000876221
"NDUFB3","blue","blue",-0.137969151216101,0.232600600674349,0.0816602338151753,0.0491954411678119
"CFLAR","grey","grey",0.108717384674075,-0.0259608079804522,0.089899183688389,0.0542712306446465
"TRAK2","turquoise","turquoise",0.207658996174767,-0.0586730556037872,0.159647551503283,0.143654017366966
"STRADB","grey","grey",0.109997454440832,-0.0182144401284314,0.098747483052723,0.0559391995274411
"TMEM237","blue","blue",-0.0757188922229431,0.146767659058138,0.0775639121495053,0.0580957362295608
"ALS2","turquoise","turquoise",0.223240473425732,-0.106317406913193,0.116417173948985,0.0679341966974245
"KIAA2012","turquoise","turquoise",0.244862455623958,-0.163882675873642,0.0758159059253287,-0.000360206081392523
"SUMO1","blue","blue",-0.0662560964452062,0.162358364194325,0.0989460316909519,0.0972529380778049
"NOP58","turquoise","turquoise",0.167189647064375,-0.0435469219938834,0.133398309795581,0.0811236825993237
"BMPR2","grey","grey",0.099642702566334,0.0667781677892345,0.205591160550496,0.219435156075953
"FAM117B","turquoise","turquoise",0.194000546298858,-0.101011742910059,0.0995794467759656,0.0594699686167934
"ICA1L","turquoise","turquoise",0.33677769353768,-0.189686532519497,0.152907650472705,0.0836506802643255
"WDR12","grey","grey",0.0261242428773393,0.0673263180010164,0.107672661593331,0.102883192780061
"CARF","turquoise","turquoise",0.130071801654744,-0.0607327665434287,0.0693604972307183,0.052177895260733
"NBEAL1","turquoise","turquoise",0.276980249694612,-0.131820324286506,0.134862799304973,0.0790285820609188
"CYP20A1","turquoise","turquoise",0.220559231075931,-0.130012171387358,0.0955242988043844,0.0510819556620846
"ABI2","grey","grey",0.123400223562863,0.0444354937125389,0.195813955760658,0.176012897456605
"RAPH1","grey","grey",0.0354271353989638,0.0973679473075936,0.167139203038239,0.155742729317548
"PARD3B","turquoise","turquoise",0.159661620943788,-0.116487354278398,0.0195162374435149,-0.0207047437626103
"INO80D","grey","grey",0.0629630165823051,0.0154229548240992,0.0740330529723685,0.00934408532380487
"NDUFS1","blue","blue",-0.142633763380214,0.302085063773162,0.176491620878961,0.139873758737034
"EEF1B2","blue","blue",-0.115389773696317,0.191235311823262,0.0653312503816957,0.0505452640847639
"ZDBF2","grey","grey",0.0488826886486258,0.0526408952812373,0.133058067704243,0.117696706120859
"ADAM23","turquoise","turquoise",0.224812715907555,-0.0240012902606814,0.213796726949169,0.120307102949658
"FASTKD2","grey","grey",0.0898629460131033,0.0185186964009765,0.106809060537116,0.0566540517129783
"KLF7","turquoise","turquoise",0.133585248841794,-0.00759874930872056,0.152414910339115,0.148926099296143
"CREB1","turquoise","turquoise",0.173984203685421,-0.0585318092679966,0.124187633005184,0.0822800953124245
"METTL21A","grey","grey",0.0559513126990644,0.0220046196050336,0.0879289583723938,0.0698468102126493
"CCNYL1","turquoise","turquoise",0.165124839336194,-0.0833772855087661,0.0852548564029351,0.0511512147743543
"PLEKHM3","grey","grey",0.0738161575454799,0.0739822591685993,0.191069550202677,0.203492840048246
"CRYGD","blue","blue",-0.0548292118112502,0.124655965237668,0.0627978854036808,0.0472698140924005
"C2orf80","blue","blue",-0.0743519345506535,0.2102246437423,0.130678474882546,0.0905995417039005
"IDH1","grey","grey",0.0524369162556379,0.0440589385308329,0.115642716104495,0.0678838583504292
"PIKFYVE","turquoise","turquoise",0.140212383259752,-0.0434534876367768,0.117386049642116,0.108670647029457
"MAP2","turquoise","turquoise",0.239782343739208,-0.0656502113165775,0.221029736502699,0.294723701784868
"UNC80","turquoise","turquoise",0.293157202107824,-0.114474374081287,0.217695549251306,0.230010986083463
"RPE","grey","grey",0.0956898417835978,-0.00765263437282613,0.093942216940309,0.0594598892208084
"KANSL1L","turquoise","turquoise",0.396509031367138,-0.22929123680709,0.16366812993676,0.0684138316490078
"LANCL1","grey","grey",-0.0181072181752403,0.159143106881415,0.158906784069873,0.152583453541011
"ERBB4","turquoise","turquoise",0.545133219007593,-0.355994005037524,0.181274810252988,0.0754155908468183
"SPAG16","turquoise","turquoise",0.358370239976134,-0.170393226919025,0.192592008815996,0.114772802893473
"VWC2L","turquoise","turquoise",0.343683355872285,-0.175993106346757,0.182709619645412,0.10881847422352
"ATIC","grey","grey",-0.03272519038292,0.130275498186779,0.11810048927913,0.0647592779220971
"MREG","grey","grey",0.12905471336254,-0.0437622766375824,0.0898035110139405,0.0612585564563944
"PECR","turquoise","turquoise",0.165764511589196,-0.0915959028665686,0.0766501865623232,0.0371163696710324
"TMEM169","grey","grey",0.0798374678941868,0.00722346150959366,0.112982486580011,0.0874484043913579
"XRCC5","blue","blue",-0.174690694790335,0.34553639211275,0.161078097196268,0.0892485247905567
"LINC01963","grey","grey",-0.0406319367860061,0.102684888644535,0.0741400533290463,0.106113094826506
"MARCH4","turquoise","turquoise",0.290483214071929,-0.166701507244003,0.131435281745433,0.0746433643016195
"SMARCAL1","grey","grey",0.149483974696381,-0.0382623832502266,0.128765447368727,0.0655502471110392
"RPL37A","blue","blue",-0.0415472636392847,0.088594934445361,0.0442794937571745,0.0321805895867741
"DIRC3","turquoise","turquoise",0.480481884144469,-0.303561598526424,0.164249679053864,0.0577852286258108
"TNS1","grey","grey",0.10621773241294,0.000473383900076074,0.128225699136163,0.0685903730885632
"ARPC2","blue","blue",-0.0478994055893371,0.178326814264673,0.140833670642211,0.11180488591321
"AAMP","blue","blue",-0.123456360147485,0.244707198077979,0.114483573902038,0.0682469930051984
"PNKD","blue","blue",-0.076356789772228,0.186489077730516,0.114635011419821,0.0831971449848032
"USP37","turquoise","turquoise",0.168718852269871,-0.0826432230501507,0.0912326031777499,0.0489259102917765
"CNOT9","turquoise","turquoise",0.0902291791216414,-0.0143296042929565,0.0799716897666722,0.0537986019301111
"BCS1L","grey","grey",-0.0528554874428468,0.104923516470781,0.0547633138518961,0.0413827895103309
"RNF25","grey","grey",-0.029640895801437,0.0929698220142884,0.0719076351691218,0.0305921802505303
"CDK5R2","blue","blue",-0.182180486670378,0.283215269615758,0.123465619402067,0.124268348687676
"CNPPD1","grey","grey",-0.0290750526386717,0.073543940754258,0.0571983126355316,0.0503662747577697
"RETREG2","blue","blue",-0.23279117753683,0.361094504352506,0.138270408900607,0.126753010531782
"ZFAND2B","grey","grey",-0.024259318915435,0.0611614639362551,0.0450358191982317,0.0386328807159091
"ANKZF1","grey","grey",0.0594782836073635,-0.00864400497637948,0.061673097430083,0.0228402382777615
"STK16","grey","grey",-0.0517645516544735,0.106731011996201,0.0608956177854994,0.0660973682421724
"TUBA4A","blue","blue",-0.413035837844717,0.545157035837334,0.117727853747433,0.0703975615425145
"DNAJB2","blue","blue",-0.0936745495630069,0.188910077253431,0.109148088488797,0.0950665364283047
"PTPRN","blue","blue",-0.321654093736229,0.46551572506618,0.126742160753862,0.0246898530844034
"SPEG","grey","grey",0.122906705337895,-0.0541756567440659,0.0766830881665878,0.0319193132810217
"CHPF","blue","blue",-0.147118501727822,0.247277736664158,0.0942883206968828,0.0376254812571902
"OBSL1","blue","blue",-0.0779457145724786,0.155691251054212,0.0827878452346019,0.0512135859547533
"SLC4A3","blue","blue",-0.143060955200826,0.258560845501359,0.131245296404524,0.102300970140624
"SGPP2","grey","grey",0.122047017170905,-0.044521196039304,0.0890443507088753,0.0562578574871014
"FARSB","blue","blue",-0.0129342310887419,0.174388928206345,0.155836858280501,0.0726266640811112
"ACSL3","blue","blue",-0.19914972142011,0.322926239776287,0.149553770844847,0.081874696112898
"SCG2","blue","blue",-0.625315295100926,0.609905593249351,-0.0343833225990703,-0.0574472455648974
"WDFY1","grey","grey",0.0578614828157398,0.0486940330698979,0.130365877999264,0.106817833981362
"MRPL44","blue","blue",-0.068172246323935,0.14531292815886,0.0923390084362479,0.059457247084303
"SERPINE2","grey","grey",-0.068206099154364,0.137615505723168,0.0775755639120538,0.0561252793777874
"CUL3","blue","blue",-0.0522190235951905,0.201882847558406,0.1633700676562,0.0853706467702508
"DOCK10","turquoise","turquoise",0.342510528629833,-0.208154100819595,0.101900309200703,0.0433318606718471
"NYAP2","turquoise","turquoise",0.497922443948204,-0.306484499653367,0.178691341403457,0.0787686909700816
"AC016717.2","grey","grey",-0.00632544270969945,0.0893378297838717,0.119896633373734,0.120661169449932
"IRS1","grey","grey",0.066489850834001,0.0267570594084988,0.112937288833944,0.0823148117748041
"RHBDD1","turquoise","turquoise",0.251096666979034,-0.158883634825911,0.0850336604839282,0.0316923755139336
"MFF","grey","grey",0.0334844665392818,0.0942268967362771,0.140590706282706,0.0983005897190566
"AGFG1","grey","grey",0.146112340551852,-0.00382455118033276,0.154650103930662,0.0841835523535992
"PID1","turquoise","turquoise",0.400001168748223,-0.167242822384659,0.222304648773762,0.129892519120883
"DNER","blue","blue",-0.383385199504216,0.50281921886853,0.0872885598021917,-0.0142887270110794
"TRIP12","grey","grey",0.069161286082526,0.0910830384701607,0.184669699294116,0.126643909378799
"SLC16A14","grey","grey",0.0489120954530912,-0.0056134377166362,0.0627605871675291,0.063190812885948
"CAB39","blue","blue",-0.0558600779968503,0.205510152052519,0.176242017189858,0.16376892728697
"ITM2C","blue","blue",-0.210705988097019,0.317754284227432,0.0936728879904134,0.0509294150879215
"C2orf72","grey","grey",0.0906205939581387,-0.0259080633673174,0.0695053103464507,0.0587496246054705
"PSMD1","blue","blue",-0.130554332703465,0.290899788579262,0.174169498206941,0.0827629010161612
"ARMC9","grey","grey",0.0777983531137916,0.0489222545459854,0.131319894117613,0.071483668911977
"NCL","blue","blue",-0.246490454850503,0.370557902276564,0.12263680652286,0.0551511593721753
"PTMA","blue","blue",-0.163201983399144,0.179963453828677,0.0342503068646207,0.0756785268042239
"PDE6D","grey","grey",0.0818780048114868,-0.00118181011776955,0.0840627081574846,0.0488641450824703
"COPS7B","grey","grey",0.0842862330397287,-0.0111585858268538,0.0821980186430456,0.0526506452878643
"DIS3L2","turquoise","turquoise",0.309827279621925,-0.152648261878229,0.150427934811266,0.0581784366826066
"EIF4E2","grey","grey",0.0200704773317036,0.0572703492886576,0.0942952817271423,0.0873853441074914
"EFHD1","turquoise","turquoise",0.0786111678331122,-0.076321585059258,-0.010905157803327,-0.0304528632154744
"GIGYF2","turquoise","turquoise",0.265535438434594,-0.112865495248272,0.164151738010226,0.0803789838723608
"SNORC","turquoise","turquoise",0.0943005973226462,-0.0661059605241948,0.0238620150651333,0.0100293634350483
"ATG16L1","grey","grey",0.0707169509545838,0.0113079842744669,0.0900598900277919,0.0371554722846616
"DGKD","turquoise","turquoise",0.204912190070262,-0.101964619035202,0.111350488705982,0.0578555535577251
"USP40","turquoise","turquoise",0.29731672323779,-0.204096186726837,0.0799403365298375,0.0301393180235242
"ARL4C","blue","blue",-0.108946605681159,0.211876597041843,0.131269980886251,0.177552477507392
"AGAP1","turquoise","turquoise",0.469885980122103,-0.254750941498218,0.221498111150495,0.152109656151948
"IQCA1","turquoise","turquoise",0.172775800901146,-0.0860402885614944,0.0880105708152814,0.0213619930134457
"COPS8","blue","blue",-0.193091339923859,0.31115399481827,0.115049364849377,0.0854741513795921
"LRRFIP1","turquoise","turquoise",0.276698766387324,-0.099850073418692,0.186635055118466,0.088721567315562
"RAMP1","blue","blue",-0.0479587661727255,0.0957629385068574,0.0448592544057563,0.0252488794307704
"ILKAP","turquoise","turquoise",0.180124676285293,-0.0538863292679234,0.116454326537666,0.0459348479891364
"TRAF3IP1","turquoise","turquoise",0.135186725343997,-0.0169245071799141,0.137101468154774,0.12831743564957
"ASB1","grey","grey",-0.0468063533652527,0.123547702121873,0.112626176363276,0.161630881077637
"HDAC4","turquoise","turquoise",0.416507535947777,-0.259562105696384,0.159041344585514,0.0627074468742772
"NDUFA10","blue","blue",-0.102917857267381,0.294261909282216,0.177247318797424,0.118567623619599
"COPS9","blue","blue",-0.103250922158605,0.172023136164984,0.0523588245319588,0.0493527134801729
"GPC1","grey","grey",0.0657311601365534,0.0234409561933899,0.112955005038834,0.0641587178492762
"KIF1A","blue","blue",-0.181865122894061,0.329379079677807,0.18688276205705,0.237745163955312
"MTERF4","grey","grey",0.0723302039545402,0.0154828776916979,0.0918755406930174,0.0568650336470718
"PPP1R7","blue","blue",-0.0531403021594832,0.1804801230074,0.129111203227106,0.105876556598095
"HDLBP","blue","blue",-0.162469641299569,0.33267104518728,0.177434466844601,0.114949738177353
"SEPT2","turquoise","turquoise",0.192218865738939,-0.0636980343564755,0.138538933116296,0.078020071698606
"FARP2","turquoise","turquoise",0.24060107575311,-0.117338872435268,0.118157363700649,0.0429200954333304
"STK25","blue","blue",-0.0983481724381281,0.210558222365855,0.143102951407498,0.134721281940258
"THAP4","blue","blue",-0.019867119533548,0.128613851455724,0.115648358646269,0.0820155847987151
"ATG4B","grey","grey",0.020391466022278,0.112128871793086,0.149256134376558,0.0804506318616007
"ING5","grey","grey",0.0715192194799773,0.0103538677080664,0.0915057715934277,0.0525010669047322
"D2HGDH","grey","grey",0.0240403118147735,0.0424171245128378,0.0733115517664235,0.0381796817465787
"CHL1","grey","grey",0.00488106114346518,0.145258943467998,0.174438538902047,0.0607465634125037
"CNTN6","turquoise","turquoise",0.323580148119102,-0.136393960726843,0.179555380566727,0.0740832632484656
"CNTN4","turquoise","turquoise",0.360972748462286,-0.152049167971423,0.208872814154355,0.108355734538162
"TRNT1","grey","grey",0.0228453960910352,0.0852795635602054,0.11405684310943,0.0715956247092194
"CRBN","blue","blue",-0.0866416113914576,0.235460175368247,0.164072899691811,0.114074746704655
"SUMF1","turquoise","turquoise",0.273732433882885,-0.13850007550886,0.12068448510125,0.054942608143997
"ITPR1","turquoise","turquoise",0.156988376871991,0.0130737940548375,0.210225313973502,0.184820688371953
"BHLHE40","grey","grey",-0.0287735233117233,0.0796580895004814,0.0734143951628176,0.0715628370023691
"ARL8B","blue","blue",-0.157479956605107,0.293865201559863,0.148327764235632,0.140445827578641
"GRM7","turquoise","turquoise",0.313816633776733,-0.2029285100948,0.110071849728156,0.0399890064304391
"LMCD1-AS1","turquoise","turquoise",0.386629020120801,-0.260648556188783,0.0949761230198383,0.0162698942056261
"RAD18","turquoise","turquoise",0.227278030942008,-0.11295580470633,0.113249297746789,0.0571519414261837
"SRGAP3","turquoise","turquoise",0.299209696976508,-0.0931051243718093,0.211954385221794,0.138995429279975
"THUMPD3-AS1","turquoise","turquoise",0.309532570911993,-0.179945482897778,0.127042327784259,0.0582937430450132
"THUMPD3","blue","blue",-0.042797217324938,0.12235394733729,0.0886705491591595,0.0547274167257648
"SETD5","turquoise","turquoise",0.394639200983323,-0.23928658470189,0.153507961251444,0.0679711558669973
"LHFPL4","grey","grey",0.141554488089112,-0.026646075012921,0.137993369362652,0.0981028934228597
"MTMR14","grey","grey",0.0985760203876726,-0.023753750946675,0.0894273807710122,0.0589717812423939
"CAMK1","grey","grey",-0.0417885756530185,0.118194956558945,0.0714319506637842,0.042955316770906
"TADA3","grey","grey",-0.0137583556674008,0.0980391880232409,0.0946173783139891,0.0647332177515635
"RPUSD3","blue","blue",-0.0374052643643703,0.108246557460799,0.0658401599149147,0.0581213576403795
"JAGN1","blue","blue",-0.0694267522925184,0.12442502599971,0.0589697635317879,0.0406955141664947
"CRELD1","blue","blue",0.0110762177050834,0.100310633084557,0.10932628771985,0.0441045231022922
"PRRT3","blue","blue",-0.0892035036359751,0.147938511689604,0.0729312137097637,0.0312926252641322
"EMC3","blue","blue",-0.093528548253373,0.199545407664839,0.125539098650148,0.0949342934426246
"BRK1","blue","blue",-0.112328436763505,0.220779243891138,0.110009796269877,0.0945522960526568
"SEC13","grey","grey",0.000641527863314687,0.0750910867690985,0.091211796288318,0.0319166319064266
"ATP2B2","grey","grey",0.0964372639661074,0.0643066658920596,0.204682413429792,0.0982830944918951
"SLC6A11","grey","grey",0.0527966714234172,-0.0269388088671477,0.0328953092945509,0.0229103313226638
"SLC6A1","blue","blue",-0.0825704169726484,0.163092159892967,0.0951794194898768,0.0344284138865996
"ATG7","turquoise","turquoise",0.322597456185528,-0.12946369981137,0.182844685718331,0.0832832370667237
"VGLL4","turquoise","turquoise",0.182207464496326,-0.0705769991624816,0.113035027956506,0.0580774881636107
"TAMM41","turquoise","turquoise",0.202267743347165,-0.103548752601927,0.0987663800610165,0.0351264267992595
"SYN2","grey","grey",0.106212897173609,0.0125780960156396,0.114440074533989,0.0521524696606161
"TSEN2","turquoise","turquoise",0.266841015526392,-0.151806078534403,0.111771229163776,0.0394790504280153
"MKRN2","grey","grey",-0.0439656090911403,0.114387845376677,0.0852404101493509,0.0427648877103855
"RAF1","turquoise","turquoise",0.207073509589901,-0.0977808447141769,0.114933343088816,0.056074698614603
"CAND2","grey","grey",0.0484952231697029,0.0368740744100975,0.108542028988372,0.0718168340533693
"RPL32","blue","blue",-0.0906554587321807,0.135046980457673,0.0376396795927119,0.0383897087660783
"IQSEC1","grey","grey",0.0300924268729087,0.119604382794661,0.186394124457022,0.117602267555737
"NUP210","turquoise","turquoise",0.250091919547265,-0.131642531553191,0.134084010904823,0.054746237187754
"HDAC11","blue","blue",-0.0843145451867525,0.17012152148063,0.0907834558440417,0.0951911627589162
"CHCHD4","grey","grey",-0.0418333970530181,0.0868695312458054,0.0470266485660965,0.0551936682704884
"XPC","grey","grey",0.0797843417960882,-0.00250471840713825,0.101124975421205,0.0470915486787648
"LSM3","grey","grey",-0.044607736072502,0.11303887396341,0.0731219072729527,0.0659748082994698
"CCDC174","grey","grey",0.0608751197550541,-4.82655556277021e-05,0.0656878885218788,0.0465406684771551
"FGD5-AS1","grey","grey",-0.00323106112686434,0.0454766682528085,0.0621399339689707,0.0811599232127938
"NR2C2","turquoise","turquoise",0.175083240402116,-0.0715534013109901,0.118835941264924,0.0920960552443722
"MRPS25","blue","blue",0.0176283066546431,0.145173023972745,0.163770025664155,0.122318364262877
"RBSN","grey","grey",0.0322284785957041,0.0296022270661448,0.0806492277254575,0.0864177828018769
"CAPN7","turquoise","turquoise",0.184695048027923,-0.0645804872998546,0.124691432309423,0.0647936198030798
"SH3BP5","grey","grey",0.0418413971033649,0.0840428467709591,0.142151852460655,0.0807020580399546
"METTL6","grey","grey",0.135694769759183,-0.0340284006883632,0.117042852967586,0.0831810244406543
"EAF1","blue","blue",-0.0997972249932957,0.187685473494899,0.103229454102744,0.115503802230466
"COLQ","turquoise","turquoise",0.373970637685585,-0.255013049340139,0.113614988599213,0.0322558031083744
"HACL1","turquoise","turquoise",0.252474950773769,-0.144363471911265,0.101848775672075,0.0420702807199906
"ANKRD28","turquoise","turquoise",0.304983340067143,-0.169963440616596,0.131541429313142,0.0683164909674798
"DPH3","grey","grey",-0.0460502401644133,0.111587785422127,0.0815717622197595,0.0796049295019419
"OXNAD1","turquoise","turquoise",0.200038753979287,-0.100671031893266,0.101128972561591,0.0647209345101806
"RFTN1","grey","grey",0.101807944559819,-0.0157740084948101,0.0974537779430055,0.047190364374094
"PLCL2","turquoise","turquoise",0.203976584627053,-0.0615789643643868,0.149837009940157,0.079624401952875
"TBC1D5","turquoise","turquoise",0.368810856428023,-0.173755815065201,0.177988747548118,0.0824715780509567
"KCNH8","turquoise","turquoise",0.400736271084611,-0.252637585361282,0.124503311914973,0.0448287506349651
"RAB5A","blue","blue",-0.0341502261694718,0.152301791919856,0.136603114805565,0.136238240351424
"KAT2B","turquoise","turquoise",0.276185693689081,-0.168720875413329,0.100429089076426,0.0434814783771117
"ZNF385D","turquoise","turquoise",0.270069328590699,-0.0653270043970612,0.227764257599506,0.217323828749058
"UBE2E2","turquoise","turquoise",0.413549364144871,-0.211181931720533,0.1734343023526,0.0704521831390602
"UBE2E1","grey","grey",0.114306271664515,-0.0148751241863808,0.102108827190234,0.0582693017293304
"NKIRAS1","blue","blue",-0.117416041944447,0.223800452996776,0.106367882106997,0.0909590041928025
"RPL15","blue","blue",-0.294756883451601,0.390875505531916,0.0927895732025076,0.106564853570327
"NR1D2","grey","grey",-0.0126042394410774,0.116956710999183,0.142596617635165,0.135622243381957
"THRB","turquoise","turquoise",0.405314885966919,-0.257616948320564,0.139976067045535,0.0540027392206775
"TOP2B","grey","grey",0.0357728858370018,0.0713201099092176,0.129220796143447,0.130932031039295
"NGLY1","turquoise","turquoise",0.199003340759094,-0.0702798586693718,0.134614175710513,0.0524673417422175
"LRRC3B","turquoise","turquoise",0.256379735812072,-0.0738973784119915,0.182335018476143,0.107405602840465
"NEK10","turquoise","turquoise",0.164170268529372,-0.0269071051220198,0.137865788971842,0.100265503663806
"SLC4A7","grey","grey",0.117785100150475,-0.0230211192407279,0.110532207728365,0.0587178900815107
"CMC1","turquoise","turquoise",0.172418084994364,-0.0722021080680712,0.0839766916829547,0.0221353116419442
"AZI2","grey","grey",-0.0325182319933653,0.134871079578579,0.13794879576991,0.14719160422706
"RBMS3","turquoise","turquoise",0.172679765867417,-0.0313797797041598,0.151642133581102,0.144397110793127
"TGFBR2","turquoise","turquoise",0.190774011045609,-0.0513786694194313,0.146874998306349,0.091954650937947
"STT3B","blue","blue",-0.0390023820768485,0.163818143896271,0.153139879945253,0.0844554341141788
"OSBPL10","turquoise","turquoise",0.233736068153013,-0.0386505152953952,0.210918856139326,0.140033461964879
"GPD1L","grey","grey",-0.0210061742172377,0.132266958485406,0.133867901015444,0.111713794435252
"DYNC1LI1","blue","blue",-0.182395553530071,0.333175306314852,0.151696279399841,0.071774253545314
"CNOT10","grey","grey",0.136701937850414,-0.0284323094740485,0.125763993155539,0.0638212764807937
"GLB1","grey","grey",0.0277422308511781,0.0976765143043428,0.137273897896342,0.0467136443343064
"CRTAP","grey","grey",-0.0111041692495448,0.0652309299329702,0.0684271945050285,0.0608178280177561
"FBXL2","turquoise","turquoise",0.248671430138525,-0.0572835016024497,0.199262085931277,0.132396508550911
"UBP1","turquoise","turquoise",0.131472002325986,-0.021505949404506,0.133182418845549,0.122493460020509
"CLASP2","turquoise","turquoise",0.188430657792063,0.0289653141301545,0.218532929138306,0.150114832542012
"PDCD6IP","blue","blue",-0.0474281890732262,0.21100092922986,0.169134806649906,0.0700427604842759
"ARPP21","turquoise","turquoise",0.189809413297828,-0.113748203980097,0.0576527969902371,0.00902613572925424
"TRANK1","turquoise","turquoise",0.232856141895819,-0.149368659374662,0.085419074218491,0.029724540226677
"EPM2AIP1","blue","blue",-0.036570911657694,0.165793890080691,0.153877907875502,0.114724162856894
"MLH1","grey","grey",0.0323681189687591,0.0521462886422136,0.0874459486215357,0.052043973650306
"LRRFIP2","turquoise","turquoise",0.297205077861567,-0.159230428835285,0.12965687388911,0.0498549939593915
"GOLGA4","turquoise","turquoise",0.161128694360912,0.00452344539307429,0.195919656203974,0.184187361325296
"CTDSPL","turquoise","turquoise",0.439593449502041,-0.266595928567778,0.173501075566558,0.0744842152131775
"ACAA1","blue","blue",-0.0739294905689232,0.189231674471859,0.109586996224452,0.0552539076399519
"OXSR1","turquoise","turquoise",0.158189896819136,-0.0479702086929601,0.125378447109044,0.0702277879646186
"XYLB","turquoise","turquoise",0.291133443071072,-0.169002078787612,0.122329011130686,0.0472202034986766
"ACVR2B","grey","grey",0.101272433142427,-0.0435638816487065,0.0697604974664748,0.0712962415159304
"EXOG","grey","grey",0.0616481734694823,0.0448843324703952,0.126533348575694,0.0951165853239732
"WDR48","grey","grey",0.0100716727922944,0.0840490323463851,0.112179660391837,0.0775955122187805
"GORASP1","grey","grey",-0.0501090258645094,0.100109690060963,0.0607149190912962,0.033181774752727
"SLC25A38","grey","grey",-0.0365642812527162,0.100563952290835,0.0783706812082195,0.0738519473149298
"RPSA","blue","blue",-0.124565593013947,0.220277046788892,0.104153332121317,0.122927044351892
"MOBP","turquoise","turquoise",0.112550968203843,-0.105474284194066,-0.0236274687835742,-0.0261678891675518
"MYRIP","turquoise","turquoise",0.453628378773477,-0.222549787494265,0.234479890960479,0.147985682698772
"EIF1B","blue","blue",-0.228733166014634,0.358960513794876,0.141857790822805,0.162810877564112
"ENTPD3","grey","grey",0.0234783282769515,0.0521604087812716,0.0824643421321583,0.0332299121184806
"RPL14","blue","blue",-0.1428326892139,0.228527661491924,0.0785491081322564,0.0728407531441887
"CTNNB1","blue","blue",-0.0446992609506942,0.165666980187743,0.126646963753147,0.0527029085287613
"ULK4","turquoise","turquoise",0.420783015659581,-0.250898531032376,0.163876352350301,0.0731369836894023
"TRAK1","turquoise","turquoise",0.20389252461834,-0.0423067152940303,0.198338102149217,0.171238582773152
"CCK","blue","blue",-0.164337734741275,0.264955118294662,0.0898839586530332,0.074289364163982
"SEC22C","grey","grey",0.0294253480058644,0.0553837929100592,0.102412354247911,0.100818757216626
"SS18L2","grey","grey",0.00800553071998155,0.0346547576386209,0.046135209252254,0.0362060356939341
"NKTR","turquoise","turquoise",0.351789343192464,-0.213208969177576,0.128924842923311,0.0279989527498216
"AC006059.1","turquoise","turquoise",0.190148520136587,-0.105904208549228,0.0764193421503878,0.0319083996168444
"AC099329.3","grey","grey",-0.00856614492414411,0.054396207242548,0.0581868551356958,0.06249420564711
"POMGNT2","blue","blue",-0.092072701135547,0.201836811801454,0.13030800932809,0.0974640336903914
"SNRK","blue","blue",-0.0320907248703113,0.148087960240761,0.15002950283035,0.100594841190133
"ANO10","grey","grey",0.156764309601341,0.0471974847655935,0.207485137970329,0.0847503892520277
"ABHD5","turquoise","turquoise",0.151562370008488,-0.0457082809840909,0.114001840049554,0.0580955998440511
"AC006058.1","turquoise","turquoise",0.481548342234707,-0.33135834187224,0.137935641612504,0.0390892461092085
"TCAIM","turquoise","turquoise",0.239721183920068,-0.111490439470474,0.137187508087493,0.0762498163965565
"ZNF445","turquoise","turquoise",0.251377833718419,-0.127699178875597,0.139901387424827,0.118919887416356
"AC099669.1","turquoise","turquoise",0.219549365000463,-0.120616225437933,0.106598452241904,0.0579297334935761
"ZNF197","grey","grey",0.147538114194787,-0.0586809277660804,0.101650659205443,0.0778673767228158
"KIAA1143","blue","blue",-0.0864608089522267,0.163617403494255,0.100856665819058,0.133491668956108
"ZDHHC3","grey","grey",0.0250592814728949,0.0515685453359397,0.09489271204577,0.076554235005968
"LARS2","turquoise","turquoise",0.160366833676042,-0.0411206603430215,0.128955231596703,0.0837491238876071
"SACM1L","blue","blue",-0.0707004315513626,0.17419802203202,0.128682323974108,0.114289297664945
"LZTFL1","grey","grey",-0.0196311166740226,0.0737283491335362,0.0709572743818784,0.0514643205403787
"CCDC12","grey","grey",0.0136993015213705,0.0745162746755781,0.092690818558689,0.0470870021966767
"SETD2","turquoise","turquoise",0.335005776599554,-0.182099940243482,0.158584562989666,0.0911476580012081
"KIF9-AS1","turquoise","turquoise",0.539959125835533,-0.365698746578932,0.167148079512842,0.0565961738877219
"KLHL18","grey","grey",0.131741298435646,-0.043240944687126,0.105312035409532,0.0592984694114603
"PTPN23","grey","grey",-0.00682923073029797,0.0788195616996966,0.0876821366929537,0.0458842208925884
"SCAP","grey","grey",0.0923425451362308,0.0339468016324566,0.141822470793219,0.0570034247672108
"ELP6","blue","blue",-0.0249023037439906,0.12200080377687,0.0960941599469354,0.0797899708336037
"CSPG5","grey","grey",-0.0419395857789657,0.0915004523118679,0.0654469551784048,0.0466788205294945
"SMARCC1","turquoise","turquoise",0.254790887846283,-0.148476324652291,0.114406647638153,0.0597936756367439
"DHX30","blue","blue",-0.0298329507636425,0.172106955742795,0.154452384675711,0.0626696196051966
"MAP4","blue","blue",-0.170871085527517,0.325844599072556,0.153375949229485,0.162365780224585
"CCDC51","blue","blue",-0.0550781129946322,0.113731454367064,0.0591114466987159,0.0508457308048276
"TMA7","blue","blue",-0.12108831965077,0.213892238645134,0.0884897828766369,0.0781852072728245
"SHISA5","blue","blue",-0.0756234008992893,0.143178772529953,0.0835679104923246,0.0864735134146368
"UQCRC1","blue","blue",-0.178212695466931,0.32021854189061,0.125108610343154,0.0511632388412473
"CELSR3","grey","grey",0.0170909156372473,0.0394234498782169,0.0738328934993238,0.0413487258916257
"NCKIPSD","blue","blue",-0.080754953806519,0.148754502310299,0.0831006282843893,0.0520308986410554
"IP6K2","grey","grey",0.0257965115410972,0.0901462375581746,0.137514699153993,0.0645382929988337
"PRKAR2A","brown","brown",0.0863616998344834,0.054860974782521,0.176820101657895,0.242402525455977
"ARIH2","turquoise","turquoise",0.160707335293584,-0.0333619325508603,0.141038910558226,0.106839897498429
"P4HTM","blue","blue",-0.144006570745003,0.293804028424537,0.146302310032097,0.0690211293924119
"WDR6","blue","blue",-0.024766121404671,0.101958448745986,0.0897028302603177,0.073383242557664
"NDUFAF3","blue","blue",-0.0912161193753044,0.160916718001737,0.0559730643754629,0.0391500248232127
"IMPDH2","blue","blue",-0.0682099027036819,0.132384594558599,0.0683094026967117,0.0410033450773518
"QRICH1","grey","grey",0.100764832857979,0.00552704930368957,0.132049543810453,0.0687043087035486
"QARS","grey","grey",-0.0459406498922456,0.102251947280734,0.0603057261591698,0.0328649538970544
"USP19","blue","blue",-0.0516303310843899,0.107627047447603,0.071124486760282,0.0395591731937553
"KLHDC8B","blue","blue",-0.0525438943303255,0.109819598074316,0.0645973272662113,0.0640368594792691
"C3orf62","grey","grey",0.00388321354901521,0.0610220466100714,0.0799086458463531,0.0665001257571061
"USP4","grey","grey",0.0854948066918886,0.0123041077398506,0.11413418224294,0.0580086655557482
"RHOA","blue","blue",-0.110802030127283,0.231410108289398,0.121529177334018,0.0691115220372514
"TCTA","grey","grey",-0.027195242540688,0.105064258039617,0.090999588042519,0.074119142411057
"DAG1","grey","grey",0.0728472107746541,-0.017382925838271,0.0720978452045638,0.032226299781948
"BSN","blue","blue",-0.0458850977148191,0.214058987382333,0.189234520560075,0.172977549702343
"APEH","blue","blue",-0.152714302305542,0.261936656608319,0.106721120399281,0.0588664834697042
"RNF123","grey","grey",0.0191220626566609,0.0703156673921285,0.0940473423177506,0.0521743060892876
"IP6K1","grey","grey",0.0402511024871829,0.0590953495056853,0.12586258304317,0.101271502425578
"CAMKV","blue","blue",-0.0979288968940789,0.177839351141843,0.0921692241763603,0.0944081745522498
"MON1A","grey","grey",-0.0142798519453886,0.0798581780338163,0.0821915856393329,0.0626519394959225
"RBM6","turquoise","turquoise",0.513880553571701,-0.338651810341731,0.170633559402203,0.0515086189591539
"RBM5","turquoise","turquoise",0.248669941967121,-0.123018709734732,0.130140281331919,0.0382815555653374
"GNAI2","grey","grey",-0.0257643699282116,0.126947384782763,0.123988686809742,0.102460990575594
"TUSC2","blue","blue",-0.133808923025365,0.237211465094761,0.120313194138482,0.151226734142923
"NPRL2","blue","blue",-0.0380342671803251,0.110557121976177,0.0729823660182393,0.0502172091319829
"TMEM115","blue","blue",-0.0798853446189254,0.122111221595387,0.0633036813166695,0.0301959715239725
"CACNA2D2","blue","blue",-0.0303206224370624,0.148960494515777,0.147111428382819,0.0546138275562996
"C3orf18","blue","blue",-0.0554920837578016,0.134649537887111,0.0949591930948825,0.0898685315562288
"DOCK3","turquoise","turquoise",0.498610468059166,-0.244895839919995,0.244284840226929,0.130182810950673
"MANF","blue","blue",-0.0553470289020489,0.134228819188071,0.0748549501229126,0.0477972130394567
"RBM15B","blue","blue",-0.059888687889526,0.0943541002444226,0.0547513861586264,0.0667741751061585
"DCAF1","grey","grey",0.0860174180817963,-0.00747157084533725,0.091026182094522,0.056706094474728
"RAD54L2","turquoise","turquoise",0.320565718810221,-0.197126327567778,0.126944471573689,0.0613268398355735
"TEX264","blue","blue",-0.0766110146747468,0.150077797379661,0.071233053377744,0.0223916303547675
"PCBP4","turquoise","turquoise",0.115230717464561,-0.0487084682290859,0.0741533100381493,0.0341012893688258
"RPL29","blue","blue",-0.1157971575904,0.16601037878598,0.0410049899553844,0.0471163418812187
"ALAS1","blue","blue",-0.0801011414648723,0.129113400168197,0.0591464128996704,0.0338879782864085
"WDR82","blue","blue",-0.0775388078338023,0.165080278077433,0.109631623933824,0.112330577430487
"BAP1","grey","grey",-0.0532588657209903,0.104608420028838,0.0727863413017004,0.10934166910066
"NISCH","blue","blue",-0.0620878341439378,0.226556266842959,0.179750112756301,0.164188849303828
"SMIM4","grey","grey",0.124961849025591,-0.0276406975607713,0.096644220989448,0.0354219370391506
"PBRM1","grey","grey",0.177064396387404,-0.0308612123317374,0.170092155044408,0.090091246370931
"GNL3","blue","blue",-0.0868497887932233,0.18585892799209,0.111466523545454,0.0559853953781245
"GLT8D1","grey","grey",-0.0180067567960767,0.0640939103251359,0.0626411391709566,0.0390734467239089
"SPCS1","blue","blue",-0.220087936080196,0.35768590937619,0.132263128856386,0.0976964157726923
"NEK4","grey","grey",0.125370753897648,-0.0370335147938502,0.107275457574711,0.0786465718484895
"PRKCD","blue","blue",-0.0703169076359456,0.12534834656457,0.0535406247145766,0.00741506253987279
"TKT","blue","blue",-0.313706195555914,0.453961768341585,0.132445050586026,0.0571536206628931
"DCP1A","turquoise","turquoise",0.255831630971159,-0.137450638556203,0.123542757021972,0.0588110545696163
"CACNA1D","turquoise","turquoise",0.534508420927298,-0.342982222272112,0.179368163115287,0.0649054861896041
"ACTR8","blue","blue",-0.0354569795044903,0.107022121045692,0.0812137382708387,0.0673374412840334
"SELENOK","blue","blue",-0.132189897732899,0.216101649679149,0.0790383795659076,0.0665592069355764
"CACNA2D3","turquoise","turquoise",0.377411705596154,-0.219382051389216,0.141517607655747,0.0450365589116531
"WNT5A","grey","grey",-0.025499526914142,0.0666228375527979,0.062501565850806,0.0562250853329717
"ERC2","turquoise","turquoise",0.432779218255318,-0.199370652222596,0.237020723665273,0.128255246166506
"CCDC66","turquoise","turquoise",0.283260725413656,-0.150160571095156,0.132140600085626,0.0490660910180964
"FAM208A","turquoise","turquoise",0.121105145947643,-0.0529830605250371,0.0835969543592064,0.063791080921585
"ARHGEF3","grey","grey",0.117825475939762,-0.00679694738755673,0.130390463382228,0.0620778583288383
"APPL1","grey","grey",-0.015369937885262,0.0973781340464853,0.10912047777453,0.0951452719868278
"PDE12","grey","grey",-0.0188783348990683,0.06113486330363,0.0640753117970408,0.0569009483607386
"ARF4","blue","blue",-0.0420068609804737,0.161092377930193,0.116379397561839,0.0631377660425894
"DENND6A","turquoise","turquoise",0.344874766126357,-0.202686290415436,0.133794196256066,0.0652190578415351
"SLMAP","turquoise","turquoise",0.295125083356742,-0.134439653411068,0.171238150337515,0.106429806388797
"FLNB","turquoise","turquoise",0.373755287967245,-0.236540287668567,0.137017209557985,0.0532094899331388
"ABHD6","grey","grey",0.105789150912397,-0.0250846100616633,0.096200314115331,0.0313911567732257
"RPP14","grey","grey",0.0150264433934928,0.0376347583866621,0.0730378727586377,0.085472288805088
"PXK","turquoise","turquoise",0.139040629074598,-0.0203219368601247,0.115699269023525,0.0493676484605864
"PDHB","blue","blue",-0.136218764816638,0.239602816668266,0.10691765903085,0.0617573547339836
"KCTD6","blue","blue",-0.0350553222253246,0.15042500017915,0.134324022371753,0.1105374339798
"FAM107A","grey","grey",-0.000152793483255756,0.00697667157349164,0.00938089623627013,0.0133504961496427
"FHIT","turquoise","turquoise",0.571078377113078,-0.381649694148987,0.153650485550234,0.0325061262544505
"PTPRG","turquoise","turquoise",0.408065206330497,-0.234574519774805,0.165748945529988,0.0689119586519609
"C3orf14","blue","blue",-0.0648491784647527,0.159279211796713,0.0959364231926336,0.0954252963347301
"CADPS","turquoise","turquoise",0.283927129814333,-0.0142125378623784,0.238675420931322,0.106291377676733
"SYNPR","grey","grey",0.00623623502739474,0.0698022165500636,0.0784787265985501,0.0551909056871098
"THOC7","blue","blue",-0.109590921367095,0.243121284003405,0.132266529518948,0.102669899619178
"PSMD6","blue","blue",-0.135640618142982,0.236306944321006,0.105491003160864,0.0359931793157532
"PRICKLE2","turquoise","turquoise",0.490331045751713,-0.283161157740444,0.208995667354533,0.119900374385959
"MAGI1","turquoise","turquoise",0.383292098358142,-0.189974949569811,0.190822024526068,0.10608413415311
"SLC25A26","turquoise","turquoise",0.174411363114912,-0.0612524925223011,0.108621692584835,0.0693811256435628
"LRIG1","turquoise","turquoise",0.0950903974254848,-0.0768762491315818,0.00989209603048569,0.00418973947543256
"FAM19A1","turquoise","turquoise",0.254561323805868,-0.152762733857157,0.0785893947841309,0.0189931687142551
"TMF1","blue","blue",-0.0511744507813292,0.161232613197187,0.135165270266345,0.109232527531431
"UBA3","grey","grey",0.0597466530130824,0.0829781176308086,0.163700723902945,0.0847762834320205
"ARL6IP5","blue","blue",-0.349599983927471,0.469077003460975,0.124641479466245,0.0912788877663575
"LMOD3","blue","blue",-0.0964918302824763,0.169035379032706,0.0951399752821638,0.0751805743511336
"FRMD4B","turquoise","turquoise",0.53068730688503,-0.354249634475218,0.150556121615369,0.0502380117487848
"MITF","turquoise","turquoise",0.313662410448735,-0.172675048210685,0.142775688777202,0.0682667808618934
"FOXP1","turquoise","turquoise",0.383495677272277,-0.219889396107187,0.149040777000878,0.0832147331413117
"EIF4E3","grey","grey",0.0995411047905269,-0.00746843402450262,0.111494366390246,0.109116062404397
"GPR27","grey","grey",-0.0393661639868021,0.0771642566403635,0.05203345919819,0.0541159384404897
"RYBP","turquoise","turquoise",0.16928424589508,-0.0838288623031779,0.0909245259708213,0.0701552842522842
"SHQ1","turquoise","turquoise",0.0949396948339349,-0.0271046055381515,0.0594634220003676,0.0303419670598736
"GXYLT2","grey","grey",0.00161046785491593,0.0405890055713943,0.0508764912284292,0.0406263846096646
"PPP4R2","grey","grey",0.0725740284073929,0.00982138291283232,0.107934339539593,0.0833360757337324
"PDZRN3","turquoise","turquoise",0.349712466807863,-0.224486964414976,0.123260724766665,0.0537590742741677
"CNTN3","turquoise","turquoise",0.332101196613918,-0.213856015911231,0.106225505350307,0.0261845363159423
"ZNF717","turquoise","turquoise",0.240484765369292,-0.131814419741729,0.11084208789872,0.0689262317639367
"ROBO2","turquoise","turquoise",0.548104085083373,-0.350137054232406,0.193692177965461,0.0581114518039073
"ROBO1","turquoise","turquoise",0.486192830228224,-0.3063757450385,0.17331737588514,0.065447340778914
"GBE1","grey","grey",-0.0404465334580224,0.262803500729952,0.207576297582205,0.0990184297279186
"CADM2","turquoise","turquoise",0.479927024530053,-0.288265653048392,0.182584842886382,0.0790247343310216
"VGLL3","grey","grey",0.00834546614847094,0.0675563962215903,0.0996352517178207,0.119738265703079
"CHMP2B","blue","blue",-0.117182712855372,0.245091380315743,0.143568801776932,0.11607766903833
"HTR1F","grey","grey",-0.0185161657342288,0.0604387252025435,0.0752897278035459,0.0950283573900585
"CGGBP1","grey","grey",-0.0192891347166457,0.101378234759144,0.101614975414945,0.110540461871324
"ZNF654","turquoise","turquoise",0.214777807373916,-0.0931524133469178,0.132443152989914,0.110994590529265
"C3orf38","grey","grey",0.027635976006797,0.0434347374358431,0.0994868451335856,0.0720497747600863
"EPHA3","turquoise","turquoise",0.291798699529196,-0.179399372037233,0.112074702855471,0.0449534343640057
"ARL13B","turquoise","turquoise",0.267854630910477,-0.170202470116603,0.0876392374589939,0.0393521851316164
"NSUN3","grey","grey",0.0924800988611637,-0.0216907644510401,0.069948219180506,0.0351474840860897
"MTRNR2L12","blue","blue",-0.108541762921146,0.14528417316004,0.0813844084179884,0.173373204551665
"EPHA6","turquoise","turquoise",0.588127745611752,-0.375556028449658,0.195398305441289,0.100908648305771
"AC110491.1","grey","grey",-0.0405060768548567,0.0767889347318358,0.0563945100513803,0.0881725666976789
"ARL6","grey","grey",0.133606212697513,-0.0113032933619303,0.137383700159474,0.0873367396771532
"CRYBG3","turquoise","turquoise",0.192140243993504,-0.130406064388814,0.0571202449401053,0.0183749126027433
"RIOX2","grey","grey",-0.0115412189280766,0.0877640077163907,0.091833668629344,0.0615267795103804
"CLDND1","grey","grey",-0.0319520390057746,0.0331336414648393,0.011536400393293,0.0144990551990435
"CPOX","grey","grey",0.063926437454991,0.0319197324121434,0.107354021858681,0.0700484404366791
"ST3GAL6","turquoise","turquoise",0.199462188018966,-0.0793885477222451,0.118235665643713,0.0437072689732638
"DCBLD2","grey","grey",0.0855655063196713,0.00333095712322361,0.101655239482097,0.0686585809738795
"CMSS1","turquoise","turquoise",0.210618576551911,-0.0410034841596546,0.160150390301875,0.0800892253141541
"TBC1D23","grey","grey",0.0878100364449653,0.00233326936122787,0.107900523126616,0.0464468007437934
"NIT2","grey","grey",0.019886377303834,0.0551680198342479,0.0666526472081547,0.0390304817836037
"TOMM70","blue","blue",-0.160046864995081,0.305430974761278,0.154578710466762,0.0810586612880787
"TFG","blue","blue",-0.0536271488976131,0.193758152128192,0.147333824871843,0.0603873412897934
"SENP7","turquoise","turquoise",0.328967491734904,-0.189828590047651,0.131547870271392,0.0603939820251086
"TRMT10C","blue","blue",-0.107756036675202,0.192918022996504,0.102170839363159,0.047247181785268
"PCNP","blue","blue",-0.0646588226611967,0.177434529170993,0.130842173585324,0.145409989850895
"ZBTB11","grey","grey",0.0293736023874624,0.0267623606034989,0.0845995988816269,0.0592706589539375
"RPL24","blue","blue",-0.0940033538792206,0.141830479266077,0.0389785650828604,0.0237235871240425
"CEP97","grey","grey",0.0864553744170675,-0.0245023075372769,0.0761733796350779,0.0514302100285296
"NXPE3","grey","grey",0.0545657967484963,0.0574442857819257,0.146500972455301,0.149200805749339
"NFKBIZ","grey","grey",0.0721961940533877,0.0295890042900246,0.145715479068267,0.177252455804556
"ALCAM","grey","grey",0.0316252120725177,0.15034639293662,0.180644697712899,0.0796922792923019
"CBLB","turquoise","turquoise",0.316630279632016,-0.203177460135569,0.103022562441432,0.0344024071612654
"LINC00882","turquoise","turquoise",0.476763709087881,-0.300230071171357,0.157334911543324,0.0699906285035862
"DUBR","turquoise","turquoise",0.332180743030844,-0.188249397530206,0.133199773100432,0.0555900906234861
"BBX","turquoise","turquoise",0.169056720796346,-0.059214994074287,0.12575167694986,0.10119131951333
"CD47","blue","blue",-0.111413638660377,0.250214535863315,0.15379293868373,0.0900725937829196
"IFT57","grey","grey",-0.0214944067788751,0.119523874367112,0.111306464024049,0.0922606318404237
"DZIP3","blue","blue",-0.0273527199389126,0.197903631632903,0.165382508015964,0.100761551898429
"NECTIN3","turquoise","turquoise",0.151059790585868,-0.0806284993861395,0.075095162794809,0.0282301613657779
"PLCXD2","blue","blue",-0.0951226837826573,0.18717316542794,0.131468937120862,0.193586475238469
"ABHD10","blue","blue",-0.0461675683353966,0.133050392488792,0.0930298167966003,0.0633402565116278
"TAGLN3","blue","blue",-0.334406198446097,0.479005606869465,0.111799672719707,0.0702520530427421
"CD200","blue","blue",-0.137167066738384,0.244117873333908,0.107575979455406,0.0377234454590386
"ATG3","grey","grey",-0.0433646849730891,0.0962810327990962,0.0551086950632017,0.0320174328278443
"SLC35A5","grey","grey",-0.0315018161576845,0.100427938907997,0.0849645085516173,0.0568957607627474
"GTPBP8","grey","grey",0.0015497038212685,0.0646522098953916,0.0620349180990252,0.0437935612897607
"NEPRO","grey","grey",0.0403719702236172,0.0576044652734287,0.114903165520725,0.0848476875260486
"SIDT1","turquoise","turquoise",0.287886904976779,-0.157663613472513,0.124637456986708,0.0423958852382479
"USF3","grey","grey",0.115818867052569,-0.0462008048066138,0.089661596211934,0.0774694516321032
"NAA50","grey","grey",0.0502588730090469,0.0569872163946641,0.126206451403848,0.130419703850053
"ATP6V1A","blue","blue",-0.337301220231631,0.494228875364759,0.145244006867619,0.089951692419388
"CCDC191","turquoise","turquoise",0.184675470964214,-0.117345201630829,0.0651631227052135,0.0250748790778667
"ZBTB20","turquoise","turquoise",0.422264915712166,-0.319057121120782,0.0758634501295519,0.0182952587128202
"GAP43","blue","blue",-0.21931429109121,0.339953913663561,0.12229613836606,0.157476518862632
"LSAMP","turquoise","turquoise",0.393638559087056,-0.218212783549589,0.18493894381987,0.124975235846557
"AC092691.1","turquoise","turquoise",0.5470072360523,-0.369485516989048,0.165877564950622,0.051444937827231
"IGSF11","turquoise","turquoise",0.1935673050465,-0.137177346914089,0.0378980959371995,0.00189183985610806
"POGLUT1","grey","grey",0.0816872908745292,-0.0174984556816904,0.079660042832567,0.034668777208135
"TIMMDC1","grey","grey",-0.00601396192897703,0.0977222397613795,0.0989336762396767,0.0668044293021407
"COX17","blue","blue",-0.0541445609257248,0.08696159350929,0.0290364337474293,0.017723534984981
"GSK3B","turquoise","turquoise",0.128690852656744,0.0443840545200928,0.200732089905864,0.207899241727328
"LRRC58","turquoise","turquoise",0.10149502456488,-0.0636377706205086,0.0497347556402517,0.035436547961122
"NDUFB4","blue","blue",-0.109013646101345,0.199337877738363,0.0710628219811338,0.0486348423469991
"RABL3","grey","grey",-0.0393949490729711,0.110352338301951,0.0827920931669256,0.0893728503546243
"STXBP5L","turquoise","turquoise",0.42574409571883,-0.236457954485187,0.189209650823851,0.133720549923732
"GOLGB1","brown","brown",0.0204884630165537,0.105471731890502,0.182265235676054,0.330472052059295
"IQCB1","turquoise","turquoise",0.255933134689203,-0.144748492119775,0.116800447030532,0.0698290275048336
"FAM162A","blue","blue",-0.0418732482832555,0.150521196576234,0.115474282166621,0.0814451564413873
"KPNA1","grey","grey",0.0680131866389403,0.0933111685916934,0.173299488909797,0.0846372667387265
"HSPBAP1","turquoise","turquoise",0.209740126930775,-0.118963418180806,0.0872213304525001,0.0326296669640275
"DIRC2","turquoise","turquoise",0.11826564154276,-0.0358086199537481,0.0857763022409789,0.0320959990848193
"SEC22A","turquoise","turquoise",0.242060953116212,-0.1188566800926,0.123607565076151,0.0668484616387876
"ADCY5","grey","grey",0.121941949941953,0.0276272412368237,0.173336617029829,0.126056767477595
"HACD2","turquoise","turquoise",0.12612511399096,-0.0575694981116652,0.074826668877248,0.0367487742443419
"CCDC14","turquoise","turquoise",0.277498999303062,-0.173564294437134,0.0974162377937031,0.0254235059220375
"KALRN","turquoise","turquoise",0.342049169689939,-0.155752158374844,0.189555444834243,0.129934039507874
"UMPS","grey","grey",0.00251727114912163,0.0608551053645657,0.0731329994560035,0.0372189186683511
"ZNF148","turquoise","turquoise",0.219504188813914,-0.0738336544517413,0.166584009896736,0.135470567704162
"SNX4","grey","grey",0.0817209328521763,0.0277809075395649,0.12528987466824,0.0845887158968511
"OSBPL11","grey","grey",0.0622793865329097,-0.0383459677454449,0.0387332083257389,0.0275738270629865
"SLC41A3","blue","blue",-0.159616314387778,0.273423138515518,0.117098314118479,0.0492010440999084
"ZXDC","turquoise","turquoise",0.230096975227558,-0.119272070213809,0.122294977972088,0.0715120118319259
"CHCHD6","grey","grey",0.105599550156277,0.0292957103249845,0.136087608974917,0.0842779146927156
"PLXNA1","grey","grey",0.0224329732548286,0.0571766287231407,0.104178381142355,0.05396162586831
"TPRA1","grey","grey",0.0399231517412323,0.00955125319869457,0.0647874974259536,0.0329488038926781
"PODXL2","blue","blue",-0.241305735160559,0.404887379710157,0.148796598599385,0.0616328900722767
"ABTB1","grey","grey",-0.0127809273144079,0.0856822141203839,0.0831081554589701,0.0414238797594191
"MGLL","grey","grey",0.0261823210290399,0.0591868415695308,0.10248253170786,0.0952583958218317
"SEC61A1","blue","blue",-0.0793051919831831,0.168466999960426,0.109976033987303,0.0437181051560314
"RUVBL1","blue","blue",-0.0399552202341088,0.137209648144212,0.104942691925588,0.043163940257678
"EEFSEC","grey","grey",0.158552885234633,-0.0661716120592568,0.100779606569693,0.0352942392448733
"RPN1","blue","blue",-0.148553644729999,0.260788229848124,0.121034371918171,0.076427772416421
"RAB7A","blue","blue",-0.0767837556247003,0.261964819917551,0.18666368057185,0.138606902036643
"ACAD9","blue","blue",-0.0458981023830347,0.184816416666851,0.131666683312726,0.0608770870746274
"CNBP","blue","blue",-0.098460644492403,0.18147110049024,0.0961785967842556,0.0837323058566554
"COPG1","blue","blue",-0.129934269489655,0.265802664822423,0.122893838170821,0.0532064097152937
"HMCES","blue","blue",-0.0328764069132727,0.108766865858458,0.088932849924453,0.0818880897225295
"H1FX","grey","grey",-0.0642870699636272,0.12186125809121,0.0611289269076159,0.0259540744121577
"MBD4","grey","grey",-0.022373784082318,0.0921265872823626,0.0887361973636061,0.0551522402962304
"IFT122","grey","grey",0.125661264048314,-0.0524435770329802,0.0760094432265981,0.0375710713871512
"TMCC1","turquoise","turquoise",0.363306118638144,-0.171703778167126,0.194350544441149,0.135963598429684
"PIK3R4","grey","grey",-0.0131937680227215,0.103186993437847,0.110051021767759,0.0397206110617865
"ATP2C1","grey","grey",0.0277565617466466,0.135488770445025,0.174308677756852,0.084167540486983
"NEK11","turquoise","turquoise",0.272548334948927,-0.154266988091626,0.105292122856287,0.0451750360520329
"NUDT16","blue","blue",-0.0786430033573371,0.152352839189891,0.084119226110166,0.0891380932052959
"MRPL3","blue","blue",-0.0554256729951572,0.169122210047819,0.117454081871631,0.0745347726344283
"CPNE4","turquoise","turquoise",0.284522959041286,-0.1812932926007,0.0998821449162741,0.0424773056217369
"DNAJC13","grey","grey",0.121108708729068,-0.0257674175444243,0.118329452531369,0.110362193528241
"UBA5","grey","grey",0.0321030494986408,0.064253556372462,0.106300955701018,0.0785319589778878
"TMEM108","turquoise","turquoise",0.475002560795429,-0.278431517183165,0.191926002608207,0.0780834624274826
"CDV3","blue","blue",-0.100394907761171,0.163027822066127,0.0851838049274842,0.103972683690997
"TOPBP1","grey","grey",0.0127301896960505,0.0569574058474179,0.0788932124816177,0.0598186767728715
"TF","turquoise","turquoise",0.0317445550125371,-0.101377106217449,-0.0825176996198882,-0.0635237929697082
"SRPRB","blue","blue",-0.121169313125884,0.229786899628219,0.120058759020704,0.0945402226954051
"RAB6B","blue","blue",-0.313774793255739,0.434888284053842,0.156385937642439,0.229533584953738
"RYK","turquoise","turquoise",0.28199554931935,-0.179558204247394,0.0982056941176152,0.0353294762205038
"AMOTL2","grey","grey",-0.0070274089485691,0.028167355336574,0.0360823111730708,0.0235445231946056
"ANAPC13","blue","blue",-0.0932363076673663,0.153353827664658,0.0677108639754729,0.0736098685855334
"CEP63","grey","grey",0.072277810195655,0.0128763569001171,0.0932653691597423,0.0560605767961555
"EPHB1","turquoise","turquoise",0.268726812938467,-0.13881718625302,0.127619841944078,0.0596904168259414
"PPP2R3A","turquoise","turquoise",0.277013228230045,-0.138102837702701,0.145322354668356,0.0700789487700552
"MSL2","turquoise","turquoise",0.16871634634457,-0.0641089361438824,0.116136232808054,0.0746077654237465
"PCCB","grey","grey",-0.00473451543317831,0.0954753407917124,0.0950265930681784,0.0655534216726067
"STAG1","turquoise","turquoise",0.327061471876563,-0.187828925740287,0.12981229847287,0.0514080643881809
"SLC35G2","grey","grey",0.0367151542185127,0.0773226193315279,0.133006219857981,0.055856028538414
"NCK1","grey","grey",0.161899811460234,-0.0619795971991377,0.108285097233219,0.0467553780830073
"ARMC8","turquoise","turquoise",0.130329989722348,-0.0176758285134584,0.12411690647862,0.0847872507217961
"MRAS","grey","grey",3.96393228236629e-05,0.0620995593224252,0.0878050689274583,0.087211638466445
"CEP70","turquoise","turquoise",0.180597145776283,-0.0591388815521602,0.126096093082513,0.0972413711951921
"FAIM","grey","grey",0.0350717824930926,0.0170836198198845,0.06116405674465,0.0252972680865086
"PIK3CB","grey","grey",0.140156071945256,-0.00991411777301678,0.157093962877469,0.13698215326864
"MRPS22","blue","blue",-0.0502819459382895,0.127886722152839,0.0814299107499721,0.0501676059700398
"COPB2","blue","blue",-0.123879875463701,0.244876331971858,0.140843310130077,0.0851175944087666
"AC097103.2","turquoise","turquoise",0.355861302320282,-0.217025266550477,0.122440141293012,0.0389767115507052
"CLSTN2","turquoise","turquoise",0.13931172887291,0.073535087624105,0.220779086631894,0.140292302423675
"SLC25A36","turquoise","turquoise",0.119642205797376,0.00584891021973798,0.155193296221664,0.140285413891928
"ZBTB38","grey","grey",0.0775545279540948,0.0605360591616118,0.183875147616682,0.153924438013178
"RASA2","turquoise","turquoise",0.316887269751557,-0.190804521375911,0.125073572738844,0.0523445152849138
"RNF7","blue","blue",-0.0905540777300652,0.190766841560309,0.100105302202305,0.0899897417121866
"ATP1B3","blue","blue",-0.0314552474602564,0.225605798188705,0.200831113771136,0.149309302654365
"TFDP2","turquoise","turquoise",0.312539748964001,-0.139238850952297,0.173826373754115,0.0998220181414643
"GK5","turquoise","turquoise",0.193983404070716,-0.109263180792713,0.0734921838934943,0.0249257809983163
"XRN1","turquoise","turquoise",0.309769079161804,-0.187560982389007,0.116764868703222,0.0415244463750847
"ATR","turquoise","turquoise",0.247612514344339,-0.0937362107684635,0.155135759859024,0.0819246490628702
"TRPC1","turquoise","turquoise",0.435653975424826,-0.268863599220913,0.158861584618284,0.048105870546699
"U2SURP","grey","grey",0.0617281249604158,0.0465519365675316,0.117176441482047,0.0460025856113229
"CHST2","grey","grey",-0.041418258316708,0.0859983130030673,0.0549332582493255,0.0586169825972734
"SLC9A9","turquoise","turquoise",0.315707857680114,-0.187220680343665,0.108177599543712,0.0228985418672547
"PLOD2","turquoise","turquoise",0.201739056641071,-0.0977409032440916,0.103103083960825,0.0524971435935233
"PLSCR1","turquoise","turquoise",0.132615745656028,-0.0521018007189631,0.086854904293661,0.0410113808328799
"AGTR1","grey","grey",-0.0175901781212604,0.104101968785182,0.0935008906829685,0.0240390447786998
"GYG1","blue","blue",-0.213177627483246,0.353687659013649,0.142197464622699,0.0998937178705944
"HLTF","blue","blue",-0.0278861019271935,0.183332019714602,0.167842993678022,0.100434652172902
"HPS3","grey","grey",0.0157133848848525,0.0904619989483087,0.118050139474223,0.0866054283364097
"COMMD2","grey","grey",0.0390416160385024,0.0198903565337514,0.0731132704067854,0.054077436297551
"RNF13","grey","grey",0.0462253130465744,0.08895513121719,0.154320695996006,0.0889692958395405
"PFN2","blue","blue",-0.0595976098220948,0.121991750862456,0.0634274821558566,0.0756928939957773
"TSC22D2","turquoise","turquoise",0.166166169110521,-0.0345544079086682,0.147719934640906,0.113498918676406
"SERP1","grey","grey",0.0615795877930099,0.0310163624111844,0.109580765607339,0.0995469861040793
"EIF2A","grey","grey",-0.00033034042543274,0.106269830465576,0.103995211995266,0.062860895305591
"SELENOT","blue","blue",-0.170415053957786,0.2858826069463,0.140327308518128,0.158067435526711
"MED12L","turquoise","turquoise",0.359428022032869,-0.217747218316107,0.12802874255003,0.0596614084818419
"MBNL1","turquoise","turquoise",0.187785210930662,-0.0529249100784538,0.138120912400123,0.107681018728135
"ARHGEF26","turquoise","turquoise",0.173273202730491,-0.0909726263461171,0.083913683039573,0.0246130569559924
"DHX36","blue","blue",-0.0939842480841548,0.248577678088213,0.173265761005904,0.0937888303433937
"GPR149","turquoise","turquoise",0.290329189719371,-0.173293600689426,0.102543826295203,0.0451221781520597
"PLCH1","turquoise","turquoise",0.296979071166928,-0.124574170356993,0.174100779631327,0.109656665044377
"GMPS","grey","grey",-0.00665141296547217,0.0939209250051483,0.0968986297318121,0.0730857596443459
"KCNAB1","turquoise","turquoise",0.15650036909342,-0.0741590084579658,0.0804422172181761,0.0491163124153112
"SSR3","blue","blue",-0.11773600340961,0.20599462578582,0.0930426383463976,0.081387179734226
"LINC00886","turquoise","turquoise",0.283271407774608,-0.146083505995793,0.137762729703457,0.0704012674218591
"CCNL1","turquoise","turquoise",0.144859042567169,-0.086214869549884,0.0686431323996082,0.0251348430974682
"RSRC1","grey","grey",0.141638695287784,-0.0109619346132235,0.124379931895229,0.0579108792764303
"MLF1","grey","grey",0.0577828689023571,0.0374052272243944,0.105036341405655,0.0685178668393185
"GFM1","blue","blue",-0.0915248845407635,0.212844837320895,0.123275421171532,0.0780116114441133
"LXN","grey","grey",-0.0571340023138458,0.104451525635255,0.0407759610937575,0.0156337725076248
"MFSD1","grey","grey",0.00364167640048483,0.107625586716769,0.111725982770316,0.0513940344659819
"IQCJ-SCHIP1","turquoise","turquoise",0.738353702595125,-0.549567797600675,0.151250569865175,0.0232932333396219
"KPNA4","blue","blue",-0.0228280999737562,0.145398784197073,0.139751804098083,0.121920587470907
"PPM1L","turquoise","turquoise",0.198631908931138,-0.0214481091288128,0.185095919111646,0.126312092946262
"B3GALNT1","blue","blue",-0.153791394138263,0.265838449226618,0.125654959719963,0.103628674352107
"NMD3","turquoise","turquoise",0.199212734279124,-0.0703796468936162,0.133382742530405,0.0767041516221608
"SLITRK3","grey","grey",0.00654153833150958,0.0429429298411459,0.0692354143286318,0.0471919335073093
"LINC01322","turquoise","turquoise",0.377579247129138,-0.230335445294556,0.139262321944793,0.064085102367317
"PDCD10","grey","grey",0.0241325007003025,0.0964005529089823,0.132135889596171,0.0838982549210149
"SERPINI1","blue","blue",-0.388188336835677,0.51403576030739,0.103159819480947,0.0294118025163921
"GOLIM4","grey","grey",0.0475254191534793,0.0245517689689346,0.0909167475977018,0.0555309029262909
"MECOM","grey","grey",-0.0240970144640728,0.0490237582572151,0.0300931836240645,0.0241526466028277
"SEC62","blue","blue",-0.258459307263564,0.358939613019153,0.128912121835638,0.19883434858604
"PHC3","turquoise","turquoise",0.284737543767264,-0.140644314655914,0.14956206515511,0.0850681483716796
"PRKCI","grey","grey",0.130727759953098,0.0118486661695275,0.158699807264478,0.10924340050591
"SKIL","grey","grey",0.0445105298497584,0.0370790501120554,0.116613220315416,0.119921965290512
"AC026316.5","turquoise","turquoise",0.148645056851447,-0.0871163848998574,0.0422550104051128,-0.0105651352109114
"SLC7A14","blue","blue",-0.0662071236214352,0.154205971357876,0.108078251200362,0.0833739488233554
"EIF5A2","grey","grey",-0.0565573917642553,0.145497390636266,0.104991998731325,0.108542842933918
"TNIK","turquoise","turquoise",0.172240226394647,-0.131162190437661,0.0144008256217057,-0.0268313601923793
"FNDC3B","turquoise","turquoise",0.206606807767653,-0.123304660829796,0.0758257741801983,0.0292245620930993
"NCEH1","blue","blue",-0.0859034631182569,0.195452689516858,0.145474513121276,0.0766755762051834
"ECT2","grey","grey",-0.032498705367083,0.0908367908433667,0.0675698248644487,0.0410661286705697
"NLGN1","turquoise","turquoise",0.637734017322808,-0.444912845807752,0.170574426848408,0.0485039960514714
"NAALADL2","turquoise","turquoise",0.305507477776071,-0.197929839643614,0.0791516274864315,0.0241989187239655
"TBL1XR1","turquoise","turquoise",0.233119159356761,-0.0869601937325919,0.158246228507318,0.140695470331243
"ZMAT3","blue","blue",-0.0763302467998281,0.178745933621211,0.146225242405349,0.23542482524628
"PIK3CA","turquoise","turquoise",0.227396971968418,-0.0817446613396518,0.167229528565799,0.131394719364633
"ZNF639","grey","grey",0.011259740046648,0.0181753340761343,0.0439378586095877,0.0556122916329448
"MFN1","turquoise","turquoise",0.223355642762717,-0.0888482417269939,0.137797186355788,0.0776183810237577
"MRPL47","blue","blue",-0.09987817948056,0.195904126972591,0.0891442588954725,0.0675880594831098
"NDUFB5","blue","blue",-0.133731648857835,0.235371485845455,0.104980483950814,0.0931627231893971
"USP13","grey","grey",0.120744440088305,-0.0157625500725155,0.12209878608859,0.0831483961605858
"PEX5L","turquoise","turquoise",0.432383529151118,-0.231972569437554,0.192031556664379,0.121075219784981
"TTC14","turquoise","turquoise",0.407362677730693,-0.246183232262013,0.152429233749436,0.0579864432921776
"FXR1","blue","blue",-0.11312182582956,0.267441714019117,0.178170307523524,0.112533661392127
"DNAJC19","blue","blue",-0.0643679184715652,0.13553931500712,0.0777457779766891,0.0734103304676129
"ATP11B","turquoise","turquoise",0.257786735343843,-0.130655011506932,0.127864449991383,0.07017641172026
"DCUN1D1","grey","grey",0.073777346058516,0.0590714230580442,0.160564250331995,0.129379900735994
"MCCC1","turquoise","turquoise",0.276198680645516,-0.143396150755005,0.130987524107438,0.0536420341941863
"MCF2L2","turquoise","turquoise",0.485767237054416,-0.301389587123884,0.173021012061994,0.0748588556649931
"KLHL24","turquoise","turquoise",0.23262360748371,-0.102756379209647,0.156016733305082,0.0940711275333933
"YEATS2","turquoise","turquoise",0.306192307513447,-0.142549264589337,0.17307103460045,0.0888599181237927
"ABCC5","grey","grey",0.168530077122805,0.00287511620157346,0.191277396907668,0.0664407102380939
"EIF2B5","blue","blue",-0.0578700938569064,0.137388208447126,0.0892184106360121,0.0695269023186574
"DVL3","grey","grey",-0.0272313320867494,0.0955490617911287,0.0865141349017193,0.0543646084778992
"AP2M1","blue","blue",-0.320350780428775,0.439414250455118,0.122950632565494,0.131391121517805
"ABCF3","blue","blue",-0.105125017793929,0.202658509980655,0.101624212263468,0.04335668468635
"ALG3","grey","grey",-0.0196410274904612,0.085864054055584,0.0712019299731679,0.0416331020108233
"CAMK2N2","blue","blue",-0.174611795914214,0.285099286678818,0.122242476537095,0.128701967814108
"PSMD2","blue","blue",-0.25550983482901,0.399330091882613,0.158273737989392,0.155443569931027
"EIF4G1","blue","blue",-0.213609198848174,0.322021107152977,0.123881343588632,0.0398351974054145
"FAM131A","grey","grey",-0.0171308385247344,0.108651202244236,0.0985985359462638,0.0715279912199107
"POLR2H","grey","grey",-0.00538642129661789,0.0771572113975779,0.071441230727239,0.0377838073747643
"MAGEF1","blue","blue",-0.0922627135330668,0.199096384148682,0.1140670873569,0.0764525518658417
"VPS8","turquoise","turquoise",0.244346587371905,-0.0614090804851532,0.18170292658132,0.10571678402741
"C3orf70","turquoise","turquoise",0.100057097857464,-0.0324501542326357,0.0851825385627331,0.0876437124316963
"MAP3K13","turquoise","turquoise",0.274318278317651,-0.097185640105589,0.188051447727357,0.136960004126067
"TMEM41A","grey","grey",-0.0305862737892097,0.08377450110235,0.0689347640157937,0.0580251891268885
"SENP2","grey","grey",0.0698139824426248,0.0331463639466018,0.126550879491775,0.110904287107761
"TRA2B","grey","grey",0.040929237999789,0.0630560250696686,0.123570598552951,0.0635867682808988
"ETV5","grey","grey",0.0752093297503276,-0.0155812761973134,0.0753937320417498,0.0495542849465762
"DGKG","turquoise","turquoise",0.16420316366189,-0.109299863347354,0.0378193752267397,-0.0112334046977902
"AC068631.2","blue","blue",-0.0581157846932507,0.118890758360542,0.0566384253908147,0.046225770107298
"EIF4A2","blue","blue",-0.288953867498506,0.407870961350571,0.125352266699942,0.109687373191953
"ST6GAL1","turquoise","turquoise",0.128505374051227,-0.108882824121754,0.000234549061541887,-0.0350777784563069
"BCL6","grey","grey",0.0690177405123055,-0.0309609037342892,0.0407282325371533,0.00975107355326852
"LPP","turquoise","turquoise",0.297031870989167,-0.157710531947224,0.129882548560279,0.0551395170864224
"P3H2","turquoise","turquoise",0.337761227712923,-0.202677752825009,0.12247381837679,0.0486069716775461
"CLDN1","turquoise","turquoise",0.202212666210221,-0.0923618349956378,0.123681949070486,0.0682372010847267
"IL1RAP","turquoise","turquoise",0.254852211043639,-0.119130451185819,0.143417097588376,0.0636257160885575
"CCDC50","grey","grey",0.0359335808449514,0.0323930234786353,0.0849321611299443,0.0791426721595678
"FGF12","turquoise","turquoise",0.507639033652332,-0.273418858390545,0.21677462874832,0.149499046302738
"MB21D2","turquoise","turquoise",0.180812695025435,-0.0964172521688176,0.0920639922111809,0.0485664662475918
"OPA1","blue","blue",-0.132742012976262,0.303894943096838,0.163645720700879,0.119623488482997
"ATP13A3","turquoise","turquoise",0.144977735203523,-0.0556269768081314,0.106687723815138,0.0780061708087891
"LINC00884","turquoise","turquoise",0.25688585832961,-0.118712374614089,0.149266330083373,0.0900123854913634
"LSG1","blue","blue",-0.114469356002768,0.216818672340108,0.104030160813268,0.055720511671403
"XXYLT1","turquoise","turquoise",0.214275085206164,-0.122639353253681,0.0944396124638791,0.0326847258446034
"ACAP2","turquoise","turquoise",0.243834265601283,-0.094464690612314,0.165616697851359,0.102553954642405
"PPP1R2","blue","blue",-0.105064566303505,0.233739306803337,0.140099263543584,0.106272056485689
"APOD","grey","grey",-0.0305832984767924,-0.00488493258171219,-0.0425394042393313,-0.0310442373801212
"MUC20-OT1","turquoise","turquoise",0.538925652701655,-0.366113391673648,0.162909174034651,0.0427657390421796
"TNK2","grey","grey",0.15231876496514,-0.0216682050472504,0.156770989070522,0.112940904000935
"TFRC","turquoise","turquoise",0.126404923313675,-0.0715618046139564,0.0566483902247972,0.0252256052118658
"PCYT1A","grey","grey",0.0445718871769397,0.0698536986896196,0.13901582900863,0.110766246859187
"UBXN7","grey","grey",0.119732241787079,-0.0226718632027421,0.117872746475353,0.102018659972703
"RNF168","grey","grey",0.111847619707185,-0.00829751607177899,0.128055737824597,0.104881885121879
"FBXO45","grey","grey",-0.0144479977317892,0.0676981307881497,0.0737340718293468,0.0926081956708183
"PIGX","grey","grey",-0.0313939884422248,0.111444003511649,0.0911289258520985,0.0960327718459958
"PAK2","grey","grey",0.0443127024659635,0.0767582540989428,0.135080937272418,0.0908323999827867
"SENP5","grey","grey",0.136312317229825,-0.00837298031960645,0.150642656443896,0.138772398443063
"NCBP2","blue","blue",-0.0638122242772126,0.170997897459427,0.112744283717706,0.104377061903061
"NCBP2-AS2","blue","blue",-0.0890999021118619,0.1709429322178,0.0793626586183566,0.0745976955207439
"PIGZ","grey","grey",0.0764736804679097,0.0115758777732746,0.0996007443428831,0.0467322542723323
"DLG1","turquoise","turquoise",0.341919115174153,-0.181570680913549,0.132349546022626,0.0450000716468623
"BDH1","turquoise","turquoise",0.269244678778109,-0.108591107042822,0.164218758677526,0.0812264015642314
"RUBCN","grey","grey",0.159793281677854,-0.0257686924857496,0.157363889969673,0.108926124596084
"FYTTD1","grey","grey",-0.0316634436774147,0.132386092937683,0.125666396580844,0.112268457526861
"LRCH3","turquoise","turquoise",0.350144122839979,-0.215142941938215,0.130809557059899,0.0533082272245255
"IQCG","grey","grey",0.0637033030841557,-0.00417614034167243,0.0617950649452633,0.0392150073002379
"RPL35A","blue","blue",-0.0943129519756623,0.158013911292305,0.0550207473427266,0.0424284255108791
"LMLN","grey","grey",0.0399466839001882,0.0405736032340722,0.105424066811926,0.076791696098747
"ZNF718","turquoise","turquoise",0.237555085424024,-0.128906602474862,0.116300266533258,0.068476717273681
"ZNF141","turquoise","turquoise",0.1694290931202,-0.0903686257773202,0.0917602113434966,0.0517739808614534
"ZNF721","turquoise","turquoise",0.354587086385931,-0.192548217220403,0.176726604716398,0.0948506101152978
"PIGG","grey","grey",0.0762491002652707,-0.00188746452434927,0.0846734999251728,0.0218884552543607
"AC116565.2","grey","grey",0.06465219923612,-0.0124392923732716,0.067118300689588,0.0490133611291332
"ATP5ME","blue","blue",-0.117270199508777,0.179601287424772,0.0549953835581109,0.0646424814988981
"PCGF3","grey","grey",0.0557196879882593,0.0268837274409917,0.102128834789821,0.0792388764330246
"AC139887.2","turquoise","turquoise",0.348993273004244,-0.238047645665792,0.118590872878677,0.0341821865277923
"CPLX1","blue","blue",-0.0669777743364432,0.164666217731688,0.119155759362407,0.121146316308967
"GAK","grey","grey",0.0735128402030643,0.0604002643302905,0.159604601701832,0.122711548964025
"TMEM175","grey","grey",0.0540214788159336,0.0416607032460572,0.11001161650867,0.0411129563888594
"DGKQ","grey","grey",0.00816484675541861,0.0523652574004932,0.073055499804051,0.0432105041187327
"CTBP1-AS","blue","blue",-0.0645242623839701,0.129259422150965,0.0812055968783533,0.0820132544798141
"CTBP1","blue","blue",-0.0514346416059057,0.151972417298092,0.127303121676465,0.123326143383337
"MAEA","blue","blue",-0.117137763742484,0.271517073939978,0.16892822838107,0.0845890569478781
"SLBP","blue","blue",-0.103716834249536,0.203657274152296,0.114019549124047,0.0637748365084331
"TMEM129","grey","grey",-0.0481323851199089,0.108521945748747,0.0860363855916992,0.0696962262603523
"LETM1","blue","blue",-0.0391325429778934,0.122935852214003,0.0998386201358561,0.0812834741164751
"NSD2","turquoise","turquoise",0.239000682604451,-0.0725232680021544,0.184364477409577,0.131481328551016
"NELFA","turquoise","turquoise",0.265386594724205,-0.134242500291995,0.144838017809905,0.0806410866443565
"C4orf48","blue","blue",-0.139010726286824,0.204909159371723,0.054853844710499,0.0578584147933937
"NAT8L","blue","blue",-0.165898113047729,0.280336818528632,0.141143526568051,0.14794160631396
"POLN","turquoise","turquoise",0.413130762145223,-0.271127474676298,0.144581659508685,0.0445355205511412
"MXD4","blue","blue",-0.00381581940470863,0.0820290095461101,0.0919054694632862,0.0788962984930944
"ZFYVE28","turquoise","turquoise",0.375393125763015,-0.220364867702484,0.159630992763609,0.0667302695623468
"RNF4","grey","grey",0.0400440331501795,0.0546498019320928,0.1159957842345,0.0880233668874703
"FAM193A","turquoise","turquoise",0.309441719283809,-0.168635451076273,0.153642188925494,0.0880185904205336
"ADD1","blue","blue",-0.0134558794913358,0.162338688386951,0.178487162161865,0.153634732362514
"MFSD10","grey","grey",-0.0316165372079505,0.0857254390725783,0.0650496912456395,0.025258719349792
"NOP14","grey","grey",-0.00551277796874225,0.0701553619376211,0.0830662626363071,0.0542938709955371
"GRK4","turquoise","turquoise",0.289566983476853,-0.153756291969589,0.137425037687185,0.0740990809671786
"HTT","grey","grey",0.140343669731845,0.00800709420492445,0.173163092262474,0.12902639677545
"RGS12","grey","grey",0.144787083400675,-0.0422290623293261,0.111073301215551,0.0745007383351295
"LRPAP1","blue","blue",-0.150987412460827,0.279458882048092,0.132560534403115,0.0787687859654028
"TMEM128","grey","grey",-0.0151594049374909,0.0836098533997199,0.0754511983585345,0.0585178059639616
"NSG1","blue","blue",-0.28591558662396,0.419418098412685,0.135915613634338,0.133991987810343
"STX18","grey","grey",0.157171514653645,-0.00421409467628669,0.167845762369578,0.0926156630575859
"STX18-AS1","turquoise","turquoise",0.392938755513473,-0.238428711633984,0.158394776046989,0.0662132974413019
"CRMP1","blue","blue",-0.0380759102368961,0.174420712613827,0.156579182029967,0.0975836558407303
"C4orf50","turquoise","turquoise",0.333703498677868,-0.190508674103333,0.160079933995156,0.115815507946388
"JAKMIP1","turquoise","turquoise",0.293157676253269,-0.101673047021021,0.196791211674758,0.139451921154246
"WFS1","blue","blue",-0.0989532885748751,0.168737143287453,0.0704521900574255,0.0243219753908337
"PPP2R2C","grey","grey",0.147948162575596,0.0151851863912928,0.207391846285605,0.190234176670711
"MAN2B2","blue","blue",-0.0788539658790172,0.158071923709367,0.078956449389967,0.0301093121074397
"MRFAP1","blue","blue",-0.277307231415356,0.382355119163796,0.113566024600087,0.147140281397268
"AC093323.1","grey","grey",-0.0534939678313174,0.106820324221195,0.0700811607445466,0.0907822193380697
"MRFAP1L1","blue","blue",-0.0923608336292173,0.168875140442071,0.0858838160539603,0.0852028942450199
"BLOC1S4","grey","grey",-0.0254922243394061,0.0815269831187465,0.0680603452113922,0.0236103190690802
"KIAA0232","brown","brown",0.0666473738645351,0.0747336346077912,0.180217255850049,0.219148212459234
"TBC1D14","grey","grey",0.0692698720752912,0.0246757778775576,0.115630670410777,0.104797059890531
"TADA2B","grey","grey",-0.000561751095396072,0.0442579624011034,0.0575616101694443,0.0423656511746591
"GRPEL1","blue","blue",-0.0932929248561227,0.185229827510865,0.0982652259387798,0.0685484184934705
"SORCS2","turquoise","turquoise",0.234249491977736,-0.134582140060681,0.0941383119675216,0.0406310679594341
"ABLIM2","turquoise","turquoise",0.340995709990923,-0.174890554648971,0.183013794931255,0.0960680904608688
"ACOX3","grey","grey",0.134715415987242,-0.0575733656114295,0.079507720922673,0.0347016365647464
"WDR1","blue","blue",-0.0964910831463098,0.168128660052842,0.0726957116325936,0.0354243005663101
"ZNF518B","grey","grey",-0.00159823337326818,0.0651972056586334,0.0883201879505443,0.0958003708405663
"RAB28","turquoise","turquoise",0.312440281054613,-0.159268475510438,0.144673331458816,0.0775166154742618
"BOD1L1","grey","grey",0.0628812074908849,0.0552624582623228,0.138360032600031,0.0830333878547655
"CPEB2","turquoise","turquoise",0.251252136471418,-0.13554286679425,0.107803835640116,0.0582131340604917
"AC098829.1","turquoise","turquoise",0.415321502762692,-0.251111846679352,0.127394910794595,0.0480561265490563
"CC2D2A","turquoise","turquoise",0.124538422701177,-0.0454915511211887,0.0856633067206533,0.0435457124429803
"FBXL5","grey","grey",0.0553083576627847,0.0829076599907026,0.150187678188091,0.0875484569629248
"FAM200B","grey","grey",-0.0139011761836663,0.0748826123923985,0.0699736176918062,0.0783197451870429
"TAPT1","grey","grey",0.0412945111973285,0.0485569886272642,0.0989955541643507,0.0433581150320776
"TAPT1-AS1","turquoise","turquoise",0.286159264223666,-0.182482113837461,0.0848387603934086,0.0168550687747534
"LDB2","turquoise","turquoise",0.296464489607833,-0.139015764021516,0.149876532659065,0.0896739842174807
"QDPR","blue","blue",-0.310082856844537,0.415526505701729,0.107828680288525,0.116620502411322
"LAP3","grey","grey",-0.0249024699658976,0.0626115403520967,0.0497663129895586,0.0218010629739262
"MED28","grey","grey",0.0594853830173957,0.0187974562478934,0.0911285296627161,0.0774579527141724
"DCAF16","grey","grey",0.0851736835394301,-0.02129589753274,0.0750020367814384,0.0668501733770078
"NCAPG","grey","grey",-0.0455500146947571,0.10862786671051,0.0725976415475834,0.0494865623256154
"LCORL","turquoise","turquoise",0.395974888507959,-0.231172655967098,0.165750090438918,0.0931221977415198
"AC024230.1","grey","grey",0.0111057981218776,0.0225875831109165,0.0323019421845452,0.011768836016743
"SLIT2","turquoise","turquoise",0.343337333262456,-0.179812151942796,0.151676079873685,0.0607645755262223
"PACRGL","grey","grey",0.121478223796695,-0.0268846588867506,0.104834218579192,0.0780884980075199
"KCNIP4","turquoise","turquoise",0.608694546482041,-0.398057280722376,0.195865491948143,0.0893305494600362
"DHX15","blue","blue",-0.0412834598513795,0.158623758960621,0.13097813986582,0.0662722485062122
"CCDC149","turquoise","turquoise",0.148561738623088,-0.0468530620037247,0.107119928957348,0.0789679353601699
"LGI2","blue","blue",-0.156576493118618,0.256509297317561,0.123583671642242,0.118396152386731
"ANAPC4","grey","grey",0.108597245956041,-0.0317189241984215,0.0819150439892183,0.0402602601530148
"SMIM20","blue","blue",-0.0428722552649927,0.102045735203974,0.0583567221712215,0.0434388802821221
"RBPJ","grey","grey",0.185700060545492,-0.0145302044140087,0.188130446380999,0.130802821847023
"TBC1D19","turquoise","turquoise",0.360579128675601,-0.164255303420261,0.187971737972476,0.091188069412698
"STIM2","turquoise","turquoise",0.161147027998403,-0.0611546231867161,0.111850278313424,0.067850755445564
"PCDH7","grey","grey",0.173983307246994,0.0115362333765068,0.201688264406271,0.101242374160118
"ARAP2","turquoise","turquoise",0.160451740913956,-0.134854289815288,-0.0024702497596829,-0.0376455341499417
"TBC1D1","turquoise","turquoise",0.149882868858591,-0.0729256744161127,0.0614021982947005,0.0181296112665346
"KLF3","grey","grey",0.0927383414502518,-0.027418358380152,0.0705982166763951,0.0417489883741395
"KLHL5","turquoise","turquoise",0.134528608611888,-0.0364687212352798,0.10171788303683,0.0735968406868112
"WDR19","turquoise","turquoise",0.271996089647539,-0.167847978482457,0.107968677066285,0.0462098785110896
"RFC1","grey","grey",-0.00125961811708094,0.0694578406375524,0.0839547394977391,0.028820855788846
"LIAS","grey","grey",0.0259816231108614,0.0480529993849036,0.0849105541152235,0.0508481663292745
"UGDH","turquoise","turquoise",0.160298016946156,-0.0694148228266247,0.0985145394638322,0.0586381456903256
"UGDH-AS1","turquoise","turquoise",0.150473666715873,-0.103419081803633,0.0451998418989835,0.0213207199974211
"SMIM14","brown","brown",0.0186258982402303,0.106604573634895,0.161698473110081,0.250707564547773
"UBE2K","brown","brown",0.0837293158382551,0.0931443107346555,0.201654742708625,0.250209701343496
"PDS5A","turquoise","turquoise",0.269450822625571,-0.127448692758505,0.146388128164196,0.0724506096328688
"APBB2","turquoise","turquoise",0.369268238445959,-0.18642775365405,0.178175334558688,0.105663119092606
"UCHL1","blue","blue",-0.696033742798867,0.660129486694164,-0.0822221256072179,-0.0494596651022295
"LIMCH1","turquoise","turquoise",0.380239644500602,-0.190657234814089,0.197104620901694,0.106424567566947
"TMEM33","blue","blue",-0.10081956443648,0.199212657873793,0.123300728458829,0.111203628930483
"SLC30A9","grey","grey",0.0576470067365774,0.0907109063897779,0.168099085167274,0.166235876323372
"BEND4","grey","grey",-0.00197177361755682,0.0981190907312396,0.126312452440276,0.146091338691923
"AC111006.1","turquoise","turquoise",0.256059405360826,-0.119363621729036,0.143568669210861,0.0976566131417654
"ATP8A1","turquoise","turquoise",0.236705073691295,-0.0932346213008189,0.14592212429246,0.0680605166515223
"KCTD8","turquoise","turquoise",0.203666816340779,-0.141489951375306,0.0359224909108808,-0.00276213066767563
"GUF1","grey","grey",1.69264445112825e-05,0.0673206419064926,0.0846064003549226,0.0856047286256188
"GNPDA2","grey","grey",0.0087736601854356,0.0701887595044768,0.101203948942232,0.0711744316997573
"GABRA2","grey","grey",0.0945673475323065,0.000977225600273288,0.106912229686735,0.0798465720197577
"GABRA4","grey","grey",0.0444863250430329,0.0825481268694531,0.171770926065713,0.198372114573089
"GABRB1","turquoise","turquoise",0.422765417676625,-0.191063486199726,0.233808726445451,0.154998621879681
"COMMD8","blue","blue",-0.131553446818963,0.240412992127706,0.11828423422053,0.0851759933167282
"ATP10D","turquoise","turquoise",0.32495568904947,-0.194257652749581,0.135633081092845,0.0516564159544479
"CORIN","turquoise","turquoise",0.31697932164055,-0.193385608322867,0.114438213345562,0.05588402631513
"NFXL1","turquoise","turquoise",0.214004681358388,-0.108725709793355,0.110972393665202,0.0732951017473716
"SLAIN2","turquoise","turquoise",0.1744557311125,-0.0642076571934739,0.120202982551551,0.07209262427743
"SLC10A4","blue","blue",-0.253932900277447,0.378496704084457,0.137983615320537,0.0749532635481599
"FRYL","turquoise","turquoise",0.273343670852124,-0.138009328901673,0.131889849257811,0.0524704707194943
"OCIAD1","blue","blue",-0.17740241885192,0.322562236806091,0.160999885414761,0.141813941647195
"OCIAD2","grey","grey",-0.0184939832582059,0.0946308983864522,0.0744017263861455,0.0620198808022114
"DCUN1D4","turquoise","turquoise",0.209026951986112,-0.0473753170210472,0.16486859292891,0.108084389273436
"SGCB","grey","grey",-0.0352899274134052,0.0887252850408517,0.0813306052475062,0.077515821448715
"USP46","grey","grey",-0.0330255406578064,0.111155709432937,0.108755190460515,0.134512442720277
"SCFD2","turquoise","turquoise",0.291025031123178,-0.0987420305594845,0.174655487560114,0.0647461729281901
"AC058822.1","grey","grey",0.0855776354522174,-0.00518296200396035,0.0851828248384669,0.0524756523870192
"LNX1","grey","grey",0.0955970456966813,-0.000590745347316875,0.106538748476712,0.0751814792064445
"CHIC2","turquoise","turquoise",0.228748333811846,-0.132425018805065,0.0896081647511677,0.0331821757071827
"SRD5A3","grey","grey",-0.0104435046389018,0.0513260522403696,0.0437563888882775,0.00693537096514513
"TMEM165","turquoise","turquoise",0.20584715440935,-0.0811495423342736,0.119301417677053,0.037420217707068
"CLOCK","turquoise","turquoise",0.288676703691632,-0.14355994578807,0.149770890115744,0.107525932824003
"EXOC1","blue","blue",-0.0675811477547318,0.222465253715139,0.158985282970963,0.0469855058681245
"KIAA1211","turquoise","turquoise",0.426325961890532,-0.264172716300049,0.149284399260541,0.0661761353585788
"AASDH","grey","grey",0.0938026618557608,-0.0188162370424021,0.081842261703877,0.0456226580134608
"PPAT","grey","grey",-0.0201642296219609,0.0923637687184025,0.0899685200746216,0.0580916648654549
"PAICS","blue","blue",-0.0767771128305474,0.192268091206682,0.113895207294801,0.0524907635439265
"SRP72","blue","blue",-0.16914668835996,0.2929955543993,0.137725606451128,0.104418753931315
"POLR2B","grey","grey",-0.0423803461836925,0.144348093233371,0.119026262259938,0.0878132885761954
"ADGRL3","turquoise","turquoise",0.474473118379631,-0.292289358786484,0.184943285570232,0.0779022626431226
"LINC02232","turquoise","turquoise",0.326601601451708,-0.202495678814133,0.103066411170019,0.0321870139138057
"EPHA5","turquoise","turquoise",0.198861807808476,-0.0121519292924473,0.209669073558583,0.112664201969657
"EPHA5-AS1","turquoise","turquoise",0.333997095500689,-0.196692025398285,0.133179916276775,0.0671062951922696
"AC104806.2","turquoise","turquoise",0.356941741988729,-0.225367191425093,0.124930884387634,0.0426710964201674
"CENPC","turquoise","turquoise",0.168132926787757,-0.0575839260993136,0.116368427177237,0.062424232512377
"UBA6","grey","grey",0.0818076720054097,0.0348530729305619,0.136485739398143,0.0675506820342339
"UBA6-AS1","turquoise","turquoise",0.582923941602199,-0.388050384685751,0.171205043806893,0.0780277936346251
"YTHDC1","grey","grey",0.108588883450399,0.00633924981871784,0.128975687221424,0.0793457213073875
"UTP3","blue","blue",-0.0572766598170745,0.115808294958228,0.0757853424269452,0.0620422540410477
"RUFY3","blue","blue",-0.106898871239056,0.261864336330127,0.179331675603704,0.158280334054137
"GRSF1","blue","blue",-0.163033683911118,0.287535515667823,0.140686811135665,0.116784704792734
"MOB1B","turquoise","turquoise",0.14786376028786,-0.0578379774395085,0.105095141547976,0.0889629078920386
"DCK","blue","blue",-0.0615968933477591,0.116550583053229,0.0631303541826379,0.0591496829309386
"SLC4A4","turquoise","turquoise",0.0698835993402669,-0.077183760318277,-0.0157187879510163,-0.0252448063132492
"ANKRD17","turquoise","turquoise",0.211032301459847,-0.0325044797686587,0.203759350243396,0.125111948885492
"AC053527.1","turquoise","turquoise",0.305856383032752,-0.202445216072436,0.0949230518534036,0.029755575095687
"AFP","turquoise","turquoise",0.301661269375691,-0.196583357521669,0.0888037903166869,0.0159374205129495
"MTHFD2L","turquoise","turquoise",0.170922877219071,-0.0798203471907727,0.0864203073779921,0.0515331010008477
"PARM1","grey","grey",-0.0259558737055195,0.0962158609295659,0.0861818182492876,0.0576394912917335
"RCHY1","grey","grey",-0.000438450052018249,0.094984623153453,0.110335773363333,0.125630960354894
"CDKL2","grey","grey",0.0810836329416267,0.0215777352242621,0.119377208076866,0.0893103451107858
"G3BP2","blue","blue",-0.31578873671217,0.45583626511643,0.146426856396636,0.106461148803343
"USO1","grey","grey",0.014750368762136,0.10876606106353,0.142446417465693,0.105273951927147
"NAAA","grey","grey",0.0492679700219561,0.0374789407145983,0.101028595623101,0.0552762463557538
"SDAD1","grey","grey",0.0119435453136333,0.0961628151696569,0.130064692968066,0.073496553367688
"NUP54","turquoise","turquoise",0.139531530350016,-0.0719481343012493,0.0734474572499339,0.0428944097067413
"SCARB2","blue","blue",-0.126991735614055,0.246392000307155,0.13951247309073,0.0826361154756276
"CCDC158","grey","grey",0.129724149885309,-0.0368838033373982,0.107608329762538,0.0957320991980184
"SEPT11","grey","grey",0.118738494464494,0.0726863588974251,0.220679868992354,0.171899488002707
"CCNI","blue","blue",-0.109817773246071,0.230907769080068,0.157216486470341,0.250637353892656
"CNOT6L","turquoise","turquoise",0.253696597202585,-0.147233316356406,0.107566563993641,0.0455571624658594
"MRPL1","grey","grey",0.00629799963986241,0.0928707995122884,0.10383184397763,0.0454019237102618
"FRAS1","turquoise","turquoise",0.287515373503272,-0.182828629804092,0.0986622048803133,0.0334196786760533
"ANXA3","grey","grey",0.00197401590259162,0.0788400416137129,0.0743556302763788,0.0256325452939972
"BMP2K","turquoise","turquoise",0.216094188892594,-0.0961828609031307,0.109611902890252,0.0654127868641455
"PAQR3","grey","grey",0.100799978553915,0.0125145195201876,0.131530989349977,0.0882875627728029
"LINC01088","turquoise","turquoise",0.13256172285705,-0.124103216610238,-0.00118643881678104,-0.0340481393617123
"RASGEF1B","grey","grey",0.136744778582957,-0.0188695821658411,0.101672231409413,0.0176182756162775
"HNRNPD","grey","grey",0.0559439504436666,0.0509444779608209,0.118111727027499,0.0806398453656729
"HNRNPDL","grey","grey",0.0390948703775794,0.0813855919087304,0.124060032666855,0.0540611646201622
"ENOPH1","blue","blue",-0.142337317065402,0.259726741457828,0.122530489102628,0.0955599304019835
"TMEM150C","grey","grey",0.0651868150678863,0.00899678554935738,0.0915203682829606,0.0522991829323659
"SCD5","blue","blue",-0.281085409605959,0.40577220524692,0.120329538753631,0.097881992243922
"SEC31A","blue","blue",-0.0558866904010632,0.190475928696446,0.151122958200334,0.128300628477191
"LIN54","turquoise","turquoise",0.152342426801236,-0.06372403605469,0.102491531314202,0.0639067971054385
"COPS4","blue","blue",-0.170748016066486,0.328703173002124,0.149133101592428,0.0723538988286258
"MRPS18C","blue","blue",-0.0313637962859591,0.116198196042189,0.0845962202905869,0.0613486095217213
"GPAT3","grey","grey",0.0787913401577433,-0.0122345928743701,0.0784386386535644,0.0316474646343598
"CDS1","grey","grey",-0.02780597584679,0.116382666130199,0.121421143762905,0.0944686926796677
"WDFY3","turquoise","turquoise",0.299209423000101,-0.138289694227703,0.168718654620167,0.149885096980894
"ARHGAP24","turquoise","turquoise",0.458223673619636,-0.257096873658781,0.185412871244398,0.0747885324389133
"MAPK10","turquoise","turquoise",0.368625190792786,-0.15266980938189,0.227328026406553,0.192714418420146
"PTPN13","turquoise","turquoise",0.339374756996747,-0.177120759891789,0.16973364126047,0.115966751499156
"AFF1","turquoise","turquoise",0.206570580409142,-0.116792014211348,0.0923544276997901,0.0338370950786145
"KLHL8","grey","grey",0.0457844108505701,0.0221667897165263,0.0862242906648836,0.0841002772656476
"NUDT9","grey","grey",-0.00655190033474435,0.105298132046069,0.104575309386681,0.0491053836491634
"SPARCL1","grey","grey",-0.0251648769266752,-0.0601670575901727,-0.0925988782381745,-0.0536670231561055
"SPP1","blue","blue",-0.185308374671093,0.163045913341039,-0.0408203391370181,-0.0746491980591941
"PKD2","turquoise","turquoise",0.370227099420057,-0.237915430557324,0.11434772576789,0.0289799048252439
"PPM1K","grey","grey",-0.00759211469198781,0.141861596829308,0.164721091016773,0.159800562526623
"HERC6","grey","grey",0.00627844326702888,0.0671272357886731,0.0670355990246404,0.0384212117919407
"PYURF","blue","blue",-0.0701081851265119,0.124767579954924,0.060911299197405,0.0586927699861435
"HERC3","grey","grey",0.0532635998064343,0.0368784311326832,0.106894052164236,0.0773174426285537
"NAP1L5","blue","blue",-0.313692211750709,0.427475531539459,0.12282260382411,0.1561178574144
"FAM13A","turquoise","turquoise",0.239006251525986,-0.146349651888903,0.0797386113143277,0.028334402153271
"GPRIN3","grey","grey",0.0514647024502916,0.118006838792056,0.208126414053857,0.173137693791811
"AC097478.1","blue","blue",-0.129385993358493,0.245418704671614,0.120353313194892,0.122386375088499
"SNCA","blue","blue",-0.274257388700663,0.420154449028811,0.145551857721502,0.170632435356422
"CCSER1","turquoise","turquoise",0.667456820202073,-0.458921309070518,0.174205555160985,0.0494785880691822
"GRID2","turquoise","turquoise",0.427377812725407,-0.29969070157297,0.100820669182698,0.0213876333850376
"SMARCAD1","turquoise","turquoise",0.176971873056317,-0.0573611535435588,0.128409111769128,0.0770900406441867
"PDLIM5","turquoise","turquoise",0.102842344917609,-0.0508327715299323,0.0461081461496935,0.0133633673439684
"UNC5C","turquoise","turquoise",0.566556635343939,-0.378304382850605,0.149513348201865,0.0504296389661657
"STPG2","turquoise","turquoise",0.365563208699145,-0.228206932462128,0.11803856797909,0.0371154680487711
"RAP1GDS1","blue","blue",-0.14066375287811,0.360164160111259,0.18145198591561,0.0771563937294387
"TSPAN5","turquoise","turquoise",0.233244469203916,-0.110817893383796,0.105627989267418,0.0572485129264106
"EIF4E","blue","blue",-0.0455770418192741,0.17246277391922,0.132488937880727,0.1430210124175
"METAP1","grey","grey",0.0152531285730615,0.0430144344088514,0.06978682040254,0.0595975833228771
"ADH5","blue","blue",-0.14921152907927,0.2644708714342,0.113143021617065,0.0878783483632334
"LAMTOR3","blue","blue",-0.0929340818045098,0.188507874018509,0.107937276212266,0.128115959545753
"DNAJB14","blue","blue",-0.0547097338916674,0.186848688614113,0.169272693528232,0.208788741304549
"H2AFZ","blue","blue",-0.103844851147013,0.186094161074457,0.0813772050493149,0.0671941659994777
"PPP3CA","turquoise","turquoise",0.229268333017174,-0.0657429011469188,0.176168583340481,0.130284384962362
"NFKB1","turquoise","turquoise",0.254466431474816,-0.159325057761257,0.0918933363585717,0.0245679439253201
"MANBA","turquoise","turquoise",0.223839939824521,-0.103540093647625,0.11726352344273,0.041865980833798
"UBE2D3","grey","grey",0.0661848919028846,0.0956697157710992,0.176089100048994,0.151250148138452
"CISD2","blue","blue",-0.10776619563266,0.209362909095569,0.109984868479675,0.114906416649211
"SLC9B2","grey","grey",0.0212205849187252,0.10200270832037,0.13805339399587,0.102538607514899
"CENPE","grey","grey",-0.00101680334487245,0.043316705434451,0.0557232242308865,0.032175306745339
"CXXC4","brown","brown",0.0276808163451344,0.0997815991314518,0.156487639363704,0.210875189565096
"TET2","turquoise","turquoise",0.363707870167603,-0.230882841027914,0.118924055506747,0.0540321323170168
"PPA2","turquoise","turquoise",0.271952589223331,-0.131553929715541,0.139988642864946,0.075525451526793
"INTS12","turquoise","turquoise",0.225343812604237,-0.0938346802059646,0.13858328986882,0.0737989434436889
"GSTCD","turquoise","turquoise",0.143922939163402,-0.0520733210455073,0.0927631832138504,0.0733551996958872
"NPNT","blue","blue",-0.121050555112887,0.243250532411904,0.152608246906155,0.0844745701429235
"TBCK","turquoise","turquoise",0.331474827147835,-0.146302194298821,0.183263255847301,0.0954335882761691
"AIMP1","blue","blue",-0.0297106366817295,0.13744614976354,0.124810362460906,0.0936465752873476
"PAPSS1","grey","grey",0.0520447293397459,0.0700365299061103,0.137339191804854,0.0638561095144941
"AC096564.1","turquoise","turquoise",0.127195781653589,-0.052044037358038,0.0742636322865226,0.0363779757038099
"CYP2U1","grey","grey",0.129747294122302,-0.0252046938123992,0.124873655253563,0.0654705949690374
"HADH","grey","grey",-0.0198272396221,0.0881450884862028,0.082053437197005,0.050624517664695
"RPL34","grey","grey",-0.0649114469551636,0.0862647924177564,0.0193432698601805,0.0182623691592119
"OSTC","blue","blue",-0.0631508856615034,0.146658918580739,0.0919115462924597,0.0629138598898026
"SEC24B","turquoise","turquoise",0.17991964680211,-0.0654652163230861,0.131850480221758,0.0669834141064498
"PLA2G12A","blue","blue",-0.0783110221093496,0.185733720188089,0.142238685344006,0.194541605914745
"ELOVL6","turquoise","turquoise",0.155496516989185,0.00277369257275447,0.168217020951672,0.130820085870993
"AP1AR","grey","grey",0.0233963561655343,0.0486505637000781,0.091070792445808,0.0949190385926322
"LARP7","grey","grey",-0.00498203903998413,0.0986685811559299,0.110496031256276,0.0827822068058962
"ANK2","grey","grey",-0.00433423458971216,0.207338162422321,0.157992345507525,0.0458893174584419
"CAMK2D","grey","grey",0.0427980104163662,0.163138397139311,0.203060740163168,0.138918287147851
"UGT8","turquoise","turquoise",0.0927626366342766,-0.086148904257163,0.000295115313456935,-0.013045609847564
"SNHG8","grey","grey",-0.0224504545444063,0.0569378802821816,0.0332850155111948,0.0397091297525486
"METTL14","grey","grey",0.046189789019698,0.00184777093661567,0.0571046772618157,0.0478691198110823
"SYNPO2","turquoise","turquoise",0.169820679496741,-0.0556437896765814,0.119784931422084,0.0705444751127152
"USP53","turquoise","turquoise",0.249759835158439,-0.101473749321429,0.150515864883625,0.0868896663258237
"C4orf3","blue","blue",-0.0876183486769078,0.162587943957334,0.0846519182052762,0.0882560206528656
"AC108866.1","turquoise","turquoise",0.406160051656514,-0.269205324944826,0.121108585248161,0.0497592155785982
"ANXA5","grey","grey",-0.0503296198952976,0.108080585652301,0.0553969204595474,0.0166742764154677
"BBS7","blue","blue",-0.0294248565150659,0.146634775032148,0.134420287588217,0.0824922266390466
"KIAA1109","grey","grey",0.0656381611813196,0.101753428183353,0.202301976258011,0.205372507979399
"SPATA5","turquoise","turquoise",0.2806452708627,-0.151202592670193,0.130225044694703,0.0532126239971692
"ANKRD50","grey","grey",-0.042566998948343,0.153396808757819,0.149552707431095,0.157586750180824
"FAT4","turquoise","turquoise",0.233657709145192,-0.119300902881318,0.111806239993157,0.0501404284179346
"INTU","turquoise","turquoise",0.245650473468507,-0.119811058715043,0.13211550548214,0.0923247806482518
"HSPA4L","blue","blue",-0.230260773591875,0.373030486176853,0.16185747290014,0.131876121055299
"MFSD8","grey","grey",0.0787488584034331,-0.0175798734940476,0.0724515535516183,0.0468337602012265
"ABHD18","turquoise","turquoise",0.393384383430545,-0.24403542013033,0.141589040406492,0.0528321105758284
"LARP1B","turquoise","turquoise",0.296217533470416,-0.132645781072097,0.165806424810019,0.0828042534635428
"PGRMC2","blue","blue",-0.0723144810580071,0.154813613145464,0.100262547060149,0.104138036470645
"JADE1","grey","grey",0.0645463835949912,0.0382965331309043,0.12347118208612,0.100980659583892
"SCLT1","turquoise","turquoise",0.466198407265738,-0.306699581965047,0.142428326248968,0.0545030885902014
"C4orf33","grey","grey",0.00592856121225725,0.0532105293587392,0.065784109487129,0.0608108869646904
"LINC02465","turquoise","turquoise",0.282993312393293,-0.1687686914395,0.107281042931595,0.0556341443255376
"AC096711.2","turquoise","turquoise",0.512426152999117,-0.352586371943383,0.151558566639229,0.0416425957835213
"AC115622.1","turquoise","turquoise",0.317276473981062,-0.198024549042703,0.0917131710988724,0.0275095393148056
"AC105383.1","turquoise","turquoise",0.195316494656324,-0.101912444597778,0.0925842101643776,0.0574864927218616
"PCDH10","blue","blue",-0.25264623789964,0.337913986811713,0.133829272329971,0.137148264182973
"PCDH18","blue","blue",-0.0767200320771148,0.132964383071993,0.0835826406427873,0.0618895237845679
"SLC7A11","turquoise","turquoise",0.079708977483616,-0.0833841142672612,-0.0124014867622691,-0.0273725469809957
"ELF2","turquoise","turquoise",0.320901966459445,-0.187998019947707,0.128589295907399,0.0539416797582964
"NDUFC1","blue","blue",-0.106741875900265,0.178768257957037,0.0613873669571448,0.0559393196619439
"NAA15","turquoise","turquoise",0.146762168329702,-0.0273874285794468,0.133196516203497,0.0887092736543716
"AC097376.2","turquoise","turquoise",0.300406626074311,-0.188889011214257,0.105211635325808,0.0371888090340069
"RAB33B","grey","grey",-0.00451713682314916,0.0444224351667476,0.0461529718097638,0.0441348180426628
"SETD7","grey","grey",-0.00893105869694777,0.0841542467179543,0.100466852206225,0.115540229194152
"MGST2","grey","grey",0.0598798448668057,0.00397277403674497,0.0615848050667585,0.0231097400166494
"MAML3","turquoise","turquoise",0.22783308727103,-0.153730519390109,0.0539880821276557,-0.0075011414601528
"SCOC","blue","blue",-0.355808742012521,0.455599454594066,0.10700034460224,0.163996990265948
"CLGN","blue","blue",-0.0679156051870424,0.14927585486501,0.089052518002384,0.0317797642197194
"ELMOD2","grey","grey",0.0545964815226928,0.000600771856164518,0.0649372980877547,0.0499139261494184
"TBC1D9","blue","blue",-0.0897786892126457,0.235859740255655,0.176605893829819,0.204074725938761
"RNF150","turquoise","turquoise",0.309060023900849,-0.133312805381274,0.189292241816846,0.145847367203286
"ZNF330","grey","grey",-0.00268163414980329,0.0723801263705918,0.0772103342220668,0.0525359881193329
"INPP4B","turquoise","turquoise",0.531458933439216,-0.317336574257647,0.194273677471651,0.0893969731515519
"GAB1","turquoise","turquoise",0.227438555808297,-0.162733380039527,0.036005783387723,-0.00523280585655774
"SMARCA5","blue","blue",-0.130383271461021,0.230353749612265,0.134488805158419,0.0804987268201109
"HHIP","turquoise","turquoise",0.132352224061054,-0.084019873858424,0.0349290839150751,-0.00585862301443375
"ANAPC10","turquoise","turquoise",0.285066869859794,-0.124782240031222,0.160220722019438,0.099291747523549
"ABCE1","blue","blue",-0.035172001346421,0.13732633446438,0.119889323111389,0.0873086107216966
"OTUD4","grey","grey",0.0524932175188593,0.0454212598087109,0.113969611422972,0.120817224108154
"SMAD1","turquoise","turquoise",0.188203487750878,-0.0815407927951438,0.125092473350798,0.0657770662420075
"ZNF827","turquoise","turquoise",0.270178515860866,-0.126377189718388,0.153997405484881,0.0868598665648939
"LSM6","grey","grey",-0.0142196061855298,0.066427474158291,0.0514870672752895,0.0476531229659387
"SLC10A7","turquoise","turquoise",0.347750837364073,-0.20406817953062,0.125809160303692,0.0560525502518956
"TMEM184C","grey","grey",0.0144505923685674,0.0441023861185635,0.076325618619467,0.059573792124522
"PRMT9","turquoise","turquoise",0.220492828917564,-0.113684047829576,0.108327897167042,0.0480972995558254
"NR3C2","turquoise","turquoise",0.363031670321164,-0.213996016096884,0.140076085223279,0.0591969318024015
"DCLK2","turquoise","turquoise",0.319506828591291,-0.163306338761111,0.14339509168164,0.0642281278099272
"LRBA","turquoise","turquoise",0.406793268293024,-0.245667904516105,0.145131632156177,0.0685118732035342
"RPS3A","blue","blue",-0.0786517260168756,0.123520022078258,0.0420830599091824,0.0340837905697307
"SH3D19","turquoise","turquoise",0.361589615762941,-0.21397654721939,0.122195462311474,0.0534279476144176
"GATB","grey","grey",0.0534933047501777,0.0178829907018293,0.0755476503731768,0.0305222303941626
"FBXW7","turquoise","turquoise",0.143067516319059,0.0130284294448605,0.163199279734633,0.123160187337194
"ARFIP1","turquoise","turquoise",0.205496460368796,-0.103439985628015,0.103659231875817,0.0468450691153751
"TRIM2","brown","brown",0.0105940709222325,0.155994258732842,0.199059401967169,0.227972908860027
"TMEM131L","turquoise","turquoise",0.316456174754285,-0.199209978596611,0.0969197181581743,0.0324359949590565
"RNF175","turquoise","turquoise",0.23069708453411,-0.0827470944567726,0.135099566041216,0.0543068372646565
"DCHS2","turquoise","turquoise",0.137561145020512,-0.0644564912816605,0.0705478992138522,0.0193489299965453
"PLRG1","grey","grey",-0.0206350577245098,0.0841653653202366,0.0779427503950219,0.0525125751836627
"MAP9","blue","blue",-0.209608802429885,0.350527530572121,0.151669520651287,0.156994835626985
"GUCY1B1","blue","blue",-0.320332471653294,0.450646555813143,0.120609655039899,0.0585798906246023
"GLRB","blue","blue",-0.109303023729611,0.267204956560711,0.15294218104719,0.0540033580135213
"GRIA2","turquoise","turquoise",0.288100025303973,-0.106412840675305,0.21512134831965,0.113120587294342
"TMEM144","turquoise","turquoise",0.102807501345269,-0.0996251636094326,-0.0137910432038112,-0.0267675472230287
"ETFDH","turquoise","turquoise",0.20191960598,-0.0736159499691519,0.119955477208862,0.054439352542117
"PPID","blue","blue",-0.116425481737722,0.220720197849173,0.102707404401072,0.0521296086928737
"FNIP2","turquoise","turquoise",0.204043656981186,-0.115889568379996,0.0872976812293554,0.0493444821425426
"RAPGEF2","turquoise","turquoise",0.264998949933534,-0.110847739128663,0.165957870551213,0.120264722501755
"FSTL5","turquoise","turquoise",0.246297589454605,-0.120394611122979,0.104623843166571,0.0259408771354121
"NAF1","grey","grey",0.0727707075053326,-0.00186682833270597,0.0829269587667412,0.0532880369088417
"TMA16","grey","grey",-0.0013990524480802,0.0579353271575598,0.0660067594201068,0.0380387584046354
"MARCH1","turquoise","turquoise",0.630750423011998,-0.429244262217077,0.175816041947271,0.0592049423156113
"TMEM192","grey","grey",0.0572450988651859,0.0389176746321083,0.122821621444144,0.0875074459282504
"KLHL2","turquoise","turquoise",0.188841846657566,-0.0760658996569831,0.119549380026942,0.074071001917401
"MSMO1","blue","blue",-0.117363558309419,0.205748882403826,0.121480150902565,0.0801962221873118
"CPE","blue","blue",-0.437846857986638,0.534443273285132,0.0692048161303792,0.013050188634874
"TLL1","turquoise","turquoise",0.245681839175667,-0.138596053625227,0.086114989315725,0.0350778580813126
"SPOCK3","turquoise","turquoise",0.20280979369045,0.00397780051361074,0.189743549683484,0.0888931416610333
"PALLD","turquoise","turquoise",0.247681346437449,-0.123413300045494,0.129927047796043,0.0561012453418788
"CBR4","turquoise","turquoise",0.245329774794539,-0.0943173297642217,0.156908379343376,0.0876696232604575
"SH3RF1","turquoise","turquoise",0.212597837707451,-0.113411367749488,0.0909025310282672,0.0395238755642867
"NEK1","turquoise","turquoise",0.381353837130669,-0.194679541341058,0.184066921558735,0.103219397499969
"CLCN3","blue","blue",-0.235054306911237,0.368096557033249,0.161028407880889,0.144450595605827
"HPF1","blue","blue",-0.0338889216878677,0.131632847710658,0.101519771824876,0.0661052798962036
"MFAP3L","turquoise","turquoise",0.113460114508297,-0.0387553438029758,0.0939579490308625,0.075968790681676
"GALNTL6","turquoise","turquoise",0.673115914024145,-0.51299041224874,0.144681948302568,0.0530870517157765
"GALNT7","turquoise","turquoise",0.284836492132052,-0.165416300478297,0.119201820024899,0.0523201231557475
"HMGB2","blue","blue",-0.0606021672150242,0.133840738392162,0.081012313213063,0.0561041405691095
"SAP30","grey","grey",0.00557281996566053,0.0504553040076709,0.0672163086589999,0.0374018446002774
"FBXO8","grey","grey",0.0139345531971097,0.0342201869551977,0.0512128150973434,0.0289869043510012
"CEP44","turquoise","turquoise",0.178145787295632,-0.0991205072414012,0.079146815206542,0.0409391629688476
"HPGD","grey","grey",0.069917322998545,0.0318598796886088,0.114660203656679,0.0678338500348969
"GLRA3","grey","grey",0.0290616390404461,0.131306372936564,0.205927137217387,0.146585306434352
"GPM6A","turquoise","turquoise",0.0930484804596197,0.09525551828204,0.204927381804238,0.153741234744602
"WDR17","turquoise","turquoise",0.286829026670526,-0.113847477457226,0.178300902132019,0.120802165775501
"SPCS3","blue","blue",-0.184712662967514,0.308921486553716,0.156565749171282,0.17416593811347
"TENM3","turquoise","turquoise",0.302658581201799,-0.147186867980911,0.162405435202656,0.0717056495788658
"DCTD","grey","grey",-0.027240146543602,0.085064780790613,0.0750923961213664,0.0681586764222382
"WWC2","turquoise","turquoise",0.205254523061737,-0.121809832921354,0.0767050553377814,0.0366628829549409
"ING2","grey","grey",-0.00196478796465426,0.0703487353579876,0.080090598485251,0.0576116121164866
"RWDD4","grey","grey",0.0142310683392456,0.0379420732295541,0.0677221556094281,0.0525105664742232
"TRAPPC11","grey","grey",0.127148815841128,-0.00166728645881576,0.128846894639221,0.0713047253249579
"STOX2","turquoise","turquoise",0.280336374894735,-0.12201987842202,0.172750097375144,0.124144858556226
"IRF2","turquoise","turquoise",0.15991830442037,-0.097548067171302,0.0597773597934906,0.0181395707800802
"ACSL1","grey","grey",0.103022546621637,-0.0394538528892894,0.0644162277660989,0.0241417657033939
"SLC25A4","blue","blue",-0.322137562326007,0.463788825169234,0.122177368273935,0.10135587328248
"CFAP97","blue","blue",-0.069275637617122,0.159514936912945,0.10678124132339,0.0869712671459194
"SNX25","turquoise","turquoise",0.120305483655159,0.019683145416825,0.160579974189012,0.128599525280034
"UFSP2","grey","grey",-0.0263004939902966,0.107130590898363,0.0842176287518431,0.0497367242018464
"SORBS2","turquoise","turquoise",0.521025067310317,-0.317572372617514,0.193924056108739,0.0844294878004871
"FAM149A","grey","grey",0.0351589165014543,0.032981406159652,0.0803903746113572,0.0734207220062082
"FRG1","blue","blue",-0.0298479645075081,0.101012411876246,0.0690819322919361,0.0296766759054182
"CCDC127","blue","blue",-0.0966262919868768,0.177965721220337,0.0939538961836499,0.0701503324047475
"SDHA","blue","blue",-0.170615750024298,0.347981202215741,0.152215730418995,0.064672886697888
"PDCD6","turquoise","turquoise",0.334667299128695,-0.198325543888429,0.136783354284464,0.0612180386261143
"EXOC3-AS1","grey","grey",0.0608784635011987,0.0123498154669086,0.0869415089466518,0.065429574665813
"EXOC3","blue","blue",-0.106883190356966,0.218315086048429,0.1222945893292,0.0949783353229757
"TPPP","blue","blue",-0.132716671664485,0.22078454678533,0.133175979243934,0.172303686349155
"ZDHHC11B","turquoise","turquoise",0.324480400655056,-0.204521033468686,0.11133679489107,0.0361733928823239
"BRD9","grey","grey",0.0123567731618258,0.103418757070662,0.124802165615799,0.0707500839426236
"SLC12A7","blue","blue",-0.107881193350883,0.15436450392576,0.0524751170632694,0.0329284684466271
"CLPTM1L","blue","blue",-0.141996517308109,0.228949830083564,0.11837862476144,0.106445123217239
"SLC6A3","blue","blue",-0.406925908310847,0.502572705590911,0.0910492082200282,0.0411415792498426
"LPCAT1","blue","blue",-0.0572926891178948,0.165406735250492,0.118878732350743,0.0637055990627287
"MRPL36","blue","blue",-0.0538317902868135,0.108433458245707,0.0538929707689827,0.0336023094190086
"NDUFS6","blue","blue",-0.065446253888179,0.121831742539809,0.0459682529545772,0.0350175730911404
"ICE1","grey","grey",0.0893269694637065,0.0166560601349352,0.127158077483941,0.0976792611872193
"MED10","blue","blue",-0.136838812107945,0.251773364595785,0.123519450697128,0.114947601148174
"UBE2QL1","blue","blue",-0.0727908322522136,0.20950104027857,0.152534941705295,0.126797487176375
"NSUN2","grey","grey",0.0701190406346453,-0.00881251697540386,0.068099909717095,0.0312522334582328
"SRD5A1","grey","grey",0.00695492225915023,0.0787245413530047,0.111164869406238,0.106468325931293
"TENT4A","turquoise","turquoise",0.189567835456168,-0.0891694600858245,0.111921993802593,0.076719344519025
"ADCY2","turquoise","turquoise",0.213485856843913,-0.0621215600697709,0.164137176763317,0.0902997552229844
"C5orf49","grey","grey",-0.0382249787155265,0.0835591232513007,0.0515332536861143,0.0522177889580979
"MTRR","grey","grey",0.0892006487165589,-0.0243743185810933,0.0787916042124563,0.0388157580947912
"SEMA5A","turquoise","turquoise",0.3439086088374,-0.250065662875727,0.0824470422514333,0.00971201148234879
"FAM173B","turquoise","turquoise",0.170515856160559,-0.0544930236446331,0.116050559550492,0.0635395751367401
"CCT5","blue","blue",-0.29821946940489,0.437214139268217,0.126804389861768,0.0344536257312685
"MARCH6","blue","blue",-0.195440212014023,0.307189643928435,0.147159646826552,0.0987505688286425
"CTNND2","turquoise","turquoise",0.392384567472728,-0.164658312394332,0.215475934415349,0.128536765160589
"TRIO","turquoise","turquoise",0.435651927431335,-0.223849143202823,0.206816507818629,0.0840029399095577
"OTULIN","grey","grey",0.0955207514405912,-0.0289289897927394,0.0728141606914537,0.0411158104926064
"ANKH","grey","grey",0.102830386720768,0.0962056729074154,0.220349162089087,0.152143634025051
"FBXL7","turquoise","turquoise",0.167987505930523,-0.123383840431418,0.0198709436159918,-0.0272873803704799
"MARCH11","turquoise","turquoise",0.311922626398918,-0.178162061913647,0.131401843412209,0.0538153722400643
"ZNF622","blue","blue",-0.0665749779882449,0.170127078787273,0.113786911813315,0.0849761003279006
"RETREG1","blue","blue",-0.105485228209116,0.286706766525426,0.197162830307195,0.111282221732373
"BASP1","blue","blue",-0.296405967655679,0.436439210259646,0.128176333133689,0.151343437620394
"BASP1-AS1","turquoise","turquoise",0.350520524748742,-0.216459712494394,0.127110014685847,0.0614032409607492
"CDH18","turquoise","turquoise",0.428184792866981,-0.247497678718769,0.150284863855475,0.061261563902165
"CDH12","turquoise","turquoise",0.53455768809333,-0.331567032810167,0.172015346617433,0.0628795102609986
"CDH10","turquoise","turquoise",0.300114975777751,-0.145078367153746,0.163497980432214,0.0818247924688852
"CDH6","grey","grey",0.0236057081262738,0.0445594986553276,0.0960990942255024,0.0537043536346918
"DROSHA","grey","grey",0.137750176552005,-0.0296247550169628,0.123356802220378,0.0674405660062769
"C5orf22","grey","grey",0.0370107535522941,0.0453371436835797,0.0944791316784555,0.074300136942347
"PDZD2","turquoise","turquoise",0.364085365241301,-0.194021379840805,0.183844466328756,0.113104703470744
"GOLPH3","grey","grey",0.0780335858687855,0.0293183212078137,0.125440900251629,0.101354657052996
"MTMR12","turquoise","turquoise",0.200037419534152,-0.101867829982867,0.0978195535756635,0.0624073928679203
"ZFR","grey","grey",0.023640874454407,0.146792019956156,0.184652713346732,0.0877729281448701
"SUB1","blue","blue",-0.211855890922234,0.35549598152779,0.146506506814043,0.160916259121833
"TARS","blue","blue",-0.0972226711496294,0.183866973024227,0.102573065213984,0.0478631878231579
"C1QTNF3-AMACR","turquoise","turquoise",0.328297535500041,-0.219516693965316,0.0952599203527452,0.023515400990618
"RAD1","grey","grey",-0.028255023083043,0.0928365407509706,0.0818387430660922,0.101326061216792
"BRIX1","grey","grey",-0.0370174087319862,0.0886910015152896,0.0652551794498936,0.0479905857923283
"DNAJC21","brown","brown",0.00268529635016735,0.0712680345656817,0.100640646749121,0.146686471608609
"SPEF2","grey","grey",0.0990175568750619,-0.00750991094920774,0.0958077997944648,0.0320868217474524
"LMBRD2","blue","blue",-0.0891357422149845,0.167441773445151,0.118863298094952,0.100653994408218
"NADK2","turquoise","turquoise",0.0960883999061883,-0.0424313393832693,0.0595128718371606,0.0401166718030386
"SLC1A3","turquoise","turquoise",0.0869717972852959,-0.103020073548892,-0.0337102232236084,-0.0516586528036418
"NIPBL","turquoise","turquoise",0.260008406568316,-0.109095484059142,0.154933282340692,0.0762334231955215
"CPLANE1","turquoise","turquoise",0.350842904068302,-0.198899323103628,0.149015985212524,0.0910758159929021
"NUP155","grey","grey",0.0380799305401625,0.0317115870299672,0.0716714122395338,0.053710314011268
"WDR70","turquoise","turquoise",0.380834163076039,-0.219914191643114,0.153454646158932,0.0434184564669918
"LIFR","grey","grey",0.0867210098840188,-0.0316534846728306,0.0718676146705506,0.0310409334493174
"RICTOR","turquoise","turquoise",0.25951898642803,-0.139647073596081,0.12225172912596,0.0700935490320011
"TTC33","grey","grey",0.027509261938579,0.0536466283113819,0.103066906019267,0.0982650835604878
"PRKAA1","grey","grey",0.0231475520931471,0.0786399963100262,0.128401833493638,0.0990614791728271
"RPL37","grey","grey",-0.00776851123989994,0.0547139511986104,0.0573071193549717,0.0602385350154286
"PLCXD3","brown","brown",0.0487266530766405,0.101216250895208,0.180023870699762,0.236565011636597
"OXCT1","blue","blue",-0.105345419097718,0.287306410545695,0.171781044494437,0.11747737575086
"C5orf51","grey","grey",0.00192067568599261,0.0535648948418755,0.0744383834108892,0.0726659529678651
"SELENOP","grey","grey",0.0125756386287067,-0.0606960957649184,-0.0532843858544857,-0.0592300665966986
"ZNF131","turquoise","turquoise",0.268299452839469,-0.143744496267633,0.135671848519714,0.0704361473740901
"NIM1K","turquoise","turquoise",0.208627481092577,-0.0943854772303927,0.121295513931786,0.0729518188329523
"HMGCS1","blue","blue",-0.141290585969076,0.273895395965721,0.157607892664108,0.0889247098166094
"TMEM267","grey","grey",0.145195595745069,-0.0363463771567011,0.121107497961533,0.0698029062210579
"PAIP1","blue","blue",-0.0615762311728996,0.143647046397326,0.101791522079976,0.0632396056405237
"NNT-AS1","grey","grey",0.0592080668983259,0.0251876745396765,0.105419623086135,0.0904135505754212
"NNT","grey","grey",0.151495676430114,0.00604693387052503,0.17315794229715,0.13161285644146
"MRPS30-DT","turquoise","turquoise",0.243692584019765,-0.140034552983293,0.0965413644876585,0.0349495092635206
"MRPS30","grey","grey",-0.0550057228691535,0.112519171246953,0.0745405857599305,0.0776823839468096
"HCN1","turquoise","turquoise",0.224426208515658,-0.0722146360149411,0.16660523670417,0.0986776191006382
"EMB","grey","grey",0.0964017426544134,0.0353895234460036,0.140278129961866,0.0703197028117504
"PARP8","turquoise","turquoise",0.341704995542358,-0.193862245130842,0.148159308201437,0.0891250933509137
"MOCS2","grey","grey",-0.0462215718074709,0.120065682830832,0.0758152504638484,0.0801228898358055
"FST","blue","blue",-0.0726237087043747,0.123480268574078,0.0561751015064517,0.0320096648362348
"NDUFS4","grey","grey",0.094917615218166,0.0237162771463146,0.111759453606971,0.0523098161311126
"ARL15","turquoise","turquoise",0.420233382875418,-0.26757726112017,0.138401481532994,0.0563854028152044
"DHX29","grey","grey",0.0437979803382631,0.0582897166591535,0.125359508406989,0.044941151587247
"MTREX","grey","grey",0.046405226968802,0.0572008285366677,0.12151436354672,0.0467887776277245
"PLPP1","turquoise","turquoise",0.190870370719218,-0.079707503787054,0.109307028977037,0.0412758529478593
"SLC38A9","turquoise","turquoise",0.226409148517827,-0.137833732528445,0.082789346803608,0.0168983404683455
"IL6ST","grey","grey",-0.0701312922616734,0.120397044424388,0.0757055151300827,0.0857077256823778
"GPBP1","grey","grey",0.126560407372072,-0.0176144250600461,0.132699158397257,0.104515780865928
"RAB3C","blue","blue",-0.145940017169181,0.287664922495623,0.17358044945246,0.28575394289526
"PDE4D","turquoise","turquoise",0.700100031887496,-0.525200074777582,0.148985999992555,0.0573594022342424
"ELOVL7","grey","grey",0.133673571264858,-0.0499032104061847,0.0865076703446418,0.0484664192269602
"ERCC8","turquoise","turquoise",0.197022734470868,-0.110953111125414,0.0856455641735901,0.0540683046490895
"NDUFAF2","grey","grey",0.110272253352631,0.0298121463586015,0.135088996256631,0.0849855792832221
"SMIM15","grey","grey",-0.0512875792913168,0.105938773539412,0.0721760844387652,0.0831862116591215
"ZSWIM6","turquoise","turquoise",0.397411061681751,-0.247880231109462,0.142581180000134,0.0605976855959994
"KIF2A","blue","blue",-0.0718168129825177,0.244104022125589,0.196344874851659,0.165670953207303
"DIMT1","grey","grey",-0.00360226716587969,0.0477419958092941,0.0554555631698112,0.0235736591812006
"IPO11","grey","grey",0.105006992077745,-0.0043624084788828,0.113171394687807,0.0431168627486403
"RNF180","turquoise","turquoise",0.261950275178634,-0.126985351560498,0.131050644972396,0.0965454244321
"RGS7BP","grey","grey",0.0981448301016052,0.00350480778402859,0.124148251232339,0.1532142986762
"SREK1IP1","grey","grey",0.0535962044687954,0.0339995729530949,0.0968480749295001,0.0882513948019531
"CWC27","turquoise","turquoise",0.210957996264249,-0.0904971586427719,0.111080203749187,0.0621102935303983
"PPWD1","turquoise","turquoise",0.178147653831438,-0.0856304457474681,0.0850027261234651,0.0366739106989754
"TRIM23","blue","blue",-0.099579297521595,0.203794764744959,0.130106381263189,0.117287875124665
"TRAPPC13","grey","grey",0.0166087640485591,0.0903901230748796,0.124247216478299,0.0820660160475772
"SGTB","blue","blue",-0.151591524342867,0.277708100155756,0.147655547525909,0.165828089250399
"NLN","grey","grey",0.129842719700371,-0.026250724352359,0.123195681042288,0.0785826748733827
"ERBIN","turquoise","turquoise",0.310678981362293,-0.189297489489501,0.107841233694319,0.0542428065783831
"SREK1","grey","grey",0.169001470404576,-0.0671987174399221,0.114246834525099,0.067351982305784
"MAST4","turquoise","turquoise",0.202803580275168,-0.131528674120392,0.0558438168632612,0.0177052038374964
"PIK3R1","turquoise","turquoise",0.115703172248744,-0.0369961287222508,0.0924380405527826,0.0787037380800158
"SLC30A5","grey","grey",0.0556314248678584,0.0177886343141218,0.0925709049564746,0.0575398621435742
"MRPS36","blue","blue",-0.0522058149045049,0.15432704976165,0.105254572519543,0.0823872228149866
"CDK7","grey","grey",0.0733811811324811,-0.00536612210489966,0.0761677051756475,0.0434681182086285
"CCDC125","turquoise","turquoise",0.2290011969753,-0.12791120991689,0.0977278193285581,0.0494469675493952
"AK6","blue","blue",-0.0324053599068836,0.112732178150428,0.0799307991540762,0.0688519582071281
"RAD17","grey","grey",0.0253961868214823,0.0623125160678223,0.111030884395756,0.0941166286731745
"NAIP","turquoise","turquoise",0.30101562432358,-0.174147010447424,0.118461072644922,0.0319647381388492
"BDP1","turquoise","turquoise",0.18765782209584,-0.0646203507049569,0.133639827332742,0.0816647037554614
"MCCC2","grey","grey",0.0681818641949313,0.0119600905040904,0.0866692777011237,0.0437955306834989
"MAP1B","blue","blue",-0.719677770558426,0.659094440681063,-0.0615818726579049,0.0928303951169549
"MRPS27","grey","grey",0.0391065652031032,0.0656009890492402,0.111990380723325,0.082700514906982
"PTCD2","grey","grey",0.00502802754041068,0.0653944923037266,0.0814925644077062,0.0818858291613573
"TNPO1","grey","grey",0.0551752895313756,0.0762763170091541,0.144618201098649,0.0646688614651303
"FCHO2","turquoise","turquoise",0.302259235394779,-0.191457273282689,0.0997582603233314,0.031428424035093
"BTF3","blue","blue",-0.117343629797373,0.217587106486275,0.098907222141183,0.0752790839178421
"ANKRA2","grey","grey",0.0039404355719115,0.0575267835282008,0.0752631576908672,0.0379893451258194
"ARHGEF28","turquoise","turquoise",0.261299725028071,-0.0842297217272969,0.185669709183398,0.10298037812569
"ENC1","blue","blue",-0.107406942287417,0.182175764267992,0.0891261012785557,0.0806652895041099
"HEXB","grey","grey",0.0714265225093784,0.0261720147347677,0.114826385834409,0.0433644478170694
"GFM2","grey","grey",0.0101621370756526,0.10876685838131,0.131618736759941,0.10030235549472
"NSA2","blue","blue",-0.0357991759868259,0.121649556089901,0.0835307439171912,0.0521829287584444
"FAM169A","grey","grey",0.0256498305726086,0.104826755640214,0.166385394344579,0.163515278947418
"HMGCR","blue","blue",-0.0896546982484417,0.180300802516773,0.136100787670611,0.0917451162729855
"COL4A3BP","grey","grey",-0.0242047046529971,0.170068332841744,0.187158122365781,0.200136187998582
"POLK","turquoise","turquoise",0.208743049914764,-0.112638055569932,0.102590314513033,0.0483748573489229
"POC5","turquoise","turquoise",0.123544388088789,-0.0431320573750572,0.0801601237746674,0.0378089209375749
"SV2C","blue","blue",-0.320500864049372,0.42331858138773,0.117984511552162,0.11228973676689
"PDE8B","grey","grey",0.00801011467875354,0.052876312084966,0.080628310185177,0.0845856079325687
"WDR41","grey","grey",0.0760328626167387,0.0409086783403956,0.128844936757607,0.102497222947115
"TBCA","blue","blue",-0.0452243129053853,0.190325869048873,0.134588085853097,0.0871499844969344
"AP3B1","grey","grey",0.105291183652,0.0269136733420981,0.128567006293056,0.0398810663670127
"SCAMP1","blue","blue",-0.164751590414388,0.307985302053231,0.157517042738374,0.11279143416983
"LHFPL2","turquoise","turquoise",0.200878700406507,-0.12745732873988,0.0710347489571259,0.0251712478222996
"ARSB","turquoise","turquoise",0.230814098545527,-0.0961510035978627,0.140359458717511,0.0692755544311027
"DMGDH","turquoise","turquoise",0.235188811186409,-0.138940427433207,0.0869227131492301,0.0395166358343362
"JMY","grey","grey",0.090076406744755,0.0142510899379501,0.136259931649114,0.114225172730287
"HOMER1","turquoise","turquoise",0.256462150820155,-0.13870475396211,0.119800834141588,0.0638860053603225
"TENT2","turquoise","turquoise",0.344923293557831,-0.223966601448748,0.112636522346248,0.0364487472413424
"MTX3","grey","grey",-0.0293630842065328,0.119443501115273,0.119972284451775,0.14598061588023
"SERINC5","turquoise","turquoise",0.193526300866155,-0.126325127802014,0.0641095524753543,0.00880786675808845
"ZFYVE16","turquoise","turquoise",0.340809832169976,-0.219626172644189,0.125218294358819,0.0461878012945218
"DHFR","blue","blue",-0.119108578657423,0.129268544799846,0.0604445047700065,0.172554921294961
"MSH3","turquoise","turquoise",0.191480830836672,-0.0571664743052795,0.133046169479258,0.0650964803752289
"RASGRF2","turquoise","turquoise",0.224679805991448,-0.107538063971925,0.0996105071620296,0.0641934779108574
"CKMT2-AS1","turquoise","turquoise",0.271546704806272,-0.159227456022283,0.116720969329992,0.0567273321123076
"ZCCHC9","grey","grey",0.0485752299960999,0.0101509307775248,0.064183728136234,0.0393726742926141
"SSBP2","turquoise","turquoise",0.230037038438044,-0.122153750416642,0.0980940517660255,0.0347498732519487
"ATG10","turquoise","turquoise",0.225570413277582,-0.115461621197419,0.0998125462254059,0.0548417609738341
"RPS23","blue","blue",-0.115848385886837,0.146579408829189,0.0258283989949501,0.0403634710520252
"ATP6AP1L","turquoise","turquoise",0.259933868967741,-0.164621767520454,0.0880320040696365,0.0391042757302739
"TMEM167A","blue","blue",-0.116164287333047,0.218023516926174,0.12986392755788,0.169945179590433
"XRCC4","grey","grey",0.113641387632169,-0.040305468063847,0.0717963267130607,0.0319401156453975
"EDIL3","turquoise","turquoise",0.0507620910522456,0.0514033995268657,0.0786089590007685,0.0130535394161312
"COX7C","blue","blue",-0.230659591559402,0.315296295060027,0.0727068338182167,0.10055053354186
"RASA1","turquoise","turquoise",0.195131168497784,-0.0554847866060347,0.148692150151133,0.100713676634587
"CCNH","turquoise","turquoise",0.204924123451881,-0.0787758468972002,0.123372161494499,0.0448216141043494
"TMEM161B","turquoise","turquoise",0.163590275105387,-0.0663173641804291,0.0978903037692629,0.0464620398700225
"TMEM161B-AS1","turquoise","turquoise",0.451892861688664,-0.270963483537523,0.164435268097346,0.0613678347699578
"LINC00461","turquoise","turquoise",0.318238761657165,-0.158018677781432,0.160801899104729,0.105556311816075
"CETN3","grey","grey",0.0175409905184512,0.0443124363922063,0.064473982293403,0.0258363623058523
"MBLAC2","grey","grey",-0.044797637485399,0.121467312559409,0.097149136231473,0.0769950953235745
"POLR3G","turquoise","turquoise",0.335077185216981,-0.199034207205546,0.129072092068475,0.0503056425071579
"LYSMD3","grey","grey",0.0294259062003833,0.0399722165477936,0.0981845655879833,0.0893292719257777
"ADGRV1","turquoise","turquoise",0.40305055245922,-0.203296298290309,0.196215453891026,0.0853260740042229
"ARRDC3","grey","grey",0.0277178008172195,0.0210863091266118,0.0664850866065611,0.0624024386819871
"NR2F1-AS1","turquoise","turquoise",0.128518716413264,-0.0794933239052507,0.0472054673763747,0.0287310045647027
"FAM172A","turquoise","turquoise",0.213751253305545,-0.0413303333292434,0.16479748628505,0.0998277784223324
"KIAA0825","turquoise","turquoise",0.471916008635134,-0.295702530211204,0.159975776174424,0.0600195829163468
"SLF1","turquoise","turquoise",0.201515318724144,-0.119429871579269,0.075580200456159,0.018614658078303
"MCTP1","turquoise","turquoise",0.364358292477588,-0.221391490628432,0.125338519629132,0.0511407782681988
"TTC37","grey","grey",0.0993702053600897,0.0554168909627881,0.182656231678299,0.151990170325771
"ARSK","grey","grey",0.000565422477108703,0.058580998515321,0.0706648505128699,0.0248433031458562
"RHOBTB3","turquoise","turquoise",0.102321165258107,-0.0522222962047926,0.0551779196017557,0.0414212047335231
"GLRX","grey","grey",-0.0587625311038371,0.120339963481038,0.0640035323679251,0.0468952703815375
"ELL2","turquoise","turquoise",0.107981471528425,-0.032524540924289,0.0798382581398931,0.0714858854932293
"AC104123.1","turquoise","turquoise",0.178316174622361,-0.104409169613929,0.059809779810435,0.0150819169202723
"PCSK1","blue","blue",-0.176689278029455,0.264895606778927,0.100670718396451,0.0773183477892953
"CAST","grey","grey",0.0482995082192029,0.0977511390410937,0.158891470873775,0.10019116506348
"AC009126.1","turquoise","turquoise",0.274472526082437,-0.157008182225517,0.108579818878473,0.0446044085085164
"LNPEP","grey","grey",-0.0108692802474339,0.131538550531568,0.171155441887393,0.146860387557796
"LIX1-AS1","turquoise","turquoise",0.307737528925838,-0.193879860898784,0.0969613821430035,0.0323163440299872
"RIOK2","grey","grey",-0.0116172675354014,0.0507256537899924,0.0489165421871851,0.0241332686283635
"CHD1","turquoise","turquoise",0.209298551688484,-0.129204112164365,0.0794691773032753,0.038935484546104
"LINC02062","turquoise","turquoise",0.401159333128374,-0.256542860336226,0.121208305054215,0.0432916626765879
"FAM174A","blue","blue",-0.0406002807090339,0.153759402673669,0.115131953519758,0.0957079567745287
"PAM","grey","grey",0.0405148823239283,0.126459971772256,0.171436082604185,0.0490673704993789
"GIN1","grey","grey",0.0298194829688243,0.0198687485096435,0.0592002454974236,0.0229078085887396
"PPIP5K2","grey","grey",0.114027168076632,0.0525651438187327,0.194129483331871,0.155858560542715
"C5orf30","grey","grey",0.119332848201842,0.00331338084744296,0.144360183691536,0.104529637920581
"NUDT12","grey","grey",-0.0301631971838971,0.0980499955942589,0.0720391489378339,0.0415712835030024
"EFNA5","turquoise","turquoise",0.379100304768002,-0.208551936565632,0.176272812977428,0.102681864702385
"FBXL17","turquoise","turquoise",0.32859742938054,-0.113191770454652,0.209378965753803,0.112922055143068
"FER","turquoise","turquoise",0.476948515321382,-0.299304910592451,0.165086153372117,0.0699717061729048
"PJA2","blue","blue",-0.422116986521343,0.538129291381476,0.119572112588222,0.128283454001165
"MAN2A1","turquoise","turquoise",0.333720979279452,-0.228479515534955,0.0810565356368988,0.00853033314218805
"TMEM232","turquoise","turquoise",0.487872694438718,-0.296683191907487,0.158109601898873,0.0697353018793442
"SLC25A46","blue","blue",-0.076581868670786,0.204021416277048,0.153256476471065,0.158050211278136
"WDR36","grey","grey",0.0492634810967345,0.0176632152487542,0.0834078349577493,0.0701956485326563
"CAMK4","turquoise","turquoise",0.152542113707315,-0.0651053154550315,0.0883523551387422,0.0601673941669353
"STARD4","grey","grey",0.00831323056485742,0.0888293391102685,0.122126572802783,0.100598424863501
"NREP","grey","grey",0.0820559774194844,0.0138072177779099,0.111524463022685,0.0820256513389183
"EPB41L4A-AS1","grey","grey",-0.0423986606916933,0.080974860486533,0.0386592358424727,0.0297111857837283
"APC","turquoise","turquoise",0.275373883555116,-0.134728479474666,0.122427163080063,0.0639510578299363
"SRP19","grey","grey",-0.035410428669082,0.132990386006306,0.110434831222868,0.0601602244188546
"REEP5","blue","blue",-0.330793721268714,0.481351469134827,0.126782594447727,0.0737812290219603
"DCP2","grey","grey",0.0464802318967784,0.0474449956612101,0.108892515877781,0.112805911362195
"MCC","turquoise","turquoise",0.398642236025532,-0.189852794169238,0.215084334829811,0.157794912864946
"YTHDC2","turquoise","turquoise",0.319411115996328,-0.151473667909549,0.161761124464133,0.0876075340010073
"TRIM36","blue","blue",-0.0331998628006387,0.158331122622212,0.141854290765634,0.115768867142953
"PGGT1B","grey","grey",0.0814682844469896,-0.00264022283012239,0.0917346523488603,0.0913305766499635
"CCDC112","grey","grey",0.114650812344884,-0.0173923533430528,0.116259343538774,0.0742060856051454
"FEM1C","grey","grey",-0.000597124336362745,0.0905323116742702,0.114248656080862,0.100109587495345
"TMED7-TICAM2","grey","grey",-0.000742030845539587,0.0330451030278969,0.0489277436753248,0.0551018049518215
"CDO1","blue","blue",-0.0817858844136393,0.164709416323671,0.0827991894755643,0.0548489518398774
"ATG12","grey","grey",0.0208544054455237,0.0872616705387668,0.124567104647429,0.110070870744546
"AP3S1","grey","grey",0.0259570755515817,0.105383311075859,0.144759278967448,0.119005870216362
"COMMD10","turquoise","turquoise",0.190608622708441,-0.0468508536971925,0.133263390928966,0.0774518479811732
"SEMA6A","turquoise","turquoise",0.138346591087375,-0.0965740568453775,0.0262904184485374,-0.00476264161183714
"DTWD2","turquoise","turquoise",0.198591247964866,-0.106211457595176,0.0812678476044984,0.0274075267601387
"DMXL1","turquoise","turquoise",0.175275765746833,-0.0217991819703169,0.174459406369774,0.181544639982467
"HSD17B4","grey","grey",0.0486537446003159,0.0853360700999454,0.137037502792614,0.0630979088043948
"PRR16","turquoise","turquoise",0.465795865661452,-0.298979924481271,0.162543897707595,0.0677638119345044
"SRFBP1","grey","grey",0.0597962953680375,0.0296271099389373,0.108433028333979,0.107835382326261
"SNX2","blue","blue",-0.0065699071039791,0.125334644494632,0.128871695289747,0.0612715352033085
"SNX24","grey","grey",0.101297549842186,0.0171651199292774,0.135977208687551,0.105151706890508
"CEP120","turquoise","turquoise",0.112905583012158,-0.0429470461192195,0.0778385546742756,0.0478558576651454
"CSNK1G3","grey","grey",0.0967604049534793,0.0118449061482135,0.120344167277827,0.100467457794033
"ZNF608","turquoise","turquoise",0.203487796307308,-0.124976743761765,0.0711312084544532,0.016349481029984
"ALDH7A1","grey","grey",0.0795502751050593,-0.0029403826727274,0.0705718663958625,0.0297859727334772
"PHAX","blue","blue",-0.0856186812108444,0.167142161730392,0.0990904168101015,0.085811442330703
"MEGF10","turquoise","turquoise",0.107344810827815,-0.0720596319521068,0.0181852329506507,-0.00461608157692363
"PRRC1","grey","grey",0.0614719915447453,-0.010660956897027,0.0680228520019046,0.0500312888260066
"CTXN3","blue","blue",-0.136732732744864,0.228486471663214,0.10799276444603,0.113998780448432
"LINC01184","turquoise","turquoise",0.350357232511807,-0.189620579646108,0.150008983314738,0.0878813475817209
"SLC12A2","turquoise","turquoise",0.153080188570226,-0.01384269802093,0.164950959255193,0.0839774472411327
"SLC27A6","grey","grey",0.129008776417162,-0.0612212413449813,0.0675091424010612,0.0225385707148968
"ISOC1","blue","blue",-0.0919354200791393,0.184966860400558,0.101368610306555,0.0786884774887846
"AC008591.1","turquoise","turquoise",0.413623737196972,-0.259231874091759,0.136407215805202,0.061704974524836
"CHSY3","turquoise","turquoise",0.584336995838329,-0.362337962857804,0.20450387715119,0.0847588201892975
"HINT1","blue","blue",-0.266777809676198,0.390862810404874,0.109765511277076,0.112732015698909
"LYRM7","grey","grey",-0.0171312521994316,0.0979002220366375,0.112290064817942,0.133659757346856
"CDC42SE2","turquoise","turquoise",0.169577894382856,-0.0170123336916632,0.161510572357033,0.141131915059197
"P4HA2","grey","grey",0.0280960235529858,0.0427230522064488,0.0834999342830129,0.0454210133793398
"AC004039.1","blue","blue",-0.0329828359187536,0.118942062803746,0.0879629366957586,0.0573452219720532
"KIF3A","blue","blue",-0.378142248287394,0.50019386581722,0.116162145520522,0.0987587384453141
"SEPT8","blue","blue",-0.164951619188563,0.281863318014314,0.128333338088848,0.109131922459269
"UQCRQ","blue","blue",-0.0995777130118001,0.160656960760991,0.0540901281844219,0.056616715196119
"AFF4","grey","grey",0.124756488213442,0.0179807541340746,0.176744847336067,0.121838793666871
"ZCCHC10","grey","grey",0.0192503884623093,0.0715811881859261,0.103435241863122,0.0860910514485649
"HSPA4","blue","blue",-0.262127695967802,0.43280189478084,0.16635814326766,0.0772341806074393
"FSTL4","turquoise","turquoise",0.411535586786971,-0.242624337859918,0.158651266943026,0.0574050015906755
"C5orf15","grey","grey",-0.0432910274923659,0.114675054548206,0.0919052400093858,0.0508092468933419
"VDAC1","blue","blue",-0.34590873320846,0.501833869631875,0.134713336211379,0.0854640729900344
"SKP1","blue","blue",-0.341831672738724,0.46437476150519,0.102806671496862,0.0956519316899334
"CDKL3","turquoise","turquoise",0.231147234885899,-0.11415718148128,0.10907005205609,0.0598049787066794
"UBE2B","blue","blue",-2.82520241355159e-05,0.153449452230755,0.165325151553745,0.136733089430691
"CDKN2AIPNL","blue","blue",-0.0561311293463375,0.137936730926449,0.0911150197039202,0.0907979391479868
"JADE2","grey","grey",0.0308285371090097,0.0525376782143124,0.110881904207266,0.0986978842315564
"SAR1B","grey","grey",0.0300966897976247,0.0460752725274731,0.0976538801374891,0.08555684832479
"SEC24A","turquoise","turquoise",0.139439965457458,-0.0418227400529294,0.11801653777041,0.0745804798594786
"CAMLG","blue","blue",-0.173837454339819,0.308172179003352,0.148427457392234,0.109730494233981
"DDX46","grey","grey",0.104939537611826,0.0204854271218263,0.130356425855609,0.0433427145113846
"C5orf24","grey","grey",0.00322362596174721,0.0357404044608396,0.0594447460413652,0.0611008799546028
"TXNDC15","grey","grey",-0.0244575537797337,0.100264861537801,0.0916963025397295,0.0459106655083157
"PCBD2","grey","grey",0.112408663724125,-0.0392500114140234,0.0854421762847978,0.0645076711544316
"H2AFY","blue","blue",-0.040899811684793,0.177969680145867,0.145273504701875,0.109608525918794
"SMAD5","grey","grey",0.0704084580035541,0.0299266035523286,0.131254101203094,0.108976570816186
"SPOCK1","turquoise","turquoise",0.18129253543926,-0.116131732301751,0.0462068237233264,0.01411970365352
"KLHL3","turquoise","turquoise",0.305892950720474,-0.15202100128222,0.155982736682835,0.0837837160776387
"HNRNPA0","blue","blue",-0.114141690335915,0.205893018099212,0.118032348612259,0.109219123694885
"FAM13B","turquoise","turquoise",0.232939632935642,-0.110019579916974,0.128356752430792,0.0869590186975867
"NME5","grey","grey",0.162271545482839,0.00681211426298777,0.180840691605433,0.107172695989382
"BRD8","grey","grey",0.00287337991534634,0.0696858883325013,0.0928832562684209,0.0323041819980452
"CDC23","grey","grey",-0.00293401551363804,0.0567118454688363,0.0668131948552275,0.0517385124371149
"FAM53C","grey","grey",0.0711172791783258,0.0111220063180741,0.11398386596358,0.0897132560623906
"KDM3B","turquoise","turquoise",0.166156311500601,-0.0722060639370023,0.101060558927277,0.064133932174625
"REEP2","blue","blue",-0.188505142359182,0.316987011328141,0.152304613320825,0.158861765918417
"ETF1","blue","blue",-0.0791069345317694,0.163254951716168,0.100036705716568,0.0952333755865649
"HSPA9","blue","blue",-0.298181605681372,0.447022451524571,0.137690697060189,0.0378111147544127
"CTNNA1","grey","grey",0.0510173351161963,-0.0196173525862948,0.0421962123054532,0.0428790641324652
"LRRTM2","grey","grey",-0.0706381654989873,0.153165922988143,0.108779542434024,0.101933892822664
"SIL1","grey","grey",0.176718214174231,-0.00210518796133678,0.179996452099538,0.0509791367442516
"PAIP2","blue","blue",-0.135600785113777,0.266637522988871,0.139564359589316,0.132026074273274
"DNAJC18","blue","blue",-0.0216291519976854,0.119310883424511,0.128172755649539,0.132841284209991
"UBE2D2","grey","grey",0.103695387797308,0.0614704187565554,0.174741925683569,0.123152165305428
"CXXC5","grey","grey",-0.0572033018207486,0.130339502631084,0.0997541991014282,0.101969939562411
"PSD2","grey","grey",0.0291200738578674,-0.00377544412097899,0.026206661684319,0.0202626000549328
"NRG2","turquoise","turquoise",0.435276539233971,-0.269891954329142,0.154690462743923,0.0680024402435848
"PURA","blue","blue",-0.0546013970865799,0.16964426195829,0.169309876513461,0.244652518197652
"IGIP","grey","grey",-0.0587076349539609,0.128610819757276,0.114109096582325,0.182171975464821
"CYSTM1","blue","blue",-0.13485213505323,0.268386695447316,0.118465177140313,0.0821347115860006
"PFDN1","blue","blue",-0.0699152068206319,0.198188434208658,0.127407726119846,0.0957988212051585
"SRA1","grey","grey",-0.0231081575067756,0.109849484233082,0.0860081720373151,0.0725262517181114
"APBB3","blue","blue",-0.0871337323194878,0.180096175740563,0.093309618374502,0.0466623560504007
"NDUFA2","blue","blue",-0.119202111445739,0.194760183771134,0.0607034738215501,0.0394176153184817
"IK","blue","blue",-0.0704377001906145,0.142004738323217,0.0822422306815687,0.0358758829870006
"WDR55","grey","grey",-0.00530405919451438,0.065420031327405,0.0681747004152987,0.0459270359089509
"HARS","blue","blue",-0.101834397857129,0.233523744754207,0.145447632588307,0.121882475257641
"ZMAT2","blue","blue",-0.102040313265271,0.188634484376808,0.095833212497269,0.0952492668537394
"TAF7","blue","blue",-0.172393695906098,0.292892407195789,0.133940466620242,0.0836396505619483
"DIAPH1","turquoise","turquoise",0.18932041121182,-0.0549431036417965,0.137793246297804,0.0891651155773041
"HDAC3","grey","grey",0.146323676403428,-0.0550537687600479,0.100339344727899,0.0627215154607994
"RELL2","blue","blue",-0.0726383612350599,0.184677228657133,0.128784209540375,0.114430177829439
"DELE1","grey","grey",0.110729195491348,-0.0539774586855077,0.0638027906935215,0.0302566101841142
"RNF14","blue","blue",-0.0830097251195221,0.181596640802228,0.111939439489234,0.115998793681706
"GNPDA1","blue","blue",-0.102377697870835,0.211412459365925,0.108845023245933,0.067202627143663
"NDFIP1","blue","blue",-0.259686773837725,0.417092674574344,0.146943553860426,0.107591089260861
"SPRY4-AS1","turquoise","turquoise",0.376783094442984,-0.220128999621345,0.152597208853259,0.0675317782225731
"FGF1","turquoise","turquoise",0.185612217338139,-0.103075994981515,0.0719521013037834,0.0182031503334503
"ARHGAP26","turquoise","turquoise",0.311158585134395,-0.117570282894467,0.198767482550224,0.120782987923448
"NR3C1","turquoise","turquoise",0.164442074490663,-0.0908139100862971,0.0760114368554056,0.0396146576078295
"YIPF5","blue","blue",-0.0965007109060948,0.18142700343066,0.0993115878618524,0.0985160221126367
"KCTD16","turquoise","turquoise",0.253501780823694,-0.135482696403885,0.107544801911824,0.0649875483120577
"LARS","blue","blue",-0.0589802350478062,0.182446797737128,0.134862765407332,0.120578382935217
"TCERG1","grey","grey",0.0830613841966387,0.0449949089473824,0.132258363776821,0.0355538074462841
"PPP2R2B","turquoise","turquoise",0.369639127391643,-0.199855787414227,0.141600626630885,0.084136438172327
"STK32A","grey","grey",0.0399968617631101,-0.0274005259732074,0.0265668081398115,0.0213813268326938
"DPYSL3","blue","blue",-0.128299046195256,0.277167693212607,0.159411964513565,0.147169461674449
"JAKMIP2","turquoise","turquoise",0.379341127920446,-0.186695494123335,0.194058453837504,0.115282322607635
"AC091948.1","turquoise","turquoise",0.331352587692138,-0.209509212715589,0.111139234953647,0.0433088916753427
"FBXO38","turquoise","turquoise",0.120210568648361,-0.0285705969487924,0.0970345558038992,0.0567412594975756
"ABLIM3","turquoise","turquoise",0.255717281853668,-0.117322936072199,0.143255062092346,0.0838647329963544
"GRPEL2","grey","grey",-0.0328250157672156,0.0894829426467489,0.0631559700352568,0.0642414965117377
"PCYOX1L","blue","blue",-0.0710687941711852,0.159759683594373,0.105695314591036,0.056568463280257
"CSNK1A1","blue","blue",-0.04101140303285,0.20067441622603,0.186608574127905,0.186362219654789
"ARHGEF37","grey","grey",0.031099288066976,0.0650362811632186,0.11344686442552,0.0829640087112445
"PPARGC1B","grey","grey",0.144069182998648,-0.0536034538214779,0.104379123642193,0.0856314444969218
"HMGXB3","grey","grey",0.0388670613495994,0.0447369042753004,0.0994027558037926,0.0544819659975941
"CAMK2A","grey","grey",0.0862916420007525,0.00451634427507448,0.109194810194972,0.086754451348371
"TCOF1","grey","grey",-0.018059329705974,0.0795474926795002,0.0856834699600873,0.0405099436122517
"CD74","grey","grey",-0.00379806289404456,-0.0387475700533507,-0.045990326279748,-0.0407673334509243
"RPS14","blue","blue",-0.111378047590595,0.163923756340189,0.0514042239672452,0.0465065265481919
"NDST1","grey","grey",0.10833420515137,-0.0497993435747498,0.0698109714788005,0.0591550879910413
"SYNPO","grey","grey",-0.0199483519861145,0.0773805415048923,0.0762149728391303,0.0775849776983018
"RBM22","grey","grey",-0.0314673960973624,0.0760605712506803,0.0613774375531581,0.0433197652930088
"DCTN4","grey","grey",-0.0218420200963956,0.137255911185443,0.135815870820837,0.103826270231926
"GPX3","blue","blue",-0.225336759275585,0.334027895380318,0.11915186158652,0.123479173579436
"TNIP1","grey","grey",-0.0299738736434908,0.105307220801613,0.0861963807623598,0.0843944199270606
"ANXA6","blue","blue",-0.363471787072408,0.524561142576249,0.122190481064096,0.0227676540893816
"CCDC69","grey","grey",-0.0276340115816009,0.0912443480544256,0.076886054822751,0.0900394321767567
"SLC36A1","grey","grey",0.113558115501616,-0.019761208286393,0.0950108474077774,0.0565923558697191
"SPARC","grey","grey",-0.0208303511763916,-0.0443624292198276,-0.0625971370993897,-0.0436430787152834
"ATOX1","blue","blue",-0.0936785438923938,0.17557435425212,0.0672143260262934,0.0448949324014516
"G3BP1","grey","grey",0.0305084205611279,0.0395504248362295,0.0967501648940511,0.0657555005685603
"GLRA1","grey","grey",0.103409466334881,-0.0111516341017964,0.106337091099963,0.0818516090864469
"LINC01933","turquoise","turquoise",0.359219152306464,-0.228086990539864,0.110337229855489,0.0357553773140949
"GRIA1","turquoise","turquoise",0.349019422873798,-0.131223472776826,0.234276968508906,0.114931030937665
"FAM114A2","grey","grey",0.00801799415584134,0.0613308210742734,0.0697353006359081,0.0315417830505398
"MFAP3","turquoise","turquoise",0.181382414458051,-0.0789996584634339,0.110029906847177,0.0783610849090278
"GALNT10","turquoise","turquoise",0.326108461709818,-0.17945220116698,0.143397691848678,0.081323485453017
"LARP1","blue","blue",-0.123183571979332,0.262624264813676,0.169540617951521,0.180234256887527
"CNOT8","grey","grey",0.0293197726893864,0.0175753996303249,0.0582424604070207,0.0412291804362628
"GEMIN5","grey","grey",0.0410167257500875,0.0376894000898855,0.0870031907752594,0.0488600728441594
"MRPL22","grey","grey",-0.0241697952421926,0.107212007003374,0.0781459644357433,0.0521026170392642
"SGCD","turquoise","turquoise",0.686882547350062,-0.502114987654012,0.148737641255801,0.0410998177881469
"HAVCR2","turquoise","turquoise",0.1264952366144,-0.0619017683994587,0.0705790529601667,0.0449232648718569
"CYFIP2","blue","blue",-0.211943183618374,0.390635191137916,0.167752745209716,0.107038677839586
"LSM11","grey","grey",-0.017832302430464,0.0670040898879338,0.0805644834895921,0.115427894416366
"CLINT1","grey","grey",0.0346369466809685,0.0719908648990321,0.123002896319244,0.0821887751786553
"EBF1","turquoise","turquoise",0.352880061724735,-0.181281232058626,0.153567684719353,0.0934082559982149
"RNF145","grey","grey",0.0198665859670118,0.0857959684272348,0.126482541615403,0.069851431271504
"UBLCP1","blue","blue",-0.142118090130691,0.272862791441568,0.144312221414029,0.0947561925419897
"TTC1","blue","blue",-0.134089385837129,0.304171682998926,0.164042685836062,0.103296440928301
"PWWP2A","turquoise","turquoise",0.183705637282692,-0.0712083111140602,0.116536138632449,0.0624535731800006
"FABP6","grey","grey",-0.0196628624175838,0.062600378269794,0.0433436038927792,0.029339732317845
"SLU7","blue","blue",-0.0965152005008909,0.195227883482423,0.123360479005139,0.145503503294356
"GABRB2","grey","grey",0.0161391017921883,0.0973834277940329,0.116552067566315,0.0770726934081853
"GABRA1","grey","grey",-0.092382651632102,0.171652467397458,0.0863302770161694,0.0479017308050187
"GABRG2","blue","blue",-0.209508095984654,0.342478306991489,0.140106681993814,0.0568377025755814
"CCNG1","grey","grey",-0.018910630766491,0.0714178068270694,0.0677649365932722,0.0846586391397351
"NUDCD2","grey","grey",-0.0108007363118983,0.0503356550451863,0.0526174690931324,0.0341202393798457
"MAT2B","blue","blue",-0.137188141582049,0.228262853037721,0.105652120086805,0.103300356909156
"TENM2","turquoise","turquoise",0.411504867032726,-0.276480320848338,0.149055040819343,0.0449138745639069
"WWC1","turquoise","turquoise",0.163468156381892,-0.115348115747484,0.043988796328337,0.0102787948242315
"RARS","grey","grey",0.0274202866116306,0.0696351320765154,0.118847110800642,0.0621266109571849
"FBLL1","blue","blue",-0.0897418936758968,0.160286841780061,0.0801330123440305,0.0717884380010323
"PANK3","grey","grey",0.0764794495091855,0.022677604494778,0.136377401157241,0.148504082502647
"FAM196B","turquoise","turquoise",0.315754513991965,-0.190713360180201,0.101195612167886,0.0421650071662603
"RANBP17","turquoise","turquoise",0.34802029980149,-0.195189849593735,0.137598273136568,0.0577642091430763
"NPM1","blue","blue",-0.119275491856384,0.236307525099898,0.120851466076299,0.0685266777163152
"FBXW11","blue","blue",0.0052522552044633,0.157948058616436,0.174338761755092,0.128811849686152
"UBTD2","turquoise","turquoise",0.153766269510091,-0.0623847076082142,0.101206429010944,0.0616871912409093
"SH3PXD2B","turquoise","turquoise",0.211785430537607,-0.114936110225136,0.0969244876791758,0.0440660357652227
"ERGIC1","grey","grey",0.145186696910708,-0.0270342314785301,0.137664491474933,0.102980959461006
"RPL26L1","blue","blue",-0.0496568802375454,0.095560149774118,0.0425996594894549,0.037446971508246
"ATP6V0E1","grey","grey",0.030713249304346,0.0674257353709083,0.103593523240849,0.0530187659932009
"CREBRF","brown","brown",0.00128295943333452,0.102881884842705,0.142314506752167,0.185102682683375
"BNIP1","grey","grey",-0.0372151354686261,0.0869895115741593,0.0522185491180993,0.02676771005855
"BOD1","blue","blue",-0.0679799537310221,0.149278246209786,0.090147823356828,0.0779757370346042
"CPEB4","turquoise","turquoise",0.245080370458605,-0.096260759202231,0.163622702076707,0.132452503785501
"NSG2","blue","blue",-0.330005523968936,0.439379303524228,0.133235254394231,0.148757764238432
"SFXN1","grey","grey",-0.0119604078832358,0.136046474667958,0.144236616682484,0.119281155396696
"CPLX2","blue","blue",-0.211355170530109,0.317384881239575,0.15752445092,0.265351158898759
"THOC3","grey","grey",0.0527248459738105,0.0348941183061037,0.0941434385350133,0.0409448286764716
"SIMC1","turquoise","turquoise",0.268012258739148,-0.149272804505023,0.115257199417864,0.0400652509731639
"KIAA1191","blue","blue",-0.082778748761699,0.182023575099911,0.129085833187613,0.144873146426881
"CLTB","blue","blue",-0.180994456002255,0.326656626477599,0.141828769628442,0.126523060506327
"FAF2","grey","grey",0.0667597586126879,0.0345425238000627,0.129265448698655,0.0962706967128112
"RNF44","grey","grey",-0.0200195976758088,0.0777655231320762,0.0786851662515329,0.0615607168198716
"GPRIN1","grey","grey",-0.0280600666636585,0.096519565106288,0.0689730067527545,0.0391158146957239
"SNCB","blue","blue",-0.143656650294665,0.247758255131715,0.106981547611129,0.0876077757426634
"TSPAN17","grey","grey",0.0115323064052193,0.0552888344154543,0.0859833510779603,0.0664845283580666
"UIMC1","turquoise","turquoise",0.296400817260772,-0.190135066392017,0.103689703993303,0.0295558810890981
"ZNF346","grey","grey",0.149958732307383,-0.0480749312336217,0.114626639572311,0.0736593808906646
"NSD1","turquoise","turquoise",0.248782641431454,-0.10675124703735,0.158192386289525,0.0978839659663677
"PRELID1","blue","blue",-0.136042275855509,0.22870924501722,0.091526980207254,0.107887633596369
"LMAN2","blue","blue",-0.0720134189774658,0.133913867234024,0.0823266728773121,0.0620311864562555
"GRK6","grey","grey",-0.025317522138298,0.104139072089176,0.0984489638946245,0.0818950529249642
"DBN1","blue","blue",-0.037316382372588,0.121096591034333,0.094390084479123,0.0827925571034791
"PDLIM7","grey","grey",0.0079401749793238,0.0708945575151277,0.0828061756997689,0.0573444631491727
"DDX41","grey","grey",-0.0663994937274794,0.11648226053105,0.0592547451270137,0.0472335739116457
"FAM193B","turquoise","turquoise",0.320670903731933,-0.196845260899547,0.131305916593317,0.0606207386721179
"TMED9","blue","blue",-0.113374978374391,0.183452504216714,0.0805748434697461,0.0712460951244613
"B4GALT7","blue","blue",-0.0742538136031071,0.158025058325248,0.0943841942491034,0.0684274548504861
"AC106795.3","grey","grey",-0.0147155720213264,0.0723244674848226,0.0629873159060296,0.0679722986670131
"RMND5B","grey","grey",0.0588773569446858,0.0299366389687246,0.105429666993556,0.065077643720292
"NHP2","blue","blue",-0.11377840037353,0.211349427372813,0.10105024652046,0.0699190711177636
"HNRNPAB","blue","blue",-0.0754366772133252,0.134371053723857,0.073385537030118,0.0554509340566387
"PHYKPL","turquoise","turquoise",0.251649464543435,-0.146593088950981,0.101444246363645,0.0373990752268822
"CLK4","turquoise","turquoise",0.156171493034738,-0.0972172072073643,0.0558156602920315,0.0186337440173771
"ZNF354A","grey","grey",0.0875819430379144,-0.0346387289181688,0.0583256854311922,0.0322655273597675
"ZNF354B","turquoise","turquoise",0.226454633274306,-0.144174371815036,0.0856851616121516,0.0337267717931862
"ZFP2","turquoise","turquoise",0.337980614129124,-0.214607151386938,0.124316388373172,0.0562045304785352
"ADAMTS2","grey","grey",0.140775915878555,-0.0224615476096254,0.133687438155847,0.0501213889668315
"RUFY1","turquoise","turquoise",0.192215099755789,-0.0712351622849431,0.122129710076512,0.0608039732620978
"HNRNPH1","grey","grey",0.0480354117651303,0.0312622200456516,0.0825199053662894,0.00969112409947072
"CANX","blue","blue",-0.448481873022522,0.526968345726672,0.0800273542294298,0.0330052196368699
"MGAT4B","grey","grey",-0.0128146317918958,0.0446431295511971,0.0485820825418251,0.0500961791964756
"SQSTM1","blue","blue",-0.181684119391592,0.318703782572988,0.152118771749272,0.0572373366461427
"MRNIP","grey","grey",0.125674979031812,-0.0270360328726337,0.104093358883279,0.0537337214331207
"TBC1D9B","grey","grey",-0.0223703006384572,0.117420493471699,0.113029898162035,0.0829347057878076
"RNF130","turquoise","turquoise",0.25832242748361,-0.129849474192434,0.139049820140901,0.0843968803661405
"MAPK9","blue","blue",-0.0353958932368226,0.156142316346937,0.159292409048265,0.175556631241949
"CNOT6","turquoise","turquoise",0.170948264881279,-0.0841234852510407,0.0877930691706083,0.0573422497350795
"MGAT1","grey","grey",0.0196127458561606,0.0393785912329906,0.0810635101447368,0.0722383879976393
"TRIM41","grey","grey",-0.0143672365552953,0.0698858046836768,0.0716025930795247,0.0772149652599978
"RACK1","blue","blue",-0.144518067367364,0.240817012585952,0.093487915283849,0.054220264295241
"TRIM52","grey","grey",0.047551234774689,0.0243811136718178,0.0841079717150648,0.0580011018128479
"DUSP22","grey","grey",0.0189998800483926,0.0326371115789292,0.0707454141441729,0.0751978763273559
"EXOC2","turquoise","turquoise",0.138674368544844,0.00580639800533803,0.157568569470026,0.0771067911970189
"GMDS","turquoise","turquoise",0.40160530915189,-0.207213776350597,0.175265248782887,0.074263912365999
"GMDS-DT","turquoise","turquoise",0.393925905897464,-0.239863979946422,0.144581450301084,0.068329028859666
"WRNIP1","grey","grey",-0.0398970350740319,0.137538331161566,0.117337369747898,0.0779227084832405
"SERPINB1","blue","blue",-0.0643716107375971,0.13641886143186,0.0736346441476093,0.0293282511507612
"SERPINB9","turquoise","turquoise",0.325766447540782,-0.18667070213076,0.133717257191124,0.0573404909812126
"SERPINB6","grey","grey",0.0546943674547216,0.0279231034782937,0.0804215253616875,0.0258253586574228
"NQO2","grey","grey",0.101877063192941,0.032549300100256,0.137242091978275,0.0682713856067679
"RIPK1","turquoise","turquoise",0.329590832801856,-0.209002670934532,0.108464156819878,0.0438519943743389
"BPHL","grey","grey",0.0207871358953931,0.0594824716820716,0.0765933563255385,0.0492256227306992
"TUBB2A","blue","blue",-0.652177158101196,0.682699411178947,0.00600131333173649,0.0124990442187852
"TUBB2B","blue","blue",-0.316879018105822,0.42180385829075,0.122306181773393,0.0759414982944524
"PSMG4","grey","grey",0.0724594245566266,0.0141008080183792,0.0909549229029209,0.0477679349688234
"SLC22A23","turquoise","turquoise",0.353414973100784,-0.174962114695791,0.168982988149938,0.0743905893187419
"FAM50B","blue","blue",-0.0726025945546918,0.124472975929669,0.0506073079197439,0.0269734827426941
"PRPF4B","grey","grey",0.0759383863201373,0.0328580567063789,0.121332963751714,0.0607355159339203
"ECI2","grey","grey",-0.019654689422028,0.0867635477292616,0.0770362424371978,0.0418326794063178
"CDYL","turquoise","turquoise",0.151575949140065,-0.0583158777400019,0.0979860944727901,0.046990421366973
"LYRM4","grey","grey",0.139337598597529,-0.00845544081005314,0.128606156585858,0.0735164125530955
"FARS2","turquoise","turquoise",0.384398751012916,-0.227469690205239,0.144873228753215,0.0521764846429924
"NRN1","blue","blue",-0.0753747913137122,0.166059744406783,0.102307121463964,0.108722603529309
"SSR1","blue","blue",-0.133834307795943,0.240295876500129,0.132574137860838,0.110743239903774
"RIOK1","grey","grey",0.00191191624300915,0.0725630090118896,0.0900643591011571,0.0644807419197507
"SNRNP48","grey","grey",0.14977342716021,-0.0529124831635237,0.111372986153127,0.0489270945894056
"SLC35B3","grey","grey",0.0653088150777569,-0.0195903622215366,0.0534425241480163,0.0333222021078919
"PAK1IP1","grey","grey",-0.0193344576310288,0.0769629860012753,0.0717394867433585,0.0648870267247186
"TMEM14C","blue","blue",-0.080167005765002,0.14093106205155,0.0594723382958184,0.041530341136365
"SMIM13","blue","blue",-0.0874200633826347,0.188063075625473,0.133273381485533,0.17598616416672
"TMEM170B","grey","grey",0.110538396724511,-0.00973442429709532,0.130261727174265,0.131054769885414
"HIVEP1","turquoise","turquoise",0.134738896671219,-0.0636284150669138,0.0779913212325141,0.0691308224352149
"PHACTR1","turquoise","turquoise",0.386552848572959,-0.211611581225896,0.165726063482873,0.0842243395867984
"TBC1D7","grey","grey",0.00143174706095983,0.0657451422320264,0.0739453927385302,0.0534877231851184
"GFOD1","grey","grey",0.116463633547013,0.0215672895313789,0.173901501041176,0.197398764468882
"SIRT5","grey","grey",0.104663342291523,0.010113220766247,0.123685282861258,0.0804654731265282
"NOL7","blue","blue",-0.109028362529369,0.209980563028256,0.10584210575455,0.0734966041039883
"RANBP9","blue","blue",-0.0505124105574471,0.201009102144219,0.172143316055671,0.124175065632412
"MCUR1","grey","grey",-0.0144056973005706,0.105966303391819,0.103452242376752,0.131803519659561
"CD83","grey","grey",-0.0226534180822224,0.0632944496313387,0.0515537901903608,0.0433139553608579
"JARID2","turquoise","turquoise",0.398874351170797,-0.25292263804448,0.14021928147952,0.0534434446929826
"DTNBP1","grey","grey",0.086733078226558,0.0376940917004953,0.124278486804195,0.0871048055472009
"MYLIP","grey","grey",0.0412868747254783,0.0397349771444857,0.108892699649972,0.0873190599345241
"GMPR","grey","grey",0.0318625524921466,0.000646591633481073,0.031266037522265,-0.000178492403905791
"ATXN1","turquoise","turquoise",0.437649063266933,-0.252217777637994,0.183627471833336,0.112254605508189
"CAP2","blue","blue",-0.0118920706332833,0.161236458765369,0.16784042796154,0.106727974875992
"FAM8A1","blue","blue",-0.0723522417122237,0.155457842829122,0.111127318552811,0.088457177338745
"NUP153","turquoise","turquoise",0.162498983948956,-0.0790292414642653,0.0857986238447554,0.0444979213272743
"KIF13A","turquoise","turquoise",0.353574172024299,-0.201347971946968,0.135616629943688,0.0600699359770096
"TPMT","grey","grey",0.00893149470768732,0.0537652421229492,0.0761315220576487,0.0760472337591003
"KDM1B","grey","grey",0.0869984361140115,-0.0147934463650993,0.0750957067543,0.0411283782965807
"DEK","blue","blue",-0.0485426190654831,0.140943754670528,0.0967014075098228,0.0837597942381461
"RNF144B","turquoise","turquoise",0.150347260340047,-0.0190466522195595,0.150738615909497,0.117549313940152
"AL022068.1","turquoise","turquoise",0.297108642208897,-0.190380150440975,0.0950783625449105,0.0452943011824732
"ID4","grey","grey",-0.0344989812513408,0.0510043441426454,0.020677814609517,0.0253520338689226
"E2F3","turquoise","turquoise",0.274336148854235,-0.130018909852149,0.154540753029901,0.104551933373146
"CDKAL1","turquoise","turquoise",0.399475858246567,-0.249669708510887,0.133760629013338,0.0426618382450798
"CASC15","grey","grey",0.113466663121203,-0.0220870005606299,0.106977681023216,0.107563603271377
"NRSN1","grey","grey",0.0681213980544021,0.0432095697453633,0.123813169540038,0.114104562112221
"MRS2","grey","grey",-0.00224187277831478,0.0939114374962808,0.0934627765024778,0.079042298130741
"GPLD1","turquoise","turquoise",0.21601545783239,-0.111433641755709,0.105956908423011,0.0535054834881122
"ALDH5A1","grey","grey",-0.0163286091203643,0.0902995478091487,0.0905242078449332,0.0854413887991804
"KIAA0319","turquoise","turquoise",0.281831937940455,-0.0624532229419971,0.218742056266146,0.103973925726041
"TDP2","grey","grey",-0.044330819252637,0.144437197018876,0.117227878548027,0.0958650224049413
"ACOT13","grey","grey",-0.0365133800383432,0.131602729466988,0.0917575471127237,0.0626561464750672
"C6orf62","brown","brown",0.00419778851060885,0.107193038171611,0.149907337438321,0.234268728843473
"GMNN","grey","grey",-0.0275835318177287,0.0850044257787277,0.0594628763591024,0.026998915739359
"RIPOR2","turquoise","turquoise",0.21382242160709,-0.0988860282190145,0.125496170432369,0.0720677336589209
"CARMIL1","turquoise","turquoise",0.197746955936732,-0.141962222637484,0.0453542510431623,-0.00632218531771812
"HIST1H4C","blue","blue",-0.117010008901286,0.160124129913028,0.0259552606272783,0.00752095121846059
"BTN2A1","blue","blue",-0.0922884463301583,0.177221784224173,0.106160614226755,0.0817501655609164
"ZNF322","grey","grey",0.0927503709608939,-0.0080759131010972,0.0966433685104272,0.0733757516998452
"ZSCAN16-AS1","grey","grey",0.0416227460384024,0.00840556246901588,0.0445352191736504,0.0223212728022528
"PGBD1","turquoise","turquoise",0.148144879047381,-0.053300676169449,0.0895452501008446,0.0426759624877579
"ZSCAN31","grey","grey",0.0822455106523321,-0.0150803848460695,0.0745915630494198,0.0517680121880007
"TRIM27","grey","grey",0.030224447042264,0.0669574059877617,0.110137357633892,0.0659521424675776
"GABBR1","blue","blue",-0.134600032193478,0.258722764998962,0.151788390974749,0.132395926018064
"MOG","turquoise","turquoise",0.0952711429684248,-0.0917117243131655,-0.0076732108514653,-0.0231416485526058
"HLA-A","blue","blue",-0.125347277413989,0.171606167041171,0.0311042410091402,-0.0089952548265587
"PPP1R11","blue","blue",-0.0764696239065012,0.161160086636713,0.0842802590010061,0.0843169232434468
"TRIM26","grey","grey",0.100721144218651,-0.00595404725546951,0.104838850193835,0.0554135748196346
"HCG17","turquoise","turquoise",0.339272109374268,-0.179982838932264,0.168455249275217,0.0986773140775306
"GNL1","blue","blue",-0.0571285789356405,0.164061919115376,0.122789925129181,0.107779083980631
"ABCF1","blue","blue",-0.121747044213517,0.246242037928321,0.133208798723274,0.077691687631558
"PPP1R10","grey","grey",0.14859884536795,-0.0407839548448103,0.133139081141073,0.0692985428512648
"MRPS18B","blue","blue",-0.0573421997774229,0.134317642847768,0.0835932848327717,0.0592724488862205
"ATAT1","grey","grey",-0.0112583681910238,0.108316838386983,0.107427331903924,0.0800080674144673
"C6orf136","blue","blue",-0.07742428519699,0.175261621736778,0.101767774696292,0.0731529080808325
"DHX16","grey","grey",-0.0130241579158366,0.0654770839592944,0.0627153458912593,0.0231011958488664
"TUBB","blue","blue",-0.477253077204415,0.556426719682324,0.0776755613779811,0.0494836240256243
"FLOT1","blue","blue",-0.078270599159455,0.213564075052585,0.134228995184582,0.0987233301493391
"DDR1","grey","grey",-0.00835168480377575,0.0313500585701016,0.0274645926837524,-0.000877905283621078
"HLA-C","grey","grey",-0.0500967274384698,0.0638996011738082,0.00547610170225427,-0.0198852489604133
"HLA-B","grey","grey",-0.0186798446340335,0.00892598942330122,-0.0231779667084212,-0.0350411192353502
"PRRC2A","blue","blue",-0.036219049904509,0.119138976422318,0.0995618553492914,0.0816206911731812
"BAG6","blue","blue",-0.0706157906846534,0.154980629560878,0.0876150053958103,0.042638866546806
"GPANK1","blue","blue",-0.041542472898862,0.0877416548307654,0.0548919413231917,0.0338621378092129
"VARS","blue","blue",-0.121973079825699,0.229863618806786,0.100795210499873,0.0380503974199779
"HSPA1A","grey","grey",-0.00647460058390468,0.00430646951647905,0.00334075929840554,-0.0173194046637688
"HSPA1B","grey","grey",-0.0255423415895371,0.0404031353589792,0.0178297984900998,0.00356181270135129
"C6orf48","blue","blue",-0.0607761138707863,0.114130605105634,0.0623915712168004,0.0546470122245084
"NEU1","blue","blue",-0.111320415191146,0.195333713998064,0.0993304483479228,0.0488093382045914
"EHMT2","grey","grey",-0.00669228111704469,0.0671740003563599,0.0773773663132979,0.0536135824225187
"NELFE","grey","grey",-0.022436735654541,0.0954083920587665,0.0736336035034122,0.0392750031603833
"STK19","grey","grey",-0.0232049767552602,0.0812878832590582,0.05527496991178,0.0252354257894697
"ATF6B","grey","grey",0.00735384134503162,0.0837094788536531,0.106497709585896,0.057148671457371
"PRRT1","blue","blue",-0.147533417212751,0.272116956656006,0.132811317860883,0.0787438784999479
"AGPAT1","blue","blue",-0.129427461809562,0.233712452653773,0.124518621984849,0.120725971324083
"RNF5","grey","grey",-0.0403589102763259,0.0798985058155412,0.0434901731051056,0.0487137974995206
"PBX2","grey","grey",-0.0254302322949723,0.0564977280036133,0.0499368787001264,0.0488041834309455
"AL662796.1","turquoise","turquoise",0.237966252198927,-0.118974187019204,0.118172142630784,0.0514283512949203
"HLA-DRA","grey","grey",-0.0180674846577217,-0.0474982202295231,-0.0684044278475025,-0.0532327813554225
"BRD2","blue","blue",-0.0570942920685018,0.150994390806415,0.123526664061001,0.120288983446192
"HLA-DPA1","grey","grey",-0.0768973700091429,0.0914818793782376,0.00669748567042635,-0.0277465398820465
"HLA-DPB1","grey","grey",-0.0247953150519598,0.0412597647279317,0.0215056205912715,0.0106823788218366
"RXRB","blue","blue",-0.0517502314866896,0.137196625012169,0.0910303264813024,0.0487797552669246
"SLC39A7","blue","blue",-0.138259983001048,0.224509941593971,0.0972788171148897,0.0551381032150852
"RING1","grey","grey",0.0957405209339603,0.00497517720926676,0.105094658665859,0.0425342968543054
"VPS52","grey","grey",-0.0535062141026476,0.120103561603438,0.0680921121470842,0.0323725195996456
"RPS18","blue","blue",-0.067246433699154,0.0939386502555274,0.0244244770021737,0.0321727392370805
"WDR46","blue","blue",-0.0739773816028587,0.159323829168459,0.0926746651792248,0.0532659277990019
"PFDN6","blue","blue",-0.0520099497733659,0.138379196405839,0.0805025549847994,0.0402380526612374
"RGL2","grey","grey",0.0238778137038055,0.0371343570841521,0.0752952221942921,0.051495463943786
"TAPBP","blue","blue",-0.058196139713333,0.146412301642507,0.0937312336008664,0.0690528495305096
"PHF1","grey","grey",-0.03227639945432,0.134996801545222,0.128826198646613,0.1160930495609
"CUTA","blue","blue",-0.11150546534737,0.208458837525752,0.0823707353614346,0.0561559414034924
"SYNGAP1","grey","grey",0.11078448141795,-0.0217323748308888,0.111642491385736,0.0690184137776636
"UQCC2","blue","blue",-0.0398735397363046,0.130997870728288,0.0956952072321428,0.0843082001051156
"LEMD2","grey","grey",0.0928691443048806,-0.0241126394393419,0.0770357207326064,0.029094511850721
"HMGA1","blue","blue",-0.0832991420085497,0.152271739345221,0.0842166585806085,0.0959083765268723
"SMIM29","blue","blue",-0.154460389790177,0.254565771199946,0.111258411656782,0.122412091932961
"NUDT3","blue","blue",-0.0843174961275783,0.173037719011543,0.143101886603373,0.267951581917074
"PACSIN1","blue","blue",-0.154972907758581,0.295545846000106,0.158077827460084,0.146486032091628
"C6orf106","grey","grey",0.00520552557502888,0.120334590791577,0.170795458490761,0.215035272821201
"SNRPC","grey","grey",-0.0496213043051133,0.10915636124282,0.0624174243315083,0.0518156755639255
"UHRF1BP1","turquoise","turquoise",0.143626428806471,-0.0634715415607222,0.0950701726150533,0.0869595768256666
"TAF11","grey","grey",0.0521719726401348,0.0336298045155697,0.096401852849846,0.0649231616685063
"ANKS1A","turquoise","turquoise",0.315896973928915,-0.170137305293303,0.153572371280455,0.0650299130601107
"ZNF76","turquoise","turquoise",0.214403374918846,-0.105627055983245,0.123018809507384,0.0849487503768762
"PPARD","turquoise","turquoise",0.153364194877551,-0.0758570734996774,0.0819183156038712,0.0491132134229674
"RPL10A","blue","blue",-0.0909553330548816,0.133572157035036,0.0405659728989968,0.0394632827163373
"FKBP5","turquoise","turquoise",0.10684438784918,-0.0998985356060603,-0.000759233659997774,-0.0353735158933514
"SRPK1","turquoise","turquoise",0.230434824033162,-0.106962350548803,0.131287669696241,0.0687182279531822
"MAPK14","turquoise","turquoise",0.314022232775701,-0.157641101942849,0.16368667511828,0.0790856347486758
"KCTD20","grey","grey",0.00802873417297075,0.0853839591318347,0.114877125107052,0.104509170975945
"STK38","turquoise","turquoise",0.451793748884121,-0.289371879036448,0.157702261778231,0.0595421913777102
"SRSF3","blue","blue",-0.0613452059043927,0.15659665006425,0.108194121805607,0.123385181073466
"PPIL1","blue","blue",-0.0513032447277689,0.137343243522954,0.0935092356107626,0.0883338564483438
"C6orf89","blue","blue",-0.0700834777796863,0.188326252271513,0.15023507996345,0.133959468242256
"MTCH1","blue","blue",-0.301735707872647,0.445823460080605,0.145739305638018,0.147399866828137
"TBC1D22B","grey","grey",0.0891252646690337,-0.00620838733336648,0.0999485189627616,0.0797091014051615
"RNF8","blue","blue",-0.0170316447515778,0.113261439967336,0.111705076362671,0.0998618918760143
"CMTR1","grey","grey",0.0192067603511106,0.0487233233386285,0.0721100015118763,0.0326457408355437
"CCDC167","grey","grey",-0.0350238843118529,0.0580549282742693,0.0251138562399446,0.0206780086759878
"ZFAND3","turquoise","turquoise",0.457285867873331,-0.25923270328937,0.187101472213453,0.0858145410163371
"BTBD9","turquoise","turquoise",0.408043639484688,-0.214269486725891,0.194523677596267,0.106818164838275
"GLO1","blue","blue",-0.136212733900506,0.267773130181566,0.13908262700666,0.132740666866593
"KIF6","turquoise","turquoise",0.225814967327928,-0.139041323183114,0.0766957987114678,0.0142578323529514
"DAAM2","turquoise","turquoise",0.133499628286762,-0.0973621512665573,0.0126633241631509,-0.0279204450814105
"LRFN2","turquoise","turquoise",0.330346436990479,-0.190084596595767,0.150420024843652,0.0620128410433044
"OARD1","grey","grey",-0.0341362964026769,0.0899028454860258,0.0643912070295891,0.0443188843118422
"FOXP4","grey","grey",-0.0141679062957104,0.066687072806516,0.0640429597040152,0.0441221421039923
"FRS3","grey","grey",-0.00394790734973531,0.0524599849131053,0.0671658976414701,0.0537889432218691
"USP49","turquoise","turquoise",0.354170524139815,-0.223393317746383,0.11983894956828,0.0512738238194367
"CCND3","grey","grey",-0.00596428389360226,0.0982137169144289,0.0991743001654782,0.0462250979432534
"MRPS10","blue","blue",-0.0801790761564621,0.152997034618122,0.0802726086961632,0.0719177701409876
"TRERF1","turquoise","turquoise",0.415203185708393,-0.247116620248685,0.171691723481385,0.0857993329498062
"UBR2","turquoise","turquoise",0.312029124898845,-0.137926403278645,0.180985830769967,0.0975195061276765
"TBCC","blue","blue",-0.0708621550579432,0.123467490026133,0.0660121964383315,0.0472455188333562
"BICRAL","turquoise","turquoise",0.40617791493237,-0.246709299886862,0.158759786986046,0.0731448179850689
"RPL7L1","blue","blue",-0.0793804772485392,0.181609335185169,0.12371573555293,0.136674791859501
"CNPY3","grey","grey",-0.0421129383655721,0.0888669189288471,0.0523316020560939,0.0383138891801089
"PEX6","grey","grey",0.0226857254806441,0.074139511338052,0.104106165878134,0.0428845789518043
"PPP2R5D","blue","blue",-0.0937001539783288,0.189041550406931,0.112974840122853,0.0969159837787744
"MEA1","blue","blue",-0.0681912953341564,0.114310024481158,0.0428823943142163,0.0377741098566266
"KLHDC3","blue","blue",-0.0843224438979913,0.193234614612146,0.119314211840914,0.113327814613865
"RRP36","grey","grey",-0.0361054705227017,0.108766391403441,0.0901118413236025,0.0663063881337996
"KLC4","grey","grey",0.108111577225803,-0.0092000393488902,0.115661802185638,0.0551830072081936
"MRPL2","blue","blue",-0.0682285837822973,0.150101757782584,0.0772623048490317,0.0380457979583226
"CUL9","grey","grey",0.0619890008951581,0.00405126571516817,0.0810517870243454,0.0593509464089293
"TTBK1","grey","grey",0.0984816079790862,-0.000780249287713787,0.123463221382291,0.10466211400374
"ZNF318","grey","grey",0.0867975919969387,-0.0030008800932729,0.106130350080359,0.0574330595613657
"LRRC73","blue","blue",-0.0834507659844479,0.156495169541212,0.0845851555306569,0.0661711044117611
"YIPF3","blue","blue",-0.149311120360844,0.266417142117886,0.113081649552507,0.0538962373413399
"XPO5","blue","blue",-0.0213967325429723,0.128999434648893,0.118512078767833,0.077538170319313
"MRPS18A","blue","blue",-0.0400946384598517,0.124491198776156,0.0814509348541372,0.0590974510012184
"VEGFA","grey","grey",-0.000568096448354943,0.0625881876939563,0.0842590118600624,0.0704692462953385
"MRPL14","grey","grey",-0.0392878032562924,0.0947022332852198,0.0586512536399001,0.0425883031160845
"TMEM63B","blue","blue",-0.0564161280285899,0.150512286072044,0.107396186480226,0.0487334903774431
"SLC29A1","grey","grey",-0.0088458156384101,0.0657787647075868,0.0732795220484212,0.0322785147379059
"HSP90AB1","blue","blue",-0.741318616452019,0.699872749004823,-0.0594158458852098,-0.0446335533457267
"SLC35B2","blue","blue",-0.0645401310111628,0.100267930235929,0.0413205402969777,0.0141217496008786
"CDC5L","blue","blue",-0.0558181091716688,0.113449167815289,0.0665634337495209,0.0402179877134523
"SUPT3H","turquoise","turquoise",0.525362600069322,-0.337174173296452,0.170706685881369,0.0602533458879866
"ENPP4","grey","grey",-0.0459337562007907,0.0869514229825354,0.0745252677544076,0.0553606476201721
"ENPP5","blue","blue",-0.159580894835359,0.28429704069046,0.122274444752139,0.0311584831439654
"RCAN2","blue","blue",-0.187466583384847,0.342530720163579,0.167795602942747,0.204193933739024
"SLC25A27","grey","grey",0.127532111854379,0.0201857217918534,0.164181817843338,0.127146172148603
"TNFRSF21","grey","grey",-0.0169489720440377,0.116785199314349,0.127919116084471,0.0823264500102271
"CD2AP","turquoise","turquoise",0.246475935095003,-0.156876856005876,0.0870526864014327,0.0365232463887888
"PTCHD4","turquoise","turquoise",0.304006054641979,-0.186774040602669,0.106645080107086,0.0554769325676962
"MUT","blue","blue",-0.0787192434981258,0.185855207204093,0.116034884424862,0.0777779876108606
"EFHC1","turquoise","turquoise",0.161578144211547,-0.0819509075285152,0.0782929785141454,0.0334561368630676
"TMEM14A","blue","blue",-0.0751586745384462,0.153825785494521,0.0825822506006577,0.0762050922424774
"GSTA4","grey","grey",0.0877862347672184,0.068679002765353,0.153934537932591,0.0823070222115916
"ICK","grey","grey",0.0568894481810555,0.0129085891682784,0.0814545800270565,0.0777570185482675
"FBXO9","blue","blue",-0.03120759898588,0.159848729142858,0.144619669651626,0.157876075070531
"ELOVL5","blue","blue",-0.102287807721818,0.212288489617924,0.148861230518681,0.0948754448111778
"GCLC","turquoise","turquoise",0.143083883490645,-0.0320275697795668,0.114972364074155,0.0643836222683651
"LRRC1","turquoise","turquoise",0.292172124043618,-0.188360783759246,0.0907229414549355,0.0303921484461728
"HMGCLL1","grey","grey",0.129651529123711,0.031624657672854,0.167287918079401,0.11432687663472
"DST","brown","brown",0.0177030345332251,0.12930907096555,0.188413225493287,0.270000413143809
"BEND6","grey","grey",0.126222603316804,0.0145773216288056,0.151009956329873,0.131740215347484
"KIAA1586","grey","grey",0.018275112142773,0.021308753645589,0.0576600562982011,0.0407584442218631
"ZNF451","turquoise","turquoise",0.206161797920851,-0.0702312823265592,0.147304089923096,0.106830770324966
"BAG2","blue","blue",-0.0206659040251918,0.100736063426849,0.0896450676209668,0.0718756075649922
"RAB23","grey","grey",0.0251399683689477,0.0426464836177989,0.0804382698988118,0.073781209229162
"KHDRBS2","turquoise","turquoise",0.544137426449731,-0.326188083532958,0.198754294792146,0.090765980537935
"PTP4A1","blue","blue",-0.103128940879493,0.179866787164987,0.0953435312419347,0.141358700088282
"PHF3","turquoise","turquoise",0.27939865398924,-0.127718094847732,0.17250067317557,0.126329142018922
"AL391807.1","turquoise","turquoise",0.299604941737523,-0.190444991017794,0.110111539304347,0.035804266691331
"ADGRB3","turquoise","turquoise",0.633836522620597,-0.442228594412613,0.163233210654578,0.0386269114266467
"LMBRD1","grey","grey",-0.0261932844670643,0.140664711558136,0.135021500814579,0.070393778750729
"COL19A1","turquoise","turquoise",0.443275523578853,-0.290929011177741,0.146726514868614,0.0553683794578849
"FAM135A","turquoise","turquoise",0.369866670865736,-0.227120694610963,0.14161497502873,0.0735569519943244
"SMAP1","blue","blue",-0.0331493384423174,0.21819959008175,0.192451781127985,0.103715943132779
"B3GAT2","grey","grey",-0.00146459808378816,0.0346232220609674,0.0313559122340549,0.0104676777161503
"OGFRL1","brown","brown",-0.0403685252789771,0.123821377159475,0.121523941347222,0.192057178556917
"RIMS1","turquoise","turquoise",0.400189314484442,-0.162188982316671,0.239985400116894,0.177067509917894
"AC019205.1","turquoise","turquoise",0.159630733813049,-0.0654896013627733,0.10980921927053,0.0789406212635064
"OOEP","blue","blue",-0.0890590535437665,0.126897297545667,0.0416366913428629,0.0483953126304871
"MTO1","grey","grey",0.0211290422907455,0.0585094309996521,0.0802540937231238,0.0513779998420553
"EEF1A1","blue","blue",-0.13009915742656,0.141216884617418,0.0238469814803061,0.0630380455664498
"SLC17A5","grey","grey",0.0976037574183945,0.00904216294302854,0.124766799061363,0.0799914177548173
"COL12A1","turquoise","turquoise",0.218337614575767,-0.0894052825288558,0.133190021554315,0.0506272554670421
"COX7A2","blue","blue",-0.11994323909151,0.211979099275024,0.0760169389099459,0.0670904424097643
"TMEM30A","blue","blue",-0.321838364190621,0.444814375860952,0.115301526830849,0.0708368963565163
"SENP6","turquoise","turquoise",0.2268591375187,-0.0788466020628609,0.158155412233808,0.108259999795536
"MYO6","turquoise","turquoise",0.395379097057522,-0.23857025004645,0.130612278760837,0.0323884974146246
"IRAK1BP1","turquoise","turquoise",0.348682401834208,-0.205483602431949,0.13804489771427,0.0687561020553297
"PHIP","turquoise","turquoise",0.279215610399552,-0.132910294474218,0.152363944844045,0.100815945862303
"HMGN3","grey","grey",0.0527995059942158,0.0701095585200258,0.128128167083262,0.0838336165613376
"LCA5","grey","grey",0.0736352453334376,-0.017430890099145,0.0636912105584857,0.0434676519581374
"SH3BGRL2","grey","grey",0.0183367225588408,0.110665292152384,0.15465574277033,0.173692167852147
"ELOVL4","grey","grey",-0.0443297349603087,0.124722146078709,0.116122579194105,0.0667494940634731
"BCKDHB","turquoise","turquoise",0.333120133215005,-0.166031184728421,0.160290302118089,0.0680542858699196
"IBTK","turquoise","turquoise",0.251073198755875,-0.093438282513928,0.167626389281256,0.125697897356951
"TPBG","blue","blue",-0.118870627129717,0.208304089509013,0.111983342351368,0.0786258831028363
"UBE3D","turquoise","turquoise",0.41216059241472,-0.243222925496233,0.160193074778528,0.0744583423426474
"DOPEY1","turquoise","turquoise",0.272594979795164,-0.108875931474644,0.168037328758039,0.11012268176533
"PGM3","grey","grey",0.087787322075757,-0.00259059703209365,0.0879751602421748,0.0498822526836296
"RWDD2A","grey","grey",-0.0485749515549887,0.0926713089083307,0.0607591896568292,0.0428799411077156
"ME1","turquoise","turquoise",0.171652598786432,0.0229977365135678,0.202272511242452,0.104432124620354
"SNAP91","blue","blue",0.00732492747444658,0.21617010387217,0.215089609571581,0.109767993264537
"CYB5R4","turquoise","turquoise",0.229711392899022,-0.114696211905047,0.11738579184816,0.0690028796805078
"MRAP2","grey","grey",0.0639900776737759,0.0492460915613353,0.122536058487553,0.0932563677646013
"CEP162","turquoise","turquoise",0.19352610243132,-0.105681799753047,0.0857702700338282,0.0384652350221131
"SNX14","grey","grey",0.0181943581525702,0.115221079954213,0.148803835277575,0.0535962206051501
"SYNCRIP","grey","grey",0.00580081646072555,0.0432837963737802,0.0596394617946855,0.0486723678898661
"ZNF292","turquoise","turquoise",0.341175078123114,-0.204265341789935,0.143899269227257,0.0954587654665552
"SMIM8","turquoise","turquoise",0.24431231665771,-0.128341239122439,0.111723126704575,0.0578329611283309
"SLC35A1","grey","grey",0.00332040032270666,0.0402614577907493,0.0581155801847534,0.0154998546587748
"RARS2","turquoise","turquoise",0.282354726078686,-0.155382312666566,0.122299941717146,0.0407277284425137
"ORC3","grey","grey",0.0482391552923586,0.0963905262463104,0.139140073389054,0.0450460373247801
"AKIRIN2","blue","blue",-0.0607506091065202,0.134762056578719,0.085531622407382,0.0839444756800334
"RNGTT","turquoise","turquoise",0.205437953638018,-0.0449818255698649,0.15898348092482,0.0968673939105084
"PNRC1","blue","blue",-0.0788299168400188,0.148327656089173,0.0870328585919753,0.0645307104780453
"SRSF12","grey","grey",0.0860640754521769,-0.00247211796239874,0.0994087521102577,0.0727456223086332
"UBE2J1","blue","blue",-0.0197855733896718,0.138142156678815,0.147231215404516,0.140289905585022
"RRAGD","grey","grey",0.119572598340329,-0.0384549415563174,0.0969712637264337,0.0564720982123058
"ANKRD6","turquoise","turquoise",0.253221393864233,-0.116585634638658,0.135685605445075,0.0852135974277065
"LYRM2","grey","grey",-0.0365853246961129,0.116627688436255,0.105677413136229,0.118880308936491
"MDN1","turquoise","turquoise",0.278458030645717,-0.134338198915249,0.154871205931002,0.121615144944876
"CASP8AP2","grey","grey",0.122416859652912,-0.0524862229305787,0.0823714799807203,0.0621071684524207
"BACH2","turquoise","turquoise",0.376726484970428,-0.233938586239301,0.132351608559927,0.0525924209102667
"MAP3K7","turquoise","turquoise",0.174635703146527,-0.0459468606390693,0.132371670982278,0.0747192679272208
"EPHA7","turquoise","turquoise",0.279358226027568,-0.125218978780725,0.16504020702111,0.0996367440263412
"MANEA","grey","grey",-0.035728295425538,0.0764483734627905,0.0605225307633869,0.0405602512829933
"FUT9","turquoise","turquoise",0.195763134837234,-0.0114091070612729,0.231004838724135,0.254888652816839
"UFL1","grey","grey",0.0413034207414708,0.00343366333542161,0.0729709597384524,0.0590514431873173
"GPR63","grey","grey",0.136796138283175,-0.0447544491488488,0.105246567035457,0.0750714478868326
"NDUFAF4","blue","blue",-0.0848896445882509,0.191344197015862,0.118082097711669,0.0970046694778924
"KLHL32","turquoise","turquoise",0.311456166851691,-0.191059311545335,0.088437115580363,0.0134718649658952
"MMS22L","grey","grey",0.126512196911845,-0.0492824259318851,0.083990735847683,0.0547971090862126
"AL589740.1","turquoise","turquoise",0.624920107381755,-0.434497502442543,0.16588125966451,0.069080218659577
"POU3F2","blue","blue",-0.136299300361273,0.273885097548033,0.17895672655667,0.205162439997047
"FBXL4","turquoise","turquoise",0.177343716780255,-0.0864842809437839,0.0942632337940732,0.0638780260627692
"FAXC","brown","brown",0.0671426772349508,0.0689823377308484,0.162552280340382,0.215054605596086
"PNISR","turquoise","turquoise",0.429934616875296,-0.279162661730086,0.165313793606833,0.0656868597431522
"USP45","turquoise","turquoise",0.298968770777898,-0.174539022924579,0.125251225674253,0.0659700396603151
"CCNC","grey","grey",0.100366025427763,0.024573255863311,0.135409868633145,0.0814124747736809
"ASCC3","turquoise","turquoise",0.35403564359777,-0.208382993828389,0.133273720492707,0.0742058190978429
"GRIK2","turquoise","turquoise",0.580131491271425,-0.412524824935683,0.149786386432505,0.0478063778350116
"HACE1","turquoise","turquoise",0.180013043557058,-0.0604766593343723,0.113794344576411,0.0607159633067124
"BVES","grey","grey",0.068179640534337,-0.0129205585141408,0.0690771619349275,0.0463904270531625
"POPDC3","grey","grey",0.0309290266595962,0.0363658693397184,0.0851291596295942,0.070099300448273
"PREP","grey","grey",0.0942143001920347,0.0148969171850754,0.117804421985994,0.0458386977045043
"ATG5","turquoise","turquoise",0.216602361710178,-0.0885248067994241,0.128651734198879,0.0799841858059315
"QRSL1","grey","grey",0.0535912005771468,0.00920062618934583,0.0631338512779289,0.0338065223604576
"CD24","blue","blue",-0.0984086191037247,0.152634896870064,0.0713007837041129,0.0901815142830412
"C6orf203","blue","blue",-0.00541855430391353,0.094684637387664,0.0953135168060117,0.0620049346777029
"PDSS2","turquoise","turquoise",0.232672440845476,-0.0896062462742297,0.142331631122668,0.0769267819850018
"SOBP","turquoise","turquoise",0.255771909695467,-0.0814400405368402,0.185560320175341,0.155655440672529
"SEC63","brown","brown",0.0308685766051282,0.059681348608632,0.115741769381646,0.125916265298414
"OSTM1","blue","blue",-0.0627630504692109,0.162695388484759,0.119150355470072,0.0699193318085108
"SNX3","blue","blue",-0.0998999810346527,0.227050492951851,0.132681533395496,0.0923676818444005
"AFG1L","turquoise","turquoise",0.233111232332562,-0.141882483947268,0.0904640799922767,0.0492898021472579
"FOXO3","turquoise","turquoise",0.164327304011865,-0.0617738313215861,0.11024216865015,0.0722531101519773
"ARMC2","turquoise","turquoise",0.395159818077147,-0.24750317248843,0.143757865123026,0.0555638484602608
"SESN1","turquoise","turquoise",0.210925919678573,-0.0952912281253951,0.113430255649304,0.0505012413487762
"CD164","blue","blue",-0.130886391543734,0.222803736454543,0.108833587413679,0.0954073894557212
"AK9","turquoise","turquoise",0.147762209716558,-0.0515901432380419,0.0865486405670761,0.0592159030714541
"FIG4","grey","grey",0.023896295135804,0.118257932916508,0.142799618243674,0.0862466211528781
"WASF1","grey","grey",0.071024450418856,0.0788352889626135,0.164403373856005,0.109112476976456
"CDC40","grey","grey",0.0653903888651232,0.0288294071488546,0.107806114867912,0.0511314115379204
"CDK19","turquoise","turquoise",0.296456231835742,-0.190453986523197,0.0827464031097833,0.0220393298265381
"AMD1","grey","grey",-0.0172276090578421,0.115764689393725,0.114545204481563,0.106268779655755
"GTF3C6","grey","grey",-0.0597472564269217,0.121038616874705,0.0676590854272558,0.062005751900506
"RPF2","grey","grey",0.0305601031041425,0.0529106589507898,0.0924157188937257,0.0420293801623075
"SLC16A10","turquoise","turquoise",0.22595025346101,-0.127323688221203,0.103650244938852,0.0412062367896196
"REV3L","turquoise","turquoise",0.43833077660532,-0.277777748711819,0.149965157213458,0.0689815215538683
"TRAF3IP2-AS1","turquoise","turquoise",0.476248937624934,-0.30895870399665,0.165155677883292,0.0589599853378074
"FYN","turquoise","turquoise",0.266346111145795,-0.114884108775122,0.155365043813701,0.100240676973426
"TUBE1","turquoise","turquoise",0.258152876968708,-0.136758378877988,0.113492271271693,0.0265950506709163
"FAM229B","blue","blue",-0.0290770231599344,0.0907857252795698,0.0664099730561702,0.066787447548438
"LAMA4","grey","grey",-0.00594162112856819,0.0539761408664748,0.0518415265304238,0.0499985394669702
"MARCKS","blue","blue",-0.178730302078842,0.272337208315073,0.108951893058226,0.0872731769252336
"HDAC2","grey","grey",-0.0273965266109693,0.121840300591406,0.111148167124678,0.0639444240754482
"HDAC2-AS2","turquoise","turquoise",0.277765563612066,-0.176655014102946,0.0830348547145437,0.0154883144320379
"HS3ST5","turquoise","turquoise",0.396319658405317,-0.227350309839333,0.150846031731806,0.0736030253659267
"NT5DC1","grey","grey",0.103530672255875,0.019020425586437,0.124486246360612,0.0587038649692005
"TSPYL4","blue","blue",-0.250276352303211,0.383155397090765,0.139597196808585,0.0967766621468694
"DSE","blue","blue",-0.00864436552728368,0.133398849772024,0.124126568305193,0.0846984767350217
"TSPYL1","blue","blue",-0.301139404047431,0.416664436016407,0.136638326441322,0.140270590640914
"RWDD1","grey","grey",-0.0349788495703525,0.102149431618982,0.0740078617232029,0.0700700984460216
"ZUP1","grey","grey",0.0839347150503212,-0.0250570064053232,0.0641231075463961,0.0436694384584292
"KPNA5","grey","grey",0.0121321383265166,0.104050298659881,0.133484061131437,0.0963065408419765
"DCBLD1","grey","grey",0.0419835042388199,0.0355074625253473,0.0901727267519512,0.0764223226380826
"GOPC","grey","grey",0.104128345758976,0.0228520320948139,0.132011758289469,0.0813911496768232
"NUS1","grey","grey",0.0397963051885257,0.0525360290537795,0.11471085977061,0.136052000238896
"SLC35F1","turquoise","turquoise",0.451596404360261,-0.240080819150178,0.208596230669496,0.126505575657909
"CEP85L","turquoise","turquoise",0.383624341927011,-0.242924003638124,0.128229535860361,0.0661551695377154
"MCM9","turquoise","turquoise",0.214217054364942,-0.123417385144635,0.0942829874177424,0.0523687589724842
"ASF1A","grey","grey",-0.0480461227586453,0.111518334955131,0.07597510727458,0.0607029850235477
"FAM184A","turquoise","turquoise",0.197489620296263,-0.0541098890543941,0.149209278972358,0.0944374842067603
"TBC1D32","turquoise","turquoise",0.288997966289429,-0.163264569657806,0.112014147824367,0.0562270996582773
"GJA1","grey","grey",-0.0298828948478587,-0.0196794197417691,-0.0523973665173368,-0.0389933450353155
"HSF2","grey","grey",0.0387738360353821,0.0501192264893983,0.114626637600017,0.0637568196248374
"SERINC1","blue","blue",-0.600145843827312,0.62638907054882,0.00874192880821653,-0.00599228520022045
"PKIB","blue","blue",-0.0524369212151213,0.165041653412408,0.123207208572005,0.126435226854481
"FABP7","blue","blue",-0.0939067199363096,0.169951088988862,0.078363122381144,0.066279144942985
"CLVS2","grey","grey",0.0856407087521754,0.0635928358611541,0.177570079433657,0.21086725241815
"NKAIN2","turquoise","turquoise",0.588489243084644,-0.409480856895959,0.145633717007722,0.0456110841017276
"RNF217","turquoise","turquoise",0.297182026939094,-0.164031801746121,0.129121317711543,0.0781548819946047
"TPD52L1","turquoise","turquoise",0.0982922034538665,-0.0678696096785021,0.027440695646604,-0.00519742574060975
"HDDC2","blue","blue",-0.110165597483462,0.231879119315765,0.12074779237342,0.11066832174362
"NCOA7","blue","blue",-0.165231980573474,0.322771471461063,0.176520187669288,0.169165578884872
"HINT3","grey","grey",-0.0437820536033574,0.135761604893387,0.11771358684822,0.134980780867857
"TRMT11","grey","grey",0.0796300221520323,0.012977344886333,0.105632910531632,0.0508475706672215
"RNF146","grey","grey",0.031177758554603,0.0585954279611275,0.108989492129647,0.0846420331346644
"ECHDC1","grey","grey",0.0122400071281243,0.0948278375985673,0.109826401792565,0.0819313939342767
"AL096711.2","grey","grey",0.137546536937037,-0.0351417116552018,0.118203944291761,0.0964615759310028
"PTPRK","turquoise","turquoise",0.180865333865606,-0.133946851373079,0.0207347727564851,-0.021842549456317
"ARHGAP18","turquoise","turquoise",0.193169934544577,-0.0730500199919084,0.120023424821317,0.0506130102907614
"L3MBTL3","turquoise","turquoise",0.128097190358124,-0.0455018660010509,0.0858231633017051,0.05138945009582
"EPB41L2","turquoise","turquoise",0.122163970602548,-0.10625035454702,0.00808757279518625,-0.0195383396724822
"AKAP7","turquoise","turquoise",0.156043293778172,-0.0446235041489684,0.106072196410274,0.070549633386564
"MED23","turquoise","turquoise",0.219362042024816,-0.124831293985175,0.0971009780278725,0.0276359173691327
"ENPP1","turquoise","turquoise",0.241721539234628,-0.11456375783021,0.128000118125802,0.0780491675012107
"STX7","grey","grey",0.00924827832068739,0.122698610911077,0.156016043791918,0.173072598833386
"SLC18B1","turquoise","turquoise",0.127955114981469,-0.0516823774139963,0.0845740672766491,0.0324414814079574
"RPS12","grey","grey",-0.0725500668649221,0.104669108586906,0.0275222458998038,0.0433627487370152
"EYA4","turquoise","turquoise",0.272466827607707,-0.138361990632472,0.134359828631467,0.0852085765276766
"TBPL1","grey","grey",-0.00754309505979977,0.126908169603935,0.133953553879619,0.094094141622945
"SGK1","turquoise","turquoise",0.360322230061398,-0.233053656579663,0.116102026317316,0.0334006455024146
"HBS1L","grey","grey",0.0682675130887426,0.0578746838157365,0.135048106846572,0.107353917974306
"AHI1","turquoise","turquoise",0.529988579683277,-0.298956341116658,0.207628570552042,0.0792658109843407
"BCLAF1","blue","blue",-0.115866233506833,0.247365671891575,0.150522245122217,0.0930427284444973
"MAP7","turquoise","turquoise",0.385435720445659,-0.262633130397967,0.0973907560625917,0.0259081811338174
"MAP3K5","turquoise","turquoise",0.291660220662147,-0.129498986117808,0.168141586616796,0.0963490586843761
"PEX7","grey","grey",0.0365535222247155,0.0647032979665082,0.0973231540380819,0.0550559798535621
"SLC35D3","grey","grey",-0.0801191674233134,0.122612965827754,0.046895797935568,0.0229147890664514
"IFNGR1","grey","grey",0.0470980571478107,0.00781943484092013,0.0670491947908732,0.0377495903169599
"PERP","blue","blue",-0.0645279329467058,0.119111839338803,0.0651112278906832,0.0531032035612674
"ARFGEF3","brown","brown",0.0296028903248918,0.158923791313302,0.226615463448531,0.283757620957905
"HEBP2","blue","blue",-0.0674848734294878,0.139121737421311,0.0774394404693362,0.0652258921960903
"CCDC28A","blue","blue",-0.0832694474266581,0.172287547848929,0.0962933998638996,0.096240512105743
"REPS1","turquoise","turquoise",0.273599646979298,-0.124283845503237,0.147278426281572,0.0765119656470052
"HECA","grey","grey",-0.0068306796200053,0.0829211343766305,0.0969769340242481,0.0973452313859512
"VTA1","grey","grey",0.0055775000391072,0.0991630300217872,0.116358923660313,0.0670591157415638
"HIVEP2","turquoise","turquoise",0.341532851623966,-0.203790578174329,0.149982097371666,0.107186551100389
"AIG1","grey","grey",0.19994044645371,0.0117318716692203,0.218922562782811,0.111343536034462
"PEX3","turquoise","turquoise",0.19389960282308,-0.0841020619943768,0.11599496455077,0.0510448011017996
"FUCA2","grey","grey",0.0228606234804354,0.03892867379929,0.062921773299292,0.0356834878125887
"PHACTR2","turquoise","turquoise",0.310301411477169,-0.169842377393063,0.137122485097226,0.0791094070491545
"SF3B5","blue","blue",-0.0973575208077186,0.17043093836521,0.0726613194518528,0.0675202827663639
"UTRN","turquoise","turquoise",0.2168288231548,-0.0677877738260928,0.147654324235636,0.0810225886494397
"EPM2A","grey","grey",0.110918780277338,-0.0203718909124889,0.0998582155539089,0.0725141362639159
"FBXO30","grey","grey",0.0140798007606653,0.0604725656422225,0.104049649125612,0.11496908496519
"AL356599.1","turquoise","turquoise",0.185338845411522,-0.110647788862772,0.0705978935132815,0.0363491112021658
"SHPRH","turquoise","turquoise",0.364047930855244,-0.217786795717002,0.137324853267471,0.0670053384663621
"GRM1","turquoise","turquoise",0.178685255664876,-0.0538357804585452,0.135554614125216,0.0683656832884212
"RAB32","grey","grey",-0.00628151649410447,0.0693244150794948,0.0678769989561978,0.0386011515458854
"STXBP5-AS1","turquoise","turquoise",0.521245989907588,-0.30525770023334,0.199227247647322,0.109744095724788
"STXBP5","turquoise","turquoise",0.241791616995054,-0.0471877563401128,0.209440460808553,0.17986907494216
"SASH1","turquoise","turquoise",0.190690332312653,-0.128866960697522,0.050269873425397,0.00896653289522072
"UST","turquoise","turquoise",0.209671461430657,-0.103384744820226,0.105731016604105,0.0792899184019834
"TAB2","turquoise","turquoise",0.185689730529997,-0.0786498118453128,0.114873756942403,0.106407833197208
"PPIL4","grey","grey",0.042414746426863,0.0487347983050182,0.106581664258083,0.0736773942203859
"GINM1","grey","grey",0.0356262072868512,0.0331289577516538,0.0853814888983691,0.0520766232487495
"LATS1","turquoise","turquoise",0.281186823613051,-0.171367153184302,0.107716651252558,0.0466836260046678
"PCMT1","blue","blue",-0.257231423864241,0.420597624079282,0.153068769597746,0.123329096099707
"LRP11","turquoise","turquoise",0.1173450010417,-0.023483311546388,0.110389409837566,0.063863930013192
"PPP1R14C","grey","grey",0.0499076612027513,0.0260559531265577,0.0907979371345367,0.0910958070496302
"PLEKHG1","grey","grey",0.0995421214456514,-0.0431419646686719,0.0472001678729581,0.0161586557504137
"MTHFD1L","turquoise","turquoise",0.339461739238176,-0.184690473050494,0.148268883591938,0.0626401723988454
"AKAP12","blue","blue",-0.0786728403655261,0.257940839008291,0.185693853769231,0.235005167433429
"RMND1","grey","grey",0.0688857547622537,0.0250309180690683,0.0980579182617982,0.0587180174328813
"ARMT1","blue","blue",-0.0614967952731188,0.131204353373538,0.0885750031100784,0.0590159494000941
"SYNE1","turquoise","turquoise",0.24046547300641,-0.0274249638474087,0.227661133335117,0.161072696320259
"MTRF1L","grey","grey",-0.0221352207418746,0.102105199441465,0.0850707492095539,0.0767333787443243
"RGS17","turquoise","turquoise",0.240875917368935,-0.104306251853601,0.140632596872444,0.0900591935576094
"IPCEF1","grey","grey",0.0688253591559932,-0.0104097592780757,0.068545137379438,0.036895114421013
"SCAF8","turquoise","turquoise",0.316174529372308,-0.190045879550964,0.120730905247827,0.0514783231869372
"TIAM2","turquoise","turquoise",0.483232604097089,-0.317685124157903,0.159906525133327,0.0533372033850711
"TFB1M","turquoise","turquoise",0.2014753442123,-0.0919706827795791,0.10565539636612,0.0361193959844353
"ARID1B","turquoise","turquoise",0.412076151959851,-0.23434529425033,0.166660155926655,0.0671992147308973
"TMEM242","grey","grey",-0.0185896250337067,0.103409405950873,0.0921031401012599,0.0781745342554598
"ZDHHC14","turquoise","turquoise",0.256524420792672,-0.146310375450868,0.100924221760612,0.0400337252499824
"SNX9","turquoise","turquoise",0.287738043670253,-0.144460907095472,0.132167391194328,0.0596268275247401
"SYNJ2","turquoise","turquoise",0.156630912644936,-0.104138716511278,0.0323428445238684,-0.00181489521856762
"SERAC1","grey","grey",0.0285127666977959,0.0609890971525661,0.107411299594376,0.0808954363260772
"GTF2H5","grey","grey",-0.0371841812545316,0.092918454404843,0.0618987467757069,0.0702186296062137
"TULP4","turquoise","turquoise",0.31147218087805,-0.161880618050977,0.160854331053096,0.14981580490062
"TMEM181","turquoise","turquoise",0.162868256036542,-0.0385355590888319,0.147244661322523,0.0836302477033601
"DYNLT1","grey","grey",0.0691547274543174,-0.00494568236522613,0.0628832534527469,0.0211406196490097
"RSPH3","grey","grey",0.0990220211015623,0.00704186905877044,0.116545633453939,0.0831251649840418
"AL035530.2","turquoise","turquoise",0.316768382823398,-0.183801979299414,0.139114671722409,0.0739201559030044
"WTAP","grey","grey",0.0304093541229888,0.0847336776950774,0.126774816357056,0.0870264804601482
"ACAT2","blue","blue",-0.0652201628501282,0.176312641633613,0.109571680804587,0.0681773107142844
"TCP1","blue","blue",-0.211763680393341,0.342754554863036,0.12746206416998,0.0677006016164143
"MRPL18","blue","blue",-0.0858538532649852,0.186847240829591,0.100485192407367,0.0753026329963161
"IGF2R","grey","grey",0.096033993321284,-0.00586967680642768,0.110965073460488,0.0470087929297194
"MAP3K4","turquoise","turquoise",0.159307546618991,-0.0522744784757782,0.110491049939406,0.0655232785205532
"AGPAT4","turquoise","turquoise",0.249913896523504,-0.105142300831092,0.147364210244724,0.0796877673013051
"PRKN","turquoise","turquoise",0.529996181738299,-0.324238481948184,0.180744935337486,0.0659479375104821
"PACRG","turquoise","turquoise",0.371040481623202,-0.19649130187732,0.165103833911374,0.0628899454551124
"QKI","turquoise","turquoise",0.262738677814764,-0.234460865512508,0.00157553246111025,-0.0320127836598379
"PDE10A","turquoise","turquoise",0.30788231805196,-0.186838182149865,0.115191489130211,0.0556717476656422
"SFT2D1","grey","grey",0.0620559404410151,-0.0254868694270599,0.0363940397421597,0.0171989917857768
"MPC1","grey","grey",0.0142198844090919,0.0931600496439578,0.111337346446096,0.0715274574522784
"RPS6KA2","turquoise","turquoise",0.208569245383162,-0.0998139952875769,0.120984528786484,0.0981408921521052
"FGFR1OP","turquoise","turquoise",0.240426682348843,-0.125851864785798,0.115581769622592,0.0592759971648454
"AFDN","turquoise","turquoise",0.182056827631696,-0.0180598564846688,0.186489806492523,0.121100356554859
"WDR27","turquoise","turquoise",0.35867481594998,-0.244529525356233,0.111710666554082,0.0510304719449043
"C6orf120","blue","blue",-0.0881391016320905,0.161033354333059,0.0863198227711653,0.0774989378961361
"PHF10","grey","grey",-0.0187113062659139,0.116678322518077,0.129797773147474,0.136067079640452
"FAM120B","turquoise","turquoise",0.254614630097387,-0.0847151371684647,0.176320027493726,0.0949584993158243
"PSMB1","blue","blue",-0.144309899310475,0.287135068165165,0.128293730869389,0.0626124701698183
"PDCD2","blue","blue",-0.0372263628633833,0.121208202789801,0.0865475867454168,0.0783757040094341
"FAM20C","blue","blue",-0.0213436825590502,0.141396751788979,0.151035703102877,0.127938662334128
"PDGFA","grey","grey",-0.00851825938959608,0.0866054100919251,0.0967855609233393,0.0886967212561007
"PRKAR1B","blue","blue",-0.153970609119672,0.327150145224647,0.159456524550203,0.0928239835371044
"SUN1","turquoise","turquoise",0.297496008622616,-0.167027304490308,0.135397420656822,0.060580602069997
"ADAP1","blue","blue",-0.0727633856921118,0.143359747626324,0.0937239766454161,0.108136346718319
"COX19","grey","grey",0.0383494693546967,0.0464829536337997,0.101300945325331,0.0661370623033487
"C7orf50","grey","grey",0.0965229545667022,-0.0126154551499411,0.0975480580858519,0.0746457531911044
"ZFAND2A","grey","grey",-0.0328520422157103,0.0851517762170266,0.0532557512466934,0.0490690738435782
"MICALL2","turquoise","turquoise",0.183735025805497,-0.113143872853253,0.0758854365495403,0.0256193072201613
"INTS1","grey","grey",0.0159606914178805,0.0849417595809825,0.116530757954765,0.101441525750892
"MAFK","grey","grey",0.00357403830187499,0.0490864534150758,0.0639935753630314,0.0757228324554794
"PSMG3","blue","blue",-0.0625033937542753,0.126329150584482,0.0681810923807232,0.0566254395342421
"MAD1L1","grey","grey",0.144708277140123,-0.0197496018979716,0.134386135425131,0.071210785721497
"MRM2","blue","blue",-0.044514822459376,0.0964473466788397,0.0535631820400012,0.0525219489375156
"SNX8","grey","grey",0.124861984133739,-0.0259889812250015,0.106032917654521,0.0686837359910635
"EIF3B","blue","blue",-0.072532090928899,0.183914571767533,0.128565305569618,0.0944496295900641
"CHST12","grey","grey",0.110805074872838,-0.0263407679968593,0.100067814936664,0.0520824077073084
"BRAT1","grey","grey",-0.000574796007658045,0.0870947156225172,0.100338890418503,0.0487905128450049
"IQCE","grey","grey",0.0997964333210249,-0.0269459800294122,0.0831900157035682,0.0648824038456048
"TTYH3","grey","grey",0.0524740284169425,0.0289509072214364,0.106525064493084,0.0620947649055372
"GNA12","turquoise","turquoise",0.247938554325994,-0.127383138773643,0.133879042729991,0.0774345529238201
"SDK1","turquoise","turquoise",0.492726886066864,-0.31142181684001,0.170209312757351,0.0602075607573471
"FOXK1","turquoise","turquoise",0.198177102047583,-0.0746661518414453,0.139614975575507,0.108071008206436
"AP5Z1","grey","grey",0.0249087317184393,0.0595957406106314,0.0989466957047778,0.0297856556616197
"RBAK-RBAKDN","turquoise","turquoise",0.224368700973148,-0.0956111953593593,0.138143975620903,0.0800490538997495
"WIPI2","blue","blue",-0.0672809529509036,0.156493298787309,0.109340346943633,0.112318303852685
"SLC29A4","grey","grey",0.0161536984753766,0.0286263949461146,0.0587012896757128,0.0455697890239512
"TNRC18","turquoise","turquoise",0.259003213058757,-0.160665339654742,0.108752044198448,0.0515032692127711
"FBXL18","grey","grey",0.0660111141731423,-0.014922749755364,0.0691230096314645,0.0509782848833159
"ACTB","blue","blue",-0.422854787018115,0.485055273961303,0.0412218062457042,0.0213247299440104
"FSCN1","grey","grey",-0.0357403547500018,0.0608209011045389,0.0390448496173648,0.0136851259930924
"RNF216","turquoise","turquoise",0.206160675297388,-0.0575795562928853,0.154544246468764,0.0890547322516801
"CCZ1","grey","grey",0.0242601631807085,0.037267719471978,0.0643691579715358,0.0399635469583865
"PMS2","grey","grey",0.0253768939401845,0.0467182514881186,0.0917145481512588,0.0609763865032326
"AIMP2","grey","grey",0.00275585480514496,0.0793135233366091,0.0871035268687294,0.0386141183066923
"EIF2AK1","blue","blue",-0.0951228724443958,0.224155981753913,0.142308363493975,0.137523923575685
"USP42","turquoise","turquoise",0.233153328155235,-0.136808663563919,0.109070222710852,0.0630481573087408
"CYTH3","turquoise","turquoise",0.247970069192595,-0.14362461055889,0.101828850183565,0.0482544296203398
"FAM220A","grey","grey",-0.0254602546618216,0.0746397291549549,0.0591031035785508,0.0658188102036055
"RAC1","blue","blue",-0.244896369347536,0.364202245777757,0.143312222033291,0.162514932330066
"DAGLB","grey","grey",0.0483594286739534,0.00479528229538086,0.0587029373428919,0.0212377463386118
"ZDHHC4","grey","grey",-0.0447959270679689,0.0932948960354661,0.057650090185878,0.0564276077576355
"ZNF12","grey","grey",0.0153735002000728,0.0285296172086902,0.0669852801411756,0.0602508827416725
"CCZ1B","grey","grey",0.0710810258960405,0.000564616751422175,0.0769093180694925,0.0374176053709241
"C1GALT1","grey","grey",0.0973481647638909,0.00272896360787031,0.101950813434817,0.0562330757604808
"MIOS","grey","grey",0.0528062093858266,0.00983580633280982,0.0796290703411335,0.0425646948640778
"RPA3","grey","grey",-0.0226073243014585,0.0682960058834977,0.0467536189863025,0.0216321577901129
"UMAD1","turquoise","turquoise",0.220781435411765,-0.06441565534543,0.154495029883314,0.0868477092725137
"GLCCI1","turquoise","turquoise",0.322830899859666,-0.18847662232974,0.125896076677542,0.0500174717063712
"ICA1","turquoise","turquoise",0.226963362771023,-0.0988707283795593,0.127355311830865,0.0592498621665093
"NXPH1","grey","grey",0.151118101449019,-0.0629591786000126,0.104831616542527,0.0728942656685851
"NDUFA4","blue","blue",-0.220398079989732,0.307588747310915,0.0658683607646161,0.0646385622276674
"PHF14","turquoise","turquoise",0.228667511935644,-0.0535099778141974,0.182290320151342,0.113737262682042
"THSD7A","turquoise","turquoise",0.23526980852049,-0.0821434482546916,0.166483739239751,0.0841805881718798
"TMEM106B","blue","blue",-0.0790804898848186,0.193505841656012,0.143737434286315,0.134225142623236
"DGKB","turquoise","turquoise",0.328803183839491,-0.185994609302946,0.127899243254613,0.0639647522435603
"ISPD","turquoise","turquoise",0.28360605055206,-0.152310381274956,0.129888820830765,0.0581938841538657
"ANKMY2","grey","grey",0.00224454189088549,0.106510456456312,0.127243041045446,0.0640372610503981
"BZW2","grey","grey",0.0532929120144026,0.0311294652496096,0.0913293737646768,0.0473137970834198
"TSPAN13","blue","blue",-0.11935880309199,0.222650136460109,0.110202331303793,0.0738841455944771
"SNX13","grey","grey",0.101515929221356,0.0184912082377121,0.14371049650999,0.124905820772488
"HDAC9","turquoise","turquoise",0.431853420463133,-0.229603352785908,0.189463047618447,0.105171344696075
"TWIST1","turquoise","turquoise",0.143828903313389,-0.0305850442650895,0.109594445542752,0.0634160370070102
"AC007091.1","turquoise","turquoise",0.511846437467646,-0.334577688321546,0.161997776528968,0.0537360104130648
"TWISTNB","blue","blue",-0.0295908522266229,0.103330416096274,0.0898654609415474,0.0759732853842139
"TMEM196","turquoise","turquoise",0.149450516302587,-0.0396278660243422,0.111919345195006,0.0764205103713014
"ITGB8","turquoise","turquoise",0.101321266707174,-0.0719940920581706,0.0279731771451225,0.0146836306559111
"SP4","turquoise","turquoise",0.18430454937178,-0.11252569732198,0.0771413609191254,0.0417852261030947
"RAPGEF5","turquoise","turquoise",0.174121920297467,-0.0522469153389621,0.123851877924441,0.0969154746500538
"STEAP1B","grey","grey",-0.00611402416551308,0.0492185352066167,0.053202166948245,0.0533169141167705
"TOMM7","blue","blue",-0.094466436716299,0.151403201118077,0.0440505397964836,0.0422269172987112
"FAM126A","turquoise","turquoise",0.258493071787223,-0.0915213460764076,0.191923918640493,0.150030318996119
"KLHL7","blue","blue",-0.0357299013041784,0.171721721064596,0.162167933707499,0.0932608480325225
"NUPL2","turquoise","turquoise",0.111183178196275,-0.023193306059817,0.091974293242226,0.0318696311654551
"MALSU1","grey","grey",0.0192637156266898,0.0542661175671678,0.0747625880603858,0.043402761287416
"TRA2A","turquoise","turquoise",0.40996875299157,-0.232615935605332,0.157239630538443,0.0409276116592339
"CCDC126","grey","grey",0.0508424835894008,0.0280821466795724,0.0972076179556221,0.0681855534064272
"FAM221A","grey","grey",0.0557353165574734,-9.2137687429238e-05,0.0588497163233433,0.0229573276388938
"MPP6","turquoise","turquoise",0.145620292534368,-0.0471949798613089,0.118034483819695,0.128549752950005
"GSDME","grey","grey",0.0229176521280536,0.03938481725372,0.0656324851175987,0.03055060878316
"OSBPL3","turquoise","turquoise",0.215243069703172,-0.0762653222588825,0.152436088972895,0.0849408054151293
"CYCS","blue","blue",-0.217673829069862,0.345900074044151,0.138101590312102,0.14347158324623
"HNRNPA2B1","blue","blue",-0.0794574922851288,0.217947464790108,0.125309039313081,0.0406801735615142
"CBX3","blue","blue",-0.0861566607450865,0.175325513472843,0.0940717240028829,0.073808207893268
"SNX10","blue","blue",-0.274184354063187,0.40907400248833,0.148472660542585,0.185372595579597
"SKAP2","grey","grey",0.000512342871870146,0.109956482640354,0.120169311480086,0.094036142491692
"HIBADH","turquoise","turquoise",0.217058754159536,-0.0827479821615094,0.120791552193899,0.0575286574910773
"TAX1BP1","blue","blue",-0.200292384294994,0.340591000468678,0.161728583693978,0.113011479284035
"JAZF1","turquoise","turquoise",0.472498829640931,-0.275210292056102,0.185968405661337,0.101409581183842
"CREB5","turquoise","turquoise",0.224289333882384,-0.148394687537437,0.0485209489867887,-0.00190385086255312
"WIPF3","grey","grey",0.113230186962468,0.0175470431516538,0.15457378396724,0.105627767006968
"SCRN1","blue","blue",-0.339449292099392,0.458002523374877,0.140804592755746,0.183048336151866
"PLEKHA8","turquoise","turquoise",0.202809569735842,-0.120688294192004,0.0872657316750198,0.0624624756742342
"MTURN","blue","blue",-0.0750123728723581,0.175742287543449,0.139592956220522,0.223309106069613
"AC006978.2","turquoise","turquoise",0.152738617407068,-0.0578423289012716,0.105987587790274,0.0901029737629523
"GGCT","blue","blue",-0.0587742292613562,0.145948174808197,0.0985689905927761,0.0808275342333766
"AC005154.6","turquoise","turquoise",0.300082562019343,-0.198261974797454,0.0882778585489098,0.025090063245394
"GARS","blue","blue",-0.182965451765084,0.317978376842512,0.135652618958122,0.0594232868110157
"AQP1","grey","grey",0.00301332974468606,-0.0230392246023215,-0.026341641440619,-0.0411805026978413
"ADCYAP1R1","grey","grey",-0.000686321950617831,0.0741549219944464,0.0916936505727601,0.0556747792222248
"PDE1C","turquoise","turquoise",0.199091286207932,-0.119387876217742,0.0630292987037162,0.0271876826515229
"LSM5","grey","grey",-0.024260566787786,0.0806072354329066,0.0652732032562712,0.0598918339880055
"AVL9","turquoise","turquoise",0.176494258431948,-0.033227269442388,0.163114923720425,0.14260476323926
"KBTBD2","grey","grey",-0.0302942397774278,0.107495068933814,0.102957302317627,0.0844939599831576
"FKBP9","blue","blue",-0.0732296390353533,0.168574516966069,0.107188310716453,0.0751264346154737
"NT5C3A","grey","grey",0.0898607275483077,-0.018786486772325,0.0839079412015395,0.039103244571252
"BBS9","turquoise","turquoise",0.400571538254461,-0.239781128630836,0.145730373648974,0.043831115071358
"DPY19L1","grey","grey",0.0661181907155917,0.0072025885733847,0.0708196033226955,0.0144094505665715
"HERPUD2","turquoise","turquoise",0.113209705614087,-0.0706917648058266,0.0441984257614354,0.0346447601087471
"SEPT7","blue","blue",-0.221207027535859,0.375230464312072,0.142785972464712,0.0905631952990207
"EEPD1","turquoise","turquoise",0.235968061886654,-0.129496645007585,0.0907146518937572,0.0281422865818284
"KIAA0895","grey","grey",0.111795876426696,-0.014473317799788,0.106661134667606,0.0671364907229429
"ANLN","turquoise","turquoise",0.0535558299810186,-0.0447902253608936,0.00969336529816659,-0.00916228314358662
"ELMO1","turquoise","turquoise",0.223408257483344,-0.102721787297661,0.0988421372079095,0.0365272923556251
"EPDR1","blue","blue",-0.225800413854903,0.367742636473153,0.154695025171863,0.134246388593328
"STARD3NL","blue","blue",-0.0346363507605906,0.13516592712218,0.114154502422812,0.100524445960943
"AMPH","blue","blue",-0.079576494379012,0.275749791364196,0.190809981306417,0.0903381225760526
"VPS41","blue","blue",0.0125972749239631,0.147850520738578,0.172594367361971,0.145652329017714
"RALA","grey","grey",0.0719325014461789,0.0693078328623848,0.160152016146911,0.123084137864045
"CDK13","turquoise","turquoise",0.328156383039701,-0.205269489126191,0.11467607608092,0.0402985514400448
"MPLKIP","grey","grey",-0.026733724561723,0.0773314870223852,0.054437484343623,0.0335281825235544
"SUGCT","turquoise","turquoise",0.272375203618514,-0.161199321667741,0.101814275161493,0.0382236212922513
"MRPL32","blue","blue",-0.0829218498281023,0.192533421670441,0.109786847406309,0.0682923735932572
"HECW1","turquoise","turquoise",0.446713769660145,-0.224110124662344,0.21502373324432,0.101965122146193
"STK17A","grey","grey",0.0206266964054781,0.0648480429555382,0.0969575642077471,0.0477783817562501
"COA1","grey","grey",0.138130434279837,-0.0143949631604638,0.131344072896415,0.101277544747688
"BLVRA","blue","blue",-0.0818744348566222,0.185690462155887,0.0983108022623775,0.0528070256028388
"UBE2D4","grey","grey",0.0211785377006858,0.0341982012722809,0.0652410331414569,0.0484358859820673
"DBNL","blue","blue",-0.0609735083812671,0.162538314493231,0.108287355720513,0.0906893224297801
"POLD2","blue","blue",-0.0416747243590042,0.112178908539768,0.080777338841482,0.0683946125797518
"YKT6","blue","blue",-0.0918156776158317,0.199280041436552,0.124633469603486,0.13342221174128
"CAMK2B","blue","blue",-0.163060981934712,0.321072493338443,0.178451330560592,0.127505992346144
"NUDCD3","blue","blue",-0.0884038409913117,0.253559373551817,0.169123108049613,0.116389010305931
"DDX56","blue","blue",-0.0500909918852613,0.103348011539388,0.0525359396470915,0.011115816495717
"TMED4","blue","blue",-0.0761726161542657,0.170290820486671,0.109812052763008,0.0878866584359947
"OGDH","grey","grey",-0.00861341431892768,0.162914008255285,0.15567170251826,0.0685819048501484
"ZMIZ2","grey","grey",0.0633595023683863,0.00508491441316376,0.0965913857190196,0.0860809334106087
"PPIA","blue","blue",-0.313502575657595,0.415320427897408,0.0734576790526127,0.0465278805335322
"H2AFV","grey","grey",-0.0487617188112063,0.0989862781887957,0.0811710040838628,0.14760802064873
"PURB","grey","grey",0.0442244449608375,0.0141964851836286,0.0784389075908983,0.0706571519305743
"CCM2","blue","blue",-0.0139328549356918,0.120363928880721,0.112056817932305,0.118050619099293
"NACAD","blue","blue",-0.184681398043941,0.288542840138776,0.120573176586369,0.0964130953698053
"TBRG4","blue","blue",-0.104634570220889,0.196934733970385,0.0954597920461942,0.0418171468815219
"ADCY1","turquoise","turquoise",0.18674125449425,-0.0556269863482921,0.163233483955439,0.137878193900198
"HUS1","grey","grey",0.0113914329297628,0.0669130176710434,0.0870905693956387,0.0595683789011236
"UPP1","turquoise","turquoise",0.207187068979855,-0.111775551997391,0.0859573241198766,0.0283138244085211
"VWC2","turquoise","turquoise",0.297776797453185,-0.126927036877329,0.175439278053181,0.110186918926953
"GRB10","turquoise","turquoise",0.229139540018685,-0.0828676054450851,0.168708653579742,0.142504076387153
"COBL","turquoise","turquoise",0.216014260185896,-0.10965222422181,0.10857128633879,0.0559861535408976
"VSTM2A","grey","grey",-0.0436311626844099,0.122785233176152,0.0928718221825414,0.0718303904424951
"SEC61G","blue","blue",-0.0572941471112843,0.133764731807224,0.068166772349198,0.0319752227095026
"LANCL2","grey","grey",0.0335275004780005,0.0979334948448459,0.141035950675418,0.108079470313724
"VOPP1","grey","grey",0.112016697892941,0.0204522357140146,0.16031237507815,0.115277673805064
"NIPSNAP2","blue","blue",0.00580155294380306,0.149301941776119,0.162099828736525,0.129819822086207
"CCT6A","blue","blue",-0.230406153661691,0.365613480667036,0.135260898877177,0.0610890462601799
"SUMF2","grey","grey",0.0307394568528243,0.0698496264533539,0.104826600653125,0.0637465619629395
"CHCHD2","blue","blue",-0.305562999784283,0.404857009763414,0.0860234889386626,0.0696726072189134
"ZNF736","turquoise","turquoise",0.204988978881776,-0.118141832750239,0.0846631661162277,0.0410396169809535
"ZNF680","turquoise","turquoise",0.157366030986952,-0.0803840958955699,0.0814882361900541,0.0507043424294155
"ZNF138","turquoise","turquoise",0.250145185184555,-0.130202399145428,0.120750920162496,0.0681984851745029
"ZNF273","turquoise","turquoise",0.3310151270949,-0.19896869789213,0.13590444181541,0.054352485071767
"ZNF117","grey","grey",0.0119197537597726,0.0740861635265755,0.093748539386859,0.0628691523047719
"ZNF92","grey","grey",0.0371645071699712,0.0114136775876079,0.0715154932272349,0.0446012974887362
"VKORC1L1","grey","grey",0.00533311342360438,0.127319900554939,0.166845038419097,0.165125167193844
"CRCP","grey","grey",-0.029475591742852,0.0696842276412347,0.0626423306400006,0.0689321983493841
"TPST1","turquoise","turquoise",0.317546318340259,-0.125580131376672,0.198491329477748,0.114681331826987
"AC027644.4","turquoise","turquoise",0.381842699391599,-0.22761033517286,0.145927084698874,0.074337375532378
"TMEM248","blue","blue",-0.0295312406239205,0.12011530032705,0.113986263579598,0.117426301368818
"SBDS","blue","blue",-0.24629120325563,0.371777854059691,0.130364603650547,0.0860511856303464
"TYW1","turquoise","turquoise",0.279838350459908,-0.159226663542379,0.121663846504838,0.0411527333108215
"AUTS2","turquoise","turquoise",0.620549183235392,-0.429706400167543,0.165492831016765,0.052021872424658
"GALNT17","turquoise","turquoise",0.30001420436029,-0.144823150019133,0.1601616731404,0.0751198571963047
"CALN1","turquoise","turquoise",0.384851868855687,-0.184282309750446,0.211686931458703,0.197617094395866
"TYW1B","turquoise","turquoise",0.318396919255102,-0.205057808163578,0.110813267555952,0.0462882302002835
"POM121","turquoise","turquoise",0.182671172480765,-0.0602405785163658,0.140824684446424,0.0877004807524722
"NSUN5","blue","blue",-0.0390937338650603,0.10278101365131,0.075791560153538,0.0437072853420316
"BAZ1B","grey","grey",0.0699850331916138,0.0458807512798695,0.147065056267519,0.117774060969238
"BCL7B","blue","blue",-0.0734860523180983,0.155651118749996,0.0913644337201303,0.0690414873340314
"TBL2","grey","grey",-0.0426285213528893,0.0780051772416056,0.0400918778515324,0.0170026819689909
"MLXIPL","grey","grey",0.190082185007994,-0.0924358033908004,0.10538796089839,0.04164878438697
"DNAJC30","blue","blue",-0.0488921946706789,0.149674133234174,0.102839170074616,0.0664877828222966
"BUD23","blue","blue",-0.0720191630308358,0.168631504846205,0.0949085147163519,0.0430849491154656
"STX1A","grey","grey",0.0193238339158085,0.0602095154416519,0.0968901769348486,0.0623317192098443
"ABHD11","blue","blue",-0.0539801513457362,0.123342742022061,0.0737950101640814,0.0546296350138313
"LIMK1","grey","grey",0.00692342648360475,0.0980266016746658,0.131823542182606,0.137041842823989
"EIF4H","blue","blue",-0.155727867526389,0.276174863621323,0.129702568826698,0.124457882916697
"CLIP2","grey","grey",0.132014487564524,0.0354949292827909,0.180692381962058,0.114274540335301
"GTF2IRD1","turquoise","turquoise",0.458637056003919,-0.288950378258232,0.170938513796467,0.0614082268558904
"GTF2I","blue","blue",-0.0609703937743168,0.177328295939868,0.154508889227035,0.158909059169888
"CASTOR2","turquoise","turquoise",0.34009990648724,-0.19438651273464,0.157256697449175,0.0815718990340899
"RCC1L","grey","grey",-0.004258904615001,0.0786692023249213,0.0973587620407662,0.102876319618767
"POM121C","turquoise","turquoise",0.232949654571809,-0.0849715496009824,0.163654622579363,0.103278278985089
"HIP1","turquoise","turquoise",0.228936749321893,-0.153529034403987,0.0703992915907077,0.00601351012438768
"RHBDD2","blue","blue",-0.24824633563028,0.360281587782139,0.107819347615314,0.0481780515640822
"POR","blue","blue",-0.0397122907931191,0.125143427551112,0.106265647238207,0.0289285340647591
"TMEM120A","blue","blue",-0.0917921760240468,0.170256810338845,0.0850811556793673,0.0508459886529188
"STYXL1","grey","grey",0.135762391545726,-0.0384093668190829,0.0982287408033764,0.0511483238360929
"MDH2","blue","blue",-0.241378245264589,0.391807031030859,0.12645148348744,0.0731789114638715
"SRRM3","turquoise","turquoise",0.529012451971787,-0.333653548706601,0.196654338631286,0.0660503126717805
"HSPB1","blue","blue",-0.118521626483132,0.191959381577411,0.053667184959828,0.0057496417293013
"YWHAG","blue","blue",-0.56696569499434,0.591667319847645,0.0259988865807784,0.105027582646811
"CCDC146","turquoise","turquoise",0.384553142993836,-0.240636887366598,0.131430465452433,0.0443381125961665
"GSAP","turquoise","turquoise",0.131424180511988,-0.0587304599203177,0.0657460859482023,0.0297937214621672
"PTPN12","turquoise","turquoise",0.226807728672172,-0.142498910319185,0.0921753750359727,0.0564898662623738
"APTR","grey","grey",0.0867108519894315,-0.0253807355787157,0.0651635764957364,0.0361350350577232
"RSBN1L","grey","grey",0.0997447011112889,0.00983090760965772,0.13249616023977,0.0836754963209485
"TMEM60","grey","grey",-0.0327588036064573,0.0956371176790174,0.0726990434598636,0.0372158918397707
"PHTF2","turquoise","turquoise",0.255733530814913,-0.159931496192179,0.0852200090978011,0.0271906067344009
"MAGI2","turquoise","turquoise",0.657292733670862,-0.481426360317655,0.141292977660314,0.028741418075022
"GNAI1","grey","grey",0.00383646534763656,0.0817597730180935,0.0910803221986569,0.0599260510284366
"SEMA3C","grey","grey",0.0638653336198359,-0.018577074560067,0.0378045802268028,0.00151633427732997
"CACNA2D1","turquoise","turquoise",0.271792285184713,-0.116715108373646,0.144854819032215,0.0453817621699073
"PCLO","turquoise","turquoise",0.191972133918611,0.0155039344290647,0.225758348549284,0.226124043999395
"SEMA3E","grey","grey",0.0358198378045898,0.100088860005463,0.152409020989633,0.068406791370966
"GRM3","turquoise","turquoise",0.16037911120288,-0.104239934016649,0.0359705371147226,0.00149323363952279
"KIAA1324L","turquoise","turquoise",0.127155157019866,0.0428239772553655,0.183829478059883,0.0908399066532491
"DMTF1","turquoise","turquoise",0.286664831368488,-0.160417129683211,0.119445991405246,0.0539317551134389
"CROT","blue","blue",-0.027462871276715,0.102473352593235,0.0859594132767486,0.048289376028075
"RUNDC3B","turquoise","turquoise",0.232130210097556,-0.0556340656919945,0.183930723111208,0.12741384883001
"SLC25A40","grey","grey",0.021007175739893,0.0650736432317648,0.105489914100292,0.0931300603865327
"ADAM22","turquoise","turquoise",0.251610375663367,-0.081871553587137,0.175728289096344,0.102041171924579
"SRI","blue","blue",-0.081456736998742,0.155434262642027,0.0740039105941145,0.0663742107500969
"STEAP2","grey","grey",0.0170823005512176,0.0472968671892678,0.0861927051557312,0.0638938794567311
"CLDN12","grey","grey",0.15785943619325,-0.054870046626749,0.124027902051,0.0718987690204246
"CDK14","turquoise","turquoise",0.20846077232537,0.0113651432623772,0.235082102830572,0.241819581858878
"AC079760.1","turquoise","turquoise",0.340883064710706,-0.206122331149263,0.12228538235519,0.0554837890718854
"MTERF1","turquoise","turquoise",0.383608987711717,-0.225422078308382,0.141692897527108,0.0643692170927053
"AKAP9","brown","brown",0.184142231891703,-0.0376041081857667,0.213381797547999,0.38135336106101
"KRIT1","turquoise","turquoise",0.155828666866046,-0.0446901414568733,0.120736801649801,0.0803808630215898
"ANKIB1","turquoise","turquoise",0.339575578853215,-0.154717485692824,0.195246405205528,0.137135687091644
"GATAD1","turquoise","turquoise",0.13957933097558,-0.0608351025685508,0.0836123794141784,0.0502879628999681
"PEX1","grey","grey",0.0293883950957902,0.0490011405311063,0.094428523830352,0.047809569208437
"RBM48","grey","grey",0.0981672700404451,-0.00687465683152682,0.100473078767349,0.0409877640932522
"FAM133B","grey","grey",0.124303811275348,-0.0309543807427242,0.0908368410924977,0.0227940936908162
"CDK6","turquoise","turquoise",0.34614012388443,-0.216627223718974,0.116011947873046,0.0560724270379838
"VPS50","grey","grey",0.0265787613441527,0.1433333750299,0.176679200300356,0.0757205852692406
"BET1","grey","grey",0.0617771003214438,0.00859350528287437,0.0689842880246138,0.0333601798719896
"CASD1","blue","blue",-0.069073427152876,0.187247033726717,0.143629794764564,0.139122846818094
"SGCE","turquoise","turquoise",0.204467330141781,-0.087550639541827,0.119412748125165,0.0611027005152466
"PEG10","blue","blue",-0.616321819642827,0.602773645920638,-0.0218527000742489,0.0549578977255764
"PPP1R9A","turquoise","turquoise",0.253996430198271,-0.0816833415497199,0.177157887194756,0.138737819208543
"PON2","grey","grey",0.0599812076716887,0.0422295001139731,0.105706205253345,0.0506469234975149
"ASB4","grey","grey",0.0968455503768927,-0.00462859738889761,0.109148175289477,0.0884311956238581
"DYNC1I1","blue","blue",-0.114714275379766,0.353183319323173,0.197190170574867,0.0733452204560482
"SLC25A13","turquoise","turquoise",0.18978531153164,-0.0576316757712366,0.118515044004686,0.0418364703724245
"SEM1","grey","grey",0.126860137206356,0.000295051825142639,0.134887692102485,0.0772538977905706
"SDHAF3","grey","grey",0.0426308790483495,0.00581812503226448,0.0471403334385325,0.0267867506450525
"TAC1","blue","blue",-0.140930010494117,0.197825080166643,0.050964319456954,0.0360541440676541
"ASNS","blue","blue",-0.125980936372619,0.278425148216138,0.142143641207631,0.0657975450084447
"LMTK2","grey","grey",0.110536383954989,0.0158254906585593,0.159693783856121,0.123068344044829
"TECPR1","grey","grey",0.054351626510701,0.0495327300130163,0.132543619041953,0.12242767785169
"BRI3","blue","blue",-0.0244987548475436,0.115845680025088,0.0848075727184994,0.0727916732765425
"BAIAP2L1","blue","blue",-0.086151859368409,0.130687138945739,0.0380461253067165,0.0290689638420835
"TMEM130","blue","blue",-0.243457825669827,0.36526389823475,0.129343851853131,0.0615893766387407
"TRRAP","turquoise","turquoise",0.278272534009794,-0.150099031367303,0.139457436384527,0.0876010589247321
"SMURF1","turquoise","turquoise",0.259020621042166,-0.128558192292954,0.135339244568327,0.081192692478083
"PDAP1","blue","blue",-0.11105172806485,0.206362130556465,0.0985368015086285,0.0973594665110654
"BUD31","blue","blue",-0.0580551148697491,0.112024325210802,0.049188441048566,0.0259247793332498
"ZKSCAN5","grey","grey",0.0497729109816799,0.000130693707987208,0.0669630311891495,0.0402828424065143
"FAM200A","grey","grey",0.0169513866807465,0.0430249248572585,0.0750852336705153,0.047913231187707
"TRIM4","turquoise","turquoise",0.150589123582208,-0.0670074224878182,0.0944134828415659,0.0435358139944939
"ZKSCAN1","grey","grey",0.0801329472172413,0.063682675830635,0.191022071481876,0.16207177963002
"COPS6","blue","blue",-0.109874580910529,0.219998158849218,0.110001134028426,0.0760109778411611
"TAF6","blue","blue",-0.0440076386236106,0.1048630339275,0.0693866726397357,0.0606644317561556
"LAMTOR4","blue","blue",-0.101941669892463,0.174801114755358,0.0692796771645729,0.0519436908460013
"C7orf43","blue","blue",-0.0843686348175297,0.157317721188865,0.0799115074934656,0.0578724769916162
"CASTOR3","grey","grey",0.161304732607188,-0.00682162371840257,0.185916821537466,0.174959107012758
"PILRB","turquoise","turquoise",0.310286017985049,-0.206354330627994,0.101207674825764,0.029986760771581
"MEPCE","grey","grey",-0.050018026262412,0.0905192429834381,0.0604077901335998,0.0760617391384322
"PPP1R35","grey","grey",-0.00456142009334863,0.0574870164373826,0.0596251047712887,0.0382889733106943
"TSC22D4","grey","grey",0.0442856683076176,-0.064313390997122,-0.0192274155222096,-0.0256433553502972
"NYAP1","grey","grey",0.00106243627709778,0.0694834121712791,0.0944562490361913,0.0959206166619717
"LRCH4","grey","grey",0.0313855757901066,0.0455200697253027,0.0908182726662582,0.044714644959872
"ACTL6B","blue","blue",0.00742090426372825,0.0967525320000937,0.108011135987416,0.0436104582956167
"GNB2","blue","blue",-0.175047857650291,0.28425749010744,0.122054876807419,0.0904749144029582
"GIGYF1","grey","grey",0.104123521791091,-0.0214147930037601,0.0972162278064315,0.0452420696958238
"POP7","blue","blue",-0.105871756400553,0.180594568325951,0.0683737020557719,0.050294460296225
"SRRT","grey","grey",-0.012278486731188,0.0727804602400036,0.0743731892639597,0.0459703805818504
"ACHE","blue","blue",-0.322880240828085,0.452420180768534,0.0955887410511805,-0.0115883722196689
"AP1S1","blue","blue",-0.111914074365808,0.212498586768409,0.101483299706746,0.0862392348976216
"VGF","grey","grey",-0.10097398523352,0.148460579778439,0.039595479622156,-0.0017148209909928
"PLOD3","turquoise","turquoise",0.121794641383638,-0.0687265674343273,0.0642168988983785,0.0140899967274662
"ZNHIT1","blue","blue",-0.0984184727122406,0.171626569059533,0.0613183524640702,0.0510384757239387
"FIS1","blue","blue",-0.121027204925709,0.203907118436492,0.0771997414346168,0.0833268345469495
"IFT22","blue","blue",-0.0432462138572225,0.110602472427016,0.0635405233703725,0.0602559524694882
"CUX1","turquoise","turquoise",0.381051236795806,-0.222249721776432,0.176562390452803,0.0917579766180204
"PRKRIP1","turquoise","turquoise",0.262604622257059,-0.123184486512821,0.149251669554939,0.0771205403615107
"ORAI2","blue","blue",-0.0372252040167505,0.140886347802562,0.139623692710449,0.15021649173657
"ALKBH4","grey","grey",-0.0122018308651204,0.0815409790782979,0.0817692486374475,0.0581421712462032
"LRWD1","blue","blue",-0.0656967920040766,0.136943977998437,0.0712643377269241,0.0332703239940305
"POLR2J","blue","blue",-0.0549274975694785,0.122386530918996,0.0649597915165852,0.0424945753214835
"FAM185A","turquoise","turquoise",0.235195648515286,-0.125595559201568,0.111528663130165,0.0500554649328122
"ARMC10","blue","blue",-0.0391943611357302,0.123740724197779,0.0908912509146546,0.0764406472527068
"NAPEPLD","grey","grey",0.061027493542365,0.0186328890473608,0.0857047754071765,0.0568025002473794
"PMPCB","grey","grey",-0.0303011091469511,0.124893148217048,0.107524569765946,0.0722945072607588
"DNAJC2","grey","grey",0.0343398172529992,0.075925129333577,0.130611291111395,0.0580300665335006
"PSMC2","blue","blue",-0.0679409342654028,0.181215867135715,0.114779145038024,0.0500651640188182
"ORC5","grey","grey",0.123122920548673,-0.0155898293524878,0.12454401896676,0.0436589011180765
"LHFPL3","turquoise","turquoise",0.415121807895642,-0.24847140001758,0.166816129613122,0.0705706607613871
"LINC01004","turquoise","turquoise",0.377387928593238,-0.270425242481665,0.104173086359086,0.0197422586453792
"KMT2E","turquoise","turquoise",0.361364211178799,-0.209338888144884,0.152389736394434,0.0789288839006883
"SRPK2","grey","grey",-0.00192723655925417,0.189249654162642,0.215776778928126,0.158992829750571
"PUS7","turquoise","turquoise",0.184889514874926,-0.0643926317828033,0.12438520605818,0.0709599992794807
"RINT1","grey","grey",0.0325582129720773,0.0420783223906332,0.0855878871502489,0.0282567993288643
"ATXN7L1","turquoise","turquoise",0.431339762482572,-0.260287187671067,0.168798527351136,0.0775151163682761
"CDHR3","turquoise","turquoise",0.312659414358138,-0.201201126594603,0.0931647442950625,0.0261864418633167
"SYPL1","grey","grey",0.0186253798647678,-0.0210016274060318,0.00978298961181771,0.0128144859541807
"NAMPT","grey","grey",-0.0197629463961713,0.0839719486160591,0.0906489460612781,0.0654720933849968
"PRKAR2B","blue","blue",-0.0633032719702882,0.216572028755735,0.179541052374099,0.207781846121231
"HBP1","turquoise","turquoise",0.124626477247532,-0.0641941436561403,0.0616982969787575,0.0225304364064309
"COG5","turquoise","turquoise",0.3079660940086,-0.146969884205976,0.155957750602842,0.0755819581345428
"GPR22","grey","grey",-0.0488603840992443,0.113517583214923,0.0871075792983814,0.0672317712244585
"BCAP29","blue","blue",-0.176016399270655,0.295358608493987,0.122909478082038,0.082128611290164
"CBLL1","grey","grey",-0.000699843258237223,0.027340749866637,0.0333700763837079,0.0279296411277496
"SLC26A3","grey","grey",-0.0340322770609289,0.0956843242863074,0.0478740315527894,-0.0229467118556037
"DLD","blue","blue",-0.140672166121143,0.276026804099894,0.149975677180833,0.10807025715141
"NRCAM","grey","grey",0.0265855840007837,0.163419180146595,0.195841775249991,0.0664107678369768
"PNPLA8","blue","blue",-0.0368210030951559,0.175731161433649,0.154977885941502,0.124531833033571
"DNAJB9","blue","blue",-0.145233402537581,0.231142173645104,0.108934977123719,0.0769799463444409
"IMMP2L","turquoise","turquoise",0.593735955874709,-0.388481704965717,0.172831860915605,0.0589095255299586
"LRRN3","grey","grey",-0.0615330780969421,0.169264096245072,0.150236822123449,0.0912881576207403
"DOCK4","turquoise","turquoise",0.445394495747086,-0.26313995525533,0.167349778362021,0.0780674094166536
"ZNF277","turquoise","turquoise",0.184896876721394,-0.085546979700252,0.0941919810816792,0.0508929204059107
"IFRD1","grey","grey",0.127884066497945,-0.0513904273873823,0.0877048880500085,0.025080064386836
"TMEM168","turquoise","turquoise",0.144205448026069,-0.0558814188775162,0.0977488516153418,0.045334301755774
"BMT2","turquoise","turquoise",0.247984928988681,-0.109106506510237,0.147862006276914,0.095814779760309
"GPR85","grey","grey",-0.0184342145005633,0.0828956081192737,0.081680682034926,0.0693123400674047
"SMIM30","grey","grey",-0.0337723722766124,0.0838424464714116,0.0535205593116667,0.050967540571244
"FOXP2","turquoise","turquoise",0.189287876514109,-0.0665358780409017,0.148502390220813,0.104757868338979
"CAPZA2","blue","blue",-0.141431011055355,0.289811694468808,0.156284121567994,0.131561399912549
"ST7","turquoise","turquoise",0.387982742985848,-0.23080315761547,0.149615067966058,0.0444511282749204
"CTTNBP2","turquoise","turquoise",0.355665729141555,-0.214223724491303,0.133187416144337,0.0449206322542088
"ANKRD7","turquoise","turquoise",0.394544587896324,-0.254373042004683,0.131754625435027,0.0562319309332877
"KCND2","turquoise","turquoise",0.446570364296916,-0.257584110536948,0.171119697690115,0.0707782280804895
"ING3","grey","grey",0.0430082891362994,0.036830008498315,0.0990866363619206,0.0744717998727521
"FAM3C","blue","blue",-0.0938841011491128,0.222937159456029,0.155260056980345,0.178016911303927
"PTPRZ1","turquoise","turquoise",0.157623218432471,-0.08155867713528,0.0936904300850251,0.023232053978273
"CADPS2","turquoise","turquoise",0.155862070160769,0.0791697070337129,0.234596756019492,0.195978508438181
"NDUFA5","blue","blue",-0.18693178692875,0.312211639875035,0.126670575981167,0.154622207823153
"WASL","blue","blue",-0.0976151468424213,0.241371660245147,0.164785159915766,0.153941179697409
"AC006148.1","turquoise","turquoise",0.410560628680725,-0.263355164317296,0.126125570301003,0.0377322420721509
"POT1","turquoise","turquoise",0.172756618052139,-0.106397770431349,0.0701297173322225,0.0281505114157452
"POT1-AS1","turquoise","turquoise",0.239714054514218,-0.128598510635008,0.109148122894746,0.0566665273021127
"GRM8","turquoise","turquoise",0.283189041520193,-0.162481907877799,0.121815679360109,0.0507855434419898
"ZNF800","turquoise","turquoise",0.218743965207828,-0.0952382419554888,0.133644344794129,0.0771515812261672
"ARF5","blue","blue",-0.150658107593322,0.242600970943191,0.0898537853162562,0.0781995225964294
"SND1","grey","grey",0.0852272801579698,0.0789531750473072,0.156470555026395,0.0530044863990884
"RBM28","grey","grey",0.0830278400405129,-0.00316599238795069,0.0958341865736071,0.0518799392121715
"IMPDH1","blue","blue",-0.0646867417099836,0.168787152577733,0.104408936060221,0.0729393941471039
"METTL2B","grey","grey",0.0859927529438959,-0.000681404294291277,0.0919705947132273,0.0691937085785375
"CALU","grey","grey",0.059234275831646,0.0394273731260242,0.124012272658306,0.087649851932937
"CCDC136","blue","blue",0.00205154441994402,0.162900550299658,0.1658868419983,0.129630768454314
"ATP6V1F","blue","blue",-0.249774820978916,0.380592562754355,0.114680718524827,0.0972406820804688
"TNPO3","grey","grey",0.0276870981579374,0.112720791814548,0.170430457931039,0.126108223407321
"AHCYL2","turquoise","turquoise",0.361528731571808,-0.161698508760472,0.18606914421829,0.0755906697202835
"STRIP2","grey","grey",0.118218626278753,-0.0105693964258221,0.129548308637834,0.0668858185023739
"NRF1","turquoise","turquoise",0.49001145312521,-0.330776001458939,0.151509306921031,0.0438665073275944
"UBE2H","grey","grey",0.117025809491544,0.0342231533035823,0.177754736837328,0.171019499736986
"ZC3HC1","grey","grey",0.0546933402619792,0.0225884885290736,0.0954165621023776,0.0622337869119078
"KLHDC10","brown","brown",0.0325803080694967,0.122098269373232,0.192723030450702,0.251871366531305
"TMEM209","grey","grey",-0.0313561606052189,0.0902301530786073,0.0694238287528862,0.0375044345918613
"CEP41","blue","blue",-0.106791733472126,0.190925119892308,0.105386523902926,0.0945158008583655
"MEST","brown","brown",0.0139669977334931,0.0826408131413233,0.13386564355337,0.212931629708526
"COPG2","grey","grey",0.0923548995036243,0.0277863197289806,0.137300808228974,0.109502002554275
"AC007938.3","brown","brown",-0.051387137009431,0.09498613178683,0.0823088825606318,0.209089955711888
"AC016831.7","turquoise","turquoise",0.651184160354542,-0.456188420355546,0.168084206653514,0.0323157851396563
"LINC00513","turquoise","turquoise",0.466356479525827,-0.315827015624701,0.14100055746601,0.0305214098200709
"MKLN1","turquoise","turquoise",0.324035477940952,-0.139666916176292,0.188383147903603,0.128671402892539
"PLXNA4","turquoise","turquoise",0.26535857808449,-0.0890005301717249,0.196887776358687,0.105506695001874
"CHCHD3","grey","grey",0.0474598505532716,0.122719046000545,0.170495972656345,0.118301352919605
"EXOC4","turquoise","turquoise",0.229179365076985,-0.0219554828126182,0.194410807348568,0.0688468605291892
"SLC35B4","blue","blue",-0.0561293116111458,0.142937178494619,0.11170359771602,0.107448067474292
"AKR1B1","blue","blue",-0.200735758867778,0.327917928470848,0.111553608548689,0.0681179884371318
"BPGM","grey","grey",-0.0496050707721208,0.112776635825153,0.0692939976388709,0.0575486119139121
"CALD1","turquoise","turquoise",0.262131004809239,-0.144941891833279,0.116717296690505,0.0590024478637979
"CYREN","grey","grey",0.048475460842011,-0.0069698623855793,0.0428576844681573,0.0187372668387439
"CNOT4","grey","grey",0.136882771898391,-0.00800168708539025,0.140265583117815,0.0901277583467839
"NUP205","grey","grey",0.0825835216696674,-0.0197336455560257,0.0706503706126873,0.0392950348690391
"STMP1","grey","grey",0.0226856546374613,0.0564667257695076,0.0957941262727501,0.068427545133987
"MTPN","blue","blue",-0.0986182536949658,0.20804252749291,0.132124584836491,0.148187393132249
"PTN","grey","grey",0.0467649337773285,-0.0563508645104248,-0.0208459794023301,-0.0297967607910299
"DGKI","turquoise","turquoise",0.440438978070578,-0.239574840618923,0.2045012445963,0.135653347324512
"CREB3L2","turquoise","turquoise",0.17506181423267,-0.0989740041288604,0.0818652574650358,0.0305436093808574
"TRIM24","turquoise","turquoise",0.137410995857624,-0.0493320943555884,0.100263852986289,0.0455788464139351
"KIAA1549","turquoise","turquoise",0.258017748623885,-0.138457017154566,0.130236544033435,0.0759177703616074
"ZC3HAV1","grey","grey",0.00155868488639031,0.0286697309349758,0.033303880025226,0.011647732570372
"UBN2","turquoise","turquoise",0.329013796688036,-0.20491119848129,0.133895044437394,0.0674137033602589
"LUC7L2","grey","grey",-0.00689595672239834,0.0981978500323426,0.108833507737882,0.0708209078193232
"CLEC2L","grey","grey",0.129056456382389,-0.0295349396844816,0.105899889037539,0.0622281658184943
"HIPK2","turquoise","turquoise",0.178368748597247,-0.0862688394992458,0.10622715531549,0.108180116910744
"KDM7A","turquoise","turquoise",0.162130938014093,-0.0713212095139116,0.0965616264761163,0.0655551897884351
"SLC37A3","grey","grey",0.116272242970459,-0.0247876516518895,0.10523103589053,0.0593394255519723
"MKRN1","blue","blue",-0.0741024877388096,0.193510854894763,0.133227335888165,0.0986222460370984
"DENND2A","turquoise","turquoise",0.335058368642385,-0.154886359620641,0.194899522019999,0.131424614169227
"NDUFB2","blue","blue",-0.0987424639400255,0.197690936061893,0.0907703519359964,0.0786827219449096
"BRAF","turquoise","turquoise",0.346731042864136,-0.1812944082923,0.176825744909281,0.114201945382841
"MRPS33","blue","blue",-0.0891584816204543,0.161315873746869,0.0762186349089284,0.0674696463923329
"TMEM178B","turquoise","turquoise",0.464079008242926,-0.232730650150729,0.250328753416449,0.215528321555442
"AGK","grey","grey",0.100055873691441,0.0234017381984334,0.133437029915831,0.0856039652037983
"KIAA1147","grey","grey",0.03572294887311,0.0556437659938863,0.117345512547273,0.122865649713424
"SSBP1","blue","blue",0.0216652690724909,0.0958483561652047,0.111530227472178,0.0706442964895215
"GSTK1","blue","blue",-0.00101010570619609,0.0891328471359406,0.0901911288419483,0.0474672023775703
"FAM131B","grey","grey",-0.0515216339474629,0.110240376052071,0.0802072988230678,0.088031558471346
"AC093673.1","blue","blue",-0.0511101746972281,0.114794136268656,0.0742541681171529,0.067092856507072
"ZYX","grey","grey",-0.00840456642242922,0.0560180022096885,0.0536381141761024,0.0216497505101612
"TCAF1","blue","blue",-0.217573895708031,0.36700607435436,0.17294117700058,0.165196502706054
"TPK1","turquoise","turquoise",0.270383295594736,-0.160912296387205,0.097662309184873,0.0353242683795656
"CNTNAP2","turquoise","turquoise",0.612374459885155,-0.382446448309776,0.194374249617614,0.0500239212472678
"CUL1","grey","grey",0.0472257129637948,0.0800134352121979,0.156516432302702,0.0922937596871851
"PDIA4","blue","blue",-0.10154803714789,0.166331983548415,0.0726740929383061,0.030371583453119
"ZNF398","turquoise","turquoise",0.193380518069152,-0.10383473358769,0.103464213545042,0.0654574364890006
"ZNF746","grey","grey",0.0540043376280048,0.00532032913766831,0.0778246819659468,0.0524078789439796
"ZNF862","turquoise","turquoise",0.218793746188634,-0.101924360602648,0.119477958001892,0.0459868250912099
"ATP6V0E2","blue","blue",-0.395709544568566,0.493264924098034,0.109268123190417,0.147625931254973
"ACTR3C","turquoise","turquoise",0.258994751372007,-0.155020739833738,0.103115276712452,0.0324873149836547
"LRRC61","grey","grey",-0.000737764942596012,0.0772087834152823,0.0851382065852798,0.0679970696583185
"AC073111.5","grey","grey",-0.0057204687340567,0.0488114518336191,0.0546162150415554,0.0545850784316573
"KCNH2","grey","grey",-0.027058736433413,0.0836022059119092,0.0722905480481488,0.0550689944665704
"ABCB8","grey","grey",0.056420184282317,0.0351766250757006,0.099220598247894,0.0519832790906279
"CDK5","blue","blue",-0.140960217879864,0.228551192022601,0.0879672128982917,0.0481176872574847
"FASTK","grey","grey",-0.0422954758065541,0.0974962705190035,0.0732056665353296,0.0713130229471273
"TMUB1","grey","grey",-0.0307971919949389,0.0703529936201196,0.0470026075793074,0.0347372782690863
"AGAP3","grey","grey",-0.0138453340341937,0.142406996623862,0.166623522974464,0.15142902421792
"CHPF2","blue","blue",-0.0710802297983613,0.126421837554207,0.0755700502796156,0.0413147831351142
"SMARCD3","grey","grey",0.0508051910019891,0.0437065230728358,0.116700044404642,0.0888757599325619
"NUB1","blue","blue",-0.109702970012023,0.235745281718231,0.132867171485122,0.083059639546494
"RHEB","blue","blue",-0.186962374605086,0.33688288500748,0.155199801505706,0.148065038740281
"PRKAG2","turquoise","turquoise",0.217440472625312,-0.0731659573028361,0.155572894144451,0.0864082425563499
"GALNT11","turquoise","turquoise",0.128390153960025,0.0298983876565874,0.177554738119835,0.149514704712146
"KMT2C","turquoise","turquoise",0.389735887001321,-0.228398032196196,0.165840606598417,0.0968432469664189
"ACTR3B","turquoise","turquoise",0.140356050772211,-0.0261609205491952,0.12788995935425,0.079742647241156
"DPP6","grey","grey",0.141302009264484,0.0951957517215946,0.221643869789553,0.0443203619683231
"HTR5A","blue","blue",-0.0677617909149213,0.10072406569233,0.0389398222977372,0.0303980888497679
"INSIG1","blue","blue",-0.128608122768521,0.22076103666789,0.112397982146517,0.100258611256799
"EN2","grey","grey",-0.0262839788060732,0.0846803667500933,0.0726794547732419,0.0703408026735705
"RBM33","turquoise","turquoise",0.261741508088645,-0.133447328946998,0.132876514401862,0.0642583464463101
"SHH","grey","grey",-0.0431252852194506,0.0899725534935053,0.0716559425823808,0.0562554507546495
"LINC01006","turquoise","turquoise",0.153738954025269,-0.0785444917623678,0.0751571248262674,0.0448517762738526
"LMBR1","turquoise","turquoise",0.147685907759072,-0.00620198665029422,0.158412209430742,0.123717786150511
"NOM1","grey","grey",0.0498904641358166,0.00316045892426403,0.0702843519172783,0.0505226051943734
"UBE3C","turquoise","turquoise",0.233781142281103,-0.0604653676587173,0.18679406184347,0.117858969700599
"DNAJB6","blue","blue",-0.21857881370772,0.378831883462581,0.161296274579641,0.121070441721735
"PTPRN2","turquoise","turquoise",0.272223916785168,-0.0441556039724814,0.234800740947204,0.142139913769261
"ESYT2","grey","grey",0.163328563650976,-0.038570907761613,0.146265332520379,0.0734382997292093
"WDR60","turquoise","turquoise",0.343458820439843,-0.184568286499378,0.162839885776994,0.0755902120611339
"GTPBP6","grey","grey",0.0384315944291797,0.058050145577837,0.0951720665678784,0.081369247492559
"SLC25A6","blue","blue",-0.235361633603242,0.37955626976988,0.13188001144482,0.0971976267571072
"ASMTL","blue","blue",-0.100206277170226,0.224804645761286,0.115145113467506,0.0513217691934332
"AKAP17A","grey","grey",0.0293121253233604,0.0163462174680019,0.0546177299346866,0.0308380663282559
"DHRSX","turquoise","turquoise",0.337722158425272,-0.203350454505506,0.130708997590179,0.0567070275918227
"GYG2","grey","grey",0.0391840801254183,0.049936740871066,0.0905210300193,0.0614290563472541
"NLGN4X","turquoise","turquoise",0.147744829863148,-0.0480163205431252,0.103076400616664,0.0454136138397709
"STS","grey","grey",-0.0217344600570413,0.10596480413242,0.102636529228734,0.100200246803939
"TBL1X","turquoise","turquoise",0.166870320243155,-0.0728103462983833,0.101590451063485,0.0687399093852601
"CLCN4","blue","blue",-0.211440721539971,0.344401629315122,0.156244704466838,0.127928408141941
"MID1","turquoise","turquoise",0.183415933316976,-0.10796290721839,0.0777789445360558,0.0344039426147794
"HCCS","grey","grey",-0.0485696752449132,0.0968186599536325,0.0581212672169962,0.0527954736136265
"ARHGAP6","turquoise","turquoise",0.346576675063859,-0.177204923932319,0.161968050660356,0.072057099336082
"MSL3","blue","blue",-0.0469311097624593,0.119763692320573,0.0949330669525948,0.0923837589479192
"FRMPD4","turquoise","turquoise",0.431621012326186,-0.221309906774776,0.208580755106615,0.123326473185334
"TMSB4X","blue","blue",-0.333680090303844,0.319584125970629,-0.0160452399595053,0.0637659984064799
"RAB9A","grey","grey",-0.00361609684074597,0.0530690412308811,0.0573706499897436,0.030601743034619
"TRAPPC2","grey","grey",-0.00135480749669425,0.0961568878971411,0.113217329785786,0.0987276237621725
"OFD1","turquoise","turquoise",0.161773316377852,-0.0544484647513909,0.116254237805939,0.0464689765287093
"GPM6B","turquoise","turquoise",0.0422486876655424,-0.0653157100361777,-0.0206823377428982,-0.0290352563603725
"MOSPD2","turquoise","turquoise",0.0699972863006977,-0.028548878418336,0.0505934394107125,0.0186550556961857
"PIR","turquoise","turquoise",0.272105861400296,-0.145883772839462,0.12135599287864,0.0513381961507819
"BMX","turquoise","turquoise",0.393266556933481,-0.255998999118497,0.127910646056505,0.0219293367948377
"CA5B","turquoise","turquoise",0.186884664055145,-0.108234517779809,0.0785084350376517,0.0472456078961973
"AP1S2","grey","grey",-0.02165010354613,0.0891380832373296,0.0687843186689754,0.0542668526441855
"SYAP1","blue","blue",-0.0902979865536433,0.203841255712236,0.120189891269221,0.105528465892751
"TXLNG","turquoise","turquoise",0.150093161299493,-0.0579373672785584,0.101756765163276,0.0723334279762463
"RBBP7","blue","blue",-0.0540678895138942,0.120831085338091,0.0763706690851334,0.0505419419680276
"REPS2","brown","brown",0.00371253086557424,0.145936358383776,0.177745241739667,0.250019582870216
"NHS","turquoise","turquoise",0.315560370086592,-0.186824567174958,0.12557706742674,0.0650898573111464
"RAI2","turquoise","turquoise",0.117588764910468,-0.0420547008708195,0.0817821367921929,0.0487183530860224
"CDKL5","turquoise","turquoise",0.133184495421363,-0.0390482877643654,0.100084422917221,0.0730176843430266
"PDHA1","blue","blue",-0.129582818905189,0.260950388551577,0.116438499997858,0.0573339111283452
"SH3KBP1","turquoise","turquoise",0.186485021931143,-0.0347703583741026,0.162471137876366,0.12408707390038
"BCLAF3","turquoise","turquoise",0.231405640637645,-0.122258877683052,0.106329050937094,0.0736671941316397
"MAP7D2","blue","blue",-0.276978103394475,0.438302612648895,0.140802055972682,0.0765330366189123
"EIF1AX","blue","blue",-0.177803119699705,0.284268117188332,0.125425628513348,0.159210806736919
"RPS6KA3","turquoise","turquoise",0.177595220855544,-0.0319777433688927,0.159020657030453,0.118136402218336
"CNKSR2","turquoise","turquoise",0.236747990213809,-0.0712209206330841,0.193376581930245,0.112841489157518
"SMPX","grey","grey",-0.00638044864472075,0.0776418891284639,0.0797242027226101,0.0633271447775225
"MBTPS2","grey","grey",-0.0177571603000576,0.0826864096181317,0.0797222104298438,0.0477552066280631
"SMS","blue","blue",-0.034241877521259,0.177730330494094,0.151104476403846,0.126936626662975
"PTCHD1-AS","turquoise","turquoise",0.3216123927706,-0.216799232629206,0.0847318167811924,0.0153395196745086
"PTCHD1","grey","grey",0.10195494437005,-0.0479219253314629,0.0676839356906809,0.0583271016876159
"ACOT9","grey","grey",0.0203021820992927,0.0723141008453601,0.105764810378667,0.0561682210764588
"SAT1","grey","grey",0.087001015260269,-0.0156030905299627,0.0754717463327232,0.0335541624162786
"APOO","blue","blue",-0.106297741259115,0.17956195739616,0.0671481360127457,0.0743863405315973
"EIF2S3","grey","grey",-0.0206887733150461,0.0789775846795872,0.0588491051756656,0.0471726082244894
"ZFX","turquoise","turquoise",0.137072640937908,-0.0634301116903881,0.0823216062469869,0.0664641461653876
"PDK3","turquoise","turquoise",0.129457971901638,-0.0406650849053938,0.0885426003348896,0.0575356660615608
"POLA1","turquoise","turquoise",0.21500913717242,-0.125750421849189,0.0840097318640085,0.0267664819540622
"IL1RAPL1","turquoise","turquoise",0.617485974432764,-0.469616505651518,0.107907702089148,0.00510748931694094
"GK","turquoise","turquoise",0.19431114624939,-0.104502873040775,0.0938684730265155,0.0452792229813903
"TAB3","grey","grey",0.0847954165565256,0.0328385221790988,0.137568134038659,0.136845418128737
"DMD","turquoise","turquoise",0.547470626129493,-0.335668826412435,0.194688070773721,0.107916435073706
"TMEM47","grey","grey",-0.0304000619875334,0.0391932186610278,0.007286648332411,0.019606143153583
"AF241726.2","turquoise","turquoise",0.202234059002713,-0.118423043160585,0.084610633673554,0.0420613914775821
"DYNLT3","blue","blue",-0.26147855052714,0.37310850734385,0.120458370221713,0.161442250651076
"TSPAN7","blue","blue",-0.303245551049359,0.42934919781238,0.105725425301189,0.0588741276899364
"MID1IP1","grey","grey",-0.0549264033334609,0.0903325927564698,0.044005642647627,0.0343871346453085
"BCOR","grey","grey",0.104414718064273,-0.0530689521874618,0.0598709257045867,0.0208492674183092
"ATP6AP2","blue","blue",-0.325048691858859,0.47633511381267,0.127008613139612,0.0507157937236092
"MED14","turquoise","turquoise",0.124551512807068,-0.0428826995398101,0.0854507372794778,0.0482305230495469
"USP9X","blue","blue",-0.139075006597693,0.282619594934883,0.156094094016415,0.090203927811598
"DDX3X","blue","blue",-0.171962463509332,0.278336973116358,0.128238663550814,0.0795579195950331
"CASK","turquoise","turquoise",0.203240675521736,-0.0589103549400824,0.157051292792695,0.0991587242221369
"MAOA","grey","grey",0.00237046195996685,0.0667373944746667,0.0669530872246788,0.0411241601406224
"MAOB","grey","grey",-0.00640337105792055,0.0177887355186279,0.016346891170625,0.00992764023905716
"FUNDC1","blue","blue",-0.145567409522414,0.244934072219157,0.103208094867173,0.0859082766162431
"KDM6A","turquoise","turquoise",0.314470730344767,-0.215123884883924,0.0929957705197318,0.0230701538186707
"KRBOX4","turquoise","turquoise",0.121538543173918,-0.061764580767532,0.059662201492013,0.038056901991452
"SLC9A7","grey","grey",0.000895460818634864,0.114126173416855,0.141449971193196,0.0927777275183468
"NDUFB11","blue","blue",-0.103943847161631,0.196255557675207,0.0785834903607596,0.0549560339514851
"RBM10","grey","grey",0.0226231858377649,0.0723791499414805,0.109322917676713,0.0636401690086878
"UBA1","blue","blue",-0.155268471094626,0.296547823720248,0.11765450437218,0.0174172566664294
"CDK16","grey","grey",-0.0214737552930406,0.0956913046194951,0.107925240688293,0.126861748416883
"USP11","blue","blue",-0.305732394089133,0.474661741727129,0.141852847800142,0.0640885616532206
"SYN1","blue","blue",-0.290872824413305,0.433171057699341,0.114991495686628,0.0233673536801187
"ZNF81","turquoise","turquoise",0.165629808726981,-0.0886656080759501,0.0848954543768465,0.0602588999231955
"PORCN","blue","blue",-0.0607806974120976,0.12235964797153,0.0624137490953969,0.0224991553064093
"EBP","blue","blue",-0.0699075533521173,0.135683049099381,0.0741805603708747,0.0648937650690227
"TBC1D25","grey","grey",0.00582388909124196,0.0652365967662505,0.0858320681226038,0.059223584729491
"RBM3","grey","grey",-0.0222038547024008,0.0991613104568248,0.0906810558802814,0.0782928377952031
"WDR13","grey","grey",-0.0486062857549497,0.11624543764025,0.0866588307294052,0.0906305994124791
"HDAC6","grey","grey",-0.017910549461335,0.120656265122098,0.114949922683712,0.0741061073927984
"PCSK1N","blue","blue",-0.42607263683893,0.521744376086966,0.0904795156393108,0.0972946931333201
"TIMM17B","grey","grey",-0.0492965099972134,0.110111642445466,0.0645310587483492,0.0398479120389961
"PQBP1","grey","grey",-0.0458451532181543,0.103827573961909,0.0564524900197355,0.0343016852034648
"SLC35A2","grey","grey",-0.0510841446482748,0.0973711228413846,0.0567938796673453,0.0303744482231239
"PIM2","grey","grey",-0.0456754761790447,0.0916053201371773,0.055154955559582,0.0391564844387168
"OTUD5","blue","blue",-0.0927543546013268,0.218612434060256,0.13485297025669,0.101724262488262
"GRIPAP1","blue","blue",-0.0271829305512221,0.160450344200582,0.148617661112672,0.128806159852923
"TFE3","grey","grey",-0.0320021482006366,0.0761353133312408,0.0545898363422755,0.0514837080846576
"PRAF2","blue","blue",-0.118625961461145,0.208930756537516,0.0846016560566315,0.0586328837695134
"WDR45","blue","blue",-0.0487224651335407,0.147021856542988,0.0965005343100305,0.061144266380261
"GPKOW","blue","blue",-0.0553647488228954,0.12064911585929,0.0642860163103908,0.0360746383095215
"SYP","blue","blue",-0.190314213485506,0.372009780201079,0.146100732653255,0.0573686216302869
"PPP1R3F","blue","blue",-0.062204089462154,0.137882565787879,0.0818479342245614,0.0742496357949501
"USP27X","blue","blue",-0.0756360029862608,0.144889012302297,0.101451105457382,0.123783792463619
"CLCN5","grey","grey",0.0188447629035191,0.0725847414583951,0.114247401731689,0.0817499245915809
"NUDT10","blue","blue",-0.0549245647422497,0.132925746373034,0.089750632203727,0.0659971345884701
"NUDT11","blue","blue",-0.0870419677505405,0.163364884842478,0.0829946424877109,0.0738888576106707
"GSPT2","blue","blue",-0.107852806276513,0.17996023108284,0.0941671762101819,0.0568521573730688
"MAGED1","blue","blue",-0.224363229407652,0.405161925004927,0.151510708661508,0.0433156405303585
"GPR173","grey","grey",0.121354053289725,-0.0286935795827009,0.115136281176897,0.0910601509993843
"TSPYL2","blue","blue",-0.187498542188629,0.344082663832778,0.140063706963092,0.0621773260533233
"KANTR","turquoise","turquoise",0.373179166257879,-0.232443306786582,0.14576630871874,0.0820597669147249
"KDM5C","grey","grey",0.0408853300717714,0.0456234432285736,0.110234879436188,0.0898279934267606
"IQSEC2","grey","grey",0.0894186542699324,0.0109850945561696,0.121111056268511,0.0897781458344919
"SMC1A","grey","grey",-0.0127052345092535,0.0663674854947961,0.0605437252150517,0.0271604132151443
"HSD17B10","blue","blue",-0.0814115761560399,0.173211875438534,0.0850269323271926,0.0436351776126327
"HUWE1","blue","blue",-0.101549826465266,0.271123044212172,0.195205989325447,0.17633521210519
"PHF8","turquoise","turquoise",0.159791772467028,-0.0749715387032565,0.0926994320205454,0.046084150184694
"FAM120C","turquoise","turquoise",0.108203675989871,-0.0468996622213815,0.071412361899544,0.0525179009681373
"WNK3","grey","grey",0.0015050694056876,0.10834876532369,0.131360298532391,0.133453669011501
"TSR2","blue","blue",-0.0955351975975269,0.19554287962359,0.104795159049593,0.102388008858189
"MAGED2","blue","blue",-0.210328430907394,0.356961975451548,0.130352417952734,0.0417808716985435
"TRO","grey","grey",0.0345398623102338,0.0499383945482068,0.100728201062882,0.0345694381511052
"MAGEH1","blue","blue",-0.148782313541926,0.253923927434365,0.106099438340961,0.0746399441958899
"RRAGB","blue","blue",0.00735186958773008,0.140342991098525,0.148132671846301,0.0790294643635609
"UBQLN2","blue","blue",-0.221060983678898,0.32744312502212,0.107331459658302,0.0545922088034908
"NBDY","grey","grey",0.0763226193058243,0.0568866358081972,0.128927809754216,0.0824954792447576
"SPIN3","turquoise","turquoise",0.13043764885497,-0.0388392904297746,0.0971551359773727,0.0737016752499008
"FAAH2","turquoise","turquoise",0.345472719287711,-0.205954670809219,0.140272845554528,0.0637241070072467
"ARHGEF9","grey","grey",0.0461897343022278,0.0939078200437216,0.170539228766647,0.170468683315816
"ZC4H2","turquoise","turquoise",0.212526956477328,-0.0751408407516372,0.131358505580869,0.0668120026554224
"ZC3H12B","turquoise","turquoise",0.275225086283791,-0.151344813725361,0.128676236995827,0.0714027360629281
"LAS1L","grey","grey",0.0521562799845775,0.0114277610304455,0.0695907977959536,0.0394080227063878
"AR","grey","grey",0.0751607745760195,0.0155547467862795,0.115547097999162,0.0887694613182558
"OPHN1","turquoise","turquoise",0.36714176523394,-0.193378955023853,0.165415154946282,0.0789582507853891
"YIPF6","blue","blue",-0.078588581393915,0.175982940944226,0.111903810459697,0.114985569483457
"PJA1","blue","blue",-0.12599921373476,0.218389183560398,0.100179750722287,0.0594893039194547
"EDA","turquoise","turquoise",0.295945949621205,-0.176778449072307,0.117587527716219,0.0521331800276419
"IGBP1","blue","blue",-0.0705431960320978,0.183503132166525,0.114879423905795,0.0685816361436875
"PDZD11","blue","blue",-0.0946680321367361,0.186718237079543,0.0885813540410637,0.0631499268940205
"DLG3","blue","blue",-0.0491632182020278,0.142465292386617,0.112516708682826,0.0843115864583348
"SNX12","blue","blue",-0.0858279540485545,0.17162526570687,0.104598801994807,0.120303607937599
"ZMYM3","grey","grey",-0.0322539080227023,0.0930135352701811,0.0807738211926122,0.0463891993151925
"NONO","blue","blue",-0.115547783119855,0.218600577618307,0.109786114318244,0.0489246105591153
"TAF1","grey","grey",0.142868098061916,-0.0262034888382542,0.134009287861309,0.0764027543121305
"OGT","grey","grey",0.0783379651766015,0.0409505676059381,0.130193365044719,0.0631566200734643
"NHSL2","grey","grey",0.0509829051226867,0.0657527796877853,0.143867531752368,0.125979917052698
"PIN4","grey","grey",0.0592960333095152,0.0238040334779378,0.0795020948404136,0.048363580343462
"RPS4X","blue","blue",-0.125268772985352,0.172799036304401,0.0476297849415579,0.0279910705921184
"HDAC8","turquoise","turquoise",0.447365852277119,-0.267070001670014,0.160267730518596,0.0518037473712193
"PHKA1","turquoise","turquoise",0.137835862594194,-0.0557854546912184,0.082631914989832,0.0301187277912503
"NAP1L2","blue","blue",-0.302046293479181,0.399410195020999,0.111401889622631,0.0641399133393828
"CHIC1","grey","grey",0.0885566963957713,0.0163831420496651,0.131442215097264,0.151371275853007
"XIST","turquoise","turquoise",0.242688018095513,-0.175516527915476,0.0605768210333712,0.0136867197178568
"JPX","turquoise","turquoise",0.337131139383098,-0.205837431580532,0.116469278873209,0.0317520344881697
"FTX","turquoise","turquoise",0.724005029044315,-0.547221636367983,0.141437207132897,0.0200509190315549
"SLC16A2","grey","grey",0.0621999722573831,0.0266412937050671,0.0979407297371605,0.0463795082847174
"RLIM","blue","blue",-0.171847408253883,0.280614965754491,0.140674993728292,0.16582373003715
"NEXMIF","grey","grey",0.183267789946349,-0.0329920916819561,0.186866291099752,0.150022453812941
"ABCB7","turquoise","turquoise",0.130650051084754,-0.0557912716096524,0.0742343802742971,0.0325823592539817
"UPRT","grey","grey",0.0395771163331121,0.0452697876394083,0.100650239959505,0.0720209184698807
"ZDHHC15","grey","grey",0.0909665338721578,-0.0222559163006407,0.0735764462686352,0.038530508504212
"PBDC1","blue","blue",-0.0611165252940074,0.113831871784335,0.0565129454541904,0.0269718591343115
"MAGEE1","blue","blue",-0.218207258991529,0.325667211958684,0.109513630983047,0.0420672578740153
"AC233296.1","turquoise","turquoise",0.509254943257702,-0.322563298206326,0.160684479441636,0.0609586619811558
"ATRX","blue","blue",-0.0485650217955666,0.221940562751427,0.192868000884619,0.134496580764898
"MAGT1","grey","grey",0.0712940791436201,-0.01548550124975,0.0676841176178474,0.049571274018747
"COX7B","blue","blue",-0.151226117142301,0.239054148073047,0.0769973701295102,0.0730833969518301
"PGK1","blue","blue",-0.350100171277408,0.501799276218933,0.116111565477764,0.0446341978573817
"BRWD3","turquoise","turquoise",0.255804083117416,-0.14303907122953,0.115753504569428,0.0725762147926109
"SH3BGRL","blue","blue",0.0182700241924681,0.153685064437254,0.170167199729318,0.108788491139446
"RPS6KA6","grey","grey",0.144826223333074,-0.0478688403958407,0.120467144022986,0.091624181126963
"HDX","turquoise","turquoise",0.21541097548892,-0.0997151488243417,0.112765732989981,0.0521963163718276
"APOOL","grey","grey",-0.00358239944580011,0.118108493878902,0.143718721910737,0.146331223105071
"ZNF711","grey","grey",0.011414739322835,0.0390618763434111,0.0614260486618978,0.0462573236124794
"CHM","grey","grey",0.0894121247022755,0.0600687220365924,0.164734314617467,0.0944671363471966
"DACH2","grey","grey",0.00389530655102447,0.0691776838219028,0.0721453357892228,0.0649413648439036
"NAP1L3","blue","blue",-0.300531860903885,0.433116777177831,0.124252310204541,0.0650633046843953
"FAM133A","grey","grey",0.0193496230243387,0.0529780749099225,0.0725429330547264,0.043471315371863
"DIAPH2","turquoise","turquoise",0.264382120919445,-0.148886393539948,0.100597835872659,0.0463787382365306
"SRPX2","grey","grey",0.0664473634890986,0.0237332969598517,0.0981120061759221,0.0534126438108582
"TMEM35A","blue","blue",-0.268038522397614,0.394282525307161,0.139269249087362,0.104291558503622
"DRP2","grey","grey",0.0821780201614191,0.0253485967419786,0.128546833251109,0.090384811381804
"TIMM8A","grey","grey",-0.0422534677690548,0.102174767526173,0.0634573452485002,0.0544136720968693
"GLA","blue","blue",-0.0765750351914636,0.137759864176638,0.0609917388571588,0.0229459322359816
"HNRNPH2","blue","blue",-0.204939948047399,0.322697573391531,0.114059441670168,0.0568642887080051
"ARMCX4","turquoise","turquoise",0.23488510139758,-0.134504943778061,0.111564580989927,0.0807862823687661
"ARMCX1","blue","blue",-0.0937907264685047,0.167900859245655,0.0914300548495768,0.0664038639843405
"ARMCX3","blue","blue",-0.166381215946767,0.270904069699435,0.121910031914213,0.147687254953805
"ARMCX2","blue","blue",-0.131880360652781,0.245714390384241,0.125252554955343,0.0727786653098286
"ZMAT1","turquoise","turquoise",0.184164527300333,-0.107055849672453,0.0721026733004871,0.0346562036388288
"TCEAL2","blue","blue",-0.251029001558204,0.397637087625165,0.138868451502482,0.100694140550922
"TCEAL6","blue","blue",-0.178850177830637,0.285103189047224,0.102695527274083,0.0602125731097387
"BEX5","blue","blue",-0.180641987179078,0.289932465388879,0.095861224321895,0.0786686993775316
"ARMCX5","grey","grey",-0.00959007530001182,0.0859823896126314,0.0857317976077895,0.0472838598964576
"GPRASP1","blue","blue",-0.141304519185064,0.263462983482724,0.148526472983195,0.100695858942076
"GPRASP2","blue","blue",-0.155042430981026,0.248914664141012,0.114191691346543,0.0742853651937794
"BHLHB9","grey","grey",0.121639985164172,-0.00774463514626997,0.128225968089346,0.0885286628966448
"LINC00630","turquoise","turquoise",0.326007589091475,-0.19580793936921,0.12653142037842,0.044192130699001
"BEX1","blue","blue",-0.435923981788286,0.527443476317046,0.072602973504702,0.0870188029981151
"BEX4","blue","blue",-0.313126295695169,0.44190136810293,0.126922146160126,0.146082092822855
"TCEAL8","blue","blue",-0.0834471857451869,0.168381758302776,0.0912433104136531,0.0848263282723814
"TCEAL5","blue","blue",-0.101957090825402,0.191443143760747,0.0933790398468422,0.0620917462560184
"BEX2","blue","blue",-0.237506869865933,0.367703555839207,0.121354772416052,0.11660731365562
"TCEAL7","blue","blue",-0.175893421997907,0.290645713289014,0.111638866060663,0.103376497970735
"TCEAL9","grey","grey",-0.0533382281323423,0.102648295786504,0.0513187065080444,0.0406355336346203
"BEX3","blue","blue",-0.336388215588858,0.435152834229778,0.0876250242943623,0.114956103074365
"TCEAL4","blue","blue",-0.203471377679455,0.338835451970698,0.126930901839867,0.0781122350344474
"TCEAL3","blue","blue",-0.16891424181579,0.277129837061239,0.107030841071589,0.0777720955562636
"TCEAL1","blue","blue",-0.0598596177109209,0.137210685109412,0.0828434477483616,0.0715909261758721
"MORF4L2","blue","blue",-0.220859974887948,0.380173826763456,0.158417135141194,0.124617509305488
"PLP1","grey","grey",-0.112167049579467,-0.0943321630714596,-0.212644632284572,-0.124293157850929
"RAB9B","grey","grey",-0.0423566276586512,0.126819500363922,0.0998819332154159,0.0800809229610637
"SLC25A53","grey","grey",0.12017129680413,-0.0389210689947982,0.101882745340069,0.084195169296004
"FAM199X","blue","blue",-0.0615441598833819,0.161643716589781,0.12992599744071,0.156338279885314
"IL1RAPL2","turquoise","turquoise",0.467402657321817,-0.317660031445741,0.138782393400372,0.054571637870813
"CXorf57","grey","grey",-0.0311282334828436,0.0937334279381117,0.0660493389595922,0.034583506386724
"RNF128","grey","grey",-0.0192454486017772,0.0791966669235041,0.0707463030702765,0.0190158600631418
"RBM41","turquoise","turquoise",0.184057615105668,-0.0855533637563435,0.10583253374945,0.0646917893894727
"PRPS1","blue","blue",-0.269634197855443,0.415785397140803,0.133186604084094,0.093767231493154
"TSC22D3","blue","blue",-0.091190085416818,0.180286922577025,0.0949598451282649,0.0849200598889888
"MID2","turquoise","turquoise",0.168779260276458,-0.0782869427001444,0.0959719877953984,0.0504772035899256
"PSMD10","blue","blue",-0.125097648638959,0.228568946066816,0.107789640673156,0.091134563447392
"ATG4A","grey","grey",0.103697680068292,-0.028057202530159,0.0854094836339626,0.0396004031434473
"COL4A5","turquoise","turquoise",0.348737296101429,-0.238521152126795,0.0876945190475539,0.00832665685405228
"ACSL4","blue","blue",-0.185344673356982,0.34291117695933,0.154153063922001,0.0674906712914177
"TMEM164","turquoise","turquoise",0.234436789891512,-0.123845493671883,0.119584118044331,0.0671914624387315
"AMMECR1","turquoise","turquoise",0.462690164185385,-0.283873151471828,0.17546832320008,0.0861236242185685
"RTL9","grey","grey",-0.0370081206434943,0.0868223459246035,0.0693698643088739,0.0366494603718823
"PAK3","turquoise","turquoise",0.214206349799768,-0.0259268727596125,0.218520343549781,0.191686092123851
"DCX","turquoise","turquoise",0.26993293351783,-0.162841439836687,0.120725449896911,0.0913509260907735
"ALG13","turquoise","turquoise",0.177176756433962,-0.102806164187625,0.070128208123476,0.0286977548918665
"TRPC5","turquoise","turquoise",0.238157552966549,-0.112971437238076,0.129818953038827,0.0800329658033762
"LRCH2","grey","grey",0.0973950138071616,0.00556455168870355,0.123660643915077,0.0791765416285646
"PLS3","blue","blue",-0.0755944362355726,0.197068701133699,0.12163114102268,0.0439944009496311
"DANT2","turquoise","turquoise",0.517561160156321,-0.342268163962637,0.153539311298598,0.0419125244850712
"KLHL13","grey","grey",-0.0135216883158273,0.210814378858616,0.201932716658962,0.128472236013776
"WDR44","turquoise","turquoise",0.146115272657287,-0.0268826210356207,0.123126696482941,0.0600767502762098
"DOCK11","turquoise","turquoise",0.261458331536826,-0.117249084279115,0.150653615135305,0.0791382556405273
"IL13RA1","grey","grey",0.00450632558214004,0.01117736768899,0.0212673439519001,0.0108799760404826
"ZCCHC12","blue","blue",-0.119459765993942,0.190350596836883,0.0641665891116664,0.0422164605167102
"PGRMC1","blue","blue",-0.502235244327814,0.588626129280641,0.0730451590398249,0.0409962693822914
"SLC25A5","blue","blue",-0.166941852205857,0.302934986138466,0.121397725756269,0.0702675136076173
"CXorf56","grey","grey",-0.03768435051203,0.10064902363349,0.0676119687658913,0.0699700447756943
"UBE2A","blue","blue",-0.0881857086564062,0.161285333087307,0.0689055141209571,0.0579903810806135
"NKRF","blue","blue",-0.115782382268059,0.224646830087828,0.135233895963676,0.0981986487246767
"SEPT6","grey","grey",0.026615167439041,0.135141653136288,0.171021279928836,0.101587885989494
"UPF3B","grey","grey",-0.0127721934208129,0.112261261163623,0.110190817652061,0.0456736080399992
"NDUFA1","blue","blue",-0.139680049862858,0.227332352275545,0.0783281115348251,0.0628624546977361
"NKAP","blue","blue",-0.0362354545501983,0.0946707335710518,0.0684136913979244,0.0520304775400852
"ZBTB33","grey","grey",-0.0666567990474747,0.115406595419026,0.0563268378186755,0.0410664944106822
"TMEM255A","blue","blue",-0.249350001541957,0.372886250869613,0.143082781667275,0.120511993767834
"LAMP2","grey","grey",-0.0444897472126499,0.0993544930934128,0.0569268392898017,-0.0100597556593397
"CUL4B","blue","blue",-0.124914388225985,0.239036828770232,0.124135936302203,0.083333082605485
"MCTS1","blue","blue",-0.032085713444683,0.139645352534271,0.108312036461647,0.072686527946937
"C1GALT1C1","blue","blue",-0.0923292893524241,0.164684808226412,0.0667723636878554,0.0195093623066064
"GRIA3","turquoise","turquoise",0.345219304203452,-0.157716148535322,0.210945117590392,0.158827969210285
"THOC2","grey","grey",0.142864985854975,-0.0283595613225452,0.133235234366936,0.0673155367962442
"XIAP","brown","brown",-0.00242796412869378,0.0921505822784306,0.129629469371276,0.241485538841359
"STAG2","turquoise","turquoise",0.158912550576541,-0.0893582792502387,0.0733682670848186,0.0265900578231665
"TENM1","grey","grey",0.105376213198674,0.0523208217164676,0.187805586032938,0.101222690127048
"SMARCA1","blue","blue",-0.15756565420897,0.287257759616281,0.139638802657483,0.0379417314133372
"OCRL","blue","blue",-0.136675512459335,0.253449224551953,0.134894806629713,0.133723062067415
"ZDHHC9","grey","grey",0.0136693645707451,0.0409974421065193,0.061360108158792,0.0410131538573594
"AIFM1","grey","grey",-0.00533385315757785,0.107097678469657,0.1044773657948,0.0676293804093275
"RAB33A","blue","blue",-0.0482903822008598,0.119995666003789,0.0705664789489352,0.0446064287964987
"SLC25A14","grey","grey",-0.0356892011961388,0.0912986688964411,0.0622523183993049,0.0387213054782649
"RBMX2","grey","grey",0.0532467681049169,9.58553475538317e-05,0.0559796095356829,0.0280586200583922
"ENOX2","turquoise","turquoise",0.156914769144827,-0.0629124827018255,0.0892794858938,0.0444070932021065
"HS6ST2","grey","grey",0.11545021579819,0.0120524076397742,0.135741230089715,0.074916953720795
"GPC4","grey","grey",-0.00440135815755427,0.0912618413281656,0.107728300479527,0.0638083283157206
"PHF6","grey","grey",0.0135358443434357,0.0767835398910275,0.111575498825871,0.0778159471526475
"HPRT1","blue","blue",-0.101078813159498,0.279759946639074,0.169240257969237,0.111396056181354
"FAM122B","grey","grey",-0.03393307959171,0.112567775715663,0.0896518217805031,0.0964280758342204
"SMIM10","grey","grey",-0.0511996059495279,0.105452668319207,0.0625803301651489,0.068871875943433
"RTL8C","blue","blue",-0.288715098295477,0.395750650370219,0.111482669790237,0.114683151737633
"RTL8A","blue","blue",-0.0782015473012839,0.160752472697854,0.0749760788627972,0.0478883180241991
"SMIM10L2B","blue","blue",-0.144630969146541,0.240845764062681,0.129033815382549,0.172830525362345
"SMIM10L2A","blue","blue",-0.112309490260268,0.201093405772111,0.123413965023167,0.163324803503294
"INTS6L","turquoise","turquoise",0.277459318960855,-0.176716516826939,0.0953907975881734,0.0366864796957256
"MMGT1","blue","blue",-0.0810468623336078,0.156527111146181,0.0848217167345671,0.087651389077224
"SLC9A6","blue","blue",-0.292963488378994,0.408626768522659,0.119647377564951,0.0532655373269481
"FHL1","blue","blue",-0.15133787263237,0.286858806847182,0.14292765398147,0.115119030556997
"HTATSF1","blue","blue",-0.194749866019909,0.309169287352658,0.11423830371058,0.0622698683182309
"ARHGEF6","grey","grey",0.0590339708606484,0.0164160252976096,0.0824251321621038,0.0544593679885141
"RBMX","grey","grey",0.0872996184351612,0.00465380157888669,0.0965613071023564,0.0411145666636637
"FGF13","blue","blue",-0.0828632425949979,0.228935532374891,0.165668871454137,0.16486080663301
"MCF2","blue","blue",-0.0195483121058258,0.143410548084905,0.141894717725184,0.115118650452566
"ATP11C","turquoise","turquoise",0.227406619153289,-0.0988706706608205,0.136976653857398,0.0823360656986433
"LINC00632","turquoise","turquoise",0.458751451290591,-0.280038100419132,0.175851492276716,0.0984463779027887
"AL078639.1","grey","grey",-0.0231429724404484,0.0277910593057661,0.0275628879729718,0.0786182363308818
"LDOC1","blue","blue",-0.134979943491649,0.235946337538205,0.0908534741605042,0.0626076464764619
"SLITRK4","blue","blue",-0.157049147581842,0.229424357583376,0.129010715076678,0.108616112663422
"FMR1","grey","grey",-0.0075084569605667,0.0632580153309646,0.0774502243606619,0.0943675757876387
"AFF2","grey","grey",0.137155998443552,-0.00550151516123411,0.131406307093382,0.077471471278528
"IDS","blue","blue",-0.290258767045576,0.350839450993096,0.117929333422478,0.251656255493212
"TMEM185A","grey","grey",0.0295770040063313,0.0443159268480446,0.0857495690348817,0.0568796195733886
"LINC00894","turquoise","turquoise",0.501594645059344,-0.329980004333057,0.159535163589964,0.0448759196269062
"MTM1","turquoise","turquoise",0.231277799485807,-0.127523322035135,0.102723807315548,0.0447656117534421
"MTMR1","grey","grey",0.120159017364856,-0.01508728311967,0.113768839996106,0.0629055931253703
"CD99L2","blue","blue",-0.12703199113501,0.300163466302998,0.169650142209107,0.103541458490985
"VMA21","blue","blue",-0.101740572846507,0.186569283486889,0.114195237044921,0.174180260726409
"PRRG3","grey","grey",0.0157208031454147,0.055738604978727,0.0930356106350639,0.0793918557444189
"GABRA3","grey","grey",0.0137541155481732,0.0973978801560023,0.128933211311546,0.0695319298028255
"CETN2","blue","blue",-0.104170385236661,0.214806334976486,0.109603887891159,0.0865244023620266
"NSDHL","grey","grey",-0.0433182653029596,0.100773096678827,0.0723378810993925,0.0467195767281894
"PNMA3","blue","blue",-0.145091214902653,0.244785937161027,0.109703197832565,0.0739396738660487
"PNMA6A","blue","blue",-0.131631719670713,0.232309967275912,0.0975574585380777,0.0662777748268457
"PNMA6F","blue","blue",-0.0899963468853135,0.165415984646437,0.0763495222745952,0.0539291722982965
"ATP2B3","blue","blue",-0.153231063339911,0.264607795819499,0.129996159233391,0.0612595443491361
"CCNQ","blue","blue",-0.0710163385336773,0.154326476923479,0.0934527996716412,0.0912257957841898
"PNCK","grey","grey",-0.0146317704845762,0.0941648245355872,0.089902711855004,0.0740454685617361
"SLC6A8","grey","grey",-0.00736603873065592,0.0823583409722556,0.104758435173775,0.112516611875927
"BCAP31","blue","blue",-0.243886523549147,0.350782368870202,0.112857873115347,0.0912702022168187
"IDH3G","blue","blue",-0.139098151101502,0.247433026953134,0.0934992437615236,0.0395092102483854
"SSR4","blue","blue",-0.114754985296099,0.184642915835789,0.0621554036037775,0.019447471641637
"PDZD4","grey","grey",0.0250858268730492,0.0470291948067426,0.0955831484515608,0.100264110090983
"L1CAM","blue","blue",-0.230932985999576,0.351390231002477,0.12920337616657,0.0581413214662395
"HCFC1","grey","grey",-0.0383569353556082,0.0766257902434939,0.0600795919248752,0.0613522566619453
"IRAK1","grey","grey",-0.02358365443258,0.0747463625711559,0.0731463457995963,0.0846777105847574
"MECP2","grey","grey",0.0591168036925337,0.0435003618722941,0.137752180539004,0.154999290550911
"EMD","blue","blue",-0.0772709308599115,0.171469726994773,0.101081994471262,0.070876863517961
"RPL10","blue","blue",-0.0927212116032983,0.153259140986036,0.0542820892824488,0.0266595239714073
"TAZ","turquoise","turquoise",0.168422278680257,-0.0851772577877782,0.0928250259190312,0.0436456153022972
"ATP6AP1","blue","blue",-0.299898345124635,0.442976586199297,0.118094995386256,0.0328655099912379
"GDI1","blue","blue",-0.22669311153695,0.334277331265327,0.0972648483698867,0.0503974368043442
"FAM50A","blue","blue",-0.058141848832915,0.151434612102616,0.0923597252369372,0.0349671791754971
"PLXNA3","grey","grey",-0.00996861915867035,0.0797702028367923,0.0946016331575158,0.0336631101924474
"LAGE3","blue","blue",-0.0720381725964306,0.129493420515407,0.0524871180133814,0.04530174869239
"UBL4A","blue","blue",-0.0703556118635938,0.128226555398053,0.0687236221119991,0.0779402054073187
"FAM3A","grey","grey",-0.034170246119022,0.111037068457696,0.0975468229966218,0.0907853859438989
"G6PD","blue","blue",-0.0779649858070663,0.147475447734085,0.073551155931415,0.0519413794334221
"IKBKG","grey","grey",-0.0272232965154217,0.0732116923249494,0.0517700243076118,0.0401895668306092
"DKC1","blue","blue",-0.0538083558806606,0.124671125052597,0.0895889181601752,0.0787495379707031
"MPP1","blue","blue",-0.109355227317349,0.198000703132499,0.085462999093207,0.0383792259695126
"F8","grey","grey",0.0101124211584241,0.0463801175779849,0.0651126452560706,0.0588870530723483
"F8A1","blue","blue",-0.0707539299184536,0.119241904656886,0.0558671261268825,0.0398001578094191
"FUNDC2","blue","blue",-0.0812768283126598,0.155233280683241,0.075862078541113,0.0627666905222221
"BRCC3","grey","grey",0.0321032790872497,0.0647599117786255,0.108815156793897,0.0809363706360993
"VBP1","blue","blue",-0.182797006467789,0.30375258790329,0.126411594337643,0.128826946672066
"RAB39B","blue","blue",-0.107388488065586,0.188922062848192,0.103187065975267,0.11708652038873
"TMLHE","grey","grey",0.0981010509359855,-0.0220620345579388,0.0730366897743318,0.0217979045351991
"VAMP7","blue","blue",-0.038894294974367,0.137407467034049,0.113059635521177,0.092434253664817
"FBXO25","grey","grey",0.0989411916021172,-0.00733826271764856,0.103854758407343,0.0760246384918407
"TDRP","turquoise","turquoise",0.163961540090744,-0.0614804345050061,0.114421571685798,0.0793049731081661
"ERICH1","grey","grey",0.113610433767358,-0.00456057529489335,0.111336197142212,0.0455551784701027
"DLGAP2","turquoise","turquoise",0.472499440638959,-0.307983143135383,0.162489393283409,0.0604662409327241
"KBTBD11","grey","grey",-0.0356088120919566,0.0877141289614639,0.0780672796511956,0.0913210235906184
"CSMD1","turquoise","turquoise",0.7103499026992,-0.528846561491894,0.147535087748813,0.0203288744750729
"MCPH1","turquoise","turquoise",0.305779370814516,-0.153896016719755,0.152568236947267,0.0825734440907197
"AGPAT5","grey","grey",0.0207160995936439,0.0827687236303135,0.128086337230877,0.105187989509481
"FAM85B","turquoise","turquoise",0.491790511285286,-0.328472156495476,0.159926434231457,0.0563367342162863
"MFHAS1","turquoise","turquoise",0.138692936161689,-0.0529548906193043,0.100777940787364,0.0847237861143098
"TNKS","turquoise","turquoise",0.253402948916931,-0.0803679117240813,0.185540213692332,0.0947167731754172
"LINC00599","turquoise","turquoise",0.496521561124744,-0.328496706988623,0.177030065094868,0.0498100092580329
"MSRA","turquoise","turquoise",0.397415729449534,-0.208221133720123,0.164994291343893,0.0498827026818813
"XKR6","turquoise","turquoise",0.570881215976583,-0.395432261296037,0.165430140194353,0.0478829961739878
"MTMR9","blue","blue",-0.0907300219616937,0.222519119955953,0.151127999477624,0.150562071464989
"NEIL2","blue","blue",-0.0568786954707429,0.144170764811536,0.106588628467061,0.130830661991033
"FDFT1","blue","blue",-0.116178362842897,0.262765479275941,0.147865880406582,0.057838603934058
"CTSB","blue","blue",-0.287887145932691,0.394597612976618,0.097224070959484,0.0329687132257798
"FAM66D","turquoise","turquoise",0.397683769862423,-0.259741705037266,0.120888812073249,0.0406832206657869
"LONRF1","grey","grey",0.0404187099633939,0.0286174356723716,0.0856792180510289,0.0692061262499283
"TRMT9B","turquoise","turquoise",0.245489853910049,-0.142230008687913,0.111334911323579,0.0717618772039698
"DLC1","turquoise","turquoise",0.354163473096267,-0.188536860895706,0.16328811724746,0.0827682373988075
"SGCZ","turquoise","turquoise",0.461399629697365,-0.320333331545796,0.091956461688875,0.00475080744421913
"TUSC3","grey","grey",0.0315258564377533,0.111401322168451,0.13312293910781,0.0562278094126942
"MICU3","blue","blue",0.00423138000730422,0.1584552409826,0.176152622080001,0.125860345958733
"ZDHHC2","grey","grey",0.074630762639967,-0.000701422258576352,0.112075515418329,0.110391071695815
"CNOT7","grey","grey",-0.053734605769241,0.129344569624207,0.0975330312776176,0.130376520360817
"VPS37A","grey","grey",0.0840761215213756,0.0157322257230469,0.1055765632321,0.0624462770329789
"MTMR7","turquoise","turquoise",0.222720431214434,-0.0503179464918291,0.161294137800626,0.0843744691365602
"MTUS1","turquoise","turquoise",0.0842672162291138,-0.0251097211234825,0.0654675072307229,0.049487208326299
"PCM1","turquoise","turquoise",0.146375611731403,-0.0129164611187664,0.15121316679794,0.108030137744023
"ASAH1","blue","blue",-0.255362060960377,0.386130450652674,0.122409888188106,0.0453291965993524
"PSD3","turquoise","turquoise",0.182388170996292,0.0318035811566576,0.256607955648636,0.296127823837064
"CSGALNACT1","turquoise","turquoise",0.290470355975932,-0.147044480549689,0.144676425650617,0.083542265311128
"INTS10","turquoise","turquoise",0.197944772665783,-0.0780326300995299,0.122555837584271,0.0604130681974357
"SLC18A1","grey","grey",0.0161226636339453,0.0448174492551427,0.0661994509231918,0.0278941376188361
"ATP6V1B2","blue","blue",-0.596546960744556,0.637820003958983,0.0301376844669597,0.0496679002949781
"XPO7","turquoise","turquoise",0.141210563911077,-0.0414493312839977,0.112146970600645,0.0853941354578498
"NPM2","blue","blue",-0.00292061706864806,0.122549791617884,0.138640110671012,0.116684757147584
"DMTN","blue","blue",-0.131978347217114,0.272001745840913,0.166473042636332,0.167022348922055
"FAM160B2","grey","grey",0.0268155335178022,0.0487704387885756,0.0889671928554712,0.0605710577116283
"HR","grey","grey",-0.0279925484668508,0.0882522554047674,0.0733513859746783,0.055507883358226
"LGI3","blue","blue",-0.126306727299103,0.224952555670417,0.0994936245218935,0.0461452985305598
"PHYHIP","blue","blue",-0.119404738445048,0.219170788364713,0.118488595726284,0.0873220910323445
"POLR3D","grey","grey",-0.0354384787898044,0.10019437341039,0.0746384805625493,0.0532505319548713
"SLC39A14","grey","grey",0.0368795555658675,0.0440905045470058,0.113908905212809,0.0646316379093764
"PPP3CC","turquoise","turquoise",0.250809361554486,-0.0893644472776076,0.156085046182348,0.0855456770152271
"SORBS3","grey","grey",0.0423524686850241,0.0125016419639476,0.0663918181034907,0.0315270278141734
"CCAR2","blue","blue",-0.0663696371636386,0.136983116832748,0.0737977580022682,0.0471273764188064
"BIN3","turquoise","turquoise",0.1654732329936,-0.0768510767645158,0.0961659694727851,0.0466663964637939
"RHOBTB2","grey","grey",0.0186942302059708,0.031506454448042,0.0644551330598977,0.0666540557886693
"CHMP7","blue","blue",-0.070393119025199,0.143457211388952,0.0850722943851453,0.0576007659279586
"R3HCC1","blue","blue",-0.0749888140807459,0.142754721582853,0.0759969464767421,0.0637061051067851
"ENTPD4","blue","blue",-0.0852448249094965,0.181076932023682,0.131270384759288,0.146466703435233
"SLC25A37","turquoise","turquoise",0.172337191154494,-0.0832802400256162,0.0958345857430236,0.0664975240106406
"AC120193.1","turquoise","turquoise",0.543597092511937,-0.356443715230133,0.17940545816979,0.0686804455619717
"NEFM","blue","blue",-0.671555853680738,0.647041110704285,-0.0300997569055998,0.013292322219152
"NEFL","blue","blue",-0.671968656330308,0.677009040417165,-0.0219250679352859,0.030201345124269
"DOCK5","turquoise","turquoise",0.170281625357302,-0.128875412809707,0.0108065548877023,-0.0278002098179401
"KCTD9","grey","grey",-0.00405212650705676,0.0621766928625347,0.0758008986571419,0.101635376439346
"PPP2R2A","grey","grey",0.0016767026834309,0.144922942961475,0.158395072098234,0.0924111085867864
"BNIP3L","blue","blue",0.0343109773752726,0.131337221967814,0.180296039661168,0.135865317175479
"PNMA2","blue","blue",-0.242702235333992,0.372427321361349,0.153544540386794,0.181699404009585
"DPYSL2","blue","blue",-0.170969094727782,0.322283015333218,0.160166579814493,0.153815908568017
"STMN4","grey","grey",-0.0761103891095558,0.132946077779163,0.0558963163711121,0.0275923246548702
"EPHX2","grey","grey",-0.0121386178006904,0.153339082943276,0.15296336479614,0.115418236622393
"CLU","blue","blue",-0.391472010024484,0.43276187090191,0.00294086532505121,-0.0483646383571806
"CCDC25","blue","blue",-0.0612577681378072,0.163451990884081,0.110077261382216,0.125646685528956
"ELP3","grey","grey",0.0559914798183997,0.0254970570496725,0.0937994889684391,0.0537255795298089
"FBXO16","turquoise","turquoise",0.294872285681878,-0.161900857846763,0.138062873858738,0.0693698771726765
"FZD3","grey","grey",0.0739025741970873,0.0231630243456407,0.139452463171061,0.135933459048087
"EXTL3","grey","grey",0.0231915136639383,0.0750330545274157,0.129376173984937,0.0845852402703781
"INTS9","turquoise","turquoise",0.228348055123547,-0.129705843780058,0.0952362773764147,0.0372258685074791
"HMBOX1","brown","brown",0.0895215087063819,0.0554255865042045,0.187402176469827,0.281027051800212
"KIF13B","turquoise","turquoise",0.211619153156142,-0.13474462450246,0.0670825724860439,0.0194486333144159
"SARAF","blue","blue",-0.544400986316928,0.620165510305791,0.051938729568824,0.0372338576372671
"LEPROTL1","blue","blue",-0.0257186115317447,0.116701978378128,0.100925859941963,0.0782712865404452
"DCTN6","blue","blue",-0.0986023126362308,0.185007319979209,0.0866079335850434,0.069304708821842
"GTF2E2","grey","grey",0.117465006996801,-0.0118248080481326,0.111822274645126,0.0495720932831079
"SMIM18","grey","grey",-0.0450799983760452,0.0924939239683509,0.046808136631114,0.0343401832551066
"GSR","grey","grey",0.0294669764560791,0.0645600057573322,0.120732919106646,0.0968399391588321
"UBXN8","blue","blue",-0.0743536687378191,0.146496576276662,0.082558902234136,0.0524926031341955
"PPP2CB","blue","blue",-0.122720436346165,0.255474793970804,0.153288914819637,0.162143000260745
"PURG","turquoise","turquoise",0.184030053716473,-0.0633445815287968,0.146438669719449,0.155819539221753
"WRN","turquoise","turquoise",0.305804130410825,-0.173322741973282,0.129631918797021,0.0609204631972476
"NRG1","turquoise","turquoise",0.517330089267125,-0.329884917712835,0.174501545491114,0.06990950832271
"MAK16","grey","grey",-0.0292336614621892,0.0769176728622076,0.0624842507836274,0.0627632969840075
"DUSP26","blue","blue",-0.140522062661743,0.256270577029597,0.131399775362237,0.152968257518861
"UNC5D","grey","grey",0.111810549021486,-0.0173222586110023,0.101530901965432,0.0629327548605342
"ZNF703","blue","blue",-0.0634093580997663,0.11446272661945,0.0760083072356056,0.0799391283107385
"PLPBP","blue","blue",-0.0402880164626985,0.139459392086456,0.1109743202206,0.0953129618868959
"BRF2","grey","grey",-0.0404225287251431,0.0687635629005627,0.0337740674323671,0.0210799408404585
"ASH2L","grey","grey",-0.00442358826792943,0.0982500581304635,0.109149883207309,0.0649018367509647
"LSM1","blue","blue",-0.0449759253645746,0.143085821816083,0.0937879027643253,0.0569243784645465
"BAG4","blue","blue",-0.0642897183783355,0.175729107000156,0.142693623744438,0.143561655547107
"DDHD2","blue","blue",-0.0232577156306145,0.126681003069863,0.125207207338558,0.135469353859014
"PLPP5","blue","blue",-0.0422126364540153,0.132983035583731,0.102320058902896,0.0842102120450087
"NSD3","grey","grey",0.147673131585349,0.0191918213864293,0.192246421881363,0.124297255705907
"FGFR1","blue","blue",0.00151156778258053,0.102268196786071,0.121914539537914,0.0827075082915508
"TACC1","grey","grey",0.103157434630164,0.023135880837217,0.157898775768775,0.125541798956198
"PLEKHA2","grey","grey",0.0719489305023998,-0.0262111739235802,0.0524803090501746,0.0460667922404957
"TM2D2","blue","blue",-0.12561919344134,0.208331261106711,0.0994135547853507,0.0625884087191296
"ADAM9","grey","grey",0.0800346147578887,0.0182364003037983,0.114280880433245,0.0508263661564108
"ADAM32","turquoise","turquoise",0.345031426627423,-0.211761021513072,0.123283147371153,0.0493271087061832
"SFRP1","grey","grey",-0.0328960454037724,0.0793464931467166,0.0568878276380562,0.0472181139025086
"GOLGA7","grey","grey",-0.0291520998793567,0.106199474041618,0.0921643773546975,0.0969055570653281
"GPAT4","blue","blue",-0.0484427498506648,0.130719504640571,0.107877606448509,0.0777728315623519
"ANK1","turquoise","turquoise",0.271465972707277,-0.058643597019639,0.244992298683959,0.163362146669761
"KAT6A","turquoise","turquoise",0.255005898731752,-0.142672627213939,0.106318222442973,0.0546064533374736
"AP3M2","blue","blue",-0.166616931501444,0.305448619977094,0.140491678272779,0.100702917660005
"IKBKB","turquoise","turquoise",0.234768683171631,-0.15279643725746,0.0809051987376751,0.0141372978571817
"POLB","grey","grey",0.114999951259978,-0.0424658486539584,0.0695840832489301,0.0372102411359554
"VDAC3","blue","blue",-0.259926430284497,0.434510940391123,0.162799990175171,0.107117665920278
"SLC20A2","turquoise","turquoise",0.208701467607606,-0.0715094487696621,0.141176396405283,0.0511307038558155
"SMIM19","grey","grey",0.0298632824128415,0.0345086566953759,0.0708416633715031,0.0311247434584085
"CHRNB3","grey","grey",0.0488808547351313,0.0773971947180072,0.144404573763839,0.0682208050859239
"CHRNA6","grey","grey",-0.0118851859745772,0.0918351775173648,0.106510151029542,0.0699675337369573
"RNF170","grey","grey",0.0250005743500227,0.104272711245954,0.147319109883613,0.120663614796199
"HOOK3","turquoise","turquoise",0.359261285038877,-0.194596050894901,0.158265734932621,0.0901383496638839
"FNTA","blue","blue",-0.0586373814342673,0.127857260705372,0.0721229530277086,0.0537875351253066
"HGSNAT","turquoise","turquoise",0.15426371124728,-0.0268315825642289,0.13928761285977,0.0899586806870971
"SPIDR","turquoise","turquoise",0.459012010974037,-0.285399098097355,0.157723723743441,0.0732233869967332
"PRKDC","blue","blue",-0.0561283521538264,0.20647017699093,0.15230359952349,0.0931546695288875
"MCM4","grey","grey",-0.0469333976226372,0.0842607213269412,0.0597085738896763,0.0511314910359798
"UBE2V2","blue","blue",-0.206585627778039,0.336432933786488,0.142128897083865,0.169614576062257
"SNTG1","turquoise","turquoise",0.553309057151676,-0.365208349738194,0.193925614389578,0.106382981294672
"PXDNL","turquoise","turquoise",0.329815882926061,-0.189146171837706,0.140032018051287,0.0842803372864048
"PCMTD1","grey","grey",0.170465169468426,-0.000905416709802484,0.186246796327868,0.139822748066434
"ST18","turquoise","turquoise",0.185891913734971,-0.16014667650449,-0.0158709969450476,-0.0554173271732216
"RB1CC1","brown","brown",0.0162665580050326,0.142215848761156,0.19506093950019,0.253705143933299
"OPRK1","grey","grey",-0.0140883909652465,0.0575294896223072,0.0645531384297563,0.0426546186810034
"ATP6V1H","blue","blue",-0.147283847495735,0.322986232531302,0.156901711354308,0.0472580807513132
"TCEA1","grey","grey",0.0224139508386927,0.0373498859781104,0.0717815538717672,0.0600437838377591
"LYPLA1","grey","grey",0.0224496604965097,0.0918082038910385,0.132162290818883,0.117411391086186
"MRPL15","blue","blue",-0.128136971062424,0.241398297701392,0.117072942158232,0.0792507948504122
"XKR4","turquoise","turquoise",0.478860998823484,-0.274753347465313,0.209729850584328,0.113203356733373
"TMEM68","grey","grey",0.00299979158534396,0.0557928950275316,0.0794233913209823,0.0563196037867449
"TGS1","grey","grey",0.137029767910387,-0.07127939308754,0.0760662505637645,0.0359524840717758
"RPS20","grey","grey",-0.0493601528137356,0.0661751229441598,0.0221253383701496,0.054481056685797
"SDR16C5","grey","grey",-0.0566434193652138,0.106212343628374,0.0589839148919972,0.0305390070996718
"IMPAD1","blue","blue",-0.115817871645387,0.218281108812688,0.130028659019385,0.128438676803243
"FAM110B","turquoise","turquoise",0.162229943133105,-0.0424674603788145,0.129521015287735,0.0903489380413443
"UBXN2B","turquoise","turquoise",0.150347216740071,-0.0530256970817485,0.101666252482489,0.0862362259799577
"SDCBP","blue","blue",-0.25805799332297,0.397096001220132,0.129677044401428,0.069583998250916
"NSMAF","turquoise","turquoise",0.28258084564463,-0.173666171769625,0.112192410066948,0.0506809584348031
"CA8","grey","grey",0.0337809857266964,0.0828388981690388,0.12387521481354,0.0873698697932436
"RAB2A","blue","blue",-0.106390056346946,0.282666304779567,0.179484045230014,0.135104867219333
"CHD7","turquoise","turquoise",0.226802383450815,-0.142685649538343,0.0713563745695102,0.0125109797587215
"CLVS1","grey","grey",0.243816747692497,-0.0619514846323439,0.19254560201367,0.105877319737764
"ASPH","grey","grey",0.0438655774270178,0.103279063843159,0.155913186981898,0.0862806321019782
"NKAIN3","turquoise","turquoise",0.401087744055209,-0.257317706531281,0.129887443857077,0.0680285295523612
"GGH","blue","blue",-0.0592600433660665,0.13439114054374,0.0789002053122808,0.0329909886528655
"YTHDF3","grey","grey",0.034234930114547,0.0769629773686564,0.134776813273027,0.0960759732482117
"AC022639.1","turquoise","turquoise",0.44153100009975,-0.274252616968764,0.1626318224173,0.0817682185705985
"MIR124-2HG","turquoise","turquoise",0.407883446834475,-0.264352046386425,0.134202029586763,0.0491183877546931
"CYP7B1","grey","grey",0.108949756860823,-0.00555622878460182,0.108845955478041,0.0639714511668515
"ARMC1","blue","blue",-0.0786453691300511,0.171503138113451,0.107893954320874,0.108178523282301
"PDE7A","turquoise","turquoise",0.345338336263557,-0.22545815300312,0.110350452033984,0.0357490715904624
"VCPIP1","blue","blue",-0.0950507593293959,0.179048480694058,0.119015688082464,0.121943550111685
"SGK3","turquoise","turquoise",0.239238368214981,-0.158514312354489,0.0673889150839848,0.0111030714473877
"CSPP1","turquoise","turquoise",0.378855181990538,-0.227540805457131,0.152319600079684,0.0565972975985466
"ARFGEF1","grey","grey",0.15250172363743,0.0128297067498139,0.172164606285598,0.0763550942993223
"PREX2","turquoise","turquoise",0.116160141412999,-0.081350307597411,0.0163624864387071,-0.0151930197408605
"C8orf34","turquoise","turquoise",0.273518237902835,-0.14236356310093,0.129290334410156,0.0720984216934275
"NCOA2","turquoise","turquoise",0.301743154996634,-0.144386230327259,0.165264721890046,0.0839364389874097
"TRAM1","grey","grey",0.0806952745200606,-0.0159412288148609,0.0793614435692264,0.0476321735621485
"LACTB2","grey","grey",0.00184937549610463,0.0414498118909648,0.0489956865652063,0.00606300244280213
"XKR9","turquoise","turquoise",0.225876540936663,-0.139538281867953,0.0802472864296393,0.0409694824275956
"KCNB2","turquoise","turquoise",0.472626247589283,-0.28320101787494,0.195883284747292,0.090639543268383
"AC022893.2","grey","grey",-0.0538071577660431,0.0816339654875581,0.0580494436492733,0.0762464775428555
"TERF1","grey","grey",0.0239207390435957,0.100575864150604,0.143602665299118,0.0912098208230138
"RPL7","blue","blue",-0.0924360497825842,0.113484026995198,0.02601029599212,0.0322028193741769
"STAU2","grey","grey",0.0777095256390168,0.119200989876838,0.202933223453668,0.165438047858105
"ELOC","blue","blue",-0.0937032448152921,0.210092658546229,0.119596374330017,0.10629200897056
"TMEM70","blue","blue",-0.120394405950157,0.225384615972387,0.105464486436565,0.0617906009656648
"GDAP1","turquoise","turquoise",0.177633645911291,0.0522618830604497,0.239281879596204,0.190726699537392
"MIR2052HG","turquoise","turquoise",0.603387960264013,-0.403511579241237,0.177168125660837,0.0588665300821311
"CRISPLD1","turquoise","turquoise",0.133294630384334,-0.09601408324736,0.0402927707393993,0.0193500475396885
"ZFHX4-AS1","turquoise","turquoise",0.324454157912791,-0.197439904074192,0.106969557682805,0.0509289521621893
"ZFHX4","grey","grey",0.0374587748022022,0.0984402312920346,0.192217879382001,0.143935374147573
"PEX2","grey","grey",0.00453447332999186,0.0585848034324011,0.0704279208340929,0.0515570757269965
"PKIA","grey","grey",0.0668916830914818,0.0584178776054795,0.14070466260994,0.129286922116759
"ZC2HC1A","grey","grey",0.155110742406355,0.00325691716271325,0.168259719899723,0.108391642575951
"STMN2","blue","blue",-0.557413006496692,0.595114815046201,0.0299696888916822,0.11889146790902
"HEY1","grey","grey",-0.0426926345718243,0.090833886186885,0.0583960574369345,0.0577163178208921
"TPD52","turquoise","turquoise",0.181455127702205,-0.0698711159849242,0.112000359843877,0.0681989413040488
"ZNF704","turquoise","turquoise",0.272149448171678,-0.167288866528006,0.0903858292929674,0.0279744035452627
"PAG1","turquoise","turquoise",0.19679343663873,-0.116028274133554,0.0864674083476052,0.0394841581031372
"FABP5","blue","blue",-0.166899422352326,0.272644562706622,0.096136293535481,0.0720811536672627
"PMP2","grey","grey",-0.00100936351441535,-0.0269078869561844,-0.0357885202748221,-0.0190641327067982
"IMPA1","blue","blue",-0.0876173436512831,0.210967202420539,0.130881655242671,0.0913523407190753
"ZFAND1","grey","grey",0.05062739699253,0.0550716982586747,0.121445841772848,0.098716303972568
"SNX16","grey","grey",-0.0503715157382945,0.152686775243926,0.132224188779328,0.125279989078306
"RALYL","turquoise","turquoise",0.583101984459605,-0.357449475765379,0.206454353903441,0.0928568482026881
"C8orf59","grey","grey",0.00288417491264126,0.0590969401773633,0.0602828123250619,0.0259084098187924
"CA13","turquoise","turquoise",0.184086517061375,-0.0911592882270101,0.0865676683705382,0.0459524486313074
"CA2","grey","grey",-0.00538272062420524,0.0244333970490704,0.0207748071805705,-0.00432494781161071
"WWP1","turquoise","turquoise",0.152139124610138,-0.0152954306886207,0.151577359260902,0.125596270196997
"RMDN1","grey","grey",0.0154644166014741,0.101478850042365,0.135723587125572,0.109558290983945
"CPNE3","turquoise","turquoise",0.231119678937182,-0.10660130968005,0.128731427139323,0.0511026227576592
"MMP16","turquoise","turquoise",0.357204452014392,-0.200253583181901,0.1583325872755,0.107645170117839
"AC090568.2","turquoise","turquoise",0.369717271221235,-0.232655888944441,0.129334667345307,0.0471932083215464
"AF117829.1","turquoise","turquoise",0.369698407839656,-0.240695928562319,0.11472018969296,0.0458635597819469
"OSGIN2","grey","grey",-0.00694657912855987,0.0833002919047238,0.0983187194347265,0.106211072654547
"NBN","grey","grey",0.0121963280943811,0.0646946642576111,0.0884558584607118,0.0718402984209531
"DECR1","turquoise","turquoise",0.146136767861876,-0.0693887059807705,0.0677322226092963,0.0185159415986143
"TMEM64","grey","grey",0.0794169816853848,-0.00964596064431531,0.0712273170825068,0.0515460525620519
"NECAB1","grey","grey",0.0489624541665665,0.0152800366457799,0.068170459787348,0.0472443537832428
"PIP4P2","blue","blue",-0.115074323929013,0.256996584215963,0.162417807225589,0.15562727103087
"OTUD6B-AS1","blue","blue",-0.0817678920188846,0.184170809636314,0.117924310854939,0.122918763563193
"OTUD6B","grey","grey",-0.00248633197348973,0.0635035307210831,0.064937111761699,0.0360853644036473
"RUNX1T1","turquoise","turquoise",0.256819847848771,-0.144025337515569,0.112537655967682,0.0592451285289293
"TRIQK","grey","grey",0.0667474639068207,0.00411638942078403,0.0727272118926766,0.0599727004522801
"FAM92A","grey","grey",0.0366456230717061,0.0416393611130638,0.0767296132432716,0.0424264702040583
"RBM12B","grey","grey",0.101597527010548,-0.0287408577214255,0.0939966645279998,0.0619060305741567
"TMEM67","turquoise","turquoise",0.210449433646919,-0.121442420582669,0.0891447542803857,0.0295047572297976
"PDP1","grey","grey",-0.0435749058686244,0.108015923263218,0.0886805624042402,0.0698328084066975
"VIRMA","grey","grey",0.0605733239469469,0.00042897670833719,0.0768046533247746,0.051458869087843
"DPY19L4","grey","grey",0.0511381837617282,-0.000399021817025756,0.0602305581663496,0.0462996521874233
"INTS8","turquoise","turquoise",0.188057857600234,-0.0700026870042037,0.123402365279664,0.0552109956144228
"NDUFAF6","turquoise","turquoise",0.181996771622807,-0.0529757007946064,0.130297611787132,0.0881356174024892
"UQCRB","blue","blue",-0.183196639705718,0.249267840738283,0.0666839488309702,0.0773274572143757
"MTERF3","grey","grey",0.0388863283147062,0.0118233846708145,0.0543488591853114,0.0147795607444573
"PTDSS1","blue","blue",-0.156402888144675,0.306292769559493,0.154716492313312,0.0656541117869341
"SDC2","grey","grey",-0.067511493877161,0.203294892847354,0.166827798324183,0.144221289897157
"CPQ","turquoise","turquoise",0.216844477365873,-0.0775577687873067,0.122731927505283,0.0381074266759871
"TSPYL5","blue","blue",-0.150978405148708,0.257297137100799,0.118125465103064,0.0806361970132855
"MTDH","blue","blue",-0.0145663904995338,0.130690366364422,0.156257323789739,0.100559474389775
"LAPTM4B","blue","blue",-0.150388046422627,0.256756069534395,0.114756872128205,0.0836880570634771
"MATN2","grey","grey",0.0506379506250157,0.0220546192906821,0.0737269884940553,0.0258347486010026
"RPL30","blue","blue",-0.0798443280186592,0.10145603105835,0.0224496071645421,0.00855321533546584
"RIDA","grey","grey",-0.00733672357640948,0.0494894195323323,0.0405427748161142,0.0369454047539517
"NIPAL2","grey","grey",0.167694554835283,-0.0719005406751442,0.109810085957387,0.0538443116455574
"STK3","turquoise","turquoise",0.272958336908328,-0.153110004958337,0.101734589431331,0.0373369040024974
"VPS13B","turquoise","turquoise",0.437644198991226,-0.264338486570939,0.157911464575367,0.0762266003049067
"COX6C","blue","blue",-0.177920840834125,0.266540798952202,0.0807882645802009,0.0766529013458241
"POLR2K","blue","blue",-0.130400454815006,0.226223786555835,0.0902510629374889,0.0815372266064924
"SPAG1","turquoise","turquoise",0.150028844939129,-0.0842812135110632,0.0680392537164424,0.0400258238588302
"RNF19A","turquoise","turquoise",0.123290755563163,-0.0167216377345504,0.122438805606486,0.0853517848417636
"ANKRD46","blue","blue",-0.0946427777448087,0.237416065359115,0.144917166909417,0.105984461235005
"PABPC1","grey","grey",0.0516220892171034,0.0259160316211241,0.0994263582474841,0.0841051605991138
"YWHAZ","blue","blue",-0.313234427722867,0.452163636446831,0.136154155498673,0.13572641191557
"AP003469.4","grey","grey",0.0267412879414923,0.0437173462417457,0.0996339674402706,0.14160367625602
"ZNF706","brown","brown",0.0238400346323944,0.104645500085526,0.16391038542766,0.225997036106506
"NCALD","grey","grey",-0.0250457604472025,0.0975125435614402,0.0849621723113438,0.0781298767676016
"RRM2B","blue","blue",-0.0715540217194768,0.172339370376517,0.114531379687992,0.125902235234971
"UBR5","turquoise","turquoise",0.348044312275708,-0.191880093059631,0.148972207156793,0.0670378684246786
"AZIN1","blue","blue",-0.0970432805082541,0.204961668929013,0.129858883695241,0.148752741440875
"AZIN1-AS1","turquoise","turquoise",0.24776004791215,-0.161888669978762,0.070776733698919,0.0208902176353506
"ATP6V1C1","blue","blue",-0.215477467991516,0.35449926811657,0.156126479115503,0.165088868210785
"BAALC","grey","grey",0.0598843793837146,-0.00782610002195807,0.0600359260542306,0.0469736338962728
"SLC25A32","grey","grey",-0.00426806105632011,0.101559953719761,0.102274562568402,0.0681815709703455
"DCAF13","grey","grey",-0.0316994156732455,0.0965309770902155,0.0688844714691125,0.0457339484445771
"RIMS2","turquoise","turquoise",0.575787890806599,-0.359324025270775,0.201844255569109,0.108702795169214
"LRP12","grey","grey",0.092711755222082,-0.00338026754236425,0.11260912339544,0.0574961775000735
"ZFPM2","turquoise","turquoise",0.284675091185901,-0.190849253535663,0.0638017791837707,0.0156877264276641
"OXR1","blue","blue",-0.0572006678424352,0.187364791208504,0.136073380300535,0.12124736079677
"RSPO2","grey","grey",0.0461989954146973,0.147845853234605,0.219922170068254,0.126229325935039
"EIF3E","turquoise","turquoise",0.185323984742404,-0.0333139790161032,0.160870078220653,0.0886093201900846
"EMC2","blue","blue",-0.0131952472002145,0.134093635719911,0.122666012498883,0.0703684943126666
"NUDCD1","grey","grey",0.0187666119989247,0.0385514414903567,0.0677822283009266,0.0384193946648348
"ENY2","blue","blue",-0.0729533663916177,0.177166102094756,0.109185809976718,0.0823879504340913
"EBAG9","blue","blue",-0.0330799331331161,0.10056833297957,0.0804507033525194,0.0586763206483428
"SYBU","grey","grey",0.0266111592314913,0.132113437841506,0.183974821094377,0.109902003136185
"CSMD3","turquoise","turquoise",0.523550167050044,-0.330760864201028,0.174461278731774,0.0661870339526422
"TRPS1","turquoise","turquoise",0.280426999637893,-0.190024837088998,0.0737305730950244,0.0104397259398522
"EIF3H","grey","grey",-0.0225402933295739,0.151234116034732,0.116956349869325,0.0622719258348255
"UTP23","turquoise","turquoise",0.177615020706965,-0.0554383384322697,0.134225785935629,0.0926278839065127
"RAD21","blue","blue",-0.185109437060102,0.312754938993445,0.149592821954621,0.159921827841131
"EXT1","turquoise","turquoise",0.360716090498211,-0.228099523274703,0.127606385919323,0.0464287877167673
"SAMD12","turquoise","turquoise",0.456692642575329,-0.270588154146694,0.170060508073179,0.102310585410491
"NOV","blue","blue",-0.129562609929064,0.189946623594147,0.0730493517107748,0.0227521935340844
"ENPP2","turquoise","turquoise",0.0641434650271924,-0.0565311786738102,0.000216191506735183,-0.013237026622083
"TAF2","turquoise","turquoise",0.226077396732398,-0.119019565086156,0.112186582647245,0.0706681951514143
"DEPTOR","grey","grey",0.147988691272928,-0.036980160135543,0.114769749293504,0.0608799420597755
"MRPL13","blue","blue",-0.0350556910162623,0.129397859714639,0.0892447869786039,0.0565692044481226
"ZHX2","turquoise","turquoise",0.231300704914489,-0.154363502419952,0.0693063114297951,0.000288186262365044
"DERL1","grey","grey",-0.0218392281739473,0.0716272261009742,0.0674880738775554,0.0313495000448024
"TBC1D31","turquoise","turquoise",0.2005885374549,-0.10850852927018,0.0968014430645311,0.0561567796379182
"C8orf76","grey","grey",-0.0253722002014764,0.0797962407002148,0.0582222508892089,0.0347188058695212
"ATAD2","grey","grey",0.0980177550406342,-0.0333683866092214,0.0759231149554688,0.0285771670393128
"WDYHV1","grey","grey",0.0191130552887725,0.0319885606722874,0.0573879665614374,0.0327829615182462
"FBXO32","grey","grey",0.0924419822373528,-0.0198731844917927,0.0930551220487141,0.0598955736235312
"FAM91A1","grey","grey",-0.0165793680714528,0.101676747974392,0.109961531824378,0.117998252986441
"TMEM65","turquoise","turquoise",0.128516333711864,-0.0311871298443052,0.104085686179193,0.0806554794485177
"TRMT12","grey","grey",0.0166344019490608,0.0527699938943021,0.0851483260101208,0.0668293835461781
"RNF139","grey","grey",-0.0158391661780584,0.0695770887976393,0.0710516090721976,0.0546909402132767
"TATDN1","turquoise","turquoise",0.202556465315985,-0.0689489109084893,0.131989247381973,0.0716026109851995
"NDUFB9","blue","blue",-0.08672215456395,0.159950891438823,0.0666340924412691,0.0368807981779467
"MTSS1","turquoise","turquoise",0.282987599497165,-0.136098602258851,0.149934643279904,0.0868710362937329
"SQLE","blue","blue",-0.0755491306057219,0.134957496074659,0.087717149738857,0.058243851097171
"WASHC5","grey","grey",0.0184964593654273,0.0957620725951852,0.128363254142547,0.0862871509552024
"NSMCE2","turquoise","turquoise",0.422577882132733,-0.2363607204894,0.163973544323489,0.0669812730101437
"FAM49B","turquoise","turquoise",0.359862188770838,-0.180433000292637,0.172695419980939,0.0751343206716754
"ASAP1","turquoise","turquoise",0.222656406817972,-0.047593706614347,0.186780394050218,0.111563893315248
"ADCY8","turquoise","turquoise",0.213446973114438,-0.132721499396492,0.069593832182377,0.021597192408278
"EFR3A","blue","blue",-0.0516655454913439,0.195118061643044,0.163146245590137,0.159153805460724
"KCNQ3","turquoise","turquoise",0.474500924048751,-0.255707989562238,0.24896617577752,0.219891847976246
"LRRC6","turquoise","turquoise",0.194902061857089,-0.0963479957528591,0.103267327590069,0.0479932453638489
"PHF20L1","turquoise","turquoise",0.22658119098008,-0.105239793643744,0.127319287921516,0.074121425726094
"NDRG1","grey","grey",0.0284771111316152,0.000131503057692904,0.0328736164461913,0.0019729412388434
"ST3GAL1","turquoise","turquoise",0.229627196856132,-0.083593727597137,0.171331305643862,0.133061384660285
"ZFAT","turquoise","turquoise",0.222760729433076,-0.12492194964492,0.0986182638781326,0.0454207570012594
"KHDRBS3","turquoise","turquoise",0.154822752527393,-0.0526366172779138,0.0975269046646354,0.0441218821928659
"FAM135B","turquoise","turquoise",0.492610850800025,-0.289446247506039,0.198798872757673,0.116014591302355
"TRAPPC9","turquoise","turquoise",0.273323370283682,-0.0648634489155169,0.195677618634692,0.104941034586844
"AGO2","turquoise","turquoise",0.188887145457613,-0.102455630313064,0.098124298878167,0.0683368041070206
"PTK2","turquoise","turquoise",0.432272779123536,-0.229976700821234,0.192111577313502,0.102699608886223
"DENND3","turquoise","turquoise",0.322116695781288,-0.198689288131963,0.109825085392304,0.0318274074585735
"SLC45A4","turquoise","turquoise",0.194310035232921,-0.0846391387757853,0.119918835934007,0.0676752809921109
"ADGRB1","grey","grey",0.0143229623640613,0.0568023484573848,0.0946211479253056,0.0293426092132772
"THEM6","blue","blue",-0.0473095969121212,0.0997792273387779,0.0638935194144707,0.0371292705270379
"LY6E","blue","blue",-0.103992523453782,0.177903143889329,0.066620887100178,0.0568783542070815
"LY6H","blue","blue",-0.155083836173162,0.25021837134144,0.0861220177410387,0.0705430657105069
"RHPN1","grey","grey",-0.0186192292399691,0.0888231529377861,0.0765492488680441,0.0428015032610428
"ZC3H3","grey","grey",0.152417260974367,-0.0738880084050066,0.0934556423872786,0.0331611353515951
"EEF1D","grey","grey",-0.00937544128120051,0.0810663700769444,0.0772600341607665,0.0480899014501485
"TSTA3","blue","blue",-0.073028641089839,0.143152625964581,0.0563741104524613,0.0368602498317616
"ZNF623","grey","grey",0.0924233633652709,-0.0258818971557772,0.0820018975174931,0.063388707242048
"PUF60","blue","blue",-0.135896490878375,0.249908129598325,0.11328976382959,0.0650984040634421
"NRBP2","grey","grey",0.0784205766484109,0.00405481906354366,0.0866445092660745,0.0261038388165176
"PLEC","grey","grey",0.0883818261319525,0.00143734951266624,0.122082130089519,0.0698666965158084
"GRINA","blue","blue",-0.24918276335757,0.369742154043592,0.113091714538958,0.0545903609499106
"GPAA1","blue","blue",-0.136404350248676,0.234981665082826,0.0987964898935436,0.0566873092527032
"CYC1","blue","blue",-0.15133991459917,0.282803081472872,0.111521275832035,0.0622073781255914
"SHARPIN","grey","grey",-0.013049144393612,0.0740690617363064,0.0663277282690421,0.0518166600410303
"MAF1","blue","blue",-0.0555463825415699,0.111583217921105,0.0653395821290289,0.0499915472114406
"MROH1","grey","grey",0.195066158273844,-0.020904604906211,0.18732446245986,0.0849292285005948
"BOP1","blue","blue",-0.0634849839680048,0.134054700220158,0.0785749110061218,0.0461332365478389
"HSF1","grey","grey",0.00311612780158001,0.0791260546263992,0.109154664323459,0.0835743788689399
"DGAT1","blue","blue",-0.0510711706270607,0.123016813231627,0.0846079344199371,0.0289918681902259
"SCRT1","grey","grey",0.0358022827586941,0.0272664744650059,0.0857636795793364,0.0910713603632281
"SLC52A2","blue","blue",-0.0600215948076822,0.106907337383242,0.0596524049566224,0.0411757044814347
"VPS28","blue","blue",-0.147746002405031,0.254737012422526,0.0905549055016235,0.0589922675852505
"CYHR1","grey","grey",-0.0282271105383222,0.0991662746887712,0.0825999262189267,0.0613497580516097
"KIFC2","grey","grey",0.126502270649095,-0.0255284993338307,0.127294227518033,0.0876925801999966
"MFSD3","blue","blue",-0.0604456014455023,0.131853900173491,0.0666962261246025,0.0380577291818729
"LRRC14","grey","grey",-0.0554630635402753,0.0930764358476691,0.0510568612973549,0.046862699895737
"LRRC24","blue","blue",-0.0812907166082193,0.1474680669793,0.0792306218375913,0.0517226027336332
"ARHGAP39","turquoise","turquoise",0.160120486767481,-0.0803264859949508,0.0928874214942324,0.0438192971363435
"ZNF251","turquoise","turquoise",0.32278481749478,-0.198239534535249,0.133523213218462,0.0467122713980692
"RPL8","blue","blue",-0.145425920972929,0.226592338903511,0.0780905086646421,0.0659302597433753
"COMMD5","blue","blue",-0.040087583327074,0.102548431281937,0.0649610270420612,0.0625829093286589
"C8orf33","blue","blue",-0.0927897912841632,0.191475146465648,0.107013337638563,0.0930468675837903
"WASHC1","grey","grey",0.170289434675284,-0.0294592487480297,0.157833797826406,0.0651710270913488
"KANK1","turquoise","turquoise",0.290239871183596,-0.187817882171825,0.086943269456802,0.00922375447336142
"SMARCA2","grey","grey",0.0374810356356376,0.112535120385749,0.164763643853658,0.119868772007288
"VLDLR-AS1","turquoise","turquoise",0.405315580172468,-0.244814406073792,0.146963300831553,0.0591415678710552
"VLDLR","grey","grey",-0.0211375556705979,0.0786378581856239,0.0869705528995585,0.0637138371413997
"PUM3","turquoise","turquoise",0.213554746676621,-0.0640299393557837,0.172268441557792,0.172532499742338
"RFX3","turquoise","turquoise",0.375660215220007,-0.233719218311264,0.139331071630527,0.0735379875799259
"RFX3-AS1","turquoise","turquoise",0.267818786438359,-0.168070485376141,0.0804388865474554,0.0230620851270946
"GLIS3","turquoise","turquoise",0.294381175992382,-0.17242792275775,0.112397023817993,0.0562292842807847
"SLC1A1","blue","blue",-0.0507732319726765,0.16941026259839,0.135396103630712,0.070078516925596
"CDC37L1","blue","blue",-0.0437515084683364,0.154147963421539,0.121398400621388,0.0890571273345651
"AK3","grey","grey",0.0232624037056455,0.0807663431608939,0.120858457233124,0.0977131074674453
"RCL1","grey","grey",0.121082351018402,-0.0243886527137957,0.109559107523261,0.0698891791577293
"JAK2","turquoise","turquoise",0.33039237001583,-0.184300246933052,0.138079255154739,0.0659253304808924
"RIC1","turquoise","turquoise",0.285068441471916,-0.154482326742534,0.118471486712243,0.0536614361978084
"ERMP1","grey","grey",0.0124662645474993,0.065398116041721,0.0949317968731815,0.0713950574010479
"KIAA2026","turquoise","turquoise",0.177638571693613,-0.0398358421322129,0.157461979306785,0.140768351701198
"RANBP6","blue","blue",-0.242352089518504,0.365822287605433,0.127683334791054,0.0683595786494116
"UHRF2","grey","grey",0.123239017888162,-0.0330675603924554,0.0930971651205684,0.0286635867797504
"KDM4C","turquoise","turquoise",0.49825544558347,-0.31949876117665,0.162609055645849,0.0517738161750077
"DMAC1","blue","blue",-0.0621728181651408,0.128999921592211,0.0657469172534256,0.0447297501875925
"PTPRD","turquoise","turquoise",0.45970353670606,-0.294063249302687,0.127881158007437,0.0329108027788065
"LURAP1L","grey","grey",0.135074666525737,-0.0383476662376687,0.104372471744845,0.0555599843156323
"MPDZ","turquoise","turquoise",0.245785546570366,-0.0883016468758838,0.162989820115936,0.0680583326610601
"NFIB","turquoise","turquoise",0.143077329367573,-0.118911710828993,0.00322784220379686,-0.0214567363465644
"ZDHHC21","turquoise","turquoise",0.158644078220037,-0.00195957010226995,0.165620241146057,0.140625247265446
"TTC39B","grey","grey",0.0338869557424233,0.0956083917346568,0.157183773679421,0.142054967815387
"SNAPC3","grey","grey",0.0485168062851074,0.0677116089930669,0.13950325588506,0.132103984941798
"PSIP1","blue","blue",-0.107992112066997,0.269868745025453,0.160975842415302,0.0801951417552946
"CCDC171","turquoise","turquoise",0.363726944959551,-0.205859771726301,0.153877761970946,0.0769514327631721
"BNC2","turquoise","turquoise",0.407700474573593,-0.221960012461342,0.182546366147634,0.109205052829296
"CNTLN","turquoise","turquoise",0.289280009658183,-0.130250792805038,0.152629130954337,0.0746477567433897
"SH3GL2","blue","blue",0.0262125656080126,0.144704628829899,0.163072861564496,0.106677614049889
"RRAGA","blue","blue",-0.236480121425715,0.364182216368056,0.11451780435608,0.0568856326686796
"DENND4C","turquoise","turquoise",0.410247044795292,-0.265387293660155,0.131043654342302,0.0419836467428222
"RPS6","blue","blue",-0.0666457099425213,0.105644956147286,0.0316752619064507,0.0196692570003833
"ACER2","turquoise","turquoise",0.370692800903604,-0.241497913214133,0.132366049976172,0.0514830883401522
"SLC24A2","turquoise","turquoise",0.16644268181926,-0.0487970436690188,0.0917106786627438,0.0333698509998766
"MLLT3","turquoise","turquoise",0.325857257507736,-0.11839508625899,0.212589193681757,0.11034806199363
"FOCAD","turquoise","turquoise",0.406802383362795,-0.183990244910825,0.211747444698236,0.129753996662654
"KLHL9","blue","blue",-0.103634439959825,0.184029792102348,0.104987146057613,0.0824592062312762
"AL391117.1","turquoise","turquoise",0.487390091865775,-0.317057654946537,0.153071183441387,0.065595814493691
"AL445623.2","turquoise","turquoise",0.526157448207768,-0.332548571117228,0.164423953026455,0.0727834525262733
"ELAVL2","brown","brown",-0.0536620058842862,0.215286256469746,0.212604509583991,0.261925198089916
"CAAP1","turquoise","turquoise",0.136758601951915,-0.0636114912036883,0.0775980150501109,0.0463557954441702
"PLAA","grey","grey",0.0701074335618634,0.0178611497549072,0.107997889156514,0.0572113017765612
"IFT74","grey","grey",0.107777252479726,-0.0208783866863495,0.0916745399839704,0.0403308479218714
"MOB3B","turquoise","turquoise",0.352710987286004,-0.233974695455654,0.103532336608149,0.0326732088191305
"C9orf72","grey","grey",0.020498680301555,0.0865509632069189,0.128817818436779,0.106311206968385
"LINGO2","turquoise","turquoise",0.563025781477347,-0.388379063574322,0.147750552768076,0.0492185040491569
"ACO1","grey","grey",0.0628284663525664,0.0400519448442019,0.113145282640439,0.0478485286646961
"TOPORS","grey","grey",0.00836245905722576,0.0333974282512419,0.0642375589242268,0.054509429397193
"NDUFB6","blue","blue",-0.034399670672936,0.133802922172734,0.0862783029665316,0.0485059115643725
"APTX","turquoise","turquoise",0.175829495519524,-0.0512176389986833,0.115113341982492,0.0687381794464666
"DNAJA1","blue","blue",-0.367406619200268,0.493154046873217,0.124778305391809,0.0689345284720326
"SMU1","blue","blue",-0.0463372981725976,0.127979208953036,0.0900995411422325,0.0462905234168421
"BAG1","blue","blue",-0.0910069277031011,0.152703539403212,0.0702873025773917,0.0927183199172652
"CHMP5","blue","blue",-0.119661754236733,0.212302796908081,0.0927181685257377,0.0645529138218064
"NFX1","turquoise","turquoise",0.286681319363626,-0.162973711065582,0.119468790413784,0.039449056561042
"NOL6","grey","grey",-0.0330734091474666,0.0813285719790965,0.0640554762581736,0.0467597811041409
"UBE2R2","turquoise","turquoise",0.174315273784543,-0.0421427527131309,0.146844879533001,0.095204081894238
"UBAP2","turquoise","turquoise",0.219377396158507,-0.10322648604693,0.118807966887101,0.0413421520242059
"DCAF12","grey","grey",0.0548372404764816,0.00821313617549268,0.0808413626342802,0.0782499939610509
"UBAP1","grey","grey",0.143898724750704,-0.0288548935917161,0.127051860319494,0.0880717210402769
"NUDT2","grey","grey",0.00431899800777821,0.0635573159434145,0.0686343461527223,0.0540169401621874
"C9orf24","turquoise","turquoise",0.286992006906628,-0.168599120210257,0.114619163525856,0.0471735025876511
"FAM219A","blue","blue",-0.0123746003071721,0.158693707636678,0.173832887932659,0.16871266983771
"ENHO","blue","blue",-0.0672632818753595,0.11887195593302,0.0530838574455964,0.0593662211238875
"CNTFR","grey","grey",-0.00184850810118878,0.0237034162409796,0.0348260002340097,0.0275614193722936
"DCTN3","blue","blue",-0.155675867077671,0.273756539533756,0.108636866076612,0.105784202066428
"SIGMAR1","blue","blue",-0.0730539001977523,0.157436800610706,0.0902399812315983,0.0637981654585966
"AL162231.1","grey","grey",-0.0296453975826207,0.0838563624749873,0.0575439920358809,0.0437576450100645
"PHF24","blue","blue",-0.0717243348814338,0.154227792099649,0.102808939128454,0.112330004966391
"VCP","blue","blue",-0.285847850765006,0.423501114250736,0.144788792373858,0.0431192256733225
"STOML2","blue","blue",-0.125053549149766,0.222302205689677,0.0996058586319548,0.0743982891325018
"FAM214B","grey","grey",-0.0173097679197496,0.0829746570916882,0.0867600601788713,0.0854543497442768
"UNC13B","turquoise","turquoise",0.282097945112434,-0.157997908487688,0.12661625912627,0.0807783716430008
"RUSC2","grey","grey",0.0494584979825211,0.0813559159736929,0.161168525619034,0.0873851909923773
"TESK1","blue","blue",-0.0480215181658145,0.11768981394836,0.0931498654949857,0.110798942866688
"CCDC107","blue","blue",-0.0885941490652902,0.166757764876814,0.0752455351140426,0.0372918324174625
"TLN1","grey","grey",0.0366436374450791,-0.00727968682127382,0.030804388709709,0.00490806463805155
"CREB3","blue","blue",-0.0985484607191902,0.165762967158674,0.0804015370528256,0.084175788361761
"GBA2","blue","blue",-0.0723252643220432,0.176514627197207,0.132109233708233,0.15028168261866
"RGP1","grey","grey",0.0310502355805438,0.0274178138318992,0.0769375478376567,0.0944642665029766
"TMEM8B","blue","blue",-0.044486804827744,0.120378729423354,0.0986113484436239,0.0904962565801954
"RECK","turquoise","turquoise",0.383735543038135,-0.253634225739034,0.117614996313146,0.0291856403778667
"CLTA","blue","blue",-0.242877986335526,0.406655738375437,0.146514368476595,0.0925466985954818
"GNE","grey","grey",0.0422964909417366,0.0355118164066655,0.0879718999555437,0.0401483264078075
"RNF38","turquoise","turquoise",0.207851657390468,-0.0863544496096292,0.131018728509041,0.108062203503861
"EBLN3P","grey","grey",-0.0145158732645956,0.0739550670984714,0.0728161255646014,0.0843647057728481
"ZCCHC7","turquoise","turquoise",0.52349602672868,-0.343787866377061,0.156034355366871,0.0520361936086741
"GRHPR","blue","blue",-0.0871647276801182,0.180031287082736,0.0935848920089918,0.0647179965763108
"AL138752.2","grey","grey",0.100374479471705,-0.0319431046426657,0.0756462752345052,0.0508331971934678
"FRMPD1","turquoise","turquoise",0.129542561033539,-0.0349372714380972,0.0997161058870298,0.0659905372822933
"TRMT10B","turquoise","turquoise",0.1459003290499,-0.0746250775886325,0.0699974101730208,0.0319838550848968
"DCAF10","turquoise","turquoise",0.210195607228384,-0.0707231626763648,0.157000309850883,0.102241402811523
"ANKRD18A","turquoise","turquoise",0.27619606543055,-0.181467550460997,0.10213730112584,0.039347867869611
"GLIDR","turquoise","turquoise",0.232030312639086,-0.129259615323214,0.100600808454084,0.0585453067218043
"CNTNAP3B","turquoise","turquoise",0.316518718307044,-0.206768446378077,0.102009131469505,0.036101245537911
"CBWD5","turquoise","turquoise",0.39789424647606,-0.256224951866371,0.125626324129099,0.0379440012615596
"PIP5K1B","turquoise","turquoise",0.159848276269546,0.0390252612197988,0.211954295285316,0.161124090432414
"FAM189A2","turquoise","turquoise",0.130373294531678,-0.109504825303455,0.0122665489541052,-0.0261855372584618
"APBA1","turquoise","turquoise",0.242881291149244,-0.0309421948681533,0.230821113899083,0.185769535831151
"PTAR1","grey","grey",0.101881705947831,-0.000337107782834626,0.124996506079938,0.117496706893372
"MAMDC2","turquoise","turquoise",0.153457155106931,-0.0299773717662203,0.111082820769139,0.0381544664126999
"SMC5","turquoise","turquoise",0.284924565112064,-0.168249537522027,0.115622172895287,0.0481703861417934
"KLF9","grey","grey",-0.0433139584285807,0.108474067562019,0.0932810656678873,0.106039611304758
"TRPM3","turquoise","turquoise",0.16238755883925,-0.170133285632514,-0.0379486741605094,-0.0614240014622973
"ABHD17B","grey","grey",0.108079814006322,-0.00722287120008883,0.114405011008612,0.0556098032671811
"C9orf85","turquoise","turquoise",0.220108084306927,-0.127146135137351,0.0838058452053157,0.0461832005192163
"ZFAND5","blue","blue",-0.199233975651987,0.322274068111956,0.151506329202924,0.146839374807378
"ALDH1A1","blue","blue",-0.413551823921679,0.467431071040782,0.0132808242805047,-0.00422699525330503
"C9orf40","blue","blue",-0.0506142161675252,0.0984468207834713,0.0595717179815406,0.0383811696020989
"CARNMT1","turquoise","turquoise",0.184553558988044,-0.0759485652605743,0.118685397640292,0.0854987462203124
"NMRK1","grey","grey",0.0430834220097395,0.0279009599975855,0.0826728242722077,0.0531246408683739
"OSTF1","grey","grey",0.0510372659704965,0.0705736932879033,0.125426857150228,0.0800359139116121
"PCSK5","turquoise","turquoise",0.161329126941145,-0.121366023115097,0.0312553922330589,0.00800014967513732
"RFK","blue","blue",-0.220731731614432,0.333388916180037,0.13255430812065,0.189893240123346
"PRUNE2","turquoise","turquoise",0.143608299537384,0.016001968827262,0.160332010556424,0.107865948218126
"VPS13A","turquoise","turquoise",0.32364663916728,-0.166115408293514,0.168508029074476,0.123267624478019
"GNA14","turquoise","turquoise",0.204297612848635,-0.109952296170251,0.0964733402931539,0.041227519271597
"GNAQ","turquoise","turquoise",0.182786893676362,0.0195385011478702,0.232717586473354,0.256158340695791
"CEP78","grey","grey",0.124730880048029,-0.0587302706398346,0.0772422184883619,0.0614397053270956
"PSAT1","grey","grey",0.0657789753720961,-0.0406369509193037,0.0268299159172922,0.00172899923618414
"TLE4","turquoise","turquoise",0.131663600116898,-0.0323799624972717,0.0985394080117906,0.0535124959026506
"TLE1","grey","grey",0.112360400853857,-0.0160006354308454,0.101093747375158,0.0569920542693036
"UBQLN1","blue","blue",-0.0922384365781384,0.234636927226937,0.158702660601608,0.101577198573869
"GKAP1","grey","grey",0.113783839511988,-0.028370040441417,0.088006133524338,0.0451523815884921
"HNRNPK","blue","blue",-0.237194447417898,0.35198096927909,0.116988803155952,0.0572337179720744
"RMI1","grey","grey",0.0137172907041996,0.0490597529873407,0.0735182481480245,0.053343705057465
"NTRK2","grey","grey",0.0351838908651255,0.119669711150684,0.189701685852322,0.137184137907117
"AGTPBP1","turquoise","turquoise",0.142122457371352,0.0645512909339832,0.202426847755358,0.113896339886774
"NAA35","turquoise","turquoise",0.155598168274493,-0.0602328375890096,0.107626299469621,0.0613364711540393
"GOLM1","blue","blue",-0.0254421203680298,0.12213020786599,0.0975162843698184,0.0579357641103092
"ISCA1","blue","blue",-0.119341072454823,0.23775151137112,0.12784297449708,0.139892231224158
"TUT7","turquoise","turquoise",0.151324843625867,-0.0721533070147215,0.095985788200047,0.0652885276002887
"DAPK1","turquoise","turquoise",0.245653339873559,-0.127682677554696,0.126777143720262,0.0914059345082391
"CTSL","blue","blue",-0.0770158796555461,0.151103334317566,0.103772358543628,0.054546151573548
"CDK20","grey","grey",-0.0409449861676794,0.0969410353711138,0.0641037267708513,0.0392864556256723
"SPIN1","turquoise","turquoise",0.174771227592394,-0.0241535327346534,0.169071771226923,0.147378880779065
"SHC3","turquoise","turquoise",0.17430285180333,-0.0954298131242237,0.0799919291918255,0.0581202861213055
"SECISBP2","grey","grey",0.0574917671330084,0.0415232432150559,0.115814382372744,0.064554108190819
"SEMA4D","turquoise","turquoise",0.113560276099094,-0.0382136004900435,0.0806867536274046,0.0193067425710117
"DIRAS2","blue","blue",-0.134881915236925,0.270222884347376,0.154427000285755,0.157977389086058
"AUH","grey","grey",0.101869856954709,0.0706505466618817,0.168236475870689,0.08385730591439
"SPTLC1","grey","grey",0.0299639938746573,0.0872400452091121,0.135609688255891,0.0675654780757541
"IARS","blue","blue",-0.0821673848192726,0.264376584595322,0.176693117952768,0.107138107400684
"NOL8","grey","grey",0.0491182135140245,0.0219311075063428,0.082988135939288,0.0650268192412876
"CENPP","turquoise","turquoise",0.349209800102671,-0.202427164276556,0.133687383071927,0.0497731685641398
"IPPK","grey","grey",0.0993442772019439,-0.0140905170185975,0.103960616920816,0.0653005207102367
"BICD2","grey","grey",0.0343503888079995,0.0192088874868162,0.0805038545651128,0.101697264959438
"ZNF484","grey","grey",0.132592340833605,-0.0654960049380747,0.078218443527301,0.0536237881859358
"CARD19","grey","grey",0.0205870060413148,0.0292937737976909,0.0506357452175746,0.0410410042840893
"WNK2","turquoise","turquoise",0.241320555576192,-0.0290068994271814,0.224910215285806,0.16581124902688
"C9orf129","grey","grey",-0.00755332512842133,0.0778952815498296,0.0922497874382498,0.109262399706488
"FAM120AOS","grey","grey",0.0319073757471604,0.0454167410186685,0.0907956395807517,0.0914665339311399
"FAM120A","grey","grey",0.132810608669646,0.0195566351331848,0.177940999915852,0.146024938912611
"PTPDC1","turquoise","turquoise",0.180232562704473,-0.0651553921920169,0.118740903260611,0.0714389732911167
"MFSD14B","grey","grey",0.095793124420924,-0.0385017328010906,0.0749768358365837,0.0508289228365197
"C9orf3","turquoise","turquoise",0.424699316145427,-0.244468231178185,0.162749313231328,0.0695784996519742
"FANCC","turquoise","turquoise",0.229524563691057,-0.141845741620585,0.0840413591329728,0.0211883847073531
"PTCH1","turquoise","turquoise",0.118446077938426,-0.0624965336600812,0.0578583164431917,0.0392511554968488
"LINC00476","turquoise","turquoise",0.322646271320962,-0.196013697085562,0.120863839038624,0.0535198328838986
"ERCC6L2","turquoise","turquoise",0.204506997367189,-0.0747727998394321,0.139267196849357,0.129254089876037
"HABP4","grey","grey",0.0738157127840655,0.0551785115493394,0.138183532330546,0.119553725703163
"CDC14B","turquoise","turquoise",0.333462944136573,-0.218825463911458,0.106518190440754,0.0226171878045596
"ZNF510","grey","grey",0.0657239401168816,-0.00132697420514346,0.0771520070821705,0.0632221460241297
"ZNF782","turquoise","turquoise",0.321683605181058,-0.210093550264577,0.105215449116209,0.0473481854263325
"MFSD14C","turquoise","turquoise",0.204008708128817,-0.0961709779603877,0.124914814635442,0.102780284039833
"AL590705.1","turquoise","turquoise",0.407829778085332,-0.242983351497284,0.171724008590395,0.0852242208981666
"TDRD7","grey","grey",0.0611288808798265,0.0259202619862648,0.09845115193325,0.0849291840610313
"TSTD2","grey","grey",0.109339491991616,-0.0185453845619363,0.106001067092838,0.0599669151924933
"NCBP1","grey","grey",0.0189003715271177,0.0568636023280736,0.0807144730938666,0.0476126942470935
"XPA","turquoise","turquoise",0.125643401384927,-0.0316635222298627,0.10028657172642,0.0602029902969179
"ANP32B","grey","grey",-0.0310086461845796,0.0812203039261141,0.0504274264975258,0.0237392208158406
"NANS","blue","blue",-0.113224800148292,0.214685310658297,0.0942945182986565,0.0488989825965175
"TRIM14","grey","grey",0.0508016201648748,0.0190704538116313,0.0812712993220006,0.0484800369712133
"CORO2A","grey","grey",0.042891512027129,0.0709937990063961,0.147293614174641,0.159380798430302
"TBC1D2","turquoise","turquoise",0.183595837495206,-0.104129919790435,0.0857770257507055,0.0414477086837715
"GABBR2","blue","blue",-0.0217873360447316,0.200614721661524,0.208529346446224,0.13394214014782
"ANKS6","turquoise","turquoise",0.475283201623564,-0.306136770173994,0.176334362000641,0.0679607609890559
"TGFBR1","grey","grey",0.0544865646276442,0.0264109050265501,0.105252383780282,0.0567761523260717
"ALG2","grey","grey",-0.0323166016574321,0.0931161423836199,0.0747485140029988,0.0362691730509185
"SEC61B","grey","grey",-0.0291976022341217,0.0902361914082629,0.0529066420173368,0.036471025870211
"AL359710.1","turquoise","turquoise",0.294708190923966,-0.193665348661994,0.0866271272703464,0.0420623185372923
"STX17","grey","grey",0.123790135050682,-0.041601418250191,0.0889069502575034,0.0491164311293873
"ERP44","turquoise","turquoise",0.153341584458269,-0.0293114088104382,0.136151516904114,0.0822644488211657
"INVS","turquoise","turquoise",0.413683808980712,-0.261687803360568,0.121812627800159,0.0355538769341718
"TEX10","grey","grey",0.059509977241144,0.0148671034736584,0.0847597305729781,0.0377082177950362
"MSANTD3-TMEFF1","grey","grey",0.051382015309706,0.0101218718366636,0.0882682754859054,0.0997382830038641
"MRPL50","blue","blue",-0.0603033023211866,0.139913933727332,0.0936521455812805,0.0776221909590683
"ZNF189","grey","grey",0.115761165232459,-0.0486139792401971,0.0739251014908739,0.0446185515581361
"TMEM246","blue","blue",-0.206756057554615,0.318438929753299,0.141585530405735,0.131853636660092
"RNF20","blue","blue",-0.084062221548989,0.169605576285999,0.106956035178778,0.0378168149524671
"GRIN3A","turquoise","turquoise",0.21470843100369,-0.0742760196157338,0.166564507351644,0.12082030706628
"SMC2","blue","blue",-0.0734296782288799,0.133652951767823,0.065054145123728,0.0511152209576891
"NIPSNAP3A","blue","blue",-0.0903054352221636,0.195971208718582,0.104111139427609,0.0641027771158672
"NIPSNAP3B","grey","grey",0.011090127676917,0.0577023622175079,0.0761165483981073,0.0481995905036085
"ABCA1","turquoise","turquoise",0.124440785739627,-0.0760200462646388,0.0406957645149462,0.0109079513734522
"SLC44A1","turquoise","turquoise",0.25414863007877,-0.184246863695269,0.0529409720634076,0.00356262939440287
"FSD1L","grey","grey",0.0489086549121935,0.116154320715462,0.191789050957725,0.149358310382728
"FKTN","turquoise","turquoise",0.248577886905052,-0.123119003109522,0.132264271920514,0.092398295032984
"TMEM38B","grey","grey",0.128824656369419,-0.0586802355818884,0.0802194680888401,0.026211421210045
"LINC01505","turquoise","turquoise",0.383763953457904,-0.244705480482803,0.110496814313084,0.039276880723864
"ZNF462","turquoise","turquoise",0.211114201231115,-0.0928766282101817,0.130035861668264,0.0990495989934716
"RAD23B","blue","blue",-0.0432782446814993,0.178898998354057,0.157930548898063,0.108772682810682
"ELP1","grey","grey",0.0830943256312044,0.0383671151218516,0.1246644645035,0.0656417140607268
"TMEM245","blue","blue",-0.0157921252352414,0.139879989914406,0.154286305193407,0.119795570925504
"FRRS1L","brown","brown",0.0969126287628816,0.0589603968532016,0.200291633665336,0.28720074880537
"EPB41L4B","turquoise","turquoise",0.322362117554537,-0.197823672771584,0.125919599888296,0.0636723682718126
"PTPN3","grey","grey",-0.00318578648350468,0.0740114941949161,0.0795267638080775,0.0724007128183122
"PALM2","turquoise","turquoise",0.326288131094377,-0.16496304995914,0.141412304893969,0.0693655268973844
"PALM2-AKAP2","turquoise","turquoise",0.206891703003116,-0.0621752223903378,0.160602601733649,0.137491661948168
"TXN","blue","blue",-0.11345516411981,0.219416722926783,0.0961997235272775,0.0659340669944532
"SVEP1","turquoise","turquoise",0.308730413646696,-0.185570088097876,0.112819006539304,0.0431095339604356
"LPAR1","turquoise","turquoise",0.200277624455648,-0.119775873151265,0.0725271544412277,0.0166500559733324
"ECPAS","grey","grey",0.036410103869234,0.116033092963372,0.176328247444401,0.114280617861842
"ZNF483","brown","brown",0.000593799465017688,0.133792889684587,0.193113079574149,0.314850430695024
"PTGR1","blue","blue",-0.0554435371033646,0.169036280774379,0.114030531800042,0.113777906273753
"UGCG","blue","blue",-0.0640631397636262,0.15456530882197,0.112953859844837,0.0839889683625065
"SUSD1","grey","grey",0.0793262018786622,0.0699251026158556,0.15651905071728,0.0570074469776287
"PTBP3","turquoise","turquoise",0.21474775407161,-0.100705055262308,0.122248024378193,0.087672031504958
"HSDL2","grey","grey",0.0762463415473435,0.00767479798714537,0.0852025897424268,0.0411061185758572
"C9orf147","turquoise","turquoise",0.179894685451692,-0.115819658998159,0.0622767565744343,0.0438107956606067
"KIAA1958","turquoise","turquoise",0.380150874862754,-0.191107321558826,0.201467498550412,0.138375843859303
"INIP","grey","grey",0.0453441754328113,0.00486130205415797,0.0497030893142943,0.0478357915416239
"SNX30","turquoise","turquoise",0.122984940435672,-0.0103988413624683,0.126408519327375,0.119518487663401
"FKBP15","grey","grey",0.0635554349965143,0.0260619126040528,0.0918284741536835,0.0497617624053096
"SLC31A1","grey","grey",0.0228411505673127,0.0528784029182384,0.087326171345852,0.0754924163756468
"PRPF4","blue","blue",-0.06110868055771,0.13290470746155,0.092571507194585,0.0609728251021822
"ALAD","grey","grey",-0.0255886841219994,0.118797264187509,0.0999612443060164,0.0691522198058138
"POLE3","blue","blue",-0.061957811589453,0.103213427783081,0.0572952794734571,0.0694802390319818
"RGS3","blue","blue",-0.0924147144188338,0.198624395378739,0.117910690930085,0.10036466011718
"ZNF618","turquoise","turquoise",0.301508617246669,-0.170168309590365,0.132196600975515,0.0683692678570539
"WHRN","turquoise","turquoise",0.169971693208277,-0.0726603169158209,0.0976350905372899,0.0338345296075317
"ATP6V1G1","blue","blue",-0.327472365478298,0.462322420955288,0.136083092227577,0.138462124296
"TMEM268","grey","grey",0.0102831665935556,0.0752341832454466,0.110024140985986,0.109343927912949
"PAPPA","grey","grey",0.100584234512455,0.00365368671079337,0.125678156451816,0.096273389610171
"ASTN2","turquoise","turquoise",0.423284705832066,-0.230806510683575,0.154469410728115,0.0485566934207919
"TRIM32","grey","grey",-0.034958781417079,0.0815093416222061,0.0672911325194046,0.0459309745594782
"BRINP1","grey","grey",0.142020385521502,-0.00568451056144862,0.149818360796814,0.0908423414513324
"CDK5RAP2","turquoise","turquoise",0.247357427170238,-0.142868773857474,0.0955546718647915,0.0301770930274981
"MEGF9","grey","grey",0.0501575189800775,0.0738747166242857,0.171472674366378,0.162174586431972
"FBXW2","grey","grey",0.0815935606330615,0.0229929799195481,0.113955003543025,0.108093010156068
"PSMD5","grey","grey",0.0151057073670632,0.0541837398078485,0.0757138738942771,0.0473524067000065
"CNTRL","turquoise","turquoise",0.321976004015584,-0.218511146310412,0.097872831778099,0.0449133172250182
"RAB14","blue","blue",-0.23335533488858,0.365170174881028,0.141239903532135,0.126491177331271
"GSN","grey","grey",0.059545710955984,-0.0239505068644132,0.0342437780788728,-0.0158378805910395
"STOM","grey","grey",0.00244041297922488,0.00818012801284111,0.0164940350724121,-0.0081093800472307
"DAB2IP","grey","grey",0.0560693920537168,0.0160172312727838,0.0937444227750556,0.0659235413224879
"TTLL11","turquoise","turquoise",0.397468369542021,-0.242942811867528,0.141151594528473,0.0550028484726445
"NDUFA8","blue","blue",-0.115889790236732,0.22079842539634,0.107973041783857,0.0875707698179024
"RBM18","blue","blue",-0.0636663313390566,0.146949213858419,0.0957168374675263,0.0881649786742617
"MRRF","turquoise","turquoise",0.140776093957258,-0.0666883358581801,0.0711338048389044,0.0281502781876332
"PDCL","blue","blue",-0.0641732241348574,0.131540681553822,0.0814974371586637,0.0835405309374986
"RC3H2","grey","grey",0.100815390555871,-0.0110280680185915,0.118348282358464,0.118235341149704
"RABGAP1","grey","grey",0.0818983979329868,0.0775500428999566,0.185220270399609,0.143747464814761
"STRBP","turquoise","turquoise",0.224443015462253,-0.0831580968767512,0.15249768022069,0.112710779511838
"DENND1A","turquoise","turquoise",0.436109613982475,-0.256388386705506,0.171178793388598,0.0856090943822817
"PSMB7","blue","blue",-0.0737012214668238,0.223686766668076,0.145784971116843,0.0968708349714059
"NR6A1","turquoise","turquoise",0.452530363449159,-0.288097380890422,0.160100292790127,0.0619510117636813
"RPL35","blue","blue",-0.0999986738660184,0.150234470621189,0.0448233973389308,0.0265771277247918
"ARPC5L","blue","blue",-0.116625721313464,0.224787605152527,0.118169982178675,0.114061696707703
"GOLGA1","turquoise","turquoise",0.173090764338436,-0.067076498111856,0.10527559726593,0.0682243151841003
"SCAI","turquoise","turquoise",0.307547946171944,-0.161155689769813,0.147219819787236,0.0854179396487558
"PPP6C","grey","grey",0.0439557179439586,0.0541067888013964,0.116861773169447,0.0817136256974234
"RABEPK","grey","grey",0.103478061036359,-0.0249843814502938,0.0850187166776071,0.0437198591842328
"HSPA5","blue","blue",-0.298039641272576,0.365452735884419,0.101651897264831,0.0323723155426903
"GAPVD1","grey","grey",0.0944319660358738,0.0201337690911008,0.14310468623259,0.0920338029624958
"MAPKAP1","turquoise","turquoise",0.215820588509833,-0.0704108108687802,0.146851197551313,0.112170176951788
"PBX3","turquoise","turquoise",0.154173155869437,-0.0151992955234361,0.160309167152593,0.131931992789622
"MVB12B","turquoise","turquoise",0.339984742187908,-0.206371350514841,0.128006813462238,0.0491466950140514
"LMX1B","turquoise","turquoise",0.192015795582023,-0.0602990138031861,0.150999417323465,0.098862140829749
"ZBTB43","turquoise","turquoise",0.14310634768389,-0.0472926591449979,0.117881031303704,0.0754308273007562
"RALGPS1","turquoise","turquoise",0.439715307214783,-0.271288081715433,0.170318928035103,0.0863649678594625
"GARNL3","turquoise","turquoise",0.383547914915023,-0.185807134248827,0.20378053397237,0.114214522513498
"SLC2A8","blue","blue",-0.0575667806710554,0.114168189668091,0.0706081457054765,0.0439374585868932
"RPL12","grey","grey",-0.00353547149333781,0.0286092418098307,0.0206470482147357,0.0136951088056258
"LRSAM1","grey","grey",0.203079526075882,-0.0606519874330916,0.15921651443512,0.0626455265935344
"STXBP1","blue","blue",-0.39400229309739,0.537399220854477,0.11465397114684,0.0576242711585691
"PTRH1","blue","blue",-0.0768856047325795,0.171458219284739,0.0834702232115098,0.0435995933487991
"CDK9","blue","blue",-0.0378268451004036,0.108978485917953,0.0906966372232152,0.079659967830597
"FPGS","grey","grey",0.0485094315959002,0.0140918992525826,0.0720640154732625,0.0525960550576451
"AK1","grey","grey",-0.0289644657985016,0.0803628456142367,0.0654581289420211,0.0639020678645869
"DPM2","blue","blue",-0.0673694889498997,0.144950519835688,0.0818982804027554,0.0771545515347612
"FAM102A","grey","grey",0.0503007470777588,0.0139648315265365,0.0817448481950044,0.0596554127675967
"SLC25A25","blue","blue",-0.0243486514174309,0.118725753436324,0.119637128167745,0.102613732189421
"PTGES2","blue","blue",-0.123242916967584,0.233958012917086,0.113804500169348,0.0976936800481786
"C9orf16","blue","blue",-0.101668867300225,0.188323073255513,0.0721300066943981,0.0601661412961217
"CIZ1","grey","grey",0.0331106747018121,0.0336654575757412,0.0833355052059878,0.0572692830580612
"DNM1","blue","blue",-0.227410920181084,0.431525849005665,0.153778409897025,0.0268888818817743
"GOLGA2","blue","blue",-0.139091006733031,0.250185875627879,0.128745773994285,0.107789446681876
"TRUB2","blue","blue",-0.127977084098152,0.216701975365929,0.0822809261678315,0.0574584659846113
"COQ4","grey","grey",0.0470295463708323,0.0355810026414986,0.0851256296415096,0.0487458279624968
"SLC27A4","blue","blue",-0.0455836386532913,0.175219779739413,0.149159977695618,0.0729963960511508
"URM1","grey","grey",-0.028050895563098,0.0924488047504974,0.0713981683245568,0.059736240936026
"CERCAM","turquoise","turquoise",0.110540229634997,-0.0585471026325518,0.0472250739632456,0.00130709118418363
"ODF2","turquoise","turquoise",0.121157925317354,-0.0646942207077995,0.0630655775847192,0.0174011316816426
"GLE1","grey","grey",0.0844310347609706,-0.0303115489879891,0.0686412197838073,0.026267489924506
"SPTAN1","blue","blue",-0.201094945561181,0.367181662073844,0.161848262383831,0.0806955439957602
"SET","blue","blue",-0.172152700565995,0.274709131211772,0.120376848793364,0.127355716576497
"ZER1","grey","grey",0.122110318605176,0.0214640730603776,0.164262136458645,0.102921228933783
"TBC1D13","grey","grey",-0.0245632193879977,0.0932368471004388,0.0920208729170017,0.0711040711542561
"ENDOG","blue","blue",-0.0805552025771061,0.172173296348802,0.0902918423341258,0.0652185947742841
"KYAT1","turquoise","turquoise",0.212339540719032,-0.0926278112157327,0.128845805972788,0.06000318652899
"LRRC8A","blue","blue",-0.200757544624877,0.313691585270616,0.142206650014963,0.117383508713807
"DOLK","blue","blue",-0.0712607318570628,0.134710827079927,0.0855251631791727,0.0561924384465049
"NUP188","grey","grey",0.0602539031127528,0.0134629145735598,0.0907787945045634,0.0388236301743185
"SH3GLB2","blue","blue",-0.0500534350960648,0.145444394475125,0.114442592981106,0.105932115651365
"MIGA2","grey","grey",0.016758409389287,0.0572967427586985,0.0928445063145714,0.0798902924399202
"DOLPP1","blue","blue",-0.0567525545239656,0.10094561671278,0.0557445788681605,0.0435850254942404
"CRAT","blue","blue",-0.0555543656822508,0.13952638187125,0.0876824507184958,0.0715646771505705
"PTPA","blue","blue",-0.146444115245317,0.259453183210895,0.114320940352428,0.0941643585711095
"NTMT1","blue","blue",-0.0965699394231935,0.212040961143215,0.100629571412909,0.0642205909336751
"ASB6","blue","blue",-0.0658403919068413,0.122593923974938,0.0744954303115558,0.0497020169645829
"TOR1B","grey","grey",0.0173558844050579,0.0437021737272178,0.0879803323878497,0.0700249424560734
"TOR1A","blue","blue",-0.0517795431144766,0.12285367469418,0.0849945162937472,0.0831420223662677
"C9orf78","blue","blue",-0.0770018712268541,0.155896895008022,0.090276897192888,0.0620432767104543
"USP20","grey","grey",0.0406618554803912,0.0651034583507473,0.126220803886728,0.0704950937043121
"FNBP1","turquoise","turquoise",0.311159784358433,-0.158405821699426,0.14158238035153,0.057390294293473
"GPR107","blue","blue",-0.0119739443278911,0.126181192217664,0.131860797363767,0.094850682135548
"NCS1","blue","blue",-0.0715975636346948,0.190667139350676,0.164398615602513,0.231602895940825
"ASS1","grey","grey",-0.0145379705687629,0.0882848311979552,0.082634414689698,0.0454581881601918
"FUBP3","turquoise","turquoise",0.305559640477187,-0.186970226493722,0.123834451598305,0.0493339116025786
"ABL1","turquoise","turquoise",0.343487925120724,-0.198788331979734,0.147669555760337,0.0657978721860893
"NUP214","turquoise","turquoise",0.155884065982842,-0.0492910792028436,0.108499607435732,0.048624421111668
"PLPP7","grey","grey",0.109608046582303,-0.0318804222083243,0.0932466048437673,0.0428590561257359
"PRRC2B","grey","grey",0.042111634147382,0.0767821224887345,0.168076706937407,0.144816021058389
"POMT1","grey","grey",0.0415815092147473,0.0419567872823458,0.0979262995496455,0.0369988371333372
"UCK1","grey","grey",-0.0517566736085943,0.0887118884765,0.0439825146045318,0.0629425809567248
"RAPGEF1","turquoise","turquoise",0.196066698760604,-0.0721253288213095,0.146360702682252,0.11078252974447
"MED27","turquoise","turquoise",0.290899604099658,-0.122038999599131,0.16577706370298,0.0685679893208623
"SETX","grey","grey",0.07621762341716,0.0355443118592408,0.137651207189402,0.10912688635521
"TTF1","grey","grey",0.0177664666641122,0.062348821397235,0.0854876404295865,0.0523298691483004
"GTF3C4","grey","grey",-0.0102489081551478,0.0748388268553159,0.0887167412084973,0.0906286748476303
"SPACA9","grey","grey",-0.0369861215749333,0.0763571864258345,0.0422994804519429,0.0267699510995892
"TSC1","grey","grey",0.0872605400934042,0.0297633896023327,0.15360194253972,0.143609160520864
"GTF3C5","grey","grey",0.0638639348390622,0.00973218925483293,0.0880659408883331,0.0410001453599094
"RALGDS","grey","grey",0.0968976925965429,-0.0136358680943908,0.103207046475352,0.0766195421611531
"SURF6","blue","blue",-0.103716068081994,0.199279675503388,0.105605386888257,0.0753917920600524
"RPL7A","blue","blue",-0.110222273399307,0.197407426730407,0.084580101636372,0.0759482184519169
"SURF1","grey","grey",-0.0242594089161272,0.0838476998658403,0.0503470907758746,0.0250015142686439
"SURF2","blue","blue",-0.067879784325888,0.126871202498958,0.0571225039870891,0.0632217691277388
"SURF4","blue","blue",-0.0790611356232454,0.172816914796286,0.117654334500011,0.0645184475212212
"REXO4","grey","grey",-0.0164481007284992,0.0874076503519993,0.0754017267996917,0.0493744412186169
"SLC2A6","blue","blue",-0.119036303714263,0.233537374407235,0.12571941819863,0.0463017202861659
"VAV2","turquoise","turquoise",0.198056722423935,-0.0600002394242672,0.163019133945608,0.126374796657862
"BRD3OS","grey","grey",-0.0422253767073788,0.122041999493841,0.10604342857338,0.124016384417985
"BRD3","grey","grey",0.00953401948948047,0.0484894553938972,0.0841781573247682,0.0773007907454629
"WDR5","grey","grey",0.0406205843189008,0.0512671559498632,0.115960465753419,0.0852256502021112
"OLFM1","blue","blue",-0.201895688978554,0.311765058771694,0.134680339113415,0.129063479628267
"MRPS2","blue","blue",-0.0736402311572275,0.147696809719553,0.0675602485855952,0.0499484071075902
"KCNT1","grey","grey",0.111482737065625,-0.0431378319563055,0.0871159808948279,0.0516883306599695
"CAMSAP1","grey","grey",0.0355846661413512,0.0656930711022569,0.133430305629208,0.0991839627354212
"UBAC1","grey","grey",0.0226859852514868,0.0615425990301895,0.0958489238961569,0.0688892538454421
"NACC2","brown","brown",-0.000136554357870475,0.0769637457343678,0.108045310464653,0.168896762279635
"QSOX2","grey","grey",0.0769356402650131,-0.0278482866610965,0.0617869806655258,0.0297109347646062
"GPSM1","grey","grey",0.0197287826986775,0.0678291437945504,0.106036258737936,0.0736785704772867
"PMPCA","blue","blue",-0.0784711797038664,0.182042732680244,0.116385911135508,0.0842550378515834
"SEC16A","grey","grey",0.00687066329660696,0.0830812110611139,0.123251931865842,0.0853644855799399
"EGFL7","blue","blue",-0.136866328283201,0.243644909484809,0.114975805573605,0.0858113164327639
"AGPAT2","grey","grey",-0.0475357300995606,0.0805935687819885,0.0422071540791521,0.0381013551199144
"FAM69B","blue","blue",-0.0757108459180043,0.182339860156667,0.121438854846856,0.0904757633126978
"SNHG7","blue","blue",-0.00988861459116157,0.110376475852429,0.108855840132017,0.080154156492944
"RABL6","grey","grey",0.0383562306421541,0.0827734947713356,0.163988747731657,0.165827681183829
"AJM1","grey","grey",-0.0503747422996374,0.110046235575379,0.077833041762984,0.0847921001266396
"PHPT1","blue","blue",-0.0854225718987235,0.132682242946621,0.0420206790095149,0.0432637891955014
"EDF1","blue","blue",-0.118286676521573,0.205812773010291,0.0722999596423661,0.0593234369582406
"FBXW5","blue","blue",-0.0758078366008901,0.152852775449676,0.107909233454951,0.142761747377912
"PAXX","blue","blue",-0.0496576273618993,0.127906655079521,0.0764590468227159,0.0707257746447841
"ABCA2","grey","grey",0.0356466594446652,0.0450440191905535,0.0846431970397286,0.0478867070836865
"MAN1B1","blue","blue",-0.105430447344793,0.185610970815683,0.0883355297377751,0.0336144209844609
"DPP7","blue","blue",-0.105198807422964,0.232593824347581,0.128073707970889,0.0898750155457834
"GRIN1","blue","blue",-0.193987663492905,0.348558072813346,0.1526446789977,0.0421972654966343
"SSNA1","blue","blue",-0.081383609931128,0.152048382432648,0.0753885178564084,0.0746026584536672
"TPRN","grey","grey",-0.00978393757245317,0.0704288715252533,0.0822501630671455,0.0659200616552255
"TMEM203","blue","blue",-0.0988506780172632,0.163202736092908,0.0810733982679024,0.0856351323230566
"RNF208","blue","blue",-0.100147633360767,0.176498045868287,0.0971460207064518,0.107545597908545
"TUBB4B","blue","blue",-0.397728550815155,0.503386057419153,0.0956866196208307,0.0378058180455068
"NELFB","grey","grey",-0.0288550561618552,0.100740714098335,0.0917696454977481,0.110821016273242
"EXD3","turquoise","turquoise",0.204238444360115,-0.0977400440802565,0.115356361557144,0.0433374689140568
"NSMF","grey","grey",0.00471255434130293,0.0694887118298536,0.116188982295208,0.137121828333362
"MRPL41","blue","blue",-0.0162835978126206,0.137397980215751,0.121384679764493,0.0956390962971707
"ZMYND19","grey","grey",-0.0559933254702591,0.114297334542285,0.068717191318912,0.0652353526099935
"EHMT1","turquoise","turquoise",0.389644328265292,-0.254396578196878,0.13450769296039,0.0532249938614636
"CACNA1B","turquoise","turquoise",0.488617333963045,-0.287471383245088,0.216643564981125,0.086814989025401
"RIC8A","blue","blue",-0.0670733969008532,0.149432435524797,0.0906064108838299,0.0653021761012136
"SIRT3","grey","grey",0.0108983760928746,0.0624729692249701,0.0820041201878288,0.0587422129956186
"PSMD13","blue","blue",-0.122645705493801,0.258573182925202,0.129858573621919,0.0605640540973175
"B4GALNT4","grey","grey",0.053484158007823,0.0232981212279584,0.101339476186043,0.0855122027449121
"SIGIRR","grey","grey",-0.0202417025396428,0.090280792952692,0.072811320955263,0.0498063891633215
"PTDSS2","grey","grey",0.0137169263787143,0.0891789387260414,0.115052286495026,0.038845203632549
"RNH1","blue","blue",-0.0640521146543889,0.159155520183289,0.0910281476138933,0.052118946325336
"HRAS","blue","blue",-0.122132999569893,0.210260907838304,0.0914206506368462,0.0885251207574393
"PHRF1","grey","grey",0.0368177319724617,0.0263156605901486,0.0751637280569584,0.0490539750109678
"DEAF1","grey","grey",0.0290623029279858,0.100021594595735,0.156659615528724,0.154427179315926
"EPS8L2","blue","blue",-0.0350312729657903,0.0900772285347992,0.05917053606864,0.053775425086771
"TALDO1","blue","blue",-0.142526013858234,0.286542730932901,0.13983320805362,0.0565006211017375
"GATD1","grey","grey",0.0350551577326017,0.0227679719750805,0.0670877003961265,0.0601797416452573
"CEND1","blue","blue",-0.347645003602046,0.46508679742672,0.128764786080166,0.153825651638247
"SLC25A22","blue","blue",-0.116740718738068,0.205050677451446,0.0980865631572123,0.0654662927556317
"RPLP2","blue","blue",-0.0700053528125019,0.119447705114619,0.0381078180706909,0.022284511416104
"CD151","grey","grey",-0.0364761681584292,0.088100526647447,0.0615275452185571,0.0135575171746675
"POLR2L","blue","blue",-0.109432865622361,0.177319336459393,0.0544254627139466,0.045862379857403
"CHID1","blue","blue",-0.0545888188064996,0.120211600752443,0.0729756079525091,0.0363632390876728
"AP2A2","blue","blue",-0.192003999891415,0.373362946894559,0.168999881364259,0.0652745512271415
"TOLLIP","blue","blue",-0.178115537147216,0.315822833149429,0.14104419963458,0.109499977550356
"BRSK2","grey","grey",0.0049027909203193,0.0878462294122749,0.132841963718544,0.10928088059752
"MOB2","grey","grey",-0.0113340965691932,0.0781094517963213,0.0716173990526263,0.0369643986600586
"DUSP8","grey","grey",-0.0274845954886792,0.108000592825179,0.117216092973324,0.128104832934368
"KRTAP5-AS1","turquoise","turquoise",0.249743657480439,-0.152407804967655,0.10852001862423,0.0538426517938977
"MRPL23","blue","blue",-0.0667015721699152,0.155224331892264,0.0768357696485914,0.0434909035042454
"TH","blue","blue",-0.359916778335931,0.472992191238204,0.0811475594381013,0.0289350919811665
"CD81","blue","blue",-0.250490010491643,0.3273894268103,0.0744769823390445,0.0351121872349672
"TSSC4","grey","grey",-0.0469407046479879,0.0940717100942562,0.0565026768237104,0.0513919147459454
"KCNQ1OT1","turquoise","turquoise",0.574223684526017,-0.366070516437365,0.19673244482405,0.0894406210809957
"CDKN1C","grey","grey",0.0104151173165562,-0.0317833122443859,-0.0153778052098748,-0.0125356789349674
"PHLDA2","grey","grey",-0.050362353244528,0.0920263219342781,0.0402609223736163,0.0316604197259925
"NAP1L4","blue","blue",-0.113044340516952,0.289310126287243,0.179365619584901,0.105715214647052
"CARS","blue","blue",-0.0358699558209833,0.168182558224882,0.142183774471183,0.0691913335424422
"OSBPL5","grey","grey",0.166209081382101,-0.0663216271792866,0.114902017587633,0.0395971016603852
"ZNF195","grey","grey",0.109621780359647,-0.0239232723398573,0.105381785523632,0.0702315563644543
"NUP98","turquoise","turquoise",0.204763781056047,-0.105677862934158,0.121511591741464,0.0393781060474034
"STIM1","turquoise","turquoise",0.242573301988048,-0.110782488004501,0.140999858591257,0.0673454568933847
"RRM1","blue","blue",-0.0784107096915631,0.162152332671994,0.0884450441596861,0.0420707610448012
"SMPD1","blue","blue",-0.159341864636311,0.246060990825436,0.100736828225817,0.0468083066255588
"APBB1","blue","blue",-0.188794089805675,0.318409703935587,0.125000963400715,0.0606768912946414
"TRIM3","grey","grey",-0.00352491280492115,0.0915738398477248,0.0920400800208518,0.0240105474136345
"ARFIP2","grey","grey",-0.079318396742005,0.163361341051523,0.0905248581493608,0.0708569550125564
"DNHD1","turquoise","turquoise",0.239819583155239,-0.134069217761594,0.10424972090611,0.0549007378646707
"RRP8","grey","grey",-0.0287639063724794,0.0801356999238995,0.0573196955471726,0.0394571091676168
"ILK","grey","grey",-0.0267977417279626,0.135630211150601,0.119663642231063,0.0605065846638419
"TAF10","grey","grey",-0.0440123445008609,0.0957059281028705,0.0498356734355371,0.0467492744896263
"TPP1","blue","blue",-0.135701986664995,0.236767905930555,0.101633859441358,0.0400781621585228
"MRPL17","blue","blue",-0.0913089586162081,0.170350331821705,0.07140994434256,0.041751853037422
"AC087280.2","turquoise","turquoise",0.367072772896754,-0.207261479443925,0.151850117659818,0.0735296536256086
"SYT9","turquoise","turquoise",0.241481261970336,-0.113310395273102,0.12519599209975,0.0697800884611015
"PPFIBP2","turquoise","turquoise",0.195934241466861,-0.0834590690898065,0.114415541179358,0.0571670301324254
"EIF3F","blue","blue",-0.0230044262380278,0.119185611040466,0.111581800715947,0.0943339634938563
"TUB","blue","blue",-0.0343298285785138,0.172036751492797,0.195409948068518,0.265288935559226
"RIC3","grey","grey",0.106223890802567,0.0212397054327693,0.138550936547676,0.0581975188731532
"LMO1","grey","grey",0.0279963084150968,0.0410771965155673,0.0779591086781568,0.0529799971408986
"STK33","turquoise","turquoise",0.321956525992979,-0.192526393944774,0.114205258173039,0.0320749316570143
"TRIM66","grey","grey",0.144161789058775,-0.0546908170724073,0.102574236068784,0.0715939223463942
"RPL27A","blue","blue",-0.097589908830693,0.12224736497092,0.0185174892308388,0.0240064827515657
"AKIP1","grey","grey",0.00478827408752796,0.0600400234458014,0.0696951385236114,0.057374844567317
"TMEM9B","blue","blue",-0.062933813239971,0.143102347756492,0.0957605034890574,0.0622839928268771
"NRIP3","blue","blue",-0.204379447658493,0.324712277893871,0.149629853198693,0.177774486287798
"DENND5A","turquoise","turquoise",0.167140845927348,-0.0511070926887919,0.138712590960889,0.1109053225691
"TMEM41B","grey","grey",0.0977339826219144,0.0227175156805972,0.143884148076315,0.0881649233004169
"IPO7","blue","blue",-0.101754801625359,0.206689396701937,0.139367055585984,0.105028857406466
"SWAP70","turquoise","turquoise",0.262895812041223,-0.16232169789034,0.0874187050939666,0.0155954939938268
"SBF2","turquoise","turquoise",0.465728160566326,-0.291323128566079,0.156068453525819,0.0560997296849221
"ADM","grey","grey",-0.0524197188719889,0.0936477835886768,0.0578439568231278,0.0416779579952338
"AMPD3","grey","grey",0.110853836769857,0.0258045988811702,0.158899898702187,0.0928198533564236
"MTRNR2L8","grey","grey",-0.0396307488444433,0.0824685704499722,0.07377812742091,0.132414333778939
"RNF141","brown","brown",-0.0252689007632987,0.0767476689709358,0.0701718501708286,0.132625185496338
"CTR9","blue","blue",-0.0821681744814158,0.173347268959351,0.115835815529882,0.0552725486081342
"EIF4G2","blue","blue",-0.239443868498912,0.327301003972299,0.129670299108511,0.211987686569205
"ZBED5","turquoise","turquoise",0.127045703585175,-0.0427732703503967,0.0931283817852852,0.0470279977278889
"USP47","grey","grey",0.107595870210986,0.0738390811803658,0.207036254156503,0.12476402859594
"DKK3","blue","blue",-0.454109256510532,0.555733261605971,0.0882610643094862,0.0630914317196297
"MICAL2","grey","grey",0.147516909969638,-0.071483345471174,0.0920307288657941,0.066136888004862
"PARVA","grey","grey",-0.00660273732206413,0.0721821395183266,0.0707805305598167,0.0474168454719927
"TEAD1","turquoise","turquoise",0.188672035193181,-0.115797326276928,0.0773435871334792,0.0437313805581246
"BTBD10","grey","grey",0.0608339645024353,0.079823972948722,0.161295004757514,0.0969793711973903
"FAR1","turquoise","turquoise",0.140602034535029,-0.00671956802793412,0.141916682912052,0.0967120809642323
"RRAS2","turquoise","turquoise",0.184966592339351,-0.060973661246179,0.132316370920246,0.0786612350636366
"COPB1","grey","grey",-0.0240870568419097,0.110193386362013,0.114933348568609,0.0398628243830921
"PSMA1","turquoise","turquoise",0.191488271040902,-0.0653570088598464,0.12090972747563,0.0482334142932337
"PDE3B","turquoise","turquoise",0.384122100478203,-0.206800750392369,0.182741816024589,0.115919913819094
"SOX6","turquoise","turquoise",0.331113074410533,-0.150686642232351,0.174183953641846,0.104693756024277
"C11orf58","grey","grey",0.0291903822318562,0.0985723388032787,0.135212884727758,0.0950766042896569
"PLEKHA7","turquoise","turquoise",0.184992927333261,-0.0987234933042151,0.0814434576021156,0.0291814275074807
"RPS13","blue","blue",-0.100797297280021,0.166230642903416,0.0544444603983231,0.0322669943914068
"PIK3C2A","turquoise","turquoise",0.271617676697076,-0.140554012604641,0.129532123837333,0.0833099261516444
"NUCB2","grey","grey",0.0866641207318042,0.00563617893160522,0.100159832279315,0.0585570314355547
"NCR3LG1","turquoise","turquoise",0.175872311801576,-0.092444964899414,0.0928072359576205,0.0431054325915063
"ABCC8","grey","grey",0.185324432497636,-0.0894389664814652,0.101026399895594,0.0300464112714747
"KCNC1","grey","grey",0.0794745988756144,-0.0153023582578317,0.0681889915511801,0.0527444683864947
"SERGEF","turquoise","turquoise",0.241528876255811,-0.0573004433430755,0.192249758209887,0.112214496657162
"HPS5","grey","grey",0.0985312802827585,-0.0369102829698731,0.0699667031146502,0.043559750935144
"GTF2H1","grey","grey",0.0555744778524781,0.03833752651375,0.118114058509588,0.0994941236998039
"LDHA","blue","blue",-0.423239353349464,0.543708346397274,0.0888710125476989,0.0530510522425277
"TSG101","blue","blue",-0.00872229647345347,0.126494622750366,0.120626511973407,0.0883898889573461
"UEVLD","grey","grey",0.0803995214904159,0.00571618537942427,0.0993283729066421,0.0699694110638972
"SPTY2D1","grey","grey",0.00375675111691608,0.0446040103841583,0.0635185528711949,0.0401071908607046
"PTPN5","grey","grey",0.0523726430144606,0.00976990754945197,0.0787097251432755,0.054210085661514
"ZDHHC13","grey","grey",0.0927279090549784,-0.00836078751583972,0.110662271994689,0.0688006014634532
"NAV2","turquoise","turquoise",0.540031632423106,-0.369917240759359,0.141469489576118,0.033915663857995
"HTATIP2","grey","grey",0.0253446639227624,0.0281450213219677,0.0596596002549342,0.0379638038652429
"PRMT3","turquoise","turquoise",0.241773323961299,-0.139851834581972,0.0991412558598902,0.0254249146486897
"ANO5","turquoise","turquoise",0.160183602744644,-0.0437452570844385,0.136869897971591,0.0873354328403056
"SLC17A6","grey","grey",-0.0521904778783909,0.0935337649045099,0.043257630578965,0.0227902768302516
"GAS2","turquoise","turquoise",0.32629594370215,-0.196976460510503,0.124190733671934,0.0486126384439727
"SVIP","blue","blue",-0.0866868390057104,0.189054545121172,0.112146320489665,0.115682695193968
"LUZP2","turquoise","turquoise",0.294621676874873,-0.123392350348613,0.157220700594934,0.0897887872302615
"CCDC34","grey","grey",-0.00942680849875975,0.0811499336517311,0.0727671472717353,0.0475148600192988
"LGR4","turquoise","turquoise",0.191204015141285,-0.101818605349962,0.0868796126649469,0.0305053338025612
"LIN7C","grey","grey",-0.0236126053107715,0.0826146790615507,0.089447642924719,0.114332245088136
"BDNF-AS","turquoise","turquoise",0.102188803698115,-0.0449652110154798,0.0433431285767295,0.0155818083491269
"BDNF","grey","grey",0.0122416843896029,0.0747110128894433,0.100934785411343,0.0652171734831579
"METTL15","turquoise","turquoise",0.255740507072319,-0.130165269306439,0.119489614456125,0.0535005433681204
"ARL14EP","grey","grey",-0.0220019935475362,0.0993887459656688,0.0968243808822029,0.0682679375573432
"MPPED2","turquoise","turquoise",0.35285231847779,-0.183796085087883,0.174031321222828,0.106118057884251
"DNAJC24","turquoise","turquoise",0.156592239019234,-0.0608096771538226,0.0997988428192569,0.0636374864348449
"IMMP1L","turquoise","turquoise",0.196447864586083,-0.103224213146986,0.0918252134872893,0.0448614788413939
"ELP4","turquoise","turquoise",0.307805691053843,-0.185962822920051,0.113694394363526,0.0439396902681526
"EIF3M","grey","grey",-0.0218979863799036,0.129218704310191,0.109227132792078,0.060140894366711
"QSER1","turquoise","turquoise",0.271506790074893,-0.171641932421958,0.0960907843901092,0.02841972619887
"TCP11L1","grey","grey",0.0159112229353257,0.0935933138983673,0.143160466885876,0.158295931058761
"CSTF3","grey","grey",0.10615696840316,0.0205357087381798,0.147081154353577,0.0892823126483666
"HIPK3","turquoise","turquoise",0.113391691830727,-0.00248754312275046,0.132817903291959,0.12062100467953
"KIAA1549L","turquoise","turquoise",0.170574365533835,-0.0378807091214025,0.154679057774593,0.0847216168708085
"FBXO3","blue","blue",-0.0869118870772384,0.197076548529728,0.124225402382333,0.0696040304473727
"CAPRIN1","blue","blue",-0.0599571112604283,0.175067932062847,0.139826538229431,0.0736859028060438
"NAT10","grey","grey",0.0608932498859198,0.0513464977577569,0.132999849890481,0.0517202546892619
"APIP","turquoise","turquoise",0.114596361869697,-0.0216537327357639,0.0844924832404294,0.0397180857656321
"PDHX","grey","grey",0.00510277355123897,0.13636612868224,0.162828157097,0.102283215793705
"SLC1A2","grey","grey",0.058639060833406,-0.0353745894359934,0.0406853789151622,0.0388442347020699
"FJX1","blue","blue",-0.0882807380617904,0.158170424137049,0.0984717272712903,0.0901861413735961
"TRIM44","brown","brown",0.05644968490469,0.119171027977523,0.197071705331264,0.274940137069523
"LDLRAD3","turquoise","turquoise",0.417088510022613,-0.256936408816138,0.157961458272256,0.0732753822513136
"COMMD9","grey","grey",-0.0278344338573862,0.111030750263375,0.0853848078343705,0.0635165112078146
"TRAF6","turquoise","turquoise",0.168233898584905,-0.0725600666692227,0.0997283947855018,0.0465519510361777
"C11orf74","grey","grey",0.0188539706612589,0.085413616966268,0.101219808927094,0.0679846786553114
"LRRC4C","turquoise","turquoise",0.615983021789164,-0.416221825093803,0.171604042074526,0.056783979163794
"API5","grey","grey",-0.0352591368624273,0.133699204502348,0.123762927630877,0.0768569725284719
"TTC17","turquoise","turquoise",0.40638738882719,-0.228171070261545,0.181049562906048,0.0801769047689324
"AC068205.1","turquoise","turquoise",0.348840463879957,-0.205405130398678,0.143127159707851,0.0670343180634798
"HSD17B12","grey","grey",0.000745680325835712,0.183769117316972,0.196038822626868,0.109923206289887
"ALKBH3","grey","grey",0.103682454574889,-0.0358997943124804,0.0748855850761709,0.0404855515791477
"C11orf96","grey","grey",-0.0564722962074293,0.0965977756019623,0.0436815720969954,0.0290733203268482
"EXT2","turquoise","turquoise",0.192223775558264,-0.0724953644483057,0.124220872726313,0.036212485678876
"PRDM11","grey","grey",0.0787410473126948,-0.0300740714877056,0.0634661230960397,0.0561163324665156
"SYT13","blue","blue",-0.158855647093111,0.271961867158449,0.14832753652691,0.203202284116932
"CHST1","blue","blue",-0.117973433429659,0.230773476825607,0.146042839026124,0.153750070634856
"SLC35C1","grey","grey",-0.0526713952591076,0.110689457490632,0.0762935718368715,0.0813285704331954
"CRY2","grey","grey",0.0171623591518864,0.0938160863164138,0.145263666007777,0.116027504656551
"MAPK8IP1","blue","blue",-0.104395155779305,0.188614730774038,0.123448289641455,0.149218714406913
"PEX16","blue","blue",-0.0571267592537732,0.122976420924719,0.0736330356835703,0.0515566096579992
"PHF21A","turquoise","turquoise",0.368033924753473,-0.225303799861491,0.135082736873669,0.0552319540608862
"CREB3L1","grey","grey",-0.00815404418386445,0.0804358838153792,0.095338304040189,0.0647449440471151
"DGKZ","grey","grey",0.0898111151515802,0.0382873041337124,0.173090884922519,0.135649963977268
"AMBRA1","grey","grey",0.0408025745709214,0.0868667656602121,0.125136720868419,0.0776650226573078
"ATG13","grey","grey",0.0424242532474845,0.0452052851661502,0.105918396376395,0.0718797548170745
"ARHGAP1","grey","grey",0.0854225060333009,-0.00874964743224873,0.0927281788568797,0.0525524856855607
"CKAP5","blue","blue",-0.134698623833265,0.266077997081453,0.141711679540053,0.0317717426141572
"LRP4","turquoise","turquoise",0.348533609750417,-0.221894446150391,0.118509992702638,0.027003532706249
"C11orf49","grey","grey",0.183657192171379,-0.00140718425953452,0.178126591854951,0.0782827711308631
"ARFGAP2","blue","blue",-0.0832047656464455,0.189985736012683,0.114028282895221,0.073307195306484
"ACP2","blue","blue",-0.104903407485033,0.182667512320986,0.0922301624448106,0.0615162263171414
"MADD","blue","blue",-0.0785790957665432,0.229419332440894,0.168722215095004,0.149421535145479
"SLC39A13","grey","grey",-0.0130799807818316,0.0634404985860355,0.0548565865519194,0.0308177522985235
"PSMC3","blue","blue",-0.153397906458348,0.256814178253661,0.105802160804532,0.0639248108868911
"CELF1","turquoise","turquoise",0.282986668597735,-0.132788965496495,0.169377161040274,0.102346886664921
"NDUFS3","blue","blue",-0.141074251741639,0.248426138706094,0.0942948110254599,0.0650829941298895
"MTCH2","grey","grey",-0.00988920891690456,0.121609787303737,0.119625279553727,0.0846457626605732
"FNBP4","turquoise","turquoise",0.389163774920058,-0.233711660766011,0.146337372030468,0.0487697127080285
"NUP160","turquoise","turquoise",0.264924327151249,-0.151758509645059,0.114938630330561,0.0440053628497089
"PTPRJ","turquoise","turquoise",0.428512690747628,-0.264748078237636,0.162219896120584,0.0571391874068647
"LRRC55","blue","blue",-0.0818747894297731,0.153703530012835,0.110283061529604,0.131805975564446
"SSRP1","blue","blue",-0.0871701283585192,0.159634747855512,0.094222493866025,0.0627596475615294
"TIMM10","blue","blue",-0.0708974912211754,0.15211933186534,0.0717684287946568,0.0532200910887145
"UBE2L6","blue","blue",-0.0593023648231521,0.120218976546065,0.0567839811265309,0.0464789321380826
"YPEL4","grey","grey",-0.0216020934000256,0.0810463931283039,0.0683103757656993,0.0646876610422952
"ZDHHC5","grey","grey",0.0118376672683688,0.0410984376418222,0.078955954058638,0.0666894008954778
"MED19","grey","grey",-0.0370743827303804,0.134530520600213,0.112357599026464,0.0563852896749604
"CTNND1","grey","grey",0.100283237046095,-0.0236853139610363,0.0904126366866755,0.0333485487519372
"DTX4","grey","grey",0.0742951405965071,-0.00326111796773959,0.0915221595996824,0.0805278068839832
"OSBP","blue","blue",-0.0464681706875187,0.132952426851607,0.106436120386642,0.0879059726430329
"STX3","turquoise","turquoise",0.160926402448288,-0.0648636243028419,0.113828028174732,0.0842099647371051
"MRPL16","blue","blue",-0.042761543198362,0.100034975529579,0.0580068947678438,0.0337942315288097
"PRPF19","blue","blue",-0.234326373704541,0.371296002093889,0.143337242296925,0.0652436860085678
"TMEM132A","blue","blue",-0.102260029974014,0.203376662879394,0.112835973359022,0.0443772676192439
"VPS37C","grey","grey",0.0414758546041608,0.0196389078807789,0.0711762056741143,0.0488516552993219
"DDB1","blue","blue",-0.17869319393826,0.337326551699889,0.144278404730804,0.0799183669058472
"CPSF7","grey","grey",0.0193867248515054,0.0583340313324116,0.0988473659076973,0.0676452239791146
"AP003108.2","grey","grey",0.195347986913545,-0.0692476589155026,0.134546033545551,0.0610091624541534
"SYT7","blue","blue",0.00254415378707211,0.120499535333394,0.161712220782042,0.154611050036994
"DAGLA","grey","grey",0.0218109201007453,0.0516669301365759,0.0884989641779913,0.0428312849329721
"TMEM258","blue","blue",-0.0477275612073813,0.11610824257847,0.0593493721309833,0.0361522706345632
"FADS2","grey","grey",0.0274387539660421,0.0235410722242713,0.0528042357386024,0.0247321466463561
"FADS1","grey","grey",0.0120131763359451,0.0492697592958571,0.0755724795223315,0.0451263533199881
"FADS3","grey","grey",-0.00597664799071533,0.0745568067137606,0.0809318674992098,0.0381399599031403
"FTH1","blue","blue",-0.272343340414534,0.278726001884714,0.00245125250302278,0.0221236263596839
"INCENP","grey","grey",0.0123611066554047,0.0549265274469927,0.0736031277101436,0.0319250281116295
"ASRGL1","blue","blue",-0.0865056453036752,0.233344425706758,0.157519834758003,0.135517114384132
"B3GAT3","blue","blue",-0.0950376981781214,0.177185729461452,0.0927531137710086,0.0762152750481926
"GANAB","blue","blue",-0.0978529243176245,0.189544389331324,0.104486434740747,0.033487380389234
"INTS5","grey","grey",-0.0556934613478951,0.0962846079127498,0.0507364192014135,0.0203264708124921
"UQCC3","blue","blue",-0.0759437874800032,0.151760596813376,0.071014442732156,0.0503535017720242
"UBXN1","blue","blue",-0.0783954079009474,0.151494892664093,0.0782742924174758,0.0411184174723432
"GNG3","blue","blue",-0.245801117004077,0.341678512440753,0.0852715923937609,0.106299287076362
"TTC9C","grey","grey",-0.00137419279722397,0.0868282969760452,0.0972432915779659,0.0633586183615194
"POLR2G","grey","grey",-0.0297637295778914,0.0595425327494113,0.0313369098984402,0.0133948303651078
"TAF6L","grey","grey",0.00141228536734409,0.0654125713790801,0.0742425343750223,0.0372798786217194
"TMEM223","blue","blue",-0.0465222560750515,0.121928589364478,0.0800181359043706,0.0516548963175395
"NXF1","grey","grey",0.0329982273251662,0.0165943226099543,0.0548095850940339,0.0170862086670144
"STX5","grey","grey",0.0636402062121923,0.00840115579584253,0.0809380703072336,0.0418795382401381
"WDR74","grey","grey",-0.0343479421566855,0.0880214092999275,0.0629489549033109,0.0278488490662673
"SLC3A2","blue","blue",-0.0791671866661487,0.169761326537802,0.106840161358258,0.0274373203418713
"PLA2G16","grey","grey",-0.0175520008503672,0.0650672153861268,0.0580421075821708,0.0676822797554693
"ATL3","grey","grey",0.058015359949998,0.00644006233892038,0.0854337106666148,0.0564804074215623
"RTN3","blue","blue",-0.502764171605623,0.578426655047074,0.0596866097752291,0.0398563083801492
"SPINDOC","turquoise","turquoise",0.134043733638888,-0.0527857302322187,0.0867814723239558,0.0451789821522165
"MARK2","grey","grey",0.10763839270609,-0.00252223296899992,0.133116276915227,0.0896096073298692
"OTUB1","blue","blue",-0.17804587495228,0.294875815788705,0.118521043949041,0.0991779660874346
"STIP1","blue","blue",-0.158558396504246,0.271789018618235,0.123487930623799,0.0691804429134267
"NUDT22","blue","blue",-0.052810430363353,0.132206256526691,0.0840069469077725,0.0854378127361229
"DNAJC4","grey","grey",-0.0379679242924477,0.0965995642963681,0.0677409999999209,0.0588299663139037
"VEGFB","blue","blue",-0.0550264239113209,0.137649331406662,0.0906574813829097,0.0839558857238104
"FKBP2","blue","blue",-0.155953342660433,0.244225424714254,0.0780522095237093,0.0518821491493318
"BAD","blue","blue",-0.0979272129377695,0.191769265915995,0.103156207688842,0.111929089228786
"GPR137","grey","grey",-0.0173610275977224,0.0763885861827266,0.0715841911400961,0.0550145137201719
"ESRRA","grey","grey",0.0191620897377879,0.0601087463592137,0.091870011072378,0.0520079457714823
"TRMT112","blue","blue",-0.124848738201598,0.205430866178532,0.0609109890692117,0.0359228358200693
"PRDX5","blue","blue",-0.179811819191402,0.282627493752458,0.0810607299742925,0.0610036590076124
"NRXN2","blue","blue",-0.0773170921078755,0.207734584517017,0.167156260910612,0.15142634270768
"SF1","grey","grey",0.00305177949745557,0.102273713368951,0.121290392860385,0.0769309133149588
"MEN1","grey","grey",-0.0289439311078519,0.0940037271482153,0.0776879194726615,0.0540387771141532
"EHD1","blue","blue",-0.0673044962943922,0.12113297364112,0.0643910010895053,0.0414631503623576
"ATG2A","grey","grey",0.00586579508518239,0.0402008644038008,0.0623992369403027,0.0675323707956136
"PPP2R5B","blue","blue",-0.113788600009911,0.211222611978039,0.121618075447161,0.128114932806873
"SAC3D1","blue","blue",-0.0547569331383459,0.11052922794019,0.0616652267287909,0.0527383498781391
"ZFPL1","grey","grey",-0.0290048036307945,0.0778271936935036,0.0584156406676429,0.0350703980659929
"VPS51","blue","blue",-0.0589450270340915,0.187751322196774,0.12378514073408,0.0621033672523108
"TM7SF2","blue","blue",-0.134673441381033,0.221447820458405,0.100774207325243,0.0491163007514046
"FAU","blue","blue",-0.132102551221283,0.19325398204572,0.0494112374289774,0.0338086413677654
"SYVN1","grey","grey",-0.019834199130446,0.0513159598141002,0.0504972008385229,0.0188749458757652
"MRPL49","grey","grey",-0.0586881109449029,0.116175399312567,0.066155578921865,0.0527041839550282
"CAPN1","blue","blue",-0.0992923968370951,0.216040540051666,0.132060172265506,0.0750282222757787
"DPF2","grey","grey",0.0228376136976516,0.0388677344470856,0.0806748440421795,0.0446122025975135
"NEAT1","turquoise","turquoise",0.644950237237397,-0.517579287369019,0.0952164289515081,-0.0182928977657375
"MALAT1","turquoise","turquoise",0.69810847217816,-0.713597504949003,-0.0467872945048208,-0.11211952086867
"SCYL1","blue","blue",-0.0945592534288013,0.214476234547253,0.13497167753341,0.0903468761367819
"LTBP3","grey","grey",0.023818641937008,0.0448545034836393,0.0757014182096792,0.028640239971058
"SSSCA1","blue","blue",-0.0722791723395432,0.127556850177048,0.0554316747644086,0.0415892993171793
"FAM89B","blue","blue",-0.0686936959790429,0.156810586354919,0.102357844805223,0.0856015385219555
"KAT5","grey","grey",-0.0489223948604438,0.12444605634019,0.0872772678086084,0.0776652009908292
"RNASEH2C","grey","grey",-0.00256398439712884,0.0476920110092379,0.0443860143437179,0.0228199773137724
"CFL1","blue","blue",-0.295654141572046,0.40898436717562,0.0928786444133645,0.0647793088818564
"SNX32","grey","grey",0.167674032851914,-0.0459904563154925,0.132987045090017,0.0516800371110641
"FIBP","blue","blue",-0.114811112103876,0.211090798348231,0.0900478629435913,0.0706214121664455
"CCDC85B","blue","blue",-0.270968637428826,0.388355411039131,0.12684439292949,0.152529482150082
"C11orf68","blue","blue",-0.0740323702140106,0.139168230109292,0.0702781068798021,0.0503190161401336
"DRAP1","blue","blue",-0.102045783489806,0.18381132675979,0.0713297283478387,0.04634718105702
"SART1","grey","grey",-0.0141642374874716,0.0779413758196849,0.068353220099795,0.0212659558279687
"BANF1","blue","blue",-0.076494969065659,0.134630194932481,0.0607020536350249,0.0437297399620752
"SF3B2","blue","blue",-0.0924475357844597,0.214297085148921,0.145024493035495,0.0672467489400109
"PACS1","turquoise","turquoise",0.263129615280788,-0.0725092819654379,0.205847313043831,0.114448986946482
"KLC2","blue","blue",-0.15345194461331,0.277521941446291,0.140893277976379,0.112598635483816
"RAB1B","blue","blue",-0.127476282246735,0.227083982909061,0.106346454128274,0.0913967253129928
"CNIH2","blue","blue",-0.0984328246137124,0.174471620093404,0.0883073285135995,0.0975677264118042
"TMEM151A","blue","blue",-0.167570520748121,0.259321274144031,0.109330332428788,0.05682406242635
"BRMS1","grey","grey",-0.0412946234080939,0.0859797416955153,0.0408718018763221,0.0450934430176445
"B4GAT1","blue","blue",-0.330240663317278,0.46001512212316,0.110642369477087,0.0562965727647489
"PELI3","blue","blue",-0.0947992071745935,0.171169268813304,0.0857584250451067,0.073674939020063
"ZDHHC24","blue","blue",-0.0793849019537433,0.159166457654035,0.0860596093950393,0.0447982214112294
"CTSF","blue","blue",-0.231428007148791,0.368768054150975,0.122127771116101,0.0453277858008099
"CCS","grey","grey",0.0458929586013956,0.0530219562945213,0.0993461866673738,0.0422036501150441
"RBM4B","grey","grey",0.011398925884977,0.0723810201788451,0.0908596539649025,0.0597227040617408
"SPTBN2","brown","brown",0.0246447504326266,0.054245310558044,0.116018456167681,0.20163441925178
"C11orf80","turquoise","turquoise",0.484141726153581,-0.311324150157381,0.172559778800122,0.0842494897824637
"PC","grey","grey",0.0408271022557183,0.057856342197067,0.104572588747679,0.0480518976713318
"LRFN4","grey","grey",-0.0240037111664152,0.0677196487924219,0.0670880415100128,0.0633093862437784
"SYT12","grey","grey",0.0171423673754664,0.0328137291096405,0.0653251930346119,0.0438056212101808
"KDM2A","turquoise","turquoise",0.323593044739026,-0.16129519248043,0.180019570413871,0.0990315580451876
"GRK2","grey","grey",-0.0464256920177104,0.131371262140714,0.12311100849237,0.121966274763329
"ANKRD13D","grey","grey",0.0790638731841796,0.0220489459672694,0.126551724159265,0.0980471937042163
"RAD9A","turquoise","turquoise",0.448964979455296,-0.28172917452731,0.178783544592568,0.0760972772992823
"PPP1CA","blue","blue",-0.0990738307815851,0.195178070388895,0.110065242533157,0.0922998634494344
"CARNS1","grey","grey",0.0478346867421766,-0.045932910238566,0.000123190297834004,-0.0088787690654051
"CORO1B","blue","blue",-0.0762119104820583,0.127374398438299,0.0554593695308151,0.021487089516562
"AIP","blue","blue",-0.0802253483831354,0.148632492029773,0.0696810707353825,0.036174534229851
"PITPNM1","grey","grey",-0.0387022372419656,0.106577844230478,0.0846244620006947,0.0847962784077069
"CDK2AP2","blue","blue",-0.0753974369648826,0.123228140435055,0.0486643475221236,0.0326275419675474
"GSTP1","blue","blue",-0.122294915793966,0.205196397603717,0.0685068314031615,0.0336373075015415
"NDUFV1","blue","blue",-0.113584203243344,0.287769150810508,0.164539239656565,0.100918202254657
"NDUFS8","blue","blue",-0.0878008824737293,0.195759295938928,0.104676044199769,0.0704632110102317
"CHKA","turquoise","turquoise",0.224530360418977,-0.105661522934242,0.124317338614739,0.0460494260798769
"KMT5B","turquoise","turquoise",0.201877170386482,-0.109401121798248,0.102045228577811,0.0638575922339701
"C11orf24","grey","grey",-0.0108776897225165,0.0449066566659724,0.0451553476419107,0.0457001723665205
"PPP6R3","turquoise","turquoise",0.281863587463358,-0.126867046855279,0.161347293779048,0.0602860250064601
"CPT1A","grey","grey",0.0382597012867497,0.0664040920505925,0.134836111945252,0.13585638283111
"MRPL21","blue","blue",-0.0906912839977864,0.179873176745381,0.0781777238009347,0.0535040372918179
"IGHMBP2","grey","grey",0.00217321816240227,0.0707497830451278,0.0946970242655774,0.0602667466914552
"TPCN2","turquoise","turquoise",0.23122146576174,-0.152122996790444,0.0838834022307834,0.0285573854593669
"ORAOV1","grey","grey",0.127000059253762,-0.0470592341182933,0.0905979024203943,0.0374947381509004
"PPFIA1","turquoise","turquoise",0.166920960848543,-0.0601735453267038,0.127063650489594,0.0723021283147726
"CTTN","grey","grey",0.116137300409759,0.0384476910929541,0.171426154523462,0.0893134214232821
"SHANK2","turquoise","turquoise",0.411522311731504,-0.223606644098825,0.202706350756842,0.113831472691168
"DHCR7","grey","grey",-0.0512360340126546,0.0829562538485024,0.0438369722371868,0.0281937859878475
"NADSYN1","grey","grey",0.157008210353019,-0.0732522583376839,0.0816978572673262,0.038927803432068
"RNF121","grey","grey",0.0651799847486219,0.00777014734537593,0.0857017906762554,0.0562943110527035
"NUMA1","grey","grey",0.0572805234607511,0.0190899991500267,0.10289997593438,0.0699941778871089
"LAMTOR1","blue","blue",-0.162418862112874,0.287896633350222,0.126859159554293,0.115072431445839
"ANAPC15","grey","grey",-0.0469803252060941,0.102415567714663,0.0535836329753245,0.0588401250808679
"CLPB","grey","grey",-0.0123184367813202,0.102934250329313,0.10174955377526,0.0679843392436911
"PDE2A","grey","grey",0.122749001146249,-0.0257868749639619,0.108933663781091,0.0594449620360393
"ARAP1","turquoise","turquoise",0.153246228360935,-0.0712406694871629,0.0902726715839162,0.0270382718359732
"FCHSD2","turquoise","turquoise",0.394941937693848,-0.207836540045008,0.187117332963226,0.086313953813607
"ARHGEF17","blue","blue",-0.0772002183710943,0.203566406850942,0.144600199584648,0.110160848987397
"FAM168A","turquoise","turquoise",0.331441750723527,-0.158567426040921,0.195583858239112,0.139044283910848
"PLEKHB1","grey","grey",0.0169922529718128,-0.0238378503152766,-0.0130711219222797,-0.0233132959624441
"RAB6A","blue","blue",-0.0185312448521281,0.203513253906513,0.198478873402581,0.169549600506596
"MRPL48","grey","grey",0.0320377290879662,0.0296791891059133,0.05937947733788,0.0304257799110006
"COA4","grey","grey",-0.031539393176818,0.0774753139494823,0.0462320725221248,0.0484510040358939
"PAAF1","grey","grey",0.0535380454561347,0.0391820490391324,0.103558585587985,0.0671171118720201
"C2CD3","turquoise","turquoise",0.251947839828399,-0.123709808147588,0.136587519594524,0.0827931595356562
"PPME1","blue","blue",-0.0747059565495451,0.229879431145251,0.154758992262323,0.0823069718859496
"PGM2L1","blue","blue",-0.412517167114855,0.527680659642225,0.131028351067509,0.175837999200246
"POLD3","grey","grey",0.0698354472581614,0.0236552589470071,0.115861009059149,0.0814100317951532
"RNF169","turquoise","turquoise",0.220413106350188,-0.113521132861521,0.113342547021385,0.057613599334088
"XRRA1","turquoise","turquoise",0.235131251009109,-0.0893544254270457,0.148771804354205,0.0809264224257355
"SPCS2","blue","blue",-0.0926256514831582,0.197025748781685,0.113279595814675,0.0919804567762283
"NEU3","grey","grey",0.103261272254176,0.0170036631040613,0.144935180533847,0.114847435825115
"ARRB1","turquoise","turquoise",0.323362113440683,-0.177177462523088,0.157280304754186,0.0736076582615071
"RPS3","blue","blue",-0.0663101979720676,0.134193107259602,0.0637467423492197,0.0371132195241079
"KLHL35","blue","blue",-0.0243275771162007,0.104839531625601,0.0760545189179157,0.0502136582575062
"GDPD5","grey","grey",0.0114507843675199,0.062320434028566,0.082710604784703,0.0725221385361837
"MAP6","grey","grey",0.0655088386705141,0.0908796917247803,0.171186418252532,0.108252496911018
"UVRAG","turquoise","turquoise",0.332861348692715,-0.189809558277657,0.131100215810882,0.0541207537306132
"THAP12","grey","grey",0.0114385416791447,0.0455183694023094,0.0749169523735745,0.0659806022659968
"GVQW3","turquoise","turquoise",0.14127646631875,-0.05968060716826,0.102127691457853,0.0835315295106801
"EMSY","turquoise","turquoise",0.264309818781843,-0.16179004203176,0.0915681064966564,0.0290566976170561
"ACER3","turquoise","turquoise",0.156853442362852,-0.0192178983435567,0.15248769204848,0.124446751174279
"PAK1","grey","grey",0.0340174072298454,0.119469617611291,0.152235367662262,0.108695930066372
"CLNS1A","grey","grey",0.0527424301835797,0.0891041937724771,0.142137789563737,0.0726692588123578
"AQP11","grey","grey",0.00664814028807618,0.0651350783038473,0.0859188510063274,0.0707449211107746
"RSF1","grey","grey",0.120329259694041,0.0326878702758923,0.182033625573146,0.132498023001847
"INTS4","turquoise","turquoise",0.188258437877137,-0.0807603126787275,0.109979487942224,0.0479705277390954
"ALG8","grey","grey",0.0852397699713683,-0.0162359070936995,0.0717126576994488,0.0239159900907885
"KCTD21","blue","blue",-0.0492937915140864,0.108688703883942,0.0720850671585425,0.0531020532124113
"USP35","grey","grey",0.005111854813706,0.0635866122385547,0.0928619663091955,0.0522947074572788
"GAB2","turquoise","turquoise",0.451674965990228,-0.25610593019885,0.181513150284043,0.0792547469272744
"NARS2","turquoise","turquoise",0.152644125321746,-0.0578310577745423,0.10046933756008,0.0560431099923416
"TENM4","turquoise","turquoise",0.452299018768061,-0.266167495867283,0.178890979741304,0.0733297082541518
"PRCP","blue","blue",-0.029969766272988,0.178416123327003,0.160824588521046,0.071566104094071
"RAB30","turquoise","turquoise",0.196947441835767,-0.0502337581044601,0.170499818299687,0.143186443322
"RAB30-AS1","turquoise","turquoise",0.208952609356787,-0.11169544355365,0.0880240676097986,0.0335688578991197
"PCF11","turquoise","turquoise",0.143876852326693,-0.0570557785164175,0.100763034299603,0.0691551852044552
"ANKRD42","grey","grey",0.0698528299698288,0.0272140053902298,0.109879220187698,0.0819939416535325
"CCDC90B","grey","grey",0.018252038177007,0.0770944606532183,0.106579799193711,0.0862162599990376
"DLG2","turquoise","turquoise",0.60608163180866,-0.407909941409103,0.173386759254386,0.0636303848088611
"TMEM126B","blue","blue",-0.12490746516968,0.240541399153484,0.116743091194622,0.0677582791982964
"TMEM126A","blue","blue",-0.0434992144536456,0.100105568645123,0.0556680785500405,0.0361635031821877
"CREBZF","turquoise","turquoise",0.207386982870636,-0.0776188532892213,0.132213431603583,0.0551367424246496
"SYTL2","grey","grey",0.110577116362693,0.00365247531222995,0.132520064904533,0.0946798700649127
"PICALM","turquoise","turquoise",0.1748586369323,-0.0258220853550626,0.156446297264092,0.0645798074666398
"EED","grey","grey",0.0847165829489361,-0.0109189602677466,0.0743970761372378,0.0324255713247645
"HIKESHI","grey","grey",0.0247760048730388,0.0698440575719916,0.0955715678080311,0.0552451760857661
"ME3","grey","grey",0.171410521413799,-0.00157927167167929,0.169648678571374,0.0727049025574203
"TMEM135","turquoise","turquoise",0.277155032763307,-0.12724646899591,0.145069882948681,0.0787648354505019
"GRM5","turquoise","turquoise",0.493295966182267,-0.298993953611097,0.182307956993865,0.0730666022950076
"NAALAD2","turquoise","turquoise",0.413198422085701,-0.252772268124123,0.156821303695697,0.0455085254456192
"CHORDC1","blue","blue",-0.00977157837348095,0.120059323086725,0.11912390823468,0.0567942373715545
"FAT3","turquoise","turquoise",0.297523593822779,-0.168848269316179,0.13202218842385,0.0784800300850767
"SLC36A4","grey","grey",0.0799899026189882,0.0334293574379264,0.136817184388525,0.145363896506911
"SMCO4","grey","grey",0.0850860137437296,0.0030190430814382,0.0893661444960869,0.0562241230312853
"CEP295","turquoise","turquoise",0.245167229487982,-0.118149559038362,0.134307550973264,0.0695409450232457
"TAF1D","turquoise","turquoise",0.247005467340438,-0.0874665109178831,0.158716611434142,0.0696977100716007
"VSTM5","grey","grey",0.0717708423516754,-0.0126256305450393,0.0750320972501531,0.0812430919266512
"PANX1","grey","grey",-0.0280719583235153,0.0970249278421454,0.0901396972266758,0.0586490682071978
"MRE11","grey","grey",0.0916855540432881,-0.0194604483003847,0.0786849716269995,0.044882922743319
"CWC15","blue","blue",-0.0741610895091045,0.144527777178463,0.07490197928101,0.0609059999955618
"SRSF8","blue","blue",-0.0704245183164326,0.140264219039657,0.078368706194528,0.0928972335985997
"ENDOD1","blue","blue",-0.187405287457619,0.301171559608528,0.131268875058039,0.0629099028276863
"SESN3","grey","grey",0.0469832816795029,0.0403345143517676,0.114288910847432,0.128040027296167
"CEP57","turquoise","turquoise",0.145459552850279,-0.0447344585624726,0.107596881713287,0.0523305991517799
"MTMR2","grey","grey",0.0746536647774874,0.0197800471704187,0.105643689597225,0.0771288926508769
"MAML2","turquoise","turquoise",0.240035707130908,-0.163628183550524,0.0482776853029341,-0.0168719045695511
"CCDC82","grey","grey",0.079615014675508,0.0194436365547869,0.113961970415584,0.0926877828344854
"CNTN5","turquoise","turquoise",0.486982815695434,-0.32562116267749,0.116210622322376,0.0341012378632959
"PGR","grey","grey",0.0653412930375064,0.0100345609874317,0.102544821265352,0.0952431287095785
"TRPC6","turquoise","turquoise",0.27655122338796,-0.125880799382777,0.162923340914344,0.0892076734807963
"CEP126","turquoise","turquoise",0.154001326412561,0.0206750545731986,0.212101177540577,0.198742131516386
"BIRC2","grey","grey",0.0115806379481319,0.0836538106268169,0.116685228717035,0.0910751035431703
"DCUN1D5","blue","blue",-0.0302806354774978,0.127414241773295,0.107664322545374,0.0795309652401419
"DYNC2H1","turquoise","turquoise",0.249579082444962,-0.0908546428907943,0.169163116952704,0.113945248462111
"GRIA4","turquoise","turquoise",0.208083988755394,-0.0622761695584192,0.149745725310234,0.0690037412655303
"MSANTD4","blue","blue",-0.0731883436303778,0.16837924253438,0.121846666094898,0.102682122304155
"KBTBD3","grey","grey",0.00704476564077394,0.0665936251439464,0.0897999608444104,0.0640543467655029
"AASDHPPT","blue","blue",-0.203885594083373,0.330120552560339,0.142294867434133,0.108462602635575
"GUCY1A2","grey","grey",0.0841252780541952,-0.00275472611974682,0.0704171832942174,0.0337699667630633
"CWF19L2","grey","grey",0.145987438724269,-0.029779671783537,0.128575329640634,0.0918363445243458
"ALKBH8","grey","grey",0.112645817631812,-0.0284255209177838,0.09808900074411,0.0628394283294452
"ELMOD1","blue","blue",-0.134643967753856,0.263812738211621,0.139799708932568,0.0848650035810899
"CUL5","grey","grey",0.0809280729568285,0.0588709452289668,0.156553661006616,0.0957028437996033
"ACAT1","grey","grey",-0.000559617776919871,0.121727494453714,0.133449863254434,0.0489458226330666
"NPAT","turquoise","turquoise",0.11316770316648,-0.0355792996315356,0.0872517294149239,0.051063978252343
"ATM","turquoise","turquoise",0.214337292257622,-0.0863733511221884,0.135220370969235,0.0969813766138491
"DDX10","grey","grey",0.130284224501946,0.00172631512165937,0.155194353280876,0.0691995001727564
"C11orf87","grey","grey",-0.0280784781413496,0.0724724907726404,0.0720597084168326,0.0625427249375991
"RDX","grey","grey",0.0460307891600534,0.0836207636823545,0.141464198755217,0.055797790199587
"ZC3H12C","turquoise","turquoise",0.206652518315379,-0.121316662726233,0.0859860284705322,0.0414381421790832
"FDX1","blue","blue",-0.0604162945484211,0.177822381148632,0.128128624702632,0.0928796256075696
"ARHGAP20","turquoise","turquoise",0.162310952336571,-0.0693358105116506,0.100468014154598,0.065461273879651
"SIK2","turquoise","turquoise",0.166740709967227,-0.0227299068231637,0.171900729988653,0.125182294361823
"PPP2R1B","grey","grey",0.0594193174659554,-0.00719857958946139,0.059689432925536,0.0141205412270697
"CRYAB","grey","grey",-0.0545539208318588,-0.00402630192858764,-0.066052015623684,-0.0604825873094635
"DIXDC1","turquoise","turquoise",0.181425128156694,-0.051786841271229,0.14321749977359,0.107049438223342
"DLAT","blue","blue",-0.0636420075720842,0.186438810185574,0.142734071363577,0.116274804970946
"NKAPD1","grey","grey",-0.00302686700562879,0.0702998526808047,0.0802468572050995,0.0607192099290401
"TIMM8B","grey","grey",-0.0445087206746938,0.106439699998228,0.0642413928277834,0.0651447208112094
"BCO2","turquoise","turquoise",0.356807606045689,-0.20636871475085,0.144533824304802,0.0505940812413869
"PTS","blue","blue",-0.0173342440204527,0.15353179853907,0.131131133876287,0.101493919076699
"AP002884.1","grey","grey",0.043733733060749,0.032350588893807,0.0841672915117957,0.0593293313711202
"NCAM1","grey","grey",-0.0336566432399157,0.190886809546384,0.179255304705217,0.0314824817614784
"DRD2","grey","grey",0.0952851360644647,0.0540569516137679,0.184888671481702,0.133694367953347
"ZW10","grey","grey",-0.0103203131706522,0.10742495132607,0.121754223452912,0.0740563148354291
"USP28","turquoise","turquoise",0.192415053735389,-0.104032482406677,0.0951160795970726,0.0414325960799737
"ZBTB16","turquoise","turquoise",0.178527897176465,-0.113088465872692,0.0655879255865262,0.0272199955287684
"REXO2","blue","blue",-0.090018848127689,0.202102321042947,0.110167500641542,0.0664385717240435
"CADM1","turquoise","turquoise",0.230107819857163,-0.0650584247449436,0.164291038380776,0.0567485280677581
"ZPR1","blue","blue",-0.0682472518392498,0.132380002542074,0.079334034522163,0.0781110926355894
"SIK3","turquoise","turquoise",0.32373907503209,-0.13687147025264,0.183156714922201,0.0930655806294094
"PAFAH1B2","blue","blue",-0.200881968646103,0.33468752819575,0.159319755868899,0.197399739824857
"SIDT2","grey","grey",0.0139024210099444,0.0274947303385825,0.0523476143608535,0.00751384155838525
"PCSK7","turquoise","turquoise",0.310716474370506,-0.161585139885765,0.162088393770938,0.082708448658938
"RNF214","grey","grey",0.0742274342587637,0.00425281705425374,0.0850701871279693,0.0432457285648573
"BACE1","grey","grey",-0.0124572578576696,0.118352198171623,0.13553054199305,0.117519488029455
"CEP164","turquoise","turquoise",0.249306547249373,-0.145538783458514,0.11509447764036,0.0539183420095683
"DSCAML1","turquoise","turquoise",0.329701933240784,-0.209719216304332,0.106658144939934,0.0253204425409912
"SCN2B","blue","blue",-0.194499425705221,0.31681009333856,0.14878034770868,0.162230301915699
"UBE4A","blue","blue",-0.127283743036376,0.268535948374386,0.151334904329103,0.108339283343213
"ATP5MG","blue","blue",-0.0895628410322415,0.214580770396917,0.117392773572478,0.100329970758427
"KMT2A","turquoise","turquoise",0.274922932165105,-0.0966333184355365,0.205562054537209,0.163509829397612
"TMEM25","blue","blue",-0.100536313734794,0.2069603282631,0.117461546287587,0.0727438859490951
"IFT46","grey","grey",0.022725174964386,0.03571702292532,0.0611328224869185,0.0254383444323808
"ARCN1","blue","blue",-0.127541787087628,0.226354272754002,0.124138791032849,0.073886299327685
"PHLDB1","turquoise","turquoise",0.158042954675302,-0.105848086354635,0.0397130450249616,-0.00489643805122118
"AP002954.1","blue","blue",-0.0945928536583117,0.181917730569256,0.110902433206127,0.132859634098314
"DDX6","brown","brown",-0.0270261665658005,0.138218258982725,0.155744026426679,0.238515189359912
"CCDC84","turquoise","turquoise",0.377535748250301,-0.23581403657128,0.133518049231528,0.0448125383105574
"RPS25","grey","grey",-0.0513075767501331,0.0809304808865403,0.0213500413496464,0.00526515044061715
"TRAPPC4","blue","blue",-0.0979849288468541,0.198408203430916,0.0932853982451179,0.0494958842036027
"HYOU1","blue","blue",-0.148349493174047,0.235887949189091,0.11261785037791,0.111622879334509
"VPS11","blue","blue",-0.128924691650517,0.240812963500677,0.101673028150518,0.0357574016785664
"H2AFX","blue","blue",-0.063985200941,0.127743395709266,0.0753236724805543,0.0509131001027124
"DPAGT1","grey","grey",-0.0495216509912245,0.0908448172160483,0.0435347323236366,0.0167180657615343
"C2CD2L","blue","blue",-0.079701446151233,0.162551669096921,0.0971506143745947,0.0759486755775901
"ABCG4","grey","grey",-0.0263843892020095,0.0820296313730564,0.0703274717075594,0.0378542425605287
"CBL","grey","grey",0.0649013344557423,0.0506383072187949,0.140891743012126,0.107867515895038
"RNF26","blue","blue",-0.0749518760484173,0.112853219710153,0.0508262416652461,0.0487684935877585
"USP2-AS1","blue","blue",-0.0640296700617496,0.149950784514176,0.0860155706947514,0.0477645689197046
"THY1","blue","blue",-0.569818758014335,0.615629494794483,0.0484515208007938,0.0846001319412786
"NECTIN1","grey","grey",0.00791539427736398,0.0446285701044806,0.0678992276271755,0.0613636269171341
"ARHGEF12","turquoise","turquoise",0.238613364726444,-0.0886981148660647,0.168567010114783,0.136550421645629
"GRIK4","turquoise","turquoise",0.259816385071308,-0.16541305314313,0.0901179702542303,0.0205113752796754
"SC5D","blue","blue",-0.13285471254918,0.217257525654698,0.100362012091014,0.061694962492501
"SORL1","grey","grey",-0.0231199866496508,0.134077013404055,0.125358299353285,0.0617194766624718
"UBASH3B","grey","grey",0.109994382209288,0.0572350154567814,0.201918432927531,0.159081080744978
"JHY","grey","grey",0.125630262122894,-0.0377530963573488,0.0931410275784901,0.0561171967810485
"HSPA8","blue","blue",-0.539992282892548,0.584384733162496,0.0351657498381543,0.0283942988768054
"GRAMD1B","grey","grey",0.12997688700529,0.00246131166159203,0.162153189881311,0.125690108494575
"SCN3B","blue","blue",-0.135284059337964,0.264192847705934,0.173529616222278,0.210331659146008
"VWA5A","blue","blue",-0.124247474219929,0.229394016941237,0.119622992260212,0.0424266941368731
"TBRG1","grey","grey",0.0379187274249588,0.0532862310261212,0.113795759045016,0.116074747697964
"SIAE","blue","blue",-0.187227107827975,0.321721764654111,0.121949091131179,0.0424966504353774
"SPA17","grey","grey",-0.0171445401207073,0.0882147105252748,0.0742314074202127,0.0557035091889474
"MSANTD2","turquoise","turquoise",0.144337488007323,-0.0854155892335247,0.0594847876773231,0.0308239915844155
"HEPACAM","grey","grey",0.0357490681280981,-0.0468700800010928,-0.0123239645870148,-0.0158238654754696
"PKNOX2","turquoise","turquoise",0.436833737596134,-0.25410464493933,0.177436274233996,0.0797150397613662
"FEZ1","blue","blue",-0.142227765538121,0.22766728894405,0.0910244627423099,0.105219276597571
"EI24","blue","blue",-0.0739945601424265,0.170054983291077,0.125539346064568,0.145062359799682
"STT3A","grey","grey",-0.0421222886718849,0.0894750524383472,0.064947054482733,0.0351617525279699
"DDX25","blue","blue",-0.0206174536635758,0.109313006354113,0.0854561127250267,0.0550703272051508
"CDON","turquoise","turquoise",0.38167483193621,-0.232850103629422,0.147911385833203,0.059926741421021
"RPUSD4","grey","grey",-0.0322113579673639,0.0909058449263011,0.0667056637182435,0.0441378518516409
"FAM118B","grey","grey",0.11083213281202,-0.0406375449121193,0.0803342767274508,0.0494905787884908
"SRPRA","blue","blue",-0.161880443454581,0.253556798152268,0.0908835855024215,0.0420260849023118
"FOXRED1","grey","grey",0.0351112389489111,0.0716597356356664,0.102441802453182,0.0555470804462289
"KIRREL3","turquoise","turquoise",0.486835359511494,-0.311053940502304,0.148963196012421,0.039235188399917
"ARHGAP32","turquoise","turquoise",0.324450691226762,-0.151332080771598,0.177950540589538,0.127243907221169
"PRDM10","turquoise","turquoise",0.203454544701139,-0.104755246199359,0.101883364807229,0.0605550386998483
"APLP2","blue","blue",-0.373457173945273,0.492979725165525,0.107306826692088,0.024474359382008
"ZBTB44","turquoise","turquoise",0.112448345897701,0.005419103646668,0.145164721609982,0.152927901127836
"SNX19","grey","grey",0.0266381238623006,0.0652952687435005,0.109496350761299,0.0560651120876632
"NTM","turquoise","turquoise",0.338639999614808,-0.18122240515528,0.124342610618266,0.0343870221765382
"OPCML","turquoise","turquoise",0.299567463933658,-0.188365387537711,0.101927783700108,0.0436138288143926
"IGSF9B","turquoise","turquoise",0.339897034111869,-0.235261098264166,0.109639008393381,0.030769832602089
"JAM3","turquoise","turquoise",0.319463843749974,-0.192789945576754,0.125843889641336,0.0471894784580778
"NCAPD3","grey","grey",0.0889698647260355,-0.0425109061179637,0.0523693845832092,0.023356284227555
"VPS26B","blue","blue",-0.0346729099641425,0.132836332601437,0.105360714120003,0.101071721818478
"ACAD8","grey","grey",0.00397211565784038,0.0578730073327434,0.072232903562289,0.0433550149523117
"B3GAT1","grey","grey",0.0680281657529889,-0.0312553354271481,0.0535392402737586,0.0513389335321661
"ZMYND11","turquoise","turquoise",0.167845949775786,-0.0568091165358329,0.12901067630714,0.115994639775103
"DIP2C","turquoise","turquoise",0.408561230900646,-0.225804481144256,0.181419126144293,0.0881559459414709
"LARP4B","turquoise","turquoise",0.188422077590545,-0.0485402016440596,0.156494516468279,0.118900547962859
"GTPBP4","blue","blue",-0.0621174299213062,0.13579637095885,0.0913143894174795,0.062202961768842
"IDI1","blue","blue",-0.192097816837744,0.327656857898148,0.14119566171177,0.11330684265088
"WDR37","turquoise","turquoise",0.145544310504197,-0.0204311403751334,0.145259791753079,0.110914770213452
"ADARB2","turquoise","turquoise",0.62995169399139,-0.431389369639799,0.187194720075041,0.0730923590826514
"ADARB2-AS1","grey","grey",0.035433763826731,-0.000234505482881181,0.0420804903008515,0.0493384543622914
"PFKP","grey","grey",0.0449355651111884,0.0993221140895074,0.140980172115943,0.048297678423121
"PITRM1","blue","blue",-0.0937571257364972,0.224377184042024,0.13923855665563,0.100481967466622
"KLF6","grey","grey",0.0221634292003306,0.0383444481347535,0.0847703415029563,0.0747942437621105
"ASB13","grey","grey",0.0228056209899868,0.0327234773099005,0.0724380240225315,0.0599174074485878
"FAM208B","turquoise","turquoise",0.323221759563146,-0.190268565901701,0.134088631292146,0.0664138106306625
"GDI2","blue","blue",-0.190532453090579,0.340785261659731,0.140979054411235,0.0649673696529937
"ANKRD16","grey","grey",0.153168561687247,-0.0594118400488801,0.104310886044066,0.0560504275761668
"FBH1","grey","grey",0.0887698426213519,0.00559345960408494,0.108932744131873,0.0527341517989869
"RBM17","grey","grey",0.0417013492296485,0.0593551124408029,0.118949810389168,0.0734528756723859
"PFKFB3","turquoise","turquoise",0.14887675922389,-0.0800680634223012,0.0702235269289615,0.0407692410984964
"SFMBT2","turquoise","turquoise",0.220440961787682,-0.145206103078659,0.0626456939676907,0.00693634360344117
"KIN","grey","grey",0.113062004279687,-0.0419662091021617,0.0783469047466356,0.0413271657420046
"ATP5F1C","blue","blue",-0.0989428119837179,0.244077497978143,0.133233515250954,0.0710972515479745
"TAF3","turquoise","turquoise",0.176790083036241,-0.0582808000414199,0.125921167805054,0.0860313263261139
"CELF2","turquoise","turquoise",0.306709227272439,-0.122446319940587,0.203076651747092,0.13754280665198
"USP6NL","turquoise","turquoise",0.15372767715813,-0.0834533073812948,0.0728469202021715,0.0518041457678166
"UPF2","grey","grey",0.113382124176075,-0.012461163547899,0.117652619628785,0.077713908462602
"DHTKD1","grey","grey",0.13339918737178,-0.0436711040116785,0.0965043083562836,0.0469076341104356
"SEC61A2","grey","grey",-0.00696960003800005,0.108530984303433,0.116368411572161,0.0538070732746487
"NUDT5","grey","grey",0.109453070155961,-0.0226664002325877,0.0886656430533812,0.0466009233733944
"CDC123","grey","grey",0.027569321590634,0.0899385353589541,0.124446759121009,0.0673304256771894
"CAMK1D","turquoise","turquoise",0.354298888775337,-0.185264316153008,0.17466100742912,0.114240648973758
"CCDC3","turquoise","turquoise",0.389827297929064,-0.244390856163508,0.144381410514123,0.0693107090205706
"OPTN","blue","blue",-0.202169175347655,0.345398625401604,0.165060772375982,0.190899323345437
"PHYH","grey","grey",-0.0363978947216849,0.117502792152073,0.0846592457394066,0.059569043911853
"SEPHS1","grey","grey",-0.000200827753908482,0.0600210693186184,0.0747233956003059,0.0621073984272419
"BEND7","turquoise","turquoise",0.175632435471007,-0.0705671517127858,0.11030206011086,0.0689263263401511
"AL157392.5","grey","grey",0.0536531600724739,0.0014734129769957,0.0765029038156876,0.080433099842606
"FRMD4A","turquoise","turquoise",0.71310724877298,-0.521419651982867,0.1624241950953,0.0315819443777864
"FAM107B","turquoise","turquoise",0.0968754267707425,-0.0647744263750728,0.0219646928594095,-0.0136691478811816
"HSPA14.1","grey","grey",0.0191735819594375,0.0314942077748972,0.0515314040984036,0.0156514283685076
"NMT2","grey","grey",0.104576829476405,-0.0122647980907622,0.105568434732514,0.0644800829438963
"FAM171A1","turquoise","turquoise",0.238752146384925,-0.114200808545769,0.132414211575805,0.0607809952632601
"MINDY3","grey","grey",0.0774902762286556,0.0594445820601587,0.148872188254085,0.0934516761605621
"RSU1","turquoise","turquoise",0.197318737936993,-0.0822872949260573,0.121051153693041,0.0624762567615007
"ST8SIA6","turquoise","turquoise",0.389828766995141,-0.193729814100465,0.205536488119686,0.108122693042298
"HACD1","grey","grey",0.0855395768976327,-0.00257720411807293,0.0976263395932945,0.0457315514187732
"STAM","blue","blue",-0.0686709854115833,0.178995630386843,0.129168979713349,0.0532739811976661
"CACNB2","turquoise","turquoise",0.425251722547784,-0.259334296164233,0.151554978939183,0.0637385606281976
"NSUN6","turquoise","turquoise",0.235249026680425,-0.0913817410972703,0.141322742412143,0.0707422301650419
"ARL5B","grey","grey",0.0130897389391063,0.052167698776003,0.0852170476461581,0.0919045251634105
"PLXDC2","turquoise","turquoise",0.369785474895438,-0.20193764207904,0.15776473452667,0.0771917769021349
"NEBL","turquoise","turquoise",0.314626913810445,-0.153403127027514,0.159146997657184,0.124986240397294
"MLLT10","turquoise","turquoise",0.496557486948342,-0.323892519066449,0.164287449538765,0.056970916987084
"DNAJC1","turquoise","turquoise",0.284092985976424,-0.171832626237,0.108230277968691,0.0329704207101914
"BMI1","grey","grey",-0.0299048204320969,0.0563330527936515,0.0464465617892053,0.063166420766032
"PIP4K2A","turquoise","turquoise",0.175258803891938,-0.111909862733159,0.0433142782962475,0.0131032853411083
"MSRB2","blue","blue",-0.0685318088674883,0.161388753101864,0.0953208480053745,0.0939253400940665
"KIAA1217","turquoise","turquoise",0.218639180661376,-0.157855377789168,0.0425906473638192,0.00221617549101098
"ARHGAP21","turquoise","turquoise",0.253741540468367,-0.145481355235289,0.116276065296005,0.0810246932835975
"PRTFDC1","turquoise","turquoise",0.170000848437675,-0.100627301736515,0.0620738461871654,0.0120443136950365
"THNSL1","grey","grey",-0.0365618619151202,0.0927867769557367,0.0651403086578043,0.0490767708555525
"GPR158","grey","grey",0.130684854406727,0.0453222010026487,0.198386237018871,0.104494692862988
"ABI1","grey","grey",0.065744224471055,0.0120949510501305,0.0953280906414874,0.038881191122564
"ANKRD26","turquoise","turquoise",0.242458613134305,-0.110154086222887,0.148539175910954,0.0685036982590202
"YME1L1","grey","grey",-0.0235860333089028,0.142049239783716,0.142939728775918,0.111497309748757
"ACBD5","blue","blue",-0.037974624300902,0.119474235702017,0.107093839553716,0.101666437703183
"RAB18","blue","blue",-0.108267196444088,0.233712330293052,0.140691924716959,0.132416933980943
"MPP7","turquoise","turquoise",0.184853279639446,-0.0674483857245713,0.118466754552273,0.0743186209822987
"WAC-AS1","grey","grey",0.0348719708044149,0.0578986949061604,0.120915059287319,0.127632750077515
"WAC","grey","grey",0.056336568669384,0.082795602235592,0.170172084047624,0.175274636752675
"MTPAP","grey","grey",-0.0121689308786993,0.0679154188851646,0.0802614562407504,0.101045362164975
"ZNF438","turquoise","turquoise",0.348593502786569,-0.215736232615708,0.122623227498691,0.0453174225193649
"ZEB1-AS1","turquoise","turquoise",0.248749224960801,-0.148461597492822,0.0895023560988983,0.040296509270809
"ZEB1","turquoise","turquoise",0.340261889534755,-0.15652810117209,0.193020968755299,0.138159036061023
"ARHGAP12","blue","blue",-0.032496108942584,0.180806003881571,0.153892524522145,0.103188933287613
"KIF5B","blue","blue",-0.0647961113859835,0.188308782483794,0.145074086111132,0.125005909573312
"EPC1","turquoise","turquoise",0.365695940723156,-0.229820429081565,0.127961216270037,0.0510821407426428
"CCDC7","turquoise","turquoise",0.389975040339244,-0.249698962866861,0.120848772679107,0.0362442045296104
"ITGB1","blue","blue",-0.0547915989489394,0.153876006964008,0.104811316666262,0.0418698233823423
"PARD3","turquoise","turquoise",0.350921171548201,-0.214145719604717,0.134730843420558,0.0496862959596926
"CUL2","blue","blue",-0.0691037091179438,0.202719587142545,0.151022870750105,0.0935648680585323
"CREM","grey","grey",0.0937833681009065,0.00599808961547051,0.104603091339677,0.0557272557917064
"CCNY","turquoise","turquoise",0.187447082493622,-0.0397856316703788,0.152465122111925,0.114836575229886
"ZNF248","turquoise","turquoise",0.361177743261457,-0.17499874016726,0.187419123142718,0.120787217330647
"ZNF25","grey","grey",-0.00571829570761788,0.116836311975254,0.148323286814152,0.142669199054986
"ZNF33A","grey","grey",0.133190938605295,-0.00259940441210598,0.140723284226015,0.101453686575991
"LINC00839","grey","grey",0.0178026432650467,0.033272386995226,0.066985324918301,0.0525953483725045
"ZNF33B","turquoise","turquoise",0.131697025573022,-0.0433064083901619,0.102723411772422,0.0894877351580769
"BMS1","blue","blue",-0.0509695460234111,0.16437184923174,0.129905399283393,0.0855064195195601
"RET","blue","blue",-0.290953370458026,0.405500442252759,0.139108751730466,0.0579577913937688
"CSGALNACT2","turquoise","turquoise",0.263320908391716,-0.146496519316077,0.114314230755688,0.0644240256374048
"RASGEF1A","grey","grey",0.0534864325155872,0.00963547139383353,0.0877481867559355,0.0733577267281284
"HNRNPF","grey","grey",0.0203959441555115,0.0320991557541738,0.0640519992453849,0.0399513526414809
"ZNF32","grey","grey",-0.0129903710332487,0.0801081065642991,0.0716968331847839,0.0561607735281492
"RASSF4","turquoise","turquoise",0.118625344041002,-0.0453316957389869,0.065082200890108,0.0351888481064002
"DEPP1","grey","grey",-0.0463264157405436,0.0616422452944289,0.0262890977235848,0.00852373366423501
"MARCH8","turquoise","turquoise",0.222281666865197,-0.125472181653661,0.0950189875842147,0.0549614755816634
"WASHC2C","blue","blue",-0.0284563853600415,0.132785592430101,0.105720125566941,0.061780047201414
"AGAP4","turquoise","turquoise",0.25739319875957,-0.167463089269602,0.0944868547108204,0.0425235286931829
"TIMM23","grey","grey",0.00189757748046823,0.0972248353377158,0.0999769259643081,0.0570708017507422
"NCOA4","blue","blue",-0.186119151678278,0.29393920009898,0.130215960185177,0.106800516930631
"AL356056.2","turquoise","turquoise",0.26526512225349,-0.162861801268813,0.0950322864299014,0.0354414575666718
"PTPN20","turquoise","turquoise",0.207248805477905,-0.089066190426829,0.10419824229942,0.0599781302285901
"MAPK8","turquoise","turquoise",0.254992931888257,-0.0799520416713999,0.169075131511905,0.0841928625123154
"ARHGAP22","turquoise","turquoise",0.364430018962204,-0.231402773457268,0.123705753728026,0.0376869462356521
"ERCC6","turquoise","turquoise",0.139849024494836,-0.0832578379388846,0.0673860277661502,0.033391332884411
"OGDHL","blue","blue",-0.178447660564992,0.336712757259752,0.137011195509893,0.0836251816430531
"PARG","turquoise","turquoise",0.20571325060202,-0.0594165952513557,0.142752040561185,0.0758667526035399
"TIMM23B","turquoise","turquoise",0.478371772884494,-0.323350118668827,0.145163179840303,0.0484187658955493
"AGAP6","turquoise","turquoise",0.268820565130441,-0.171264407146646,0.0892398886903331,0.0289036943353258
"WASHC2A","blue","blue",-0.0655546180453021,0.166358655945082,0.105392515771594,0.0425389184196159
"SGMS1","turquoise","turquoise",0.347662683819345,-0.202068693823398,0.142311986853856,0.0661519880487098
"ASAH2B","grey","grey",0.0227800376688719,0.0312991569954915,0.0697201803013197,0.0653455301520458
"PRKG1","turquoise","turquoise",0.676273084137347,-0.504333193679599,0.139474246622204,0.0318608977188076
"CSTF2T","grey","grey",-0.042353019946951,0.0705784137531058,0.0486724050279023,0.0307148491855592
"PCDH15","turquoise","turquoise",0.679301447684562,-0.509222009127401,0.139710986507436,0.0410094060959544
"IPMK","turquoise","turquoise",0.182082325750952,-0.0932234937287014,0.0955649675821611,0.0612350912392704
"CISD1","blue","blue",-0.22768157662517,0.378574168073066,0.145487728948163,0.141938242860633
"UBE2D1","grey","grey",-0.0102447635669808,0.105217599659543,0.110039371465378,0.0758102202731564
"TFAM","grey","grey",-0.0340989072280082,0.0939756155809296,0.0768520211436268,0.0780936236946828
"PHYHIPL","blue","blue",-0.175681528679563,0.361195419730687,0.182907725931755,0.102997026926358
"FAM13C","turquoise","turquoise",0.246838018519449,-0.0714057391852902,0.177375133825927,0.108157770525612
"SLC16A9","turquoise","turquoise",0.236147136311384,-0.141333564883881,0.0914379353166392,0.0387187121631226
"CCDC6","blue","blue",-0.0247027735766285,0.188343493112843,0.185419521068217,0.175658524855303
"ANK3","turquoise","turquoise",0.372080154540721,-0.137371004780039,0.227553184751933,0.116102939719985
"ARID5B","turquoise","turquoise",0.192255138813039,-0.0935511274369314,0.107164795459699,0.059661188590852
"ZNF365","grey","grey",0.0203998500025914,0.0531057957396283,0.0843917836041162,0.0870375877858809
"ADO","blue","blue",-0.0646517864483263,0.160449746686567,0.11595077706213,0.11436547585318
"NRBF2","blue","blue",-0.0655816400309416,0.137969721353006,0.0859105694745742,0.0570530257962642
"JMJD1C","turquoise","turquoise",0.533854963239568,-0.355136004032297,0.163761917488356,0.0592711001955492
"REEP3","turquoise","turquoise",0.226131223455847,-0.143531194746817,0.0778134326442773,0.0350514883949101
"CTNNA3","turquoise","turquoise",0.242022340569382,-0.188904775014822,0.000530261016995165,-0.0265643227452243
"LRRTM3","turquoise","turquoise",0.394170521466485,-0.204263439266639,0.192577860778987,0.106420142808326
"DNAJC12","blue","blue",-0.165803143302138,0.308458580898982,0.138793376938222,0.092736497034112
"SIRT1","turquoise","turquoise",0.136968986169067,-0.0708016141692787,0.0616874610484653,0.0363232730088506
"HERC4","turquoise","turquoise",0.379284099473076,-0.192469032980171,0.183359284198185,0.0686379902371422
"HNRNPH3","grey","grey",-0.0222558541238015,0.0965010877674891,0.0891775746370887,0.0258958101859242
"RUFY2","grey","grey",0.0947411767529223,0.0405862762262203,0.150906463952242,0.0795136210075019
"SLC25A16","turquoise","turquoise",0.172945201296,-0.0487419598253198,0.136705372764534,0.11957070493308
"TET1","grey","grey",0.130742668811659,-0.0446932732106581,0.0971958757620269,0.0567994515103108
"CCAR1","grey","grey",0.0886505981326634,0.0434927607315962,0.150682939609876,0.0765987751830262
"DDX50","grey","grey",0.0495763921192967,0.0398293772135347,0.11297742064894,0.0593249090519131
"DDX21","grey","grey",-0.0059033744327151,0.0903065430067334,0.104089138643619,0.0610038474409432
"KIF1BP","blue","blue",-0.178649553838533,0.295888121365069,0.13177694234671,0.0564567087516021
"VPS26A","blue","blue",-0.0328224659832985,0.123378850526266,0.111654956463629,0.120257166574172
"SUPV3L1","grey","grey",0.0605988198120009,0.0302323802134471,0.104456127834486,0.074824329848562
"HK1","blue","blue",-0.267967183817463,0.430572356294169,0.149041222391633,0.105667691229677
"FAM241B","blue","blue",-0.088870620751928,0.197290071449062,0.10823941129396,0.0913798437026569
"AIFM2","grey","grey",0.0138886422936522,0.0552496530365035,0.0733171610514649,0.0426669598725709
"SAR1A","blue","blue",-0.0674443010193577,0.160486037528662,0.109887904642486,0.114150733547331
"PPA1","blue","blue",-0.373888438762841,0.502987668764055,0.0999398959144127,0.0591110230768533
"LRRC20","grey","grey",0.0285395245757852,0.049819628467161,0.0901539373838619,0.0763466835004181
"EIF4EBP2","grey","grey",0.0296317745482673,0.0319499640828496,0.0793549882178595,0.103547795991765
"SGPL1","grey","grey",0.0661878869516086,0.025996480526844,0.106513034255008,0.0832566715474889
"PCBD1","blue","blue",-0.115010571936967,0.221555071367635,0.103006062563434,0.0832077922993648
"PSAP","blue","blue",-0.556268694525524,0.605143280102778,0.0129173325980105,-0.0362559829150949
"SPOCK2","blue","blue",-0.324865058373167,0.44430015239881,0.108328787935284,0.0291224369418047
"ASCC1","grey","grey",0.16910569081662,-0.0441181963482652,0.133898729600699,0.0586412741204374
"ANAPC16","grey","grey",0.179530643274264,-0.067117828847483,0.119953716139885,0.0632307243618287
"DDIT4","grey","grey",0.00471890693170573,0.0176452414152394,0.0215560389222894,0.0107504613661586
"DNAJB12","grey","grey",0.00203192692254603,0.0498807446868726,0.0574948154313299,0.0289296552443525
"MICU1","grey","grey",0.188361272189687,0.0428303810900613,0.215933286386139,0.0758845528108235
"MCU","turquoise","turquoise",0.224557565021892,-0.108833206671,0.119099839324176,0.0575684074231838
"P4HA1","turquoise","turquoise",0.218027019015246,-0.128436260672377,0.100643029998749,0.0432892767049372
"ECD","grey","grey",0.0391098611376832,0.0449434459583768,0.100853631931125,0.0503971589129274
"FAM149B1","grey","grey",0.110999445173338,-0.0532954530612793,0.0614755320882557,0.0311803614309487
"DNAJC9","turquoise","turquoise",0.170637339480218,-0.0566730561026275,0.123296912687653,0.0879108429464986
"MRPS16","grey","grey",0.0306017243146038,0.0543741757449791,0.101101146637381,0.0817414010605745
"CFAP70","turquoise","turquoise",0.432720209287258,-0.285658721808862,0.136255237759922,0.0448622551777428
"ANXA7","blue","blue",-0.0893084757002801,0.246640117452575,0.154836212505258,0.0647085825565185
"PPP3CB","blue","blue",-0.0512634666713113,0.220564605554993,0.185992902475286,0.182737424716374
"USP54","turquoise","turquoise",0.187869671356152,-0.130183735551716,0.0545893371917972,0.0151509261479184
"SEC24C","grey","grey",-0.00443081573977962,0.0758468572638854,0.0902204575664893,0.0458634883929887
"FUT11","grey","grey",-0.0277683582230048,0.0970052096661168,0.0967115976972423,0.106711135173898
"CHCHD1","blue","blue",-0.0625370505866484,0.114878553099797,0.048980693977005,0.0263869019159815
"ZSWIM8","grey","grey",0.109208454383318,-0.00895293582119524,0.115938443764309,0.0664441991371651
"CAMK2G","blue","blue",0.00342942829942602,0.177497097208065,0.196998625581541,0.111346642945418
"VCL","grey","grey",0.133874905660649,-0.0265470817867708,0.13609770914673,0.0598903347493163
"AP3M1","blue","blue",-0.0664007601186899,0.177739626246201,0.11823400574878,0.08226943363654
"ADK","turquoise","turquoise",0.422276396296838,-0.22008406586692,0.189228509876968,0.074323197930187
"KAT6B","turquoise","turquoise",0.336791324312109,-0.204729448444941,0.132132078738277,0.062073559586289
"SAMD8","grey","grey",0.020254981540456,0.0504497428697775,0.10736179075895,0.100587500173767
"VDAC2","blue","blue",-0.269046283433506,0.425204560625014,0.131704513197148,0.0657866987673226
"COMTD1","blue","blue",-0.0931238530230546,0.19444343076432,0.100629687517339,0.0742149230124159
"LRMDA","turquoise","turquoise",0.428761578869824,-0.284454063791847,0.109549242804389,0.0185392315070143
"KCNMA1","turquoise","turquoise",0.430418031866937,-0.235586614419834,0.202276108626189,0.137797569035496
"DLG5","turquoise","turquoise",0.225277019306504,-0.119011280576946,0.115043902002774,0.0579994229591298
"POLR3A","grey","grey",0.00674603947984705,0.10620508729186,0.130706882758894,0.0846628823380575
"RPS24","blue","blue",-0.097418166717636,0.151811594396798,0.04535507166566,0.0464323898692578
"ZMIZ1","grey","grey",0.094616577817603,-0.0209487511952464,0.0916586188652524,0.0644920497907992
"PPIF","blue","blue",-0.0755824836632143,0.139026397891191,0.0722808793515402,0.0606913530454326
"ZCCHC24","turquoise","turquoise",0.082973785278105,-0.0717260572344897,8.25205570401226e-05,-0.00497986587351967
"NUTM2B-AS1","turquoise","turquoise",0.255451765045872,-0.122532799689581,0.131315635544675,0.0835617901475962
"FAM213A","blue","blue",-0.0885989183764883,0.173680875521165,0.103295618528056,0.0880934149013421
"NRG3","turquoise","turquoise",0.615214726603826,-0.468392517281059,0.11593627788664,0.00739059026964933
"GHITM","blue","blue",-0.390442635484925,0.516486440640539,0.0966686458222493,0.0671603291804795
"CDHR1","grey","grey",-0.0461949455215922,0.113784500502047,0.0658774490400253,0.0151408183166412
"CCSER2","grey","grey",0.0940151202492288,0.076917634192294,0.203275732094736,0.208040895181958
"GRID1","turquoise","turquoise",0.545872065450299,-0.363796940739235,0.159034175478635,0.0462361680923952
"WAPL","turquoise","turquoise",0.135163480691407,-0.0474103929956029,0.102497319949773,0.0779897627402066
"BMPR1A","turquoise","turquoise",0.343326024027208,-0.203884180094488,0.133219049401148,0.0633684241844824
"SNCG","blue","blue",-0.373577013848299,0.455357349829576,0.0528373606730888,0.0496333231613337
"GLUD1","blue","blue",-0.0414266962311481,0.165890038941153,0.137515191296135,0.0928869724671769
"SHLD2","turquoise","turquoise",0.296181056184455,-0.161967666774643,0.137553329383515,0.0838678378868539
"NUTM2A-AS1","turquoise","turquoise",0.378981269431313,-0.233113591685607,0.129239467790412,0.0456710152156281
"MINPP1","grey","grey",0.0609621761371575,-0.0110842071450883,0.0664788729428222,0.0365941505985712
"ATAD1","blue","blue",-0.102018070403281,0.218773609892028,0.140074072385441,0.102684281482461
"PTEN","turquoise","turquoise",0.132116216881646,0.00850967093511835,0.164949297430879,0.155361212061339
"RNLS","turquoise","turquoise",0.337164051985387,-0.198466083985678,0.136154296808018,0.0499527179056961
"LIPA","turquoise","turquoise",0.2198594511414,-0.126736616780866,0.101310159416177,0.0402682344644526
"IFIT3","grey","grey",0.0117688793406715,0.0282146423860452,0.0276958372132264,0.00261510210013396
"IFIT1","blue","blue",-0.102831350185068,0.171913154546429,0.0625097603081565,0.0122533489641858
"IFIT5","blue","blue",-0.107147722504649,0.184902963247779,0.0966473784140919,0.0689945116725553
"PANK1","grey","grey",0.0690995836472016,-0.00107876989174711,0.0723769524444303,0.039005584256752
"RPP30","grey","grey",-0.019645880277255,0.0798451345158845,0.0715451511511631,0.0591172626142361
"PCGF5","turquoise","turquoise",0.201964611441546,-0.0385844668978538,0.183946682159976,0.160380204591172
"HECTD2","turquoise","turquoise",0.231350851274309,-0.128503259101383,0.105750802772548,0.0502625547759679
"TNKS2","turquoise","turquoise",0.170789941253053,-0.0745451457912874,0.12181012072666,0.0797898589584259
"BTAF1","turquoise","turquoise",0.250925685299471,-0.141198677473784,0.106038267667669,0.052208759774994
"CPEB3","turquoise","turquoise",0.19076240562828,0.00171728578826604,0.207580440519784,0.14383793419773
"MARCH5","grey","grey",-0.00204299208110564,0.115520924799008,0.127761512244441,0.0832195196344294
"IDE","turquoise","turquoise",0.285966663529067,-0.161401226881398,0.125146497318777,0.048155898077419
"EXOC6","turquoise","turquoise",0.243394547935748,-0.149265805399588,0.104051109034602,0.0449770395636074
"FRA10AC1","grey","grey",0.0729900017114375,0.00283665448839591,0.0824967644063669,0.0590889474311967
"LGI1","grey","grey",0.0788405897171093,0.0213944050188297,0.112299187733421,0.0500062211309225
"NOC3L","grey","grey",-0.0116472019157152,0.0725710389319214,0.0704858518339856,0.0416590298018842
"TBC1D12","turquoise","turquoise",0.22601627165323,-0.154216017893641,0.0542175758063939,0.00475875239061843
"SORBS1","turquoise","turquoise",0.311154053197315,-0.206256400062003,0.0940969042277446,0.0154569325299431
"ALDH18A1","grey","grey",0.075138088365104,0.000743661775351147,0.0834677817621136,0.0525089892546706
"TCTN3","grey","grey",-0.0126013308253878,0.0881990778592981,0.0838213791959709,0.0379785307369078
"ENTPD1-AS1","turquoise","turquoise",0.291088343429062,-0.156788110678848,0.129263937864175,0.0915832007385788
"ZNF518A","turquoise","turquoise",0.29502526842295,-0.196565864012221,0.0810411829474834,0.0286605790559326
"TM9SF3","blue","blue",-0.0758360650451879,0.199580395332807,0.156613753061274,0.146441775500122
"LCOR","turquoise","turquoise",0.427439980509359,-0.264464111420069,0.157507280136006,0.0676328442837991
"SLIT1","grey","grey",-0.00706724803088083,0.152779214924833,0.166412313255608,0.0745631058645379
"RRP12","blue","blue",-0.025615674226042,0.127659977053038,0.118187552728052,0.0391445307905698
"PGAM1","blue","blue",-0.47570860090272,0.566013024838512,0.0740896846841972,0.101158023579064
"EXOSC1","grey","grey",0.0879126980938558,-0.00567532269418662,0.0839006646366758,0.032284424649147
"MMS19","grey","grey",0.0423100981675164,0.0602166309938233,0.107375589585506,0.0486224672145917
"MORN4","grey","grey",-0.0091047871847601,0.107638993802299,0.118126130416325,0.101058041334468
"PI4K2A","blue","blue",-0.115894660771867,0.192905027548959,0.0965437856120127,0.0911790064516323
"AVPI1","blue","blue",-0.0506751079430785,0.115799687918388,0.0660146903657264,0.0502483828591095
"ZFYVE27","blue","blue",-0.0435364147327598,0.175312167408037,0.141049242489207,0.0730732714954386
"GOLGA7B","grey","grey",-0.000121908561663353,0.0663705892564454,0.0797516624190914,0.0807129213242801
"R3HCC1L","turquoise","turquoise",0.245729022431848,-0.156938139419726,0.0801741874673004,0.010084168245987
"HPS1","grey","grey",0.0133091471891752,0.0336610747650598,0.0528847402556518,0.043909155855739
"HPSE2","turquoise","turquoise",0.0503223344466272,-0.0928348861372075,-0.0586138421460835,-0.0702015846216494
"CNNM1","grey","grey",0.147943543289994,-0.00788969860077252,0.16259204860555,0.10751461646196
"GOT1","blue","blue",-0.324722763045637,0.492118310252048,0.130929261056738,0.0541398749353802
"SLC25A28","blue","blue",-0.0307875974004074,0.136935562063032,0.117919816713682,0.103727773070095
"CUTC","grey","grey",0.0217839973998201,0.0423879866300374,0.0665054870459244,0.0441831655069776
"COX15","grey","grey",0.0221442167252472,0.0700604716615584,0.103520910134449,0.0687799736015876
"CHUK","grey","grey",0.0839272780885461,0.00630889021441647,0.0980195441018856,0.0690087401035922
"CWF19L1","turquoise","turquoise",0.159153955021633,-0.0679496051992718,0.0913064241588961,0.0318983270076325
"BLOC1S2","blue","blue",-0.129992695220552,0.235409944476452,0.119831611207603,0.122490192602399
"SCD","grey","grey",-0.0273135897404811,0.0214305658228536,0.0115954644252646,0.00665109415547911
"OLMALINC","grey","grey",0.136946536595219,-0.0884964718452207,0.0471877609772107,0.00434833053602883
"HIF1AN","blue","blue",-0.0401563894241538,0.117467548282866,0.0916769371481093,0.0883461409522958
"SLF2","turquoise","turquoise",0.18320125183381,-0.0945489972656579,0.0851586546119105,0.0406457115084117
"MRPL43","blue","blue",-0.061030378703242,0.130959037353047,0.0671013310903778,0.0591001349337887
"PDZD7","grey","grey",0.0281279843994845,0.0891154091188043,0.133823942172742,0.0730851837971617
"SFXN3","grey","grey",0.062948468700806,0.0134959162912548,0.0897753650279778,0.065356917220423
"BTRC","grey","grey",0.125602615222832,0.0444524702250579,0.188743031995241,0.128636810624946
"DPCD","blue","blue",-0.0551955535566153,0.132191294124064,0.07106198682575,0.0645471479536585
"POLL","grey","grey",0.0580009381437774,0.00294096711824078,0.0768679353658809,0.0468637966442978
"FBXW4","turquoise","turquoise",0.267349869495651,-0.139227559996017,0.12831294657856,0.0679733097539849
"OGA","grey","grey",0.12433307277243,0.037973037372938,0.194937770156839,0.167608361414915
"ARMH3","turquoise","turquoise",0.179718216680951,-0.0476216964709057,0.142844826291721,0.0770252272979875
"NOLC1","blue","blue",-0.136571268132113,0.237228442069092,0.111098538155261,0.0632464246891804
"PITX3","blue","blue",-0.0387675951950587,0.12137382924766,0.0861926522580176,0.0594224089702831
"GBF1","grey","grey",0.0946018674941113,0.0748585098715871,0.178351337298044,0.0515937634529113
"PSD","grey","grey",0.0353228873076955,0.0763902510552967,0.131616076080933,0.114616364148219
"FBXL15","blue","blue",-0.142324498774318,0.270307223424701,0.133338546418025,0.118447397600305
"CUEDC2","blue","blue",-0.0944801793703226,0.191543451906713,0.0852168035455745,0.0615341112100567
"ACTR1A","blue","blue",-0.215709472429663,0.358909264781339,0.132898352634898,0.0825232864607783
"SUFU","turquoise","turquoise",0.258970926559379,-0.149678661261082,0.113939578669728,0.0581675265472042
"TRIM8","blue","blue",-0.0122160572020719,0.104817052288448,0.114986604672123,0.109977819162671
"ARL3","blue","blue",-0.0579133922021596,0.185778710145287,0.145501668436045,0.121687448232718
"WBP1L","grey","grey",0.123751303662767,-0.0298310457449374,0.119482550975745,0.0998366207063558
"CNNM2","turquoise","turquoise",0.261452519093002,-0.0994736539461554,0.165802020324014,0.0683950899165532
"NT5C2","turquoise","turquoise",0.228360132216073,-0.0791786654712482,0.142463181803995,0.043310897812064
"INA","blue","blue",-0.412555852734245,0.5349627986516,0.083820386821209,0.0429752452316865
"ATP5MD","blue","blue",-0.0551152992302523,0.127106081186174,0.0658115635495063,0.0327718485552617
"PDCD11","grey","grey",0.0330969650284729,0.026119357668893,0.0709523016134807,0.043227293252178
"NEURL1","grey","grey",0.0606946820706288,0.0338560358350719,0.12246538778393,0.101262217392693
"SH3PXD2A","turquoise","turquoise",0.365047695327243,-0.196179609509884,0.183237239164284,0.122541881828117
"STN1","grey","grey",0.0349516435227557,0.0448371536542543,0.074567398344066,0.0363075404447938
"SLK","grey","grey",-0.0129304678039283,0.0916110143080639,0.113469162809266,0.0913045327278765
"GSTO1","blue","blue",-0.149263227536044,0.259832341845183,0.098642010827606,0.0568841047681238
"SORCS1","turquoise","turquoise",0.298803738187152,-0.197087074878138,0.0960223578387566,0.0269112216704455
"XPNPEP1","grey","grey",0.0355361751882599,0.051141160449353,0.089235851683384,0.0316814984749098
"ADD3","turquoise","turquoise",0.162971736346598,-0.0980673626400871,0.0680077529797849,0.0389111878787882
"MXI1","turquoise","turquoise",0.148697196699309,-0.0779535338623864,0.0828282467013681,0.0595668547876807
"SMNDC1","grey","grey",-0.0215111575853331,0.0919362112935796,0.084382284927172,0.0493167503853304
"SMC3","grey","grey",0.0105245939672782,0.0466548701711985,0.0809428220288942,0.0567973246235994
"PDCD4","grey","grey",0.032607506966057,0.0411671488672562,0.0851880616721167,0.05673062733315
"BBIP1","grey","grey",0.112322960223343,-0.00595892126188677,0.108204322427684,0.0562940351616132
"SHOC2","grey","grey",-0.0114016976213792,0.161850024997426,0.179105975812077,0.189050353407496
"ZDHHC6","grey","grey",-0.00690490688025371,0.058827648843707,0.0653314456710396,0.0641511347011947
"VTI1A","turquoise","turquoise",0.457421179654332,-0.2727895190895,0.163806104845951,0.0737043646325147
"TCF7L2","turquoise","turquoise",0.151000132868991,-0.116148089997032,0.0269426652820641,-0.0025845913276103
"NHLRC2","turquoise","turquoise",0.158614382274782,-0.0962085098008907,0.0696900778751745,0.0293767444129319
"CCDC186","grey","grey",0.0714197310265255,0.0540364078466161,0.156528081649721,0.129775262721167
"ABLIM1","turquoise","turquoise",0.298780388036193,-0.142731005024981,0.155933375766709,0.100356426798805
"FAM160B1","grey","grey",0.0359657212252091,0.0396498642145068,0.104530293750626,0.0803669187309486
"TRUB1","grey","grey",-0.0332333749420069,0.121566413088343,0.10929362665796,0.100135751270385
"ATRNL1","turquoise","turquoise",0.377693420969155,-0.211761951567832,0.153184436891791,0.0773450562880059
"GFRA1","grey","grey",-0.0540768277654398,0.191736040059105,0.189546867018334,0.161089959654793
"HSPA12A","blue","blue",-0.0454542207126692,0.257744880696471,0.207471946681154,0.104766680548033
"SHTN1","turquoise","turquoise",0.167508390815657,-0.0181321684979047,0.15412046110875,0.0958869549292521
"SLC18A2","blue","blue",-0.516325497424553,0.557314281837134,0.0600687498382563,0.0319141219347656
"PDZD8","blue","blue",-0.047084271570706,0.182201843996123,0.17252600153683,0.198896793780518
"RAB11FIP2","grey","grey",0.0758627716389638,0.024051320831545,0.117620693533142,0.108173558002769
"CASC2","turquoise","turquoise",0.190556882735613,-0.108663941259733,0.0809692421828656,0.0312032174617361
"FAM204A","grey","grey",0.0267561650632709,0.0912508956747477,0.136346031883178,0.126545300789794
"CACUL1","grey","grey",0.0997239574706141,0.0239309413914395,0.162232174302592,0.1772990264038
"NANOS1","grey","grey",-0.0512272405269512,0.0975768575486556,0.0575006447400231,0.0625190531240672
"EIF3A","blue","blue",-0.156614002959493,0.238918714412837,0.121546490317553,0.084546122027173
"FAM45A","grey","grey",0.0461606618381495,0.0449828195299038,0.106104418578023,0.0672645215098875
"SFXN4","grey","grey",0.0685566073511409,0.0286531434507098,0.0998949444892624,0.0548930263554928
"PRDX3","blue","blue",-0.226378060287121,0.338071702054231,0.104571397651348,0.0795539130063257
"GRK5","turquoise","turquoise",0.235542424184595,-0.123091102762939,0.121354445320979,0.0779133383953984
"TIAL1","grey","grey",0.0789018896544696,0.0386892526398182,0.135939802138027,0.0913569813515508
"BAG3","grey","grey",-0.0518105851692835,0.101007594428709,0.0533874792122607,0.0115405962816586
"INPP5F","blue","blue",-0.119320403210425,0.227424031487717,0.129129631181519,0.170517110895732
"SEC23IP","grey","grey",0.0634210492644477,0.0273496156082116,0.107612855407203,0.0616860378879716
"PLPP4","grey","grey",0.0673076778552766,0.0159401384015251,0.0905381849746672,0.0483863403909753
"WDR11-AS1","turquoise","turquoise",0.315210339350954,-0.207987171197069,0.100846153199281,0.0261504964244267
"WDR11","grey","grey",0.129850749481382,0.00288888734296108,0.137894494775849,0.0692858499100732
"FGFR2","turquoise","turquoise",0.106907869831069,-0.0773039476096511,0.00625583248865786,-0.0180036648362747
"ATE1","turquoise","turquoise",0.243886723160722,-0.101707750120185,0.138297509402665,0.0663155017303032
"TACC2","grey","grey",0.130922327344504,-0.00765452819208906,0.148474961988286,0.0782473574567521
"PLEKHA1","grey","grey",0.140100461259073,-0.0198203135469085,0.13652207088121,0.09397249953105
"HTRA1","grey","grey",-0.0309608928494756,0.036359047266894,0.0113893062674762,-0.0139448814730651
"C10orf88","grey","grey",-0.0270953180542231,0.0927027787920155,0.0767844068723781,0.0540498202947083
"PSTK","grey","grey",0.10801469175687,-0.0378051030328743,0.0777590888399453,0.044133408161745
"IKZF5","grey","grey",0.00557983512185998,0.061873990840227,0.0838392552007378,0.0905286383971825
"ACADSB","grey","grey",0.0744773256088737,0.0465277647771799,0.147985556740992,0.107309834924295
"BUB3","blue","blue",-0.096823442110956,0.201995099257193,0.122350707184535,0.0976321640537122
"GPR26","grey","grey",-0.0249156774237121,0.110768146237638,0.131242788026128,0.173965203714004
"OAT","blue","blue",-0.313545315161543,0.461224888387149,0.122350020725328,0.0300066311261148
"LHPP","grey","grey",0.10700143147637,-0.0353152926976574,0.0719194796726943,0.0297722555639728
"ABRAXAS2","grey","grey",0.00238103021806998,0.0909510715318088,0.116590163428685,0.0769146825527602
"ZRANB1","grey","grey",0.0313218430786982,0.0740391958440376,0.135400309799298,0.116643535788279
"CTBP2","turquoise","turquoise",0.299342291792306,-0.147866758094396,0.159082085139429,0.0808157227038979
"EDRF1","turquoise","turquoise",0.154036229434741,-0.0735041689502127,0.088841989690086,0.0285655271183674
"UROS","blue","blue",-0.0464338343232305,0.170266652770145,0.134578584156683,0.138800253391888
"BCCIP","grey","grey",0.0456703465224849,0.0207945612224699,0.0678095659848364,0.0361590852542872
"DHX32","turquoise","turquoise",0.177259042825153,-0.0734899476898201,0.10712961170998,0.0604074749306743
"C10orf90","turquoise","turquoise",0.165032750347735,-0.0897861141898372,0.0499476790239783,-0.00571742332016037
"DOCK1","turquoise","turquoise",0.16165990977842,-0.111576721805239,0.0307394707813258,-0.00527344787239917
"FAM196A","grey","grey",0.0989455910712335,-0.020229303381738,0.106665923327302,0.111237974186075
"PTPRE","turquoise","turquoise",0.267375382042817,-0.148111735582449,0.114382694112915,0.0372072404394332
"MGMT","grey","grey",0.133716986818261,0.00860385409747476,0.127629308425194,0.0536482023135399
"EBF3","grey","grey",0.128108224395477,0.0275270945393817,0.195147404410685,0.132737557362504
"GLRX3","grey","grey",0.0234885474933698,0.114111693524729,0.127381815953292,0.0476931013122104
"PPP2R2D","grey","grey",0.0732520617316362,0.0436163881229951,0.135519665192011,0.0879908239048441
"BNIP3","blue","blue",-0.321068641600957,0.463209556530423,0.1412711303278,0.128532800637247
"JAKMIP3","turquoise","turquoise",0.31661963763073,-0.197940621356989,0.128940446336116,0.0501016411790221
"DPYSL4","blue","blue",-0.0426405183562183,0.127238734855773,0.0958555020305042,0.0422324422015325
"LRRC27","grey","grey",0.0552963239221537,0.013530328409845,0.0766489738253382,0.0715619142677455
"PWWP2B","grey","grey",-0.0242911787893794,0.0801969911680115,0.0808799477489533,0.0662189772855117
"INPP5A","turquoise","turquoise",0.138177538801648,-0.0264951640341648,0.126916092971873,0.0896947317288209
"NKX6-2","turquoise","turquoise",0.0353527648838127,-0.0521105369612246,-0.0251983291000527,-0.014486363300629
"CFAP46","grey","grey",0.191319701267047,-0.0583409974833591,0.141546617258997,0.0846193275928689
"ADGRA1","grey","grey",-0.00629909733519,0.0648716087247581,0.0798441220935936,0.0553782017333111
"KNDC1","grey","grey",0.0739913682282825,0.0617932106850608,0.178896080111225,0.161019012474785
"TUBGCP2","blue","blue",-0.128207054591135,0.264578377448135,0.128268121986064,0.0586311642697819
"CALY","blue","blue",-0.488592167381133,0.59886849616254,0.0728265495697844,0.0354406475912638
"ECHS1","blue","blue",-0.148114970055392,0.267163502993096,0.111951512778114,0.0875884427106757
"IQSEC3","grey","grey",0.202448199656035,-0.0587352364644203,0.172600223530333,0.127521348711693
"KDM5A","turquoise","turquoise",0.300208355039328,-0.158768186539958,0.159743625196707,0.104739528799059
"WNK1","turquoise","turquoise",0.0940806303283809,0.0591288293661225,0.197893567630513,0.197114759151508
"ERC1","turquoise","turquoise",0.348214759279083,-0.125024522434304,0.228310145246527,0.112989497936277
"WNT5B","turquoise","turquoise",0.115913022048997,-0.032169850114307,0.0847613658656067,0.046950445116129
"FBXL14","grey","grey",-0.000157775082374611,0.0603386871558339,0.0790990853496368,0.0742450842900819
"ADIPOR2","turquoise","turquoise",0.151092090907141,-0.0598927305610326,0.0920704922791567,0.0502062053833949
"CACNA1C","turquoise","turquoise",0.526025936458243,-0.336600713173142,0.18384087276447,0.0626506507157012
"FKBP4","blue","blue",-0.236656972142309,0.388056211788311,0.157708307992149,0.08235973132794
"ITFG2","grey","grey",0.148850857139328,-0.0770294574526737,0.0715047738928075,0.0277153258389549
"TSPAN9","grey","grey",0.139941420367867,-0.0618919066441978,0.0814755012654394,0.0471092319620469
"PRMT8","turquoise","turquoise",0.170998086527363,-0.0250477806688963,0.149581672927478,0.0992643503006506
"PARP11","turquoise","turquoise",0.145942001358628,-0.0607505055331929,0.0830269138653143,0.0515222439066545
"TIGAR","turquoise","turquoise",0.13927238037792,-0.0268290276083955,0.119911528286068,0.0790727223576285
"C12orf4","grey","grey",0.0959032672954578,0.0095964132115753,0.116118443296883,0.0732287375934493
"GALNT8","blue","blue",-0.000259529842293205,0.112289992214648,0.124636620923977,0.0913327991842073
"VAMP1","blue","blue",-0.0870227483164377,0.178165372801454,0.108406805492147,0.140014992669881
"MRPL51","blue","blue",-0.0830190942579842,0.15642663240803,0.0717033639904931,0.0751823582329134
"GAPDH","blue","blue",-0.68325583447388,0.684872412141246,-0.0502583368049312,-0.0368770749547481
"AC006064.4","blue","blue",-0.145305429239013,0.246799950688353,0.0865695923865056,0.038218884575405
"IFFO1","grey","grey",0.0445264847323224,0.0180974788525405,0.0815566007108054,0.0473159787372477
"CHD4","grey","grey",-0.0315807796150561,0.111044921895785,0.0942377282551218,0.0526443640289747
"ING4","grey","grey",0.0557859095903573,0.0378212232826253,0.0988231132669789,0.0685486111200968
"PIANP","blue","blue",-0.14796626148913,0.25103438914842,0.126920380239656,0.12038382811876
"COPS7A","blue","blue",-0.210882138769974,0.340043219898354,0.134465901078491,0.106879211698138
"MLF2","blue","blue",-0.180041746739409,0.306448366711171,0.129355904980509,0.102285330686805
"PTMS","blue","blue",-0.106247608736882,0.189088123250659,0.0941393012424999,0.0894356740568342
"GPR162","blue","blue",-0.0950400440978623,0.197024782367017,0.123710239481997,0.116686290263845
"USP5","blue","blue",-0.27482756880954,0.407222737053503,0.116790309128151,0.0641297575873648
"TPI1","blue","blue",-0.323461393730563,0.460040851686308,0.107115205869106,0.0706792004068213
"LRRC23","grey","grey",0.0452898360018716,0.00103267646881178,0.0559684661725051,0.0383876022130278
"ENO2","blue","blue",-0.421094114051999,0.550716554423954,0.0828266064451995,0.0185912088427707
"ATN1","blue","blue",-0.0250677683213806,0.129275761120338,0.131782622778139,0.104733271597737
"C12orf57","blue","blue",-0.0535036283690807,0.123132463449949,0.0699666887001735,0.0491329017009853
"PHB2","blue","blue",-0.121122329231867,0.226099102841417,0.105132720992659,0.0599141554191618
"C1S","grey","grey",-0.0364878002518376,0.101363514844287,0.0640679001382295,0.0226892601370928
"CLSTN3","blue","blue",-0.227182109122078,0.37407400199426,0.14965224088788,0.0306614287123717
"PEX5","grey","grey",0.0124441488288277,0.0722181038561667,0.0953395228291349,0.0576010839609529
"CD163L1","grey","grey",0.0336241403521448,0.0288648159112239,0.0731956428199444,0.0492454658766541
"SLC2A3","blue","blue",-0.1188065018696,0.194862677876531,0.106901704679419,0.0806260501184672
"NECAP1","blue","blue",-0.169185173559036,0.306857118000002,0.134581355113468,0.12676540627106
"LINC00937","turquoise","turquoise",0.320831734846286,-0.184500992631974,0.137952750968853,0.0605691528129283
"RIMKLB","turquoise","turquoise",0.174602683307914,-0.0576661205462263,0.128280121433232,0.079607856005475
"PHC1","turquoise","turquoise",0.216705258399832,-0.138482274905995,0.0820610254691988,0.025794656340791
"M6PR","blue","blue",-0.0906592615565422,0.169006568908474,0.0958081013012767,0.0637067836162641
"GABARAPL1","blue","blue",-0.238596544626014,0.349194883537132,0.115084001596867,0.155523753535779
"KLRD1","turquoise","turquoise",0.388203110605191,-0.239091530406605,0.146344705687801,0.0673447094977158
"STYK1","grey","grey",0.0730746136521623,0.0133833072444513,0.0946417041043638,0.0583609158135904
"SMIM10L1","blue","blue",-0.0780805084253472,0.172709805214682,0.10644470616773,0.109951579191807
"LINC01252","turquoise","turquoise",0.297310526263464,-0.159970755587092,0.144054485812396,0.0908085049678139
"ETV6","turquoise","turquoise",0.235715308419108,-0.152859641289332,0.073198893701906,0.0177132903224667
"BCL2L14","grey","grey",0.0610809708452371,-0.0130744204127323,0.0511636022279865,0.0335060225973822
"LRP6","turquoise","turquoise",0.269735696816824,-0.146234336697499,0.1261404834469,0.0653316625671859
"MANSC1","grey","grey",-0.00941567774284055,0.0628258059411893,0.0750556017079486,0.060891050233795
"BORCS5","grey","grey",0.151444189925572,-0.0467635673992554,0.109885703074634,0.0604182822932389
"CREBL2","grey","grey",-0.0290839564963621,0.11035202092667,0.10143347691797,0.119481286306576
"CDKN1B","blue","blue",-0.111952484026089,0.181560017151426,0.0829048295258268,0.086498092904405
"GPRC5A","grey","grey",0.00796789200214154,0.0628287982193846,0.0916273144516367,0.048180390912828
"GPRC5D-AS1","turquoise","turquoise",0.288748042945391,-0.170558277252601,0.118038735591781,0.0650526001945774
"HEBP1","grey","grey",-0.0388748291297219,0.100994278185402,0.0692517665588775,0.0478413067546384
"FAM234B","blue","blue",-0.091176423791003,0.197947900892425,0.105743533262938,0.0558163640369634
"GRIN2B","turquoise","turquoise",0.247014338882983,-0.0579730053737063,0.2275802168419,0.247384786306761
"ATF7IP","turquoise","turquoise",0.230432559159107,-0.108099307242815,0.12573976212225,0.0766165348238874
"H2AFJ","blue","blue",-0.0581008630477786,0.133041315508998,0.073407115671198,0.0525828716911331
"WBP11","blue","blue",-0.125738215063655,0.216621720227426,0.116771369183207,0.110949835085421
"RERG","turquoise","turquoise",0.235559585706969,-0.0346914691418681,0.208583741805901,0.136347412214951
"PTPRO","turquoise","turquoise",0.243248991973078,-0.0734442518516175,0.180595961965914,0.0734744662726839
"EPS8","grey","grey",0.0401597126273583,0.108231433607784,0.172589072029351,0.0830277779477885
"STRAP","blue","blue",-0.190683156197779,0.354428835646894,0.169369226297847,0.126302688139665
"MGST1","grey","grey",0.0737483275524978,-0.000340721347500448,0.0727807624753798,0.0461662198304198
"LMO3","grey","grey",0.0432942780536966,0.110501659494794,0.171151408477845,0.19474661274214
"PLEKHA5","turquoise","turquoise",0.608888163187446,-0.415337773235803,0.179268142974305,0.0707787048263996
"AEBP2","turquoise","turquoise",0.489616132636919,-0.277570147338813,0.19939331215905,0.0997785573481635
"AC024901.1","turquoise","turquoise",0.562514392976833,-0.363632511026185,0.178850394103187,0.0539029346620929
"LINC02398","turquoise","turquoise",0.512854476367655,-0.323782480058826,0.166849810606915,0.0665639635337877
"SLCO1A2","turquoise","turquoise",0.12152251743427,-0.0896690308986392,0.0233736494179552,-0.00110069840201673
"PYROXD1","blue","blue",-0.0967684041298818,0.215979291217842,0.122931322494508,0.0742263498630369
"RECQL","grey","grey",0.000223511361316682,0.0689759649023638,0.0888953053154106,0.0468302760050605
"GOLT1B","grey","grey",0.0396912865915119,0.072717849715528,0.124219920246124,0.0812219214935793
"LDHB","blue","blue",-0.435147374517771,0.532305080849252,0.0563114671020965,0.0107160300430832
"CMAS","blue","blue",-0.312991790794899,0.445862411860703,0.14491520016959,0.14405943917453
"ST8SIA1","turquoise","turquoise",0.197769517758368,-0.0375987520043641,0.188581172630821,0.162689636509951
"C2CD5","turquoise","turquoise",0.296582290884695,-0.144526992011862,0.157858582907349,0.0847114517409797
"ETNK1","blue","blue",-0.0246082187339082,0.184680749834021,0.172885832817408,0.132203738504635
"SOX5","turquoise","turquoise",0.188937045622551,-0.152832774583164,0.0094859094577288,-0.0370543905980553
"BCAT1","blue","blue",-0.22177230583519,0.355077253437104,0.167095857990248,0.22843253976092
"ETFRF1","grey","grey",0.0259457018774115,0.073903066168976,0.11383973380862,0.0892267946387481
"KRAS","blue","blue",-0.0394795172957125,0.171841244036035,0.15500655553887,0.190216330661121
"RASSF8-AS1","grey","grey",0.0775375599821567,-0.0190415711569607,0.0733760691725877,0.067640186955407
"RASSF8","turquoise","turquoise",0.129148392763729,-0.071842689585694,0.0562063721001598,0.0359040566313693
"BHLHE41","blue","blue",-0.0719124490545889,0.133914247214416,0.0841295765372788,0.0664739445494379
"ITPR2","turquoise","turquoise",0.272970272803301,-0.193150561557901,0.0558860134829552,-0.00818044456517548
"FGFR1OP2","grey","grey",0.0322142869448129,0.0347566389707317,0.0726812644246956,0.0762861584601891
"TM7SF3","grey","grey",0.054873133028448,0.0273511628364619,0.0914751602333454,0.0446799366001193
"MED21","grey","grey",0.0317218787172728,0.0362890441898091,0.0822082081258056,0.0828784918395829
"STK38L","grey","grey",0.0539298140127527,0.0457235480741843,0.12257501573017,0.0977979342897336
"ARNTL2","turquoise","turquoise",0.218801782272833,-0.112330091369844,0.110387267869792,0.0575932458823921
"PPFIBP1","turquoise","turquoise",0.167554251934733,-0.0755112103747788,0.0979341466965069,0.047206831557991
"MRPS35","blue","blue",-0.00908984503443059,0.142234851146694,0.133072435962093,0.0942654671441134
"KLHL42","blue","blue",-0.00976224355044493,0.129983525143594,0.148303251587307,0.153925320255853
"CCDC91","turquoise","turquoise",0.191933355177763,0.0133186097980133,0.190717962651827,0.101488358376156
"FAR2","turquoise","turquoise",0.245344174318715,-0.0774703738339467,0.163862440910205,0.0883600353436478
"ERGIC2","grey","grey",-0.00896735149959687,0.109070488596778,0.122778159946943,0.110476301955061
"TMTC1","turquoise","turquoise",0.1767199849862,-0.0367961296616512,0.168825657493001,0.161565436965681
"IPO8","grey","grey",0.068335137460703,0.00895781515764403,0.0907912540772099,0.0758084460370368
"CAPRIN2","blue","blue",-0.039529652589042,0.203225272421333,0.175749204595559,0.0954523240274626
"DENND5B","turquoise","turquoise",0.253202616070759,-0.0543722249559535,0.228544719328448,0.185956157128862
"AMN1","grey","grey",0.126531265992612,0.0163603330839435,0.148813450214807,0.0777495536632713
"KIAA1551","grey","grey",0.141067067988535,-0.0731800181786351,0.0738894318290293,0.0342435388515605
"BICD1","turquoise","turquoise",0.432387892584075,-0.211827304824146,0.243756377248547,0.200407595649001
"FGD4","turquoise","turquoise",0.231358521890443,-0.142953817511507,0.0860941203432928,0.0415313562109194
"DNM1L","blue","blue",-0.121534749931185,0.313859607681366,0.171079550716953,0.0943117280788652
"YARS2","grey","grey",0.0145148438400038,0.0636115591140807,0.0866554694579689,0.0664305457625242
"CPNE8","turquoise","turquoise",0.211228516959153,-0.119889211493803,0.0878320686061155,0.0328761691596655
"KIF21A","blue","blue",-0.40239831072168,0.525075643479662,0.119075998979966,0.0921017772194421
"ABCD2","grey","grey",0.117246016145611,-0.0087698967095162,0.126509573812746,0.101932717077897
"C12orf40","turquoise","turquoise",0.182990307991172,-0.068913573102775,0.10511667422323,0.0398658550588405
"SLC2A13","blue","blue",-0.174657403870049,0.33167853884416,0.15833949462312,0.101652892552689
"LRRK2","grey","grey",0.107079986485426,-0.0136423693173138,0.103741263287386,0.069852879610364
"CNTN1","grey","grey",0.0103986801406638,0.160868373321545,0.189731788488934,0.0932952254321317
"PDZRN4","turquoise","turquoise",0.303043386973723,-0.167095016842959,0.141349110822079,0.0947131177374537
"GXYLT1","turquoise","turquoise",0.147057482838394,-0.0444792314499579,0.118038008714165,0.0955833131623102
"YAF2","grey","grey",0.0889758580407469,0.0695736432977654,0.168970356883417,0.132610726182895
"PPHLN1","turquoise","turquoise",0.171518698364789,0.0122594877894821,0.185089352253742,0.0913266127962395
"ZCRB1","grey","grey",-0.0326683823621819,0.0679874293689725,0.046905586925201,0.0417476682625605
"PRICKLE1","turquoise","turquoise",0.307162983238807,-0.140013188507109,0.187091656841013,0.109443424826369
"PUS7L","turquoise","turquoise",0.259024752364926,-0.140153426270459,0.118339456222557,0.0609850889186113
"TWF1","grey","grey",-0.0294022459917486,0.0972105917791158,0.0802120485517643,0.0652391347185453
"TMEM117","turquoise","turquoise",0.462475475382218,-0.279915359023971,0.161821172056797,0.0559703057372215
"NELL2","grey","grey",0.0282942974048557,0.155990981353803,0.193066294115502,0.0862745480628693
"ANO6","turquoise","turquoise",0.190065842495227,-0.0980785031783526,0.0874351780061744,0.0276951263461389
"ARID2","turquoise","turquoise",0.273239508112522,-0.161976215336584,0.105901578637545,0.043499965044912
"SCAF11","turquoise","turquoise",0.144340729422607,-0.029818871767815,0.126455379633052,0.0916615321698036
"SLC38A1","blue","blue",-0.107066469259654,0.253732689857776,0.190684097375377,0.194144837584069
"SLC38A2","grey","grey",-0.0572630739879894,0.127313829373883,0.115773113860535,0.0787222004662228
"AC008014.1","turquoise","turquoise",0.359121055299571,-0.232374170556057,0.115860398673941,0.0429428276191993
"AMIGO2","blue","blue",-0.119074716975919,0.171322126979928,0.0689714605714902,0.0549077588972671
"PCED1B","turquoise","turquoise",0.308494819697913,-0.197332564814467,0.109246242342344,0.0415084573575618
"RPAP3","blue","blue",-0.0429168426610754,0.142319804328755,0.115873647897885,0.064256858505222
"SLC48A1","blue","blue",-0.0625012707844793,0.126719122675797,0.0757543616285211,0.0617255219677756
"TMEM106C","grey","grey",-0.0136929088462074,0.0853676919499162,0.0856329021277213,0.0591634127753264
"PFKM","blue","blue",-0.211006282738998,0.379991048200952,0.135109321964845,0.0409599575621541
"ASB8","blue","blue",-0.0809788229640894,0.197059049890026,0.130521213713231,0.117005599818836
"CCDC184","blue","blue",-0.164731367383241,0.283395895668667,0.123796083749191,0.115750594693229
"ZNF641","turquoise","turquoise",0.120212242197329,-0.0476436229041325,0.0726350447792003,0.0349664718825815
"KANSL2","grey","grey",0.0427263819664314,0.0165500140392344,0.0673038556669092,0.0228259764912056
"CCNT1","grey","grey",0.0275521369157833,0.041250421696782,0.0994095803017392,0.0789123688044464
"ADCY6","turquoise","turquoise",0.160588216468513,-0.0789789858794016,0.0920427315921523,0.0463456814054591
"CACNB3","grey","grey",-0.062897863016468,0.143454590333171,0.102155153378728,0.108225553162066
"DDX23","grey","grey",-0.0408083064861305,0.08719532404693,0.0631823300912952,0.0425611308416237
"RND1","grey","grey",-0.0642215493167144,0.109190446567627,0.0504474455858012,0.025382135914669
"AC073610.3","grey","grey",0.134049044132094,-0.0552226065450637,0.0978706818178546,0.0976067458676626
"CCDC65","grey","grey",0.0122978550316698,0.0542676838512315,0.0824716391967535,0.0963019109738916
"PRKAG1","grey","grey",0.00665535053010308,0.101435218803291,0.11515891470728,0.0609193921172439
"KMT2D","turquoise","turquoise",0.139326808724186,-0.0665512431233717,0.0891852483875882,0.0864585686648801
"LMBR1L","grey","grey",0.116236190947056,-0.0317709269802395,0.102741874656478,0.0587561992100059
"AC011603.2","grey","grey",0.0950438267221408,-0.00944260146902259,0.077642640274274,0.0289243650768107
"TUBA1B","blue","blue",-0.682832141671862,0.644614900093029,-0.0557755367212611,0.000548082769380142
"TUBA1A","blue","blue",-0.583704661931176,0.609251344398498,0.0160330832268422,0.0368356877252971
"SPATS2","turquoise","turquoise",0.21961259434228,-0.0471603592549028,0.193876995076827,0.130294758725504
"MCRS1","grey","grey",-0.0144557702722338,0.0759834022402702,0.0655168093713646,0.044247144534942
"PRPF40B","turquoise","turquoise",0.183065466182006,-0.0718528321688636,0.121101003369053,0.0459531952169116
"TMBIM6","blue","blue",-0.242882035124833,0.354393162433294,0.137289719417961,0.0981729962367039
"FAIM2","blue","blue",-0.393967935382918,0.502964726639361,0.105263140173932,0.0685188265474538
"ASIC1","grey","grey",-0.0382707540423529,0.0848368153818149,0.0653845972521674,0.0491479938505831
"SMARCD1","grey","grey",0.00129194584751513,0.0603473586241446,0.0774756226343058,0.0418157820086476
"AC074032.1","turquoise","turquoise",0.286622799158948,-0.173930459309698,0.113677112561002,0.031979978442734
"CERS5","turquoise","turquoise",0.22950658388544,-0.113063365900211,0.110056616660056,0.0481388342355115
"LARP4","grey","grey",0.0573516112209166,0.0589007887306117,0.153289714329266,0.130452634138392
"DIP2B","turquoise","turquoise",0.258758368257008,-0.0916546961480863,0.177024031456389,0.0926100061570128
"ATF1","turquoise","turquoise",0.215665134159066,-0.139227193628965,0.0827552275639102,0.0272278774332376
"METTL7A","grey","grey",0.00121811597964622,-0.0394699743395724,-0.0361770911023009,-0.0380295390624191
"SLC11A2","grey","grey",0.0456018262604809,0.0310829054560859,0.0927066003049504,0.0590204262311206
"LETMD1","grey","grey",0.0381733953522427,0.0439184368820509,0.0888819758781842,0.055970392854341
"CSRNP2","grey","grey",0.0962440232630063,0.0276308858733132,0.14090945055241,0.103675359248891
"TFCP2","turquoise","turquoise",0.338162647727896,-0.179606541275711,0.163623071352931,0.0867472885130457
"POU6F1","grey","grey",0.0800304768786635,-0.00236038919332153,0.104303094499845,0.0946802763425822
"DAZAP2","blue","blue",-0.0904343991324315,0.17777874823469,0.0960949966823872,0.0922923172911135
"SLC4A8","grey","grey",0.0806143251420222,0.0490116554857267,0.144070667295827,0.107484515902749
"SCN8A","turquoise","turquoise",0.143426729266435,0.0122076740057549,0.187912531836697,0.106159800673615
"ACVR1B","grey","grey",-0.00683998572530101,0.099657134940249,0.132088097276498,0.104561912167079
"ATG101","blue","blue",-0.0633042535491513,0.135238572200393,0.0769241250223713,0.0605242234770683
"EIF4B","grey","grey",-0.0030013789402601,0.106650733668577,0.11961284963837,0.0810637489289288
"SPRYD3","blue","blue",-0.199130279347069,0.32378995012513,0.1336018002157,0.131672705170644
"IGFBP6","blue","blue",-0.0571190901913432,0.113812587321464,0.0565250776842453,0.0422585468607777
"CSAD","turquoise","turquoise",0.288872131119797,-0.165034884255933,0.119269205579921,0.0346707444438453
"MFSD5","blue","blue",-0.0666254592095421,0.115812804929832,0.0628153848741804,0.0304592247005627
"PFDN5","blue","blue",-0.0936001079679552,0.160526673807156,0.0555086791309601,0.0397215644618756
"C12orf10","blue","blue",-0.138328803618785,0.236151131618002,0.0958382342714159,0.103448740585877
"PRR13","blue","blue",-0.101080272946409,0.203605944099868,0.109151828958573,0.0872960630922211
"PCBP2","blue","blue",-0.0387918281249687,0.124836357524735,0.105637489921252,0.123542463961189
"MAP3K12","grey","grey",0.0515398929015339,0.0195801930326149,0.0820431770488416,0.0404388131554945
"ATP5MC2","blue","blue",-0.0844991204225794,0.186287796910777,0.0925123499403478,0.0608107425371396
"CALCOCO1","grey","grey",0.0456457215652327,0.0500722477101504,0.11008072897843,0.0547324671499669
"SMUG1","grey","grey",-0.0237067416583668,0.0835286174901263,0.0655074294893108,0.0588621855212836
"CBX5","blue","blue",-0.0604287047495103,0.150436432071787,0.12381665152647,0.193383876816644
"HNRNPA1","blue","blue",-0.0380480113593179,0.121181365399826,0.0797674860629322,0.0515212731193167
"COPZ1","blue","blue",-0.0687333911910703,0.160129319149467,0.0932875652609617,0.0611737212147116
"ZNF385A","blue","blue",-0.0653347063150169,0.147037199445899,0.0951138367079709,0.0543337164382977
"PDE1B","grey","grey",0.0208448402888756,0.0562612737745194,0.0855611123796972,0.0418269813291366
"CD63","blue","blue",-0.184374685373385,0.269788313958512,0.0862994299535932,0.0550384819395573
"GDF11","blue","blue",-0.0583246160329948,0.131852693083395,0.0981159804668249,0.119037702631799
"ORMDL2","grey","grey",-0.0403875988940503,0.101809904776181,0.0670491696031691,0.03544914532166
"RAB5B","blue","blue",-0.0426822161623331,0.135069382195553,0.115771418964762,0.151303286017978
"RPS26","blue","blue",-0.0607022367839191,0.127205020218691,0.061770841799758,0.0419975601812143
"PA2G4","blue","blue",-0.0734393177702207,0.131456649713213,0.0635810306103581,0.0412977961937174
"RPL41","blue","blue",-0.0802636489618474,0.121265301537691,0.032792787077248,0.0473297324366732
"ESYT1","blue","blue",-0.0761444495830195,0.13020549137843,0.0655882831191158,0.01662209974846
"MYL6B","blue","blue",-0.0402760785323407,0.133313097300233,0.0876806361408953,0.0845406810940926
"MYL6","blue","blue",-0.140898158667802,0.25212082243645,0.0916200953611578,0.0672941086823286
"SMARCC2","grey","grey",0.0384220002767912,0.081932076346551,0.151414951537443,0.134266049810479
"RNF41","blue","blue",-0.066032313625004,0.161108490114746,0.120350290309495,0.150489087125172
"NABP2","blue","blue",-0.061571699592374,0.144866566775351,0.0905217260671324,0.0805315336216388
"ANKRD52","blue","blue",-0.035192540211063,0.119380188227632,0.0934317127196514,0.0785121321799606
"COQ10A","blue","blue",-0.0573998609729396,0.124803927843054,0.0666029176628325,0.0511589682586402
"CS","blue","blue",-0.0970045634703018,0.204216601143113,0.108645287290059,0.0614648715610807
"STAT2","grey","grey",0.0674796475632165,0.0209854532576442,0.0893722741338045,0.0370704109101965
"GLS2","grey","grey",0.0619598849990208,0.0180676006840326,0.101913930605656,0.0664447119442271
"BAZ2A","grey","grey",0.135555812922367,-0.0189420103119875,0.149404483112426,0.094942129886414
"ATP5F1B","blue","blue",-0.457422601566843,0.567534035564937,0.0755332195972833,0.0451453294486385
"PTGES3","blue","blue",-0.134672972270719,0.280469776835367,0.154147330603826,0.126274930464862
"NACA","blue","blue",-0.104245847099253,0.177236836321958,0.0692176688445134,0.0431933971123763
"LRP1","grey","grey",-0.0178310044748622,0.113207875571309,0.122871501215242,0.0561057016850851
"SHMT2","blue","blue",-0.0742710780093078,0.130583174401529,0.0629404401548377,0.029731069172657
"R3HDM2","turquoise","turquoise",0.477149524778633,-0.294094984435726,0.182475255872857,0.0678682659517595
"MARS","blue","blue",-0.0153473810134078,0.13098440339964,0.11956914069987,0.0429609144095772
"DDIT3","blue","blue",-0.0998296528319672,0.196697365323913,0.0863023249290462,0.0610113100143117
"DCTN2","blue","blue",-0.178877441118396,0.351094100951192,0.151292867739957,0.065922960609726
"KIF5A","blue","blue",-0.299795203091419,0.447165462097928,0.140003488849531,0.0992077902305583
"PIP4K2C","grey","grey",-0.0234370518806461,0.0781441190222621,0.0706387135984986,0.0350880449283262
"DTX3","grey","grey",-0.0323326184466858,0.0966803528886316,0.0793268764822534,0.0656763115365722
"ARHGEF25","grey","grey",-0.0115487271138651,0.0665142758345284,0.0675385741611932,0.0604410046274728
"B4GALNT1","blue","blue",-0.0798024838907009,0.185133244565487,0.129136793341376,0.0832161541118668
"OS9","blue","blue",-0.0903515231962481,0.202080922443135,0.116990434609693,0.0628297342535064
"AGAP2","grey","grey",-0.0048675641797114,0.0552130834212116,0.0812445056072033,0.0966475414766427
"TSPAN31","grey","grey",-0.0324735916287667,0.10531286621615,0.0818286118999895,0.0629850692090505
"TSFM","blue","blue",-0.100435886627563,0.199146989509587,0.0981923992499731,0.0611282484661924
"SLC16A7","turquoise","turquoise",0.183431622601391,-0.0423278782919247,0.159689377623327,0.0947814728821888
"FAM19A2","turquoise","turquoise",0.430186493808745,-0.244386587350743,0.174746723185063,0.0863218384891607
"USP15","grey","grey",0.147726505860842,-0.00541215889241554,0.150546625984236,0.0718428974891827
"MON2","turquoise","turquoise",0.308088287113421,-0.146927383461206,0.161751146039548,0.0637361501052178
"PPM1H","turquoise","turquoise",0.235319705285322,-0.0822114028775771,0.15493668449784,0.113065235660051
"DPY19L2","turquoise","turquoise",0.394412864610682,-0.284576823217286,0.103781280015553,0.021594966313105
"RXYLT1","grey","grey",-0.00344847952238661,0.0550943490812552,0.0669459829674065,0.0436457312327823
"SRGAP1","turquoise","turquoise",0.294829521049378,-0.154158568059812,0.135623923880392,0.0700612402925748
"XPOT","blue","blue",-0.0910010384871154,0.207292817007663,0.141694047191865,0.115255194728561
"TBK1","grey","grey",0.0605788844224613,0.0481633006896372,0.134905622958226,0.0629923866336879
"GNS","blue","blue",-0.0481587023261244,0.140187884899008,0.107932623544869,0.035264570905992
"TBC1D30","grey","grey",0.107172591915414,0.0061479572177859,0.132748292779817,0.0952111554655056
"LINC02389","turquoise","turquoise",0.477563506299458,-0.311633020893914,0.158503360941034,0.0774786210262004
"LEMD3","grey","grey",0.0792328551188086,0.0226537790465636,0.127208972476118,0.0846797137627314
"MSRB3","turquoise","turquoise",0.190572806700111,-0.120952132475291,0.0777176702761877,0.0461462287759792
"LLPH","blue","blue",-0.0402917138613832,0.117051592973772,0.0843369253179186,0.0615949876270941
"GRIP1","turquoise","turquoise",0.661518703068472,-0.452404991568976,0.181516985021343,0.0609314988854728
"CAND1","blue","blue",-0.228609775850722,0.369014719406254,0.151083754855426,0.062777821568992
"RAP1B","grey","grey",0.102915513544878,0.0314408642301633,0.152678712103047,0.0986450330831351
"NUP107","turquoise","turquoise",0.153792411853735,-0.0742012819871046,0.084735936836782,0.0397208184722462
"SLC35E3","turquoise","turquoise",0.179977066905678,-0.068297094527979,0.127901272297492,0.0888339275712067
"MDM2","turquoise","turquoise",0.139210004254715,-0.0550717623811984,0.100326782982377,0.0801341319672221
"CPSF6","turquoise","turquoise",0.147154459686723,-0.00531107305487816,0.156588902940134,0.0853881146099895
"YEATS4","grey","grey",-0.0185584701862907,0.069055372236852,0.0531001754501687,0.0199036884584421
"FRS2","turquoise","turquoise",0.247261772211574,-0.151391344687493,0.099120601804175,0.0581726077968467
"CCT2","blue","blue",-0.185915443801016,0.301044037631358,0.123494763567216,0.0600901306403479
"AC025159.1","turquoise","turquoise",0.522644579634918,-0.330744847834553,0.165237291227947,0.0582716374266859
"CNOT2","turquoise","turquoise",0.270956838292571,-0.135261689963084,0.127157908007808,0.0479854952804127
"PTPRR","turquoise","turquoise",0.291355442342777,-0.156754032944476,0.136109032321023,0.06036428425626
"ZFC3H1","turquoise","turquoise",0.197375224096957,-0.0822779417318204,0.117060827684637,0.0667660931765302
"TMEM19","blue","blue",-0.0694673650965004,0.12009924324236,0.0676996371116743,0.0432542596223103
"RAB21","blue","blue",-0.0591898801815638,0.184349773221031,0.152031236297674,0.145632066750726
"TBC1D15","grey","grey",0.107588817420188,0.0167352731155802,0.150903831507917,0.0915462874226973
"ATXN7L3B","blue","blue",-0.1539002669274,0.270788955043977,0.136584344728731,0.169758166235032
"CAPS2","turquoise","turquoise",0.408243541832206,-0.249455394382081,0.152809361696705,0.0704441111193589
"KRR1","grey","grey",-0.014517611683984,0.0922144783059922,0.103344288611598,0.10349195609108
"PHLDA1","grey","grey",-0.0350313757258661,0.121833165109263,0.105990989469155,0.099019922509001
"NAP1L1","blue","blue",-0.128891356910467,0.294352082639827,0.174555775134604,0.141683285142878
"OSBPL8","turquoise","turquoise",0.166332614979854,0.0105137504857912,0.207763689044647,0.159275851934487
"ZDHHC17","blue","blue",-0.0480423845084117,0.190512179045078,0.153692187773361,0.0929440817189563
"NAV3","turquoise","turquoise",0.361603971010582,-0.232521632035156,0.111275399661728,0.0401515076461282
"SYT1","blue","blue",-0.367099706408504,0.47843973094075,0.0769790351104068,0.0153163174031467
"AC027288.3","turquoise","turquoise",0.164082011807993,-0.00993478091620916,0.140054605453401,0.0647480331941856
"PAWR","grey","grey",0.0621102979250583,0.00323468236913549,0.0696309608260562,0.0458749657767039
"PPP1R12A","turquoise","turquoise",0.140394860927314,-0.000833393942527654,0.162863364357808,0.103192627387502
"LIN7A","turquoise","turquoise",0.187847153553735,-0.0394755983593912,0.155006179111145,0.134803059067364
"ACSS3","turquoise","turquoise",0.244387115267191,-0.171757919279778,0.0497091067133259,0.00460034860271805
"PPFIA2","turquoise","turquoise",0.425091922351703,-0.198984188103305,0.233129038546077,0.175265675975772
"CCDC59","grey","grey",0.0294778666508931,0.055845290171081,0.0986647698918712,0.0549752611474039
"METTL25","turquoise","turquoise",0.30440703146982,-0.183538248777266,0.110644682120193,0.0425199895920219
"TMTC2","turquoise","turquoise",0.310040213147126,-0.21694425989007,0.0667040192006761,-0.00270704565213981
"SLC6A15","blue","blue",-0.108301080402665,0.249419890023254,0.157619320366694,0.0761652560564826
"MGAT4C","turquoise","turquoise",0.429983547201865,-0.277893474528029,0.141618970271509,0.0659326622181677
"C12orf29","blue","blue",-0.0631595862559615,0.130846479078272,0.0795985075205024,0.0633955859086517
"CEP290","turquoise","turquoise",0.24772552351,-0.108438909596527,0.148426419942527,0.0807957629840014
"TMTC3","grey","grey",0.018700113315143,0.0638991142537094,0.108905627734897,0.0584322580236066
"POC1B","turquoise","turquoise",0.172075194184447,-0.0988834037932703,0.0613304925742668,0.0229917666508556
"ATP2B1","grey","grey",0.0484635511900542,0.0564873614864763,0.133151462881551,0.0651353060183665
"EEA1","grey","grey",0.0639307056030354,0.0901849025907654,0.166109802931914,0.132206490414256
"NUDT4","grey","grey",-0.0338282645445458,0.11774982319447,0.112253559348375,0.11574789766931
"UBE2N","blue","blue",-0.163641413934952,0.310205919898587,0.149554558301443,0.129098843706307
"MRPL42","brown","brown",-0.0465458454054814,0.127946070346731,0.109431088535001,0.205779220121301
"CRADD","turquoise","turquoise",0.362109032219732,-0.210096803530246,0.140430962531789,0.0583552363133657
"PLXNC1","grey","grey",0.0505907558474733,0.00710652194152215,0.0690332911533633,0.046891780698988
"CEP83","turquoise","turquoise",0.237541556941942,-0.132658260293927,0.10582905125931,0.0508462048258629
"TMCC3","turquoise","turquoise",0.131813956492954,0.0055130400861435,0.175079450257056,0.160141425629613
"NDUFA12","blue","blue",-0.0689434672457707,0.177343361097718,0.0940991991058647,0.0535369062781946
"NR2C1","turquoise","turquoise",0.264395372848944,-0.173734569795967,0.0900787178099399,0.0273521000484449
"VEZT","turquoise","turquoise",0.225123090831734,-0.0521372973521227,0.193564501700317,0.112929486197616
"METAP2","blue","blue",-0.0625514589228406,0.172871462617915,0.122814267122387,0.0623352061592811
"NTN4","grey","grey",0.0137197546574592,0.0820281094019979,0.114308908112105,0.0741434513392372
"SNRPF","grey","grey",-0.0158981339060979,0.0802944475633841,0.0616774084192104,0.0442972424133513
"LTA4H","grey","grey",0.0317481275924893,0.043363815511669,0.0934964894362568,0.041569067760604
"CDK17","turquoise","turquoise",0.136030287246,-0.0299251726829014,0.126013493728711,0.0742391846087401
"TMPO","grey","grey",-0.039308264036531,0.106793131828196,0.0846766420560707,0.0332839481975141
"SLC25A3","blue","blue",-0.330427334762815,0.468969091935053,0.127624345791094,0.0939402327927226
"ANKS1B","turquoise","turquoise",0.494260490827937,-0.282087495272762,0.211738289488171,0.125109710584225
"UHRF1BP1L","brown","brown",0.0429008347660739,0.0777155065213512,0.159026085261944,0.21674240562076
"ACTR6","blue","blue",-0.1224297251602,0.277234543174848,0.154628383451746,0.109396056493018
"SCYL2","grey","grey",0.153952679816607,-0.0350791926281722,0.146368837355671,0.0812573647796607
"ANO4","turquoise","turquoise",0.452382192094695,-0.268949207917279,0.172713425204097,0.0636188300726324
"UTP20","grey","grey",0.0396286829932756,0.0376393799195441,0.10351015811336,0.0461439543401143
"ARL1","blue","blue",-0.181946545893528,0.311893399945754,0.139119932463377,0.146746384223578
"CHPT1","turquoise","turquoise",0.17308658282874,-0.067808810312442,0.0988487435334609,0.0401194780446144
"GNPTAB","turquoise","turquoise",0.160636879516271,-0.0497336171260364,0.130343280096128,0.0914460159455678
"WASHC3","grey","grey",-0.0131402504708411,0.100622256564381,0.0829100531017278,0.0357138898980671
"HSP90B1","blue","blue",-0.202373157177932,0.278934813054132,0.102405276653726,0.0981217590790978
"C12orf73","grey","grey",-0.00731398254141099,0.0845180031150296,0.085559403089261,0.0628699585778987
"TDG","turquoise","turquoise",0.197087392957968,-0.132486162132221,0.0689419192410674,0.0119586260196115
"HCFC2","turquoise","turquoise",0.125384246404533,-0.0532897567625822,0.0752628542964545,0.0457664925375365
"NFYB","grey","grey",-0.010763676388243,0.0682294798291976,0.0702874364128741,0.0740465082491278
"TXNRD1","blue","blue",-0.115352832830458,0.242743442798361,0.13498738006114,0.114154771597161
"CHST11","turquoise","turquoise",0.334239652250468,-0.195159495353621,0.129701191330618,0.0517705900687468
"SLC41A2","turquoise","turquoise",0.32574134999088,-0.178969726006356,0.154400714584719,0.0706375595965581
"C12orf45","brown","brown",-0.00733246474333812,0.0843897851087504,0.0992401902319603,0.179324991330082
"ALDH1L2","turquoise","turquoise",0.24861733670779,-0.155924911542619,0.0825448939413813,0.020073749188208
"WASHC4","grey","grey",0.0991861466565859,-0.0265698615333499,0.0847813960935637,0.0325373374916148
"APPL2","turquoise","turquoise",0.239447537424548,-0.14532463612683,0.0875741712229058,0.0222885583253631
"C12orf75","grey","grey",0.0417673717352048,0.0273477670258722,0.0736227955985165,0.064325607052905
"NUAK1","grey","grey",-0.00264244541128435,0.0675542008186874,0.0966460895635102,0.104192693799109
"CKAP4","grey","grey",-0.0689205905360493,0.143923764510951,0.0955937279564343,0.0692151068526551
"POLR3B","grey","grey",0.107498390821709,-0.0227879779853169,0.0938359992474137,0.044442919050281
"AC079385.1","turquoise","turquoise",0.302132927783074,-0.186933086895217,0.109633613239888,0.0498936533020313
"RIC8B","turquoise","turquoise",0.260162266420043,-0.130940472762016,0.13155359996607,0.0746677696360508
"TMEM263","blue","blue",-0.0397380925249173,0.122823209004482,0.099959423345968,0.0969291069222164
"MTERF2","grey","grey",0.0728023568578974,0.0183450204619481,0.102366064143866,0.0682383975093837
"BTBD11","turquoise","turquoise",0.285996794428895,-0.0704379782202178,0.225162500149277,0.137923413941687
"PWP1","blue","blue",-0.0480669651265445,0.171313936049242,0.1289692060006,0.0619296526102841
"PRDM4","grey","grey",0.000471252523583074,0.0710999195647991,0.0960702782513139,0.103116763984131
"WSCD2","grey","grey",0.0876090666561224,-0.0114010933055116,0.0861072855792334,0.0517696342294582
"FICD","grey","grey",-0.0582655754713288,0.109348560698632,0.0705180904441039,0.0580356133026468
"SART3","grey","grey",0.0392199598998206,0.0219395422480897,0.0743246091815255,0.0481888595226993
"ISCU","blue","blue",-0.235769202317711,0.370524681780862,0.133961192365674,0.130606994576119
"CORO1C","grey","grey",0.050066190722442,0.0830691367568264,0.150001931022389,0.0883794218210723
"SSH1","turquoise","turquoise",0.226434752271816,-0.0969278917399857,0.136642291085063,0.0920834212759441
"SVOP","grey","grey",0.00139113497415126,0.136216442447474,0.161179415258385,0.133616488119066
"USP30","grey","grey",0.100499339499461,-0.0368560352293463,0.075534457864667,0.0479205795265559
"UNG","grey","grey",-0.0109578844527988,0.0408888109680809,0.0397085160270732,0.0204611300175685
"KCTD10","blue","blue",-0.0482115134553801,0.119936339992239,0.0984691114422884,0.0755796301212635
"UBE3B","grey","grey",0.0958533528059193,-0.0192151670412189,0.0938510371713458,0.0626821554364238
"MMAB","grey","grey",0.0100366009554252,0.0534717266556548,0.0631076739290442,0.0476515144049915
"MVK","grey","grey",0.00389636438037546,0.0686673070457117,0.0948799229153099,0.0701150527501995
"FAM222A","grey","grey",0.104200809403447,-0.0282259494104068,0.0961139553932635,0.0659419607809491
"GLTP","turquoise","turquoise",0.117339495918732,-0.0750907940123065,0.0441414371471451,0.0170728413574124
"TCHP","grey","grey",0.0725694444087361,-0.0196211495460643,0.0647650437531358,0.0276704616011419
"GIT2","turquoise","turquoise",0.219874537773529,-0.106630058510463,0.123270122641624,0.0677088737339892
"C12orf76","blue","blue",-0.046343030795422,0.138442598948147,0.0918522327098247,0.0890926422893442
"IFT81","grey","grey",0.12984661955925,-0.0425625864942396,0.0930403391599675,0.0364322077677343
"ATP2A2","blue","blue",-0.248875301333729,0.350848200672319,0.135665814054599,0.0976717407692675
"ANAPC7","blue","blue",-0.0220836119730184,0.133522796686143,0.126825813381586,0.0529998811769663
"ARPC3","blue","blue",-0.133862242393158,0.281236145182233,0.131556671253464,0.0754025456852698
"GPN3","grey","grey",-0.0221395561450331,0.0845641000474624,0.0670946785218612,0.0283189851434018
"FAM216A","grey","grey",-0.0378167828678996,0.128445125280844,0.0994850760209651,0.0614503398016042
"VPS29","blue","blue",-0.0560251556333039,0.194995629801873,0.139514463767612,0.0991892724273478
"PPTC7","blue","blue",-0.0690721242980837,0.166400471363071,0.133744140478016,0.189944721650212
"PPP1CC","blue","blue",-0.0882043091659263,0.196847681946355,0.123097193538268,0.113070440203122
"CUX2","turquoise","turquoise",0.513897417059762,-0.318502214680877,0.207199703793994,0.101512913798678
"ATXN2","turquoise","turquoise",0.231928474287849,-0.0779167792169266,0.170338463794504,0.075346956962725
"BRAP","grey","grey",0.0556428577006741,0.0471569429203398,0.115201155342407,0.0693395829988182
"ALDH2","blue","blue",-0.253280923812167,0.422143857168749,0.143735482384406,0.0705933164925159
"MAPKAPK5-AS1","grey","grey",-0.00363717589999186,0.0502013578076282,0.0507708040883485,0.0295309463068687
"MAPKAPK5","grey","grey",0.130062251454779,-0.039217473427983,0.102409476137866,0.0720777254514271
"ERP29","blue","blue",-0.201853040655129,0.322654140635037,0.11150973454968,0.0708620096018738
"NAA25","turquoise","turquoise",0.291732779369132,-0.161720326342469,0.132657433953802,0.0718341119975435
"TRAFD1","grey","grey",0.0974153830412319,-0.0281427281620818,0.0856683166746509,0.0551587893079608
"HECTD4","turquoise","turquoise",0.229212475306449,-0.0081154012955144,0.243080469584394,0.223186333839345
"RPL6","blue","blue",-0.120505653707737,0.205275430500261,0.085859308897878,0.0844354719439699
"PTPN11","blue","blue",-0.0576496295823961,0.175656903905647,0.156256651934032,0.197578652222466
"RPH3A","blue","blue",-0.054128636429928,0.173719159574482,0.129490516897941,0.0696445940450409
"DTX1","grey","grey",0.0728690981082,-0.00118648289001984,0.0889760738990105,0.0663080100049002
"DDX54","blue","blue",-0.0543360379939796,0.105854606746399,0.0642090080467205,0.0407571776131521
"RITA1","grey","grey",-0.0527288762951303,0.12595400784426,0.0904688377482063,0.0864854379959503
"TPCN1","turquoise","turquoise",0.141059205198913,-0.0798897003272529,0.0607894212280278,0.0196109412103575
"PLBD2","blue","blue",-0.0837163803861467,0.227971812876866,0.144954764321614,0.0701454847299096
"SDSL","blue","blue",-0.0726957808904552,0.15399558173146,0.0881902476250988,0.0648438237710595
"RBM19","grey","grey",0.104045699638945,-0.0060642389717573,0.104827558752661,0.0497847271353878
"MED13L","turquoise","turquoise",0.437183335493941,-0.27604572508307,0.149119513550062,0.058947562876529
"MAP1LC3B2","blue","blue",-0.147187376114854,0.257226703046424,0.112296569295726,0.0963501318338541
"C12orf49","blue","blue",-0.053789394502218,0.128253786725354,0.104670364001305,0.132915145827927
"RNFT2","grey","grey",0.014688845645265,0.111390241953608,0.148896303586531,0.108829436100118
"FBXW8","turquoise","turquoise",0.296338858481764,-0.17779367074068,0.110533198808955,0.04124436847868
"FBXO21","blue","blue",-0.0859163123063739,0.210408645492239,0.15006347941377,0.118949565593695
"KSR2","turquoise","turquoise",0.452741677328549,-0.26439702224699,0.192345996155895,0.0950464287066356
"WSB2","blue","blue",-0.134359239370631,0.241119718240168,0.143165208734865,0.191883399435484
"PEBP1","blue","blue",-0.592852774084206,0.615656841015181,0.0101642447565563,0.0685327615180937
"TAOK3","turquoise","turquoise",0.314394747744723,-0.148793986791029,0.176132598941727,0.117043522862143
"SUDS3","blue","blue",0.00325808385550723,0.125792851194111,0.147030805066242,0.145543792149322
"SRRM4","turquoise","turquoise",0.247982465849559,-0.0933326643847872,0.174723907395686,0.103548905974016
"HSPB8","blue","blue",-0.118173320368394,0.22837529948505,0.11343517199456,0.0974565750226382
"CIT","turquoise","turquoise",0.248862618762833,-0.0964243542693709,0.177763827844563,0.131869952351378
"BICDL1","turquoise","turquoise",0.425465164351916,-0.259328784870314,0.172412285734234,0.0853570425179706
"RAB35","grey","grey",-0.0202931786069522,0.120430403821212,0.121798473013998,0.093247617394557
"GCN1","grey","grey",0.0205004922416853,0.0555773256829955,0.0886424554611169,0.0342892960395706
"RPLP0","blue","blue",-0.125742894723629,0.192788553089719,0.0874903827144686,0.0935622685009931
"GATC","grey","grey",-0.0535951505624052,0.126508922081722,0.0939989204840353,0.119403374107013
"SRSF9","blue","blue",-0.114691953962681,0.21436334765673,0.108600852184776,0.119386001627569
"DYNLL1","blue","blue",-0.307231184944047,0.410719967648475,0.0993022309859707,0.119427191107359
"RNF10","grey","grey",0.0165571047683065,0.112381670899047,0.154489939596162,0.147203087791099
"CABP1","grey","grey",0.113101154612365,-0.00649591393208934,0.107181205851459,0.064910427032858
"MLEC","blue","blue",-0.0810653371337405,0.164636946657323,0.107384277266625,0.120619453277071
"UNC119B","grey","grey",-0.0333902621115771,0.0887084554161232,0.074205725844055,0.0952791637972115
"SPPL3","grey","grey",0.0862517574195618,0.0575287841193066,0.172067088096199,0.096322588139915
"C12orf43","blue","blue",-0.0678592640144279,0.16730719994063,0.118979772946916,0.115779389314016
"CAMKK2","grey","grey",0.0614032399701187,0.0377663616537139,0.12361473505858,0.109745040865225
"ANAPC5","blue","blue",-0.00238757183055349,0.150048167978677,0.138692647036663,0.072807647531335
"RNF34","grey","grey",0.0329042061474448,0.0684894284416721,0.117678200593991,0.0852457177802468
"KDM2B","turquoise","turquoise",0.238460804370629,-0.137525467639666,0.111257949496286,0.0482273926346286
"TMEM120B","grey","grey",0.174741970945756,-0.0561802262368499,0.13197896107059,0.0732951220338142
"RHOF","blue","blue",-0.0572064604605003,0.146718491301975,0.104124707384757,0.0972724015059342
"BCL7A","grey","grey",0.0345526103871019,0.0505459202658699,0.111656355958269,0.100450018287774
"MLXIP","turquoise","turquoise",0.305525604508206,-0.181214004512489,0.13899992675682,0.0689946158806527
"CLIP1","turquoise","turquoise",0.214743764145647,-0.0592289393626054,0.182665058995015,0.151723172595376
"ZCCHC8","turquoise","turquoise",0.230855787547997,-0.16004381089205,0.0728394845767721,0.0147780485399124
"RSRC2","blue","blue",-0.0298855011068266,0.177310452764781,0.153489540082509,0.0855691290285797
"DENR","blue","blue",-0.087095863775386,0.232172112197008,0.165129409733989,0.184313394644418
"CCDC62","turquoise","turquoise",0.258796737744804,-0.157095410764544,0.102633985394257,0.0427816539930478
"HIP1R","grey","grey",0.136473043473686,-0.0338107727270362,0.111478785884636,0.0504231919599573
"ABCB9","grey","grey",0.20664725409268,-0.0731005114516495,0.149872508360954,0.0671713322021402
"ARL6IP4","blue","blue",-0.0840605807199354,0.176544870444531,0.0985160547107005,0.0746866298104614
"PITPNM2","turquoise","turquoise",0.32754974231999,-0.176973224801921,0.154881574274002,0.0826979279529921
"MPHOSPH9","turquoise","turquoise",0.394766184228568,-0.238808706535069,0.156107845649334,0.0658533733654519
"C12orf65","grey","grey",0.0426178188900949,0.054932940324242,0.111452264157294,0.0768922737251403
"SBNO1","blue","blue",-0.0332431979845111,0.156105848590307,0.153224109604556,0.163990736169013
"KMT5A","grey","grey",-0.00316527243614654,0.0894191834518393,0.112190705239745,0.0999490842978781
"SNRNP35","grey","grey",-0.0252011114846059,0.0995531846026795,0.0862750803941405,0.0462270732921814
"RILPL1","grey","grey",0.151349587540001,-0.0545329298302402,0.104014348156901,0.0537777405612247
"TMED2","blue","blue",-0.0865103454875161,0.182101595901788,0.113043190169761,0.0969697528922087
"DDX55","grey","grey",0.119964261610168,-0.0296948006924161,0.095229385113897,0.0404370883109944
"EIF2B1","grey","grey",0.0103820789531282,0.0748484968706609,0.0962214279637165,0.0565125860951211
"GTF2H3","grey","grey",0.0791131893218111,0.00997248731610187,0.106042602141926,0.0704604117933059
"ATP6V0A2","turquoise","turquoise",0.235143268553996,-0.134574424532852,0.103686966085049,0.043196919776241
"CCDC92","grey","grey",0.03888574691629,0.133413868707386,0.202238815949447,0.189494099694759
"RFLNA","turquoise","turquoise",0.259193281616982,-0.157114595161635,0.103667317016122,0.0563390812192619
"NCOR2","turquoise","turquoise",0.23058754239385,-0.0878768619647741,0.152969223244598,0.0789114603068221
"SCARB1","turquoise","turquoise",0.207635327223183,-0.106976403512479,0.112515535511699,0.0515997005678488
"UBC","blue","blue",-0.442427656525458,0.476761492408701,0.0346193745384275,0.028747071732502
"DHX37","grey","grey",-0.0218898003655636,0.0669649850941217,0.055291246568922,0.0162051552797936
"BRI3BP","blue","blue",-0.0473247857398392,0.127701334287612,0.111705348199173,0.114911888388126
"AACS","grey","grey",0.0915117555464985,0.0246618679635394,0.134771765451207,0.0594003129527141
"TMEM132B","turquoise","turquoise",0.289342750927125,-0.092045637005271,0.233139208614819,0.174241074072993
"TMEM132C","turquoise","turquoise",0.240577849381499,-0.0856017763975429,0.162505568113235,0.0669007784293787
"SLC15A4","turquoise","turquoise",0.161295142013461,-0.072195305591885,0.100100286207548,0.0394247477292275
"GLT1D1","grey","grey",0.0940970593909012,0.0277477421540675,0.143057878265929,0.11686501075807
"RIMBP2","turquoise","turquoise",0.371435921336105,-0.181829477423985,0.211049888490166,0.137800933775135
"STX2","turquoise","turquoise",0.171358571401572,-0.112010469769839,0.070091429062547,0.0361999390282996
"RAN","blue","blue",-0.280977424617772,0.416961506451306,0.127465355862623,0.112346110530387
"SFSWAP","turquoise","turquoise",0.243933636232562,-0.132481574234505,0.108881905577713,0.0414604550401084
"ULK1","grey","grey",0.0432476015081648,0.046240793209018,0.116064778145222,0.0669537290479291
"EP400","turquoise","turquoise",0.234212486407956,-0.124865076965372,0.11838748429193,0.0795208455554272
"DDX51","grey","grey",-0.0184667082608134,0.0904573892090477,0.0797271873592228,0.0439151059631456
"NOC4L","blue","blue",-0.0646530864400425,0.129799328199604,0.067844385643339,0.0385871770803428
"GALNT9","grey","grey",-0.00169941448240002,0.0782555120282074,0.0998955039092234,0.0666837165399647
"FBRSL1","turquoise","turquoise",0.223119524009488,-0.131947261060702,0.111145706871411,0.0551078576766031
"PGAM5","grey","grey",-0.0541954467034356,0.105505354059601,0.0594217434733097,0.0563219450498334
"ANKLE2","grey","grey",0.0551486738067908,0.0231590898390091,0.0969600811580991,0.0521890610319403
"GOLGA3","grey","grey",0.0950727833953616,0.0508595020734862,0.182854430117613,0.157665327579204
"CHFR","turquoise","turquoise",0.361872948540495,-0.229507693450654,0.134430019054502,0.0513765381116523
"ZNF26","turquoise","turquoise",0.25098807024812,-0.160071274221452,0.0938442064543798,0.0263280216208611
"ZNF84","turquoise","turquoise",0.144197975063301,-0.05830519969404,0.0878047141663145,0.0611983148551603
"MPHOSPH8","grey","grey",0.113487334421705,0.0608956661151328,0.207694230892686,0.168607910848104
"PSPC1","turquoise","turquoise",0.204401363838016,-0.037232290067701,0.174806707692827,0.0716073456428535
"ZMYM5","grey","grey",0.181651346141142,-0.0796493541951113,0.111517155919873,0.0678403739087669
"ZMYM2","turquoise","turquoise",0.225459779812426,-0.0600569676495594,0.184705022104402,0.113634903715817
"CRYL1","grey","grey",0.136941280657824,-0.0250816616895107,0.112918748632423,0.0494032531379435
"IFT88","turquoise","turquoise",0.239202589710316,-0.107145423067379,0.130775859302232,0.0584470259589912
"AL161772.1","blue","blue",-0.0613533687163503,0.129452821026028,0.0800178591071421,0.0827370257583839
"EEF1AKMT1","grey","grey",0.0940664341974841,-0.0155753637349058,0.0736534315072467,0.0487751692141806
"XPO4","turquoise","turquoise",0.213809648140706,-0.0923524697499053,0.124090473278083,0.0761164297553857
"SAP18","blue","blue",-0.253489737816777,0.388794014064329,0.121447633748909,0.0941511799588258
"MRPL57","blue","blue",-0.0815433997847083,0.171530880423992,0.094395100067005,0.0791995679148238
"ZDHHC20","turquoise","turquoise",0.240648140412849,-0.126095418150899,0.123991424699856,0.07516165553303
"MICU2","grey","grey",0.10392442771331,0.043056740990488,0.146379845951422,0.0615821305401982
"FGF9","grey","grey",0.0575546250290556,0.0236638636836061,0.0906684815787175,0.0680787336825738
"SACS","brown","brown",0.0813046207172434,0.0627435760848067,0.198364888892517,0.345673897393162
"TNFRSF19","turquoise","turquoise",0.228135805683086,-0.103294989072057,0.128392371161702,0.0896883390536304
"MIPEP","turquoise","turquoise",0.25720322121463,-0.138191336517295,0.112742249161917,0.0485362989417341
"CENPJ","turquoise","turquoise",0.205630422005918,-0.0808714131992644,0.126738362788294,0.0677331317164305
"AMER2","grey","grey",0.030026013949433,0.00600852191340585,0.048336904172551,0.0401490007048921
"MTMR6","blue","blue",-0.118058293330098,0.246520768236557,0.142908541222941,0.0912210106907052
"NUP58","grey","grey",0.0375343004167218,0.0594871168065872,0.119016758562711,0.110311793170552
"ATP8A2","grey","grey",0.171309638750987,0.0747261165549833,0.265709448153384,0.193323899154427
"RNF6","blue","blue",-0.0893333207478258,0.16244615115473,0.0991709032842163,0.109168856722957
"CDK8","turquoise","turquoise",0.303888840835188,-0.144566188981828,0.169178294920256,0.114966579168993
"WASF3","grey","grey",-0.022822752363315,0.156465933409728,0.178820414735774,0.222177484018985
"GPR12","grey","grey",-0.0446328638717067,0.0910031214033613,0.065394485911136,0.0752361730774975
"USP12","grey","grey",0.0677198378058149,0.0603866357536252,0.157348132988906,0.184235875195482
"RPL21","blue","blue",-0.0700075190637505,0.10680125558481,0.0343733804142189,0.0318138485522303
"GTF3A","grey","grey",-0.00676406872914796,0.103906389027641,0.113544689666187,0.117196588448778
"MTIF3","grey","grey",0.00244739041743717,0.0937247431781476,0.0968254788720795,0.0528198778601296
"POLR1D","grey","grey",-0.00938664542659718,0.118250464644263,0.121269409573651,0.0899874354818407
"FLT3","turquoise","turquoise",0.435016718259483,-0.300597019717097,0.119778911273044,0.0162462920285677
"PAN3","turquoise","turquoise",0.372371446746561,-0.244892540994311,0.107252992932619,0.0288173116701861
"POMP","blue","blue",-0.1439317864595,0.252328319551904,0.111658125224029,0.101981675049787
"MTUS2","turquoise","turquoise",0.514234047722312,-0.311472390241157,0.197969122056472,0.0887198646829046
"SLC7A1","blue","blue",-0.0712260910523649,0.167845770197688,0.120911687621937,0.0839310428739198
"UBL3","grey","grey",-0.0615645645450561,0.194166646374174,0.181972044555448,0.24175659844403
"KATNAL1","grey","grey",0.063826644405384,0.0592273942690344,0.146371581389248,0.153179124401512
"HMGB1","grey","grey",0.130446249614982,0.0396942463161868,0.174491857384604,0.116317353180263
"USPL1","grey","grey",0.104299299485446,-0.0416032322020881,0.0806773386226878,0.0473706294653202
"HSPH1","blue","blue",-0.227085521284993,0.318266658209127,0.126333410090463,0.0824093290840379
"FRY","grey","grey",0.104286209959992,0.0706186416737564,0.202157599289814,0.0933296934890152
"N4BP2L1","turquoise","turquoise",0.201378451047158,-0.129194494631299,0.0806130047391649,0.0232436568024732
"N4BP2L2","turquoise","turquoise",0.41027446996272,-0.222761555334758,0.187947993659488,0.0782360669196056
"PDS5B","grey","grey",0.076256006953768,0.061940267588173,0.172640177839847,0.136242159070563
"STARD13","turquoise","turquoise",0.221656147324287,-0.154229327776281,0.0464588731477444,-0.00250743854684031
"NBEA","turquoise","turquoise",0.331310182564752,-0.0975530885734795,0.237810276299619,0.19201994369585
"DCLK1","turquoise","turquoise",0.176703346915546,0.0559250696919753,0.239273994704617,0.155626136322682
"SPART","grey","grey",0.0357122101575042,0.0795537570151717,0.149796580441875,0.083178669447755
"CCNA1","grey","grey",-0.0633505174200866,0.122996441748464,0.0743770149858902,0.0445570280036555
"ALG5","grey","grey",0.0556999923150343,0.016975925998861,0.0769858256152857,0.0295596212461977
"SUPT20H","turquoise","turquoise",0.170169508162628,-0.0766497932360663,0.0971085313460175,0.0426952561526391
"UFM1","grey","grey",-0.0448887079536226,0.113859733870906,0.0851768596862339,0.0913023220735539
"NHLRC3","grey","grey",0.115776652947113,-0.029557116369189,0.0913828125351336,0.0416867429263886
"LHFPL6","turquoise","turquoise",0.137414081389095,-0.121027048786635,-0.000602723611412372,-0.012402919425222
"COG6","grey","grey",0.116168185124164,0.0120582429650588,0.152625515879303,0.0895379706628176
"MRPS31","grey","grey",0.0651587925672086,0.0611162763966119,0.131757849664544,0.0547114997385554
"WBP4","blue","blue",-0.0512863726602103,0.153369071722109,0.112838317920795,0.0726377412849655
"KBTBD6","blue","blue",-0.172955184479518,0.266458773051586,0.120890651153266,0.117977830835249
"KBTBD7","grey","grey",-0.0599493623156332,0.106553651459976,0.0714353510120986,0.0632599823572544
"NAA16","turquoise","turquoise",0.297886967840801,-0.172306007814563,0.130287029755596,0.0560779764088091
"VWA8","turquoise","turquoise",0.340999209481274,-0.149746291678716,0.18060368487784,0.0974403592555137
"DGKH","turquoise","turquoise",0.235166489412444,-0.0561288599638746,0.216145089352197,0.252842930808182
"AKAP11","blue","blue",-0.080134116310052,0.19008997932465,0.160095596391688,0.25093476846995
"DNAJC15","grey","grey",0.0195612240841958,0.0462347596769298,0.0764223059397481,0.067026140153936
"ENOX1","turquoise","turquoise",0.538959635171205,-0.328258837425471,0.189413988164698,0.0808248238686471
"SERP2","blue","blue",-0.0543473354048991,0.179350444417729,0.123845401620734,0.103559117194589
"TSC22D1","grey","grey",0.0695659694168766,0.1181575171097,0.216071737882102,0.148229121688671
"GPALPP1","grey","grey",0.119197214484275,0.000451202715667234,0.140580054928175,0.115061978714756
"GTF2F2","grey","grey",0.0755742524864871,0.0335936211722452,0.111237419793293,0.048679353412005
"TPT1","blue","blue",-0.228675074762808,0.294304538928058,0.0597808562918927,0.0726431854200262
"COG3","turquoise","turquoise",0.123272448339076,-0.0576854023359522,0.0732680966489797,0.0297094535586383
"SIAH3","turquoise","turquoise",0.145412262352663,-0.00507840287959118,0.16215767830168,0.15206171759286
"ZC3H13","grey","grey",0.0434442928155381,0.0963420770199515,0.167609397347701,0.115479091800518
"LCP1","grey","grey",-0.0309891941787956,0.116472866081397,0.0821578077952146,0.0355277923010757
"AL138686.1","grey","grey",-0.0497456491812898,0.0801187725401675,0.0217665299859583,0.0173706558225404
"LRCH1","turquoise","turquoise",0.322213642900488,-0.196910648327964,0.120190612680192,0.0501447427273896
"ESD","blue","blue",-0.0733089442604749,0.173807724932349,0.0969636420180839,0.0471842070392688
"HTR2A","grey","grey",-0.0819669325928842,0.157521241230017,0.117995058160436,0.108367727557549
"SUCLA2","blue","blue",-0.163095042031165,0.354882110402321,0.165715283704209,0.0832070724562834
"NUDT15","blue","blue",-0.0611744170405619,0.117865955824411,0.0692212619045084,0.0735685121144768
"MED4","blue","blue",-0.0196408836096991,0.145678850251223,0.14424490608487,0.11794496417325
"ITM2B","blue","blue",-0.498163405786441,0.568334391709833,0.0552461384344963,0.0207969103283525
"RB1","grey","grey",0.132522762378786,-0.0111788070876621,0.132258566420639,0.0534374034452783
"FNDC3A","turquoise","turquoise",0.177092583558118,-0.0464354363788727,0.146064372670218,0.0752169769973234
"CDADC1","grey","grey",0.0211710390132974,0.0236521401092705,0.056179378910237,0.0435768285536416
"CAB39L","grey","grey",0.00424992687355343,0.157562279760168,0.188417938946596,0.178333558070544
"SETDB2","turquoise","turquoise",0.193052808948149,-0.113016961943404,0.077551687548744,0.0497918847295191
"PHF11","grey","grey",0.0574591713619999,-0.00226077422645044,0.0577768594395236,0.0283363069829971
"RCBTB1","grey","grey",0.026847002380509,0.0451945267108181,0.0872614639397564,0.0799976601937819
"EBPL","blue","blue",-0.00743876101424214,0.0802406947515105,0.0759978433914575,0.0460384014849015
"KPNA3","turquoise","turquoise",0.130167166777499,0.00768126506166992,0.156673146275174,0.0973001982578761
"SPRYD7","blue","blue",-0.0901350482748508,0.18609432153223,0.109629202381163,0.0988912627338217
"DLEU2","turquoise","turquoise",0.14472917293161,-0.0947113297379554,0.035476810434872,0.00284714221384357
"TRIM13","grey","grey",0.0842407945713198,-0.0185198801475939,0.080750969609518,0.0562048636989004
"DLEU7","grey","grey",0.124443165975562,-0.0246224319721705,0.105095148974861,0.0699856850638937
"RNASEH2B","turquoise","turquoise",0.12461333965354,-0.060053230159558,0.0669074990724569,0.0285036474390701
"FAM124A","turquoise","turquoise",0.15364208751102,-0.0871705858850071,0.0656583143376624,0.0456057980442712
"INTS6","turquoise","turquoise",0.267083463160135,-0.1294404444265,0.142215226591599,0.099926342063152
"WDFY2","turquoise","turquoise",0.319904261777308,-0.194898972424857,0.113366013699612,0.0562805436527555
"ATP7B","turquoise","turquoise",0.139603390270964,-0.0677922741646717,0.0785538771980838,0.0302959977278508
"UTP14C","grey","grey",-0.0480279080832886,0.113464470204329,0.0955456768976878,0.0849946619617427
"VPS36","blue","blue",-0.0316123287736492,0.164794454236227,0.142177953251777,0.116359998083272
"CKAP2","grey","grey",-0.00154338539208809,0.0622175521556139,0.0778364764643481,0.0484829147066359
"SUGT1","blue","blue",-0.0532922237461838,0.179535115199553,0.143826861575618,0.121614885205414
"PCDH8","blue","blue",-0.13347472687211,0.216293741392417,0.124347236901873,0.0980124932499939
"PCDH17","grey","grey",-0.06832260086089,0.175868054855229,0.125410331657662,0.104410722712693
"TDRD3","turquoise","turquoise",0.303482791399272,-0.181957218521147,0.112810322039125,0.0458151043314279
"PCDH9","turquoise","turquoise",0.367166479358541,-0.267053684135495,0.0689381022950218,0.0170125929563586
"PCDH9-AS1","blue","blue",-0.0617970024354081,0.127659876402653,0.0677099712721544,0.0486312537662776
"KLHL1","turquoise","turquoise",0.45254547246511,-0.22160225239974,0.232774609890309,0.167991891229263
"ATXN8OS","grey","grey",0.101510129817483,0.0191797628797924,0.133242911256402,0.122463926480758
"MZT1","grey","grey",-0.0358286989747055,0.106293685445559,0.0801310512998867,0.0700854829567096
"DIS3","blue","blue",-0.0185221678484261,0.0936897332876491,0.0907514128658111,0.0538746179003607
"PIBF1","turquoise","turquoise",0.344138948571872,-0.189607833613808,0.144520813301833,0.0649276712902172
"KLF12","turquoise","turquoise",0.3680526250092,-0.222652766668067,0.124476317852044,0.0592025018043621
"TBC1D4","grey","grey",0.173735725836065,-0.0414270148402876,0.140248107948976,0.071151542404269
"COMMD6","grey","grey",0.0179594911752571,0.0698999691079481,0.0843115779786289,0.0315236754446948
"UCHL3","grey","grey",0.0818428907916144,-0.0231933132836612,0.0574394630506231,0.0217025518597165
"LMO7","turquoise","turquoise",0.263568699008132,-0.143283783483663,0.120023603633005,0.057700390425609
"FBXL3","grey","grey",-0.0203229461796172,0.10320913375569,0.108295986852854,0.0931793698163267
"MYCBP2","brown","brown",0.130803572719434,0.0606018283762095,0.235260428957821,0.347070846702754
"SLAIN1","turquoise","turquoise",0.288298801071921,-0.194667508119025,0.0771256801276482,0.015090691422023
"RNF219-AS1","turquoise","turquoise",0.0774550771855395,-0.10669243523091,-0.0459361280946335,-0.0498322361493809
"RBM26","turquoise","turquoise",0.262940097897275,-0.118335002077326,0.153447170265931,0.0687808922848003
"NDFIP2","grey","grey",0.000566784026896506,0.121821138304055,0.135674367177958,0.111885040662139
"SLITRK1","grey","grey",-0.0444734035519663,0.0883076275480835,0.0643970581607356,0.0412364014550021
"MIR4500HG","turquoise","turquoise",0.383761550206798,-0.221375549899907,0.158674139814217,0.0817641718828593
"SLITRK5","turquoise","turquoise",0.201593021742799,-0.0768166698794105,0.150410434639187,0.109426295398618
"GPC5","turquoise","turquoise",0.504471973072159,-0.368274844452697,0.106198132320635,0.0179438037943899
"GPC6","turquoise","turquoise",0.607157367455427,-0.413751467397465,0.171907174767704,0.0552068067948735
"GPR180","grey","grey",0.0496855077494909,-0.000746529339319432,0.0879839401483023,0.0862591106598356
"ABCC4","turquoise","turquoise",0.218543621165978,-0.114792134053965,0.0915632180304835,0.0289002520309956
"DZIP1","turquoise","turquoise",0.364968931118691,-0.206866429507093,0.157957095187857,0.0962226518449423
"DNAJC3","grey","grey",0.0380986882410707,0.0369204744019318,0.0971481779100311,0.0631307511062922
"UGGT2","turquoise","turquoise",0.412433591496523,-0.244157398703696,0.155163689974152,0.056610194017588
"HS6ST3","turquoise","turquoise",0.4604299706556,-0.262691226385116,0.199065995719904,0.157023235584825
"MBNL2","turquoise","turquoise",0.136372308848567,0.0262535001669074,0.172978478895514,0.152848301778508
"RAP2A","blue","blue",-0.0391321083500189,0.150477337193545,0.152610607383023,0.198936189173893
"IPO5","blue","blue",-0.129458302195623,0.245458865716131,0.119975308033203,0.0667150265464543
"FARP1","turquoise","turquoise",0.204953627586743,-0.0736513031070248,0.142638694635322,0.0960257911701966
"STK24","grey","grey",0.0488400116157876,0.03280817520921,0.0964598374807842,0.0677975601590021
"DOCK9","turquoise","turquoise",0.274307217217715,-0.12837155568567,0.153986788066772,0.121376133720334
"UBAC2","turquoise","turquoise",0.315411016723811,-0.18442458378995,0.122975599339673,0.0338362372418287
"TM9SF2","blue","blue",-0.0831835463507643,0.180033275325652,0.107216212714843,0.0177377588436258
"CLYBL","turquoise","turquoise",0.189227674565615,-0.0873048301713324,0.0990742868680484,0.0409584718448428
"PCCA","turquoise","turquoise",0.362354210850736,-0.200960270621172,0.14092527920543,0.0497589220359929
"GGACT","blue","blue",-0.0336764765733088,0.105683606847364,0.0680801814300072,0.0499900316591719
"TMTC4","turquoise","turquoise",0.108110162376396,-0.061151023930702,0.0447693687872073,0.0183340994421351
"NALCN","turquoise","turquoise",0.280406305972631,-0.0930171080249556,0.176522896519007,0.0806143778773856
"FGF14","turquoise","turquoise",0.492840615916462,-0.336679231151346,0.142937479447093,0.0411269407680447
"TPP2","grey","grey",0.102166399068417,-0.0143542672100612,0.0960415051885472,0.0324679578968097
"ARGLU1","turquoise","turquoise",0.343021201053711,-0.1819653432546,0.161614762514122,0.0558288545647775
"FAM155A","turquoise","turquoise",0.698983199682454,-0.506717169515773,0.17476964138717,0.0734068944025675
"LIG4","grey","grey",-0.0315398732662767,0.0747163787588935,0.0716233834634873,0.0578771169768726
"ABHD13","grey","grey",0.0293751727734477,0.0213898940139784,0.0700746751044232,0.0587778708902942
"IRS2","grey","grey",-0.0338196980897326,0.123250926126757,0.121743011504801,0.0834350279064214
"NAXD","grey","grey",0.00767535436932001,0.0827995763167123,0.103238714186496,0.0714378187864915
"CARS2","grey","grey",0.129916115137121,-0.0214112843804333,0.114368326529908,0.0491195603368784
"ANKRD10","turquoise","turquoise",0.274491857197541,-0.156175421529496,0.117497767742755,0.0444061699508506
"ARHGEF7","turquoise","turquoise",0.249634604235923,-0.0700042856777878,0.200703843160476,0.145959783622412
"TUBGCP3","grey","grey",0.124726956482721,-0.0112478293260724,0.123392050414454,0.0763325902291926
"ATP11A","turquoise","turquoise",0.218499200375407,-0.135968994327236,0.0831120936794995,0.0323051138485572
"MCF2L","turquoise","turquoise",0.277063800962261,-0.126203906052924,0.163442975527787,0.129563578100703
"PCID2","turquoise","turquoise",0.183791442302057,-0.0901453399286099,0.0924183597972805,0.0276215728896714
"CUL4A","grey","grey",0.132837914023047,-0.00382537116445278,0.149487742967062,0.0856918045904309
"LAMP1","blue","blue",-0.136801671140346,0.216595913923237,0.0925871841635164,0.0518580513607631
"DCUN1D2","turquoise","turquoise",0.144947609310831,-0.0531268110980742,0.10373814138118,0.0649897619941617
"TMCO3","grey","grey",0.122792498757505,-0.019268643211102,0.123696083910538,0.0926233288705852
"TFDP1","grey","grey",0.14782141406916,-0.0769721482295979,0.078592838615271,0.0502772103123014
"GAS6","blue","blue",-0.0841139544901617,0.197720642700644,0.13130066171604,0.0862393938642359
"RASA3","turquoise","turquoise",0.180436913224355,-0.0771564493679639,0.117192268789232,0.0735226377981353
"CDC16","blue","blue",-0.0143808260770386,0.119079738731615,0.113243072097455,0.0748424845177403
"UPF3A","turquoise","turquoise",0.245731169521437,-0.111178649428667,0.134109032409001,0.0680213526897261
"CHAMP1","grey","grey",-0.0552162235693637,0.103309606970823,0.0733581236378139,0.0691146567002167
"TTC5","grey","grey",0.00402569096325762,0.0893723512260122,0.125112294427256,0.142601845858255
"CCNB1IP1","grey","grey",0.0501752875534814,0.0207315294489633,0.0698899868340908,0.0551678934018899
"PARP2","grey","grey",-0.0372748293325093,0.106800101051043,0.0660870121436183,0.0413512122342116
"APEX1","blue","blue",-0.0967394712794744,0.216165413186313,0.12029133829963,0.060970707271909
"PIP4P1","blue","blue",-0.0878418217468206,0.174601720147052,0.0814298747337903,0.0613913490338267
"RNASE1","grey","grey",-0.00429467098183376,-0.0255988854437348,-0.0348995203579584,-0.0231862466226334
"NDRG2","grey","grey",0.00344944729121502,-0.0435181420473806,-0.0306250167813466,-0.0194392131936802
"ZNF219","grey","grey",-0.00903619656263044,0.067624622114984,0.0825595203127579,0.115004820264644
"HNRNPC","grey","grey",0.0462489428303501,0.103270338635581,0.159581069706975,0.102842202370419
"SUPT16H","blue","blue",-0.120728899980026,0.23311441477767,0.141055869528248,0.128041357714477
"CHD8","grey","grey",0.131926961693799,-0.00525557226298263,0.154962992570187,0.0907551912560122
"RAB2B","grey","grey",-0.0196611399791266,0.104127533291419,0.0986949606933113,0.0814896539094144
"TOX4","blue","blue",-0.114013990644235,0.23109264998058,0.132043472863427,0.12253528988446
"METTL3","grey","grey",0.0252475394062101,0.0467082926564556,0.0802619830695029,0.035582733740744
"SALL2","blue","blue",-0.0841188684310637,0.161433987094788,0.0930827278176739,0.0784263188401499
"DAD1","blue","blue",-0.0692557928298905,0.147148439999478,0.0696544697970447,0.0366756560980913
"OXA1L","blue","blue",-0.0608514932653573,0.13136628537331,0.0786994724551931,0.0603167702578359
"MRPL52","grey","grey",-0.0422757490385464,0.0918138611710688,0.0441393156931098,0.0285370294010535
"RBM23","grey","grey",-0.00826419904119612,0.098592194706444,0.092759728772465,0.0405070661288604
"PRMT5","blue","blue",-0.0728896434574467,0.155101004801076,0.0994503290206925,0.0735838093728772
"PSMB5","blue","blue",-0.233053001597627,0.383601332417776,0.134328702395151,0.0961528535511188
"ACIN1","grey","grey",0.108948304223685,-0.00677979506883612,0.123484860117122,0.0703628122287612
"C14orf119","blue","blue",-0.0870933836637929,0.168546756610426,0.0888176351329165,0.0610117211964462
"SLC7A8","grey","grey",-0.0100539324158281,0.0913335167084562,0.104681965061563,0.0928600121986286
"BCL2L2-PABPN1","turquoise","turquoise",0.191234560116397,-0.113598687853713,0.0970255706260398,0.0662442303940024
"PABPN1","grey","grey",0.0665423795598401,0.0136826656247691,0.0933258092624014,0.0586231312310849
"SLC22A17","blue","blue",-0.338245730667134,0.485495398220826,0.108245746356243,0.0130307505925506
"ZFHX2","grey","grey",0.129110224520491,-0.0369925734501876,0.115584808482619,0.0671901157959666
"THTPA","blue","blue",-0.0527868110294755,0.126341074318212,0.0752417555180147,0.0725651034117747
"JPH4","grey","grey",0.0506986338505287,0.0960704048844939,0.181013790594251,0.157496548004744
"DHRS4L2","grey","grey",0.0202158564846927,0.030636731498729,0.0596242109215876,0.070241973871573
"CARMIL3","grey","grey",0.0435672326593637,0.0293195472782284,0.085794118901112,0.036478878729694
"CPNE6","blue","blue",-0.0643082320456863,0.139784208627377,0.0697640206841676,0.0326742625730679
"PSME1","blue","blue",-0.084317723364182,0.165256949095322,0.0634267796929443,0.0167978979227687
"EMC9","blue","blue",-0.0442511116721988,0.122415744220327,0.0810081493042309,0.0568500570363395
"GMPR2","blue","blue",-0.103249304150693,0.223210781436195,0.117688350554439,0.0805502662464067
"TINF2","grey","grey",-0.0615970555064282,0.104014039651579,0.0502532720775463,0.0606750630639168
"RABGGTA","blue","blue",-0.0544817393609679,0.122834095906778,0.063029403445642,0.0255582882853877
"SDR39U1","blue","blue",-0.0705595757007681,0.150597863048647,0.0830627686598388,0.063473802165368
"STXBP6","grey","grey",0.0612333737163945,-0.0160596486065284,0.0449050915979932,0.0338733445067403
"NOVA1","turquoise","turquoise",0.217184124163156,-0.0830298920751917,0.136809693331409,0.0811109771525113
"G2E3","turquoise","turquoise",0.114065969291071,-0.0507778927721865,0.0753141721557219,0.0460889879592338
"SCFD1","turquoise","turquoise",0.168080266833999,-0.0152437676765798,0.160345488536679,0.081298944383446
"COCH","blue","blue",-0.0464361631927175,0.100314985072788,0.0633824067954337,0.0590787452037868
"STRN3","turquoise","turquoise",0.222970074736238,-0.0638695831359415,0.164563644950378,0.101253035356494
"AP4S1","grey","grey",0.0711424078414331,-0.00014432117373402,0.076687581638624,0.0575236434240989
"HECTD1","blue","blue",-0.0883471758401503,0.225082927747371,0.152088754781034,0.101299919302077
"HEATR5A","grey","grey",0.100765564227999,-0.00840871206752444,0.0933310091822052,0.06282380748076
"AL139353.1","grey","grey",0.0840728342570454,-0.0103305640712694,0.0874213579996374,0.0827650389809115
"NUBPL","turquoise","turquoise",0.217546375295076,-0.0880045716973298,0.115451473484685,0.0722632905267373
"ARHGAP5","brown","brown",0.0213549902863485,0.129360193420312,0.201045340686318,0.300979384349484
"AKAP6","turquoise","turquoise",0.25601016167176,-0.0272203486557331,0.246492275295775,0.229621049368138
"NPAS3","turquoise","turquoise",0.39519807790647,-0.294303867618252,0.0666451144204283,-0.00769593369406576
"EGLN3","turquoise","turquoise",0.17987056791955,-0.10005168061297,0.0757769981618645,0.0350992348281573
"EAPP","blue","blue",-0.0157580532285068,0.122339814391132,0.113071562612878,0.0626737950584912
"SNX6","grey","grey",0.0401411200010158,0.0910182085530346,0.144650018683509,0.076613781923941
"CFL2","blue","blue",-0.15400990743443,0.263981616991529,0.119003414257151,0.128023022546737
"SRP54","blue","blue",-0.0629424545709549,0.179711786380083,0.119409194276235,0.0538166840909546
"FAM177A1","blue","blue",-0.068474717717664,0.201376634315588,0.139675611529971,0.114514028045768
"PPP2R3C","grey","grey",0.132973521918257,-0.00757276145918177,0.131314269755501,0.0745768466645483
"NFKBIA","grey","grey",0.00984157864764448,0.0103915528440556,0.0316517312039342,0.00107440411720445
"RALGAPA1","turquoise","turquoise",0.323557016353045,-0.143689036623813,0.183837736043525,0.122623750441025
"BRMS1L","grey","grey",0.0697654027580822,0.0304844495330644,0.102767201436536,0.0797721232644701
"LINC00609","turquoise","turquoise",0.175612418203932,-0.115573585887788,0.0357289213018869,-0.00300597456455411
"MBIP","grey","grey",0.00540226630361117,0.0599794270958175,0.0808537205165305,0.0569248874110702
"MIPOL1","turquoise","turquoise",0.444922819265862,-0.270235863938268,0.166534949762036,0.0767702515841534
"FOXA1","blue","blue",-0.102065797725448,0.19910327010757,0.125103038640867,0.102772797820669
"TTC6","turquoise","turquoise",0.550686893400838,-0.353487280148493,0.183638543815353,0.0759852344676102
"AL392023.2","turquoise","turquoise",0.334559172663214,-0.206809283012978,0.0918739182755462,0.0191107649041453
"SSTR1","blue","blue",-0.176653381659916,0.271923753420052,0.119556893323492,0.106205945955206
"SEC23A","blue","blue",-0.0810490021590176,0.204259450934845,0.144675172072267,0.157536994113883
"TRAPPC6B","grey","grey",0.0330471030974547,0.0880071579034108,0.133783596096718,0.11683329396215
"PNN","grey","grey",0.0897576617009627,-0.0232559509572759,0.0883795997738904,0.0608101360769979
"MIA2","turquoise","turquoise",0.183203224370013,-0.0995420764445087,0.0859934989621123,0.0191055807431322
"FBXO33","grey","grey",0.0266527715837188,0.0839421249692251,0.145211725216735,0.125439595698734
"LRFN5","turquoise","turquoise",0.452658250358916,-0.252462002515171,0.192754093176292,0.0944640592879444
"KLHL28","grey","grey",0.0403988722798796,0.0448716436506087,0.113537702409623,0.0889548925797743
"TOGARAM1","grey","grey",0.125344644229914,-0.00143525643078152,0.138213506296586,0.0993471032209291
"PRPF39","turquoise","turquoise",0.143335100616885,-0.0713003215066543,0.0793657580108813,0.0317565790105658
"FKBP3","blue","blue",-0.0953305831253086,0.219963277973608,0.115793202081701,0.0603858946045034
"MDGA2","turquoise","turquoise",0.594078307095945,-0.390541045508544,0.17699552018741,0.0610244870660908
"RPS29","grey","grey",-0.0190963469014738,0.0452396805950927,0.0248493935650452,0.0124279615621467
"RPL36AL","blue","blue",-0.0836810075066403,0.132853167625789,0.0408536605737914,0.0366961199755822
"DNAAF2","grey","grey",-0.00913665041205627,0.0605610126941326,0.0664350947459788,0.037952625353617
"KLHDC1","turquoise","turquoise",0.190342039623215,-0.123722839438136,0.0638821977477092,0.0164939840638146
"KLHDC2","blue","blue",-0.0870275395633466,0.19721302749907,0.109315511600761,0.0566946747234666
"NEMF","blue","blue",-0.0263051103736112,0.193324217341864,0.176685106299416,0.101782589650342
"AL627171.2","turquoise","turquoise",0.16981778773644,-0.112971967124018,0.0326286493522436,-0.00588750100061695
"ARF6","blue","blue",-0.0539086235454487,0.108692590413545,0.0654508219782239,0.0807261676879377
"VCPKMT","grey","grey",0.0255694569558192,0.0444174148456652,0.080680696857365,0.0587499310581053
"SOS2","turquoise","turquoise",0.296707498831866,-0.16247510288757,0.142575452838485,0.0854935871745085
"L2HGDH","turquoise","turquoise",0.249518186512826,-0.148719050367569,0.0985125876181287,0.0410228648220725
"ATP5S","grey","grey",-0.0212786645691134,0.0845385807306314,0.0713253354685947,0.0810156854937709
"CDKL1","turquoise","turquoise",0.2903610254982,-0.185489572811501,0.105354682370791,0.0375404387567383
"MAP4K5","turquoise","turquoise",0.3482761856164,-0.199562557139329,0.136766735299487,0.0674453483272996
"ATL1","blue","blue",-0.240487321369976,0.390245475836368,0.156738573630228,0.0765164191845362
"SAV1","grey","grey",0.0142579123055316,0.0433963226468312,0.0742053161724849,0.0812394013402871
"NIN","turquoise","turquoise",0.287501767407632,-0.191824698812624,0.0888846513452324,0.0477375842139545
"PYGL","blue","blue",-0.0800042255314715,0.230280121024823,0.143712114021854,0.0744734245646538
"TRIM9","turquoise","turquoise",0.346750584236964,-0.131325934845812,0.227748132629602,0.116239281489833
"TMX1","grey","grey",0.00973173785872807,0.0364661030211888,0.0573227025375153,0.0392421062760588
"GNG2","grey","grey",0.0225558626223898,0.0582906782347884,0.099108428464268,0.116888671507222
"RTRAF","blue","blue",-0.088180686426495,0.193264773123292,0.100283518783119,0.0751338507859158
"TXNDC16","grey","grey",0.113382045004891,-0.0327851947992111,0.0868313590186658,0.0389805992264386
"GPR137C","turquoise","turquoise",0.128506659580854,-0.0641897060353422,0.0627643911810787,0.0285629497525454
"ERO1A","grey","grey",0.0112510012499743,0.0823238576172509,0.117765118593012,0.0894075643263225
"PSMC6","blue","blue",-0.121054282986797,0.240828106651542,0.127008498882713,0.0782874158808462
"GNPNAT1","grey","grey",0.00678160239908422,0.038097285164396,0.0570533437019804,0.0638752154473768
"FERMT2","turquoise","turquoise",0.112741150458648,-0.0691471684563278,0.0357114707096924,0.00793393271363901
"DDHD1","turquoise","turquoise",0.217656856512657,-0.0735385944616579,0.15864410834805,0.100343751217459
"CNIH1","blue","blue",-0.0964822103286158,0.185655606445355,0.103104842779732,0.0804204533141676
"GMFB","grey","grey",-0.0593028778910871,0.134279814723501,0.108918026904759,0.160986667459729
"CGRRF1","grey","grey",0.040123989473999,0.0259203740564133,0.0817419738079827,0.0573989648855803
"SAMD4A","turquoise","turquoise",0.389678961237037,-0.238685056186645,0.153623058353544,0.0601610834135671
"GCH1","grey","grey",0.0510356162895172,0.0425079840258132,0.110298968805494,0.0788099964385217
"SOCS4","grey","grey",0.0350781578068697,0.0286662269783849,0.0943861653636718,0.0869939516462598
"MAPK1IP1L","grey","grey",-0.0347699064117707,0.141181219379119,0.130060647001258,0.0962503491531652
"FBXO34","grey","grey",0.173746942799958,-0.0399235491405631,0.158930482935169,0.10421500542415
"ATG14","turquoise","turquoise",0.165312803446366,-0.0746854798055138,0.0975029306927511,0.0380059478413168
"KTN1","grey","grey",0.0548972605351597,0.0907544428995975,0.182080051353066,0.0926051687754265
"TMEM260","turquoise","turquoise",0.220036921181538,-0.11442908700186,0.104571938259051,0.0366536589966683
"EXOC5","grey","grey",-0.0189359804322995,0.125622230111452,0.147231315001014,0.177036033117419
"AP5M1","blue","blue",-0.0614176806044566,0.163496565748908,0.129065019051873,0.171979570490404
"NAA30","grey","grey",-0.0150119554592145,0.069021777907785,0.0699861015980052,0.0852982773680003
"SLC35F4","turquoise","turquoise",0.317571085326159,-0.182635127681371,0.140549648935806,0.061940912665134
"ARMH4","blue","blue",-0.0809059490001793,0.241258593431879,0.17657047064899,0.107408622264552
"ACTR10","blue","blue",-0.236733342763005,0.417001194075399,0.163253403642891,0.102341681394497
"PSMA3","grey","grey",0.0599001567319731,0.0374863570271133,0.111237880811448,0.0359452899339194
"ARID4A","turquoise","turquoise",0.149664108846764,-0.0242233738771651,0.152213485864091,0.110952638388356
"TIMM9","grey","grey",0.00865653275417321,0.0524060894672455,0.0622764315294018,0.0345130631199143
"KIAA0586","turquoise","turquoise",0.219063233245651,-0.0749593398958286,0.157401875072113,0.0847578819849485
"DAAM1","grey","grey",0.0784781874111151,0.0884766235362318,0.201148448273209,0.125307553168959
"GPR135","turquoise","turquoise",0.318179778364565,-0.205616172259583,0.110021081954509,0.0517442177913025
"JKAMP","blue","blue",-0.15391832574457,0.270558323850948,0.124954843174236,0.0833979772736009
"RTN1","blue","blue",-0.306717601324156,0.476217818353161,0.135800021167974,0.0564451511927263
"PCNX4","turquoise","turquoise",0.18152912087009,-0.0570462605905595,0.140573192276274,0.116033849243841
"DHRS7","blue","blue",-0.117020554118029,0.200388995132828,0.0862191293387671,0.041597012769497
"PPM1A","blue","blue",-0.0667168755496384,0.19487892780426,0.160617262010307,0.205498993246118
"MNAT1","turquoise","turquoise",0.45261769248779,-0.264761363856108,0.181530281956089,0.0862379944706883
"SLC38A6","turquoise","turquoise",0.443621256812082,-0.276297769073907,0.158778993547128,0.0739322610486502
"HIF1A","blue","blue",-0.0538521389377439,0.151600617161859,0.123532662476312,0.0623096373060343
"SNAPC1","grey","grey",0.0450185194927313,-0.01506594300866,0.0411166924837852,0.0257357349912983
"SYT16","turquoise","turquoise",0.289654856675405,-0.146833471107816,0.167119783783686,0.140417629862446
"KCNH5","turquoise","turquoise",0.158441012259799,-0.0726016954245683,0.0908745079069356,0.0617214461768455
"PPP2R5E","grey","grey",0.0397255214806548,0.109041864036933,0.182402934676642,0.166148366873761
"SGPP1","grey","grey",0.0317059732325265,0.06122879717868,0.111767188784441,0.0570248205096043
"MTHFD1","blue","blue",-0.0450421391585655,0.143679122140232,0.10221340493667,0.0513704935727565
"ZBTB25","grey","grey",0.0703489822879612,0.00237271405474099,0.0913093773227371,0.0678007889082132
"ZBTB1","turquoise","turquoise",0.239953848146422,-0.129491367203812,0.124275832440538,0.0702001551330835
"HSPA2","grey","grey",-0.00103465843543013,-0.0392399849159264,-0.0348584165876207,-0.0173368987136237
"SPTB","brown","brown",0.0371912023737814,0.0444199754569884,0.118574645780582,0.198933554891415
"RAB15","grey","grey",0.00221436572982937,0.116035882848236,0.148025978030639,0.141394308049517
"MAX","turquoise","turquoise",0.144374036540555,-0.0416997708997156,0.101425528121479,0.0616879179314248
"FUT8","turquoise","turquoise",0.335872702444702,-0.188579262062553,0.140350387602804,0.0559984477128792
"GPHN","turquoise","turquoise",0.539185072686744,-0.325073893114412,0.188775068947978,0.051805910916402
"MPP5","grey","grey",0.0463015776684969,0.0460962228534253,0.115232706525204,0.10240498524776
"ATP6V1D","blue","blue",-0.266762113369182,0.427651596386297,0.14289141952486,0.110483520507091
"EIF2S1","blue","blue",-0.0547671814779802,0.151319566095249,0.117464678880757,0.111769548962155
"TMEM229B","grey","grey",0.0629224909057027,-0.0102070693593449,0.0658277784721457,0.0531892048677775
"PLEKHH1","turquoise","turquoise",0.185046838072312,-0.128929229810445,0.0388355913710391,-0.0137725512774141
"PIGH","blue","blue",-0.0823213656800844,0.150267687390844,0.0752926782722245,0.0682212975177917
"ARG2","grey","grey",0.0431716211660708,0.0734894720103538,0.126360943134617,0.0591235277403209
"VTI1B","blue","blue",-0.0616940374796457,0.127511125925692,0.0796743420052956,0.108180380684226
"RDH12","blue","blue",-0.0756636933917407,0.132768422670632,0.0686570291968335,0.0364600453260198
"RAD51B","turquoise","turquoise",0.276168174927237,-0.189457640996033,0.0594486677244082,0.0108167081269501
"ZFP36L1","turquoise","turquoise",0.0317618802094251,-0.0611146163398779,-0.0443936535315779,-0.0379412724349646
"ACTN1","grey","grey",0.0657518884111144,0.0366501633531381,0.115857120672289,0.0488528669747415
"DCAF5","turquoise","turquoise",0.24896891932365,-0.0859511353687854,0.182014381452499,0.134365658105708
"EXD2","turquoise","turquoise",0.142595432398055,-0.0663721036146411,0.0827329075569503,0.0384390010934256
"GALNT16","grey","grey",0.0595268621486887,0.0109297249119499,0.0766421450447042,0.0389113681189319
"ERH","blue","blue",-0.0854520994783325,0.17695176172646,0.0877439628768779,0.080253775304388
"SLC39A9","grey","grey",0.0533048478084119,0.0287152255559847,0.105285575487519,0.0912601209036095
"SUSD6","turquoise","turquoise",0.142532432196222,-0.0574058460946754,0.0953946023007475,0.050656152369989
"SRSF5","grey","grey",0.0789631877562642,0.0567228545543388,0.163417769414351,0.0787906501236861
"SMOC1","grey","grey",0.0622583424726702,-0.0158700715821933,0.0523917272188273,0.0143456631724448
"SLC8A3","turquoise","turquoise",0.328198460686942,-0.150800657283731,0.191220025015423,0.0948401018914053
"AL357153.2","turquoise","turquoise",0.317677379028566,-0.175622270994593,0.150259857876291,0.112110512464692
"MED6","grey","grey",-0.015768555989382,0.100847393309354,0.0968623554435095,0.0499698830074138
"TTC9","blue","blue",-0.0690332388147489,0.156123608776037,0.113963113651894,0.135124715842766
"MAP3K9","grey","grey",0.104218836969598,0.00984210219715676,0.160178092763209,0.175099634666582
"PCNX1","turquoise","turquoise",0.189931563876189,-0.0430008297600088,0.166558807728646,0.128816603687698
"SIPA1L1","turquoise","turquoise",0.366382870021763,-0.174838638896179,0.199095037806,0.127518309919201
"RGS6","turquoise","turquoise",0.623335042342351,-0.413560225877985,0.18601122214252,0.0747339792115499
"DPF3","turquoise","turquoise",0.188198795103079,-0.10771793613305,0.0587994480628305,0.0150076151393079
"DCAF4","grey","grey",-0.0193049503907979,0.0713010225604672,0.0674458543387566,0.0437661311509306
"ZFYVE1","grey","grey",0.0399738747127212,0.0475646620434332,0.111037727584197,0.0684979197332592
"RBM25","grey","grey",0.121636981323819,0.0153404233734121,0.161149157264801,0.0653839847441775
"PSEN1","turquoise","turquoise",0.253689288179154,-0.134823865639671,0.108536345912167,0.038223539749774
"NUMB","turquoise","turquoise",0.282706360123824,-0.132275901405284,0.159978119254251,0.0914040202948724
"DNAL1","grey","grey",0.0376180758105476,0.0381022966124769,0.092347840016846,0.0924190771704229
"PNMA1","blue","blue",-0.18334567149314,0.302986544577961,0.127302908665629,0.10407008193874
"BBOF1","grey","grey",0.0441368452643271,0.0357540378006142,0.0817527547902313,0.0590727719397709
"ALDH6A1","blue","blue",-0.0634564957737126,0.155930541353252,0.094199611190336,0.0536687756479697
"LIN52","turquoise","turquoise",0.198759493914106,-0.0713676701751512,0.136995675757061,0.0804204989258383
"ABCD4","turquoise","turquoise",0.332215390435135,-0.210244359983963,0.129328933896907,0.0402716704942427
"NPC2","grey","grey",-0.046841778940562,0.0806041726059476,0.0369767043689502,0.0234770438011697
"ISCA2","blue","blue",-0.0677671833983131,0.141535633751992,0.0755142299425975,0.0601901915839805
"AREL1","grey","grey",0.109219298108432,-0.00453493639980055,0.119829615367818,0.0989664837322052
"FCF1","grey","grey",0.0421120801636787,0.024147091669664,0.0760435578679315,0.0565781541434379
"YLPM1","grey","grey",0.107938234856064,0.0349947768431682,0.169778673251608,0.0852318565103121
"DLST","grey","grey",-0.00659321060920777,0.0957134812304913,0.10269421671177,0.0552550266961055
"RPS6KL1","grey","grey",0.0518985857804416,0.020992990851907,0.0905733879063443,0.0683102737577721
"EIF2B2","blue","blue",-0.0603002363904727,0.130343979839612,0.0709910096665039,0.040221801975451
"MLH3","turquoise","turquoise",0.16072068254566,-0.0594949933585735,0.106566666545178,0.0576597958841972
"ACYP1","blue","blue",-0.0579298432889784,0.1737821160299,0.112975094290249,0.0831703667300449
"NEK9","grey","grey",0.156080786932179,-0.0529834510307321,0.103598483443779,0.0431483697343723
"TMED10","blue","blue",-0.0791535404445028,0.187573017675056,0.114503284879132,0.0856373631078083
"JDP2","grey","grey",0.106756194152664,-0.0210223304474938,0.100245649135476,0.0674560809482636
"TTLL5","turquoise","turquoise",0.356552341813818,-0.228518745424686,0.11100458632194,0.0342718950018938
"ERG28","blue","blue",-0.0409239132743362,0.123438453593648,0.0909620435127922,0.047631359002548
"IFT43","turquoise","turquoise",0.248128172022713,-0.125352050258991,0.109105099341183,0.0438951222891964
"GPATCH2L","turquoise","turquoise",0.219225544218765,-0.0651071779034001,0.186670045428588,0.179775493463228
"ANGEL1","grey","grey",0.0408056162433751,0.0433405327710369,0.0951234014870755,0.0726804167858533
"IRF2BPL","grey","grey",-0.0587994449414683,0.119432803491194,0.0895310844822929,0.0841384286012366
"TMEM63C","grey","grey",-0.0321834450426487,0.114982855063378,0.106754795261798,0.0596318587022474
"POMT2","grey","grey",0.108590545452228,-0.0368823082194289,0.0833599555998686,0.0313296002195281
"TMED8","grey","grey",0.0264780749569871,0.0760228669423605,0.133734846258972,0.155487231644297
"VIPAS39","grey","grey",0.0715307668676978,-0.00732690691250399,0.0788831389417411,0.0489537924122368
"AHSA1","blue","blue",-0.157273380546808,0.295120273037622,0.135027730605914,0.0645420715964652
"SPTLC2","grey","grey",0.0625857236458873,0.0248460322394795,0.110446784540313,0.0748213970675878
"SLIRP","grey","grey",0.00363798531326304,0.0699021340406647,0.0695411884200288,0.0330145015947404
"SNW1","grey","grey",0.0105273880361852,0.0593220374776679,0.0769478992320764,0.031609735274917
"ADCK1","grey","grey",0.0544553728776359,0.0187595250480198,0.0802609615042953,0.0447119803108063
"NRXN3","turquoise","turquoise",0.462984666673814,-0.262929755634356,0.175449534872705,0.0117717142485
"GTF2A1","blue","blue",-0.033676188202222,0.12954580626174,0.130770481065139,0.131850343265616
"STON2","grey","grey",0.104620968744251,0.00181547050948052,0.133585538981375,0.13492507997761
"SEL1L","blue","blue",-0.0784598151065317,0.170206577722124,0.133053269182854,0.117682936844767
"FLRT2","turquoise","turquoise",0.270981079662171,-0.155217281113534,0.135971819928458,0.0916499897157106
"GALC","grey","grey",0.0102317585285754,0.0547472725225665,0.0762191932698576,0.0410658276648825
"KCNK10","turquoise","turquoise",0.213080325844833,-0.114509522369566,0.104534487241385,0.0472620275057775
"SPATA7","turquoise","turquoise",0.278746446257718,-0.133629129193796,0.148086143092308,0.0730869204366057
"ZC3H14","grey","grey",0.0894945675079206,0.0323525143366928,0.142129179666286,0.0911482459648232
"EML5","turquoise","turquoise",0.423204616131181,-0.257238753775146,0.162576114132089,0.0857385939947514
"TTC8","turquoise","turquoise",0.150274404839228,-0.0494845376700572,0.102330648046932,0.0413662308562494
"FOXN3","turquoise","turquoise",0.276552738419549,-0.132382584844079,0.151663491836097,0.125654541583027
"PSMC1","blue","blue",-0.178803242467358,0.308430504509775,0.138418112005283,0.0865455184332971
"NRDE2","grey","grey",0.0711275498690022,0.00465584984600262,0.0877437686739572,0.0393034257705358
"CALM1","blue","blue",-0.546145921490296,0.549273701764794,0.0293639416439254,0.182846406177417
"TTC7B","turquoise","turquoise",0.196316409794723,-0.0330343605025848,0.171686776566414,0.132839034784943
"RPS6KA5","turquoise","turquoise",0.176924474576041,-0.0919183457217804,0.0965034299757285,0.0734541348435649
"DGLUCY","turquoise","turquoise",0.227007349626365,-0.100108764246058,0.127166651324516,0.0584660778805914
"PPP4R3A","turquoise","turquoise",0.139992816179249,-0.0517631537115297,0.0899094591653404,0.054204363205385
"FBLN5","grey","grey",-0.0257798510209407,0.0947794278575863,0.0787585374782455,0.0586230998973897
"TRIP11","turquoise","turquoise",0.120065523321537,-0.0394175455227182,0.101238836758866,0.0907558234690763
"ATXN3","grey","grey",0.0930528095779919,0.0509847185076187,0.167660391880646,0.140020917549231
"NDUFB1","grey","grey",-0.0350109246862673,0.100079149854357,0.0553371235043997,0.0451067813919959
"CPSF2","grey","grey",0.00587334175226416,0.0598742868295963,0.081220721824639,0.0739306874199371
"LGMN","blue","blue",-0.0355039598724023,0.0969768386483589,0.0678606360589109,0.0160515187404219
"GOLGA5","grey","grey",0.0335449832728604,0.0412899484102832,0.0929649490806076,0.0488014605892374
"CHGA","blue","blue",-0.23502116460104,0.349113605780316,0.11181324778439,0.026199071319934
"ITPK1","grey","grey",0.0244092230201946,0.11150579464159,0.159223248809131,0.0980968589542149
"MOAP1","blue","blue",-0.385293443659146,0.516727608524077,0.117582028152417,0.105117387072346
"BTBD7","turquoise","turquoise",0.316680050757096,-0.172768099942383,0.146719159475297,0.0986365889508333
"UNC79","turquoise","turquoise",0.563650558687885,-0.343213587471264,0.209124485505995,0.0919967439886309
"PRIMA1","grey","grey",0.0565931125013196,0.023487165788337,0.0933278187692636,0.0607608813212149
"DDX24","blue","blue",-0.395768574114975,0.510160007621157,0.112309220175185,0.0135178970714432
"IFI27L2","blue","blue",-0.0927825773045235,0.145503981157422,0.0447691034707435,0.0399233265941938
"PPP4R4","grey","grey",0.127703419347665,0.00237569893128179,0.137373434670711,0.0872284125633778
"DICER1","turquoise","turquoise",0.16422399358916,-0.041580076858126,0.141052315802979,0.146427416118417
"CLMN","turquoise","turquoise",0.16485350024701,-0.107270067063203,0.0399813649868201,0.000951521137331746
"GLRX5","blue","blue",-0.135397752820026,0.253614928956254,0.119453544178564,0.122160155282405
"C14orf132","brown","brown",0.00596604499181801,0.0809277598393855,0.116951473375548,0.17533867067176
"ATG2B","grey","grey",0.0888830817295408,0.0487065830388761,0.166210829294771,0.151261442178564
"GSKIP","grey","grey",-0.0521021388882759,0.12701222673334,0.0961101522523448,0.0883658856103689
"PAPOLA","grey","grey",0.0872569024778185,0.0535388169446578,0.166912642390949,0.142190933305579
"VRK1","turquoise","turquoise",0.245821346710937,-0.114834417821984,0.135126671677054,0.065085549133851
"BCL11B","grey","grey",0.119131673067476,-0.0534201702446239,0.0804969515064226,0.0632985116721943
"SETD3","grey","grey",0.0634427740367426,0.0428171999657934,0.122515448729885,0.0927376300225516
"CCNK","grey","grey",0.0400540513152716,0.0199450996946541,0.0707548905799708,0.0568911413433088
"CYP46A1","grey","grey",-0.0321950523327491,0.124569998703679,0.0958047930211548,0.0741856167655763
"EML1","grey","grey",0.115085663926498,-0.0266807329702384,0.0934312040463253,0.0600217668059979
"EVL","grey","grey",0.178598828248545,0.0256949650069531,0.22082658479315,0.122191364548161
"YY1","grey","grey",0.0198573467603265,0.0974649378643263,0.156931685105624,0.127886887583184
"SLC25A29","grey","grey",0.135927545216471,-0.0392738266689112,0.102089239271616,0.03093557669299
"WARS","blue","blue",-0.167250204663536,0.331831795580303,0.150315405147719,0.071733863541603
"WDR25","grey","grey",0.125223416878352,-0.042998683854425,0.0871416027958283,0.0290311564260828
"BEGAIN","grey","grey",0.109151000960281,-0.00985895728042843,0.113491998453731,0.0636551296815427
"DLK1","blue","blue",-0.195556757612241,0.307383728138491,0.111441566821693,0.0892844808309155
"MEG3","turquoise","turquoise",0.555456067549783,-0.383104217338371,0.171060573529593,0.0466324541634679
"AL117190.2","turquoise","turquoise",0.431682230988479,-0.29034098828034,0.124926037318268,0.0359997363819692
"AL117190.1","turquoise","turquoise",0.337263262113124,-0.20463155292421,0.135416848648452,0.0630452508291824
"MEG8","turquoise","turquoise",0.625367681001554,-0.438353705245026,0.16950851882413,0.0559253859324312
"PPP2R5C","grey","grey",0.085893984681305,0.0609453558846751,0.17877814984939,0.159762989356289
"DYNC1H1","blue","blue",-0.379554204189843,0.475722159687026,0.112281716646122,0.127860307723087
"HSP90AA1","blue","blue",-0.755898904820957,0.724358386400782,-0.0761987724660098,-0.0637095946171513
"WDR20","turquoise","turquoise",0.23958602475627,-0.153406668008039,0.0839846768673408,0.0327082006040961
"MOK","turquoise","turquoise",0.284762995611601,-0.157346582559569,0.133151494717651,0.078200092462692
"CINP","grey","grey",-0.0384634112369162,0.102342912364514,0.0821436501889109,0.0846229123863875
"TECPR2","turquoise","turquoise",0.176201825690855,-0.0587299491090303,0.127941712686533,0.0898698638279885
"ANKRD9","grey","grey",-0.0408120461883721,0.113166053459234,0.0870400652667184,0.0896500912132423
"RCOR1","turquoise","turquoise",0.200082612822367,-0.0942302831591552,0.117527138658223,0.0698744895354219
"TRAF3","turquoise","turquoise",0.345154299537438,-0.180974013130094,0.181450203792302,0.110463040918078
"CDC42BPB","grey","grey",0.076969839073512,0.0516525123318877,0.160650308101026,0.166204504654065
"EIF5","blue","blue",-0.212819643838397,0.322023686716221,0.133319743212667,0.163770235258863
"MARK3","turquoise","turquoise",0.3516308936439,-0.179914885092667,0.181185392346074,0.085129773534644
"CKB","blue","blue",-0.559995245525828,0.623769314289712,0.0214658598598343,0.0168963992817205
"TRMT61A","blue","blue",-0.056637190977412,0.121593682672595,0.067977588639003,0.0463923090662936
"BAG5","grey","grey",-0.0299323804408014,0.107196031512242,0.0982954737548792,0.0941026866841346
"KLC1","blue","blue",-0.464100235338744,0.560904374265927,0.0856802286324593,0.0620732351710858
"ZFYVE21","grey","grey",0.0042549583151713,0.040014427680087,0.0489326080632162,0.0312985068499972
"PPP1R13B","turquoise","turquoise",0.339300835617157,-0.170323756031243,0.193005337859984,0.104579131303357
"ATP5MPL","blue","blue",-0.115402393131987,0.214690588727279,0.0919408895196303,0.0765218643609557
"AL590079.1","turquoise","turquoise",0.310451406602997,-0.175461092656603,0.142513898992055,0.0737826518394484
"TMEM179","blue","blue",-0.140880238384656,0.238336497401557,0.115558251566516,0.0974215837440578
"INF2","grey","grey",-0.0316894800064894,0.104756793005252,0.0812673123994281,0.0453755998110629
"SIVA1","grey","grey",0.0167358820131963,0.0475920177331842,0.0650472134394521,0.0424302512608947
"AKT1","grey","grey",-0.0207131769635181,0.090109844650557,0.0958757216075683,0.0895325436580482
"CEP170B","blue","blue",-0.139961419934141,0.245958590402927,0.137832364598659,0.136206660509251
"AHNAK2","blue","blue",-0.127621689638795,0.256408242880135,0.145958824366412,0.147364078603689
"JAG2","grey","grey",0.0145249571151371,0.0690132606619325,0.119706139031839,0.0785250765119939
"NUDT14","blue","blue",-0.0803810851253381,0.164314323954864,0.077254474150063,0.0494218424225135
"BRF1","grey","grey",0.0558965909796929,0.034649729482505,0.115887482077478,0.0798468263851229
"BTBD6","blue","blue",-0.0783413827160587,0.161288515849143,0.109951997815402,0.123279138241434
"PACS2","turquoise","turquoise",0.209617455403462,-0.0849016554742633,0.139684763788802,0.0812635791246825
"MTA1","grey","grey",0.0113539400251285,0.0504997379023658,0.0780928742579773,0.0492065707331831
"CRIP2","grey","grey",-0.0603680160745012,0.122052658269713,0.0645039422171936,0.0613612193048853
"TMEM121","grey","grey",-0.0187096569940644,0.0550688985162564,0.0482749365420331,0.0429148864853205
"NIPA1","blue","blue",-0.00403128529429066,0.152431321404881,0.186159714813005,0.189299566999039
"NIPA2","grey","grey",-0.00131077577056107,0.0834251487722727,0.0947404355541025,0.0895628348493307
"CYFIP1","turquoise","turquoise",0.257490949734957,-0.17466704329525,0.0895921776572398,0.0353616781359522
"TUBGCP5","grey","grey",0.00410866690622866,0.119943823689319,0.123164603612638,0.0712498801978755
"NDN","blue","blue",-0.239022885543002,0.372702012647009,0.111015548919932,0.0600874765714543
"AC021439.1","turquoise","turquoise",0.209532207402275,-0.110016601284135,0.112996430865767,0.0968937237847301
"PWRN1","turquoise","turquoise",0.489174441712067,-0.321456698433156,0.152487290878982,0.065978072517274
"SNRPN","turquoise","turquoise",0.572979247926467,-0.37161513970093,0.188559845845405,0.0870995039882908
"AC124312.1","brown","brown",0.137872912283953,0.00870379158963258,0.223702052804358,0.428665198449563
"PWAR6","brown","brown",0.0513695988543121,0.096871460001422,0.222264736154608,0.414942956255518
"UBE3A","grey","grey",0.0521220068050479,0.11075243316337,0.192110519505831,0.16962105765707
"GABRB3","turquoise","turquoise",0.324893170295057,-0.145928436462817,0.20534271270745,0.141582555603765
"GABRA5","grey","grey",-0.00136092209049507,0.0571697348261836,0.078185257164217,0.073197380942091
"GABRG3","turquoise","turquoise",0.353596019952872,-0.208153732548127,0.14083869686839,0.067035476028899
"HERC2","turquoise","turquoise",0.245431494314653,-0.0652961498602603,0.1941100405899,0.182554283375697
"APBA2","grey","grey",0.0958180564214281,0.055824538506124,0.152595998061585,0.0765581777157684
"FAM189A1","turquoise","turquoise",0.461755796931925,-0.268446129413037,0.194108442968256,0.108671469569029
"TJP1","turquoise","turquoise",0.429383712018507,-0.275243608413721,0.142996942966251,0.0637031285229963
"FAN1","grey","grey",0.074143254407019,0.0493373250642941,0.147946671739047,0.126409946066647
"MTMR10","turquoise","turquoise",0.105229357695043,-0.0896558790010311,0.00724333609500424,-0.0110695625065336
"KLF13","grey","grey",0.0508010341430763,0.000624613890124524,0.0699950769011581,0.069100395874187
"OTUD7A","turquoise","turquoise",0.447040845463228,-0.278422172079205,0.151151796502882,0.0623112319733982
"LINC02256","turquoise","turquoise",0.313635179515768,-0.143289390053801,0.182274351725609,0.120302463907162
"SCG5","blue","blue",-0.331660978019717,0.491546678397415,0.121395890744926,0.050195719184808
"FMN1","turquoise","turquoise",0.462343780635064,-0.266883654690853,0.183295492273072,0.122531779453009
"RYR3","turquoise","turquoise",0.485264965051692,-0.343332964886827,0.132017678598768,0.0571386407605043
"AVEN","grey","grey",0.122800029359003,-0.0391829946028011,0.0907398559949237,0.0252453727362068
"CHRM5","turquoise","turquoise",0.194374414862697,-0.0503827422683065,0.166704006844709,0.112556785404894
"EMC7","blue","blue",-0.165397335025396,0.283546662993955,0.11887949514023,0.0563014982070782
"PGBD4","grey","grey",-0.0226042335758259,0.0629001512588413,0.0538903347828369,0.0527864025407955
"KATNBL1","turquoise","turquoise",0.286206377590694,-0.176983282035325,0.11449352500338,0.0534072300238781
"EMC4","blue","blue",-0.12779578670578,0.223822102949935,0.0913402294202404,0.0612636968381905
"SLC12A6","grey","grey",0.0894737407743891,0.0254518745262963,0.129092050815546,0.094904382447477
"NOP10","blue","blue",-0.0860224070569056,0.158304618514921,0.064301465574287,0.056121506686845
"LPCAT4","grey","grey",-0.00973591320996224,0.107234991583668,0.121247180889351,0.03692021980122
"GOLGA8A","turquoise","turquoise",0.3974367731278,-0.267116807301525,0.12735689923559,0.0420865840411224
"GOLGA8B","turquoise","turquoise",0.405957519296989,-0.278689388150072,0.130753663716429,0.0294396158941889
"AQR","grey","grey",0.0634496516116327,0.0384523945489058,0.110583186440373,0.0642941661488832
"ZNF770","blue","blue",-0.068578812921943,0.137360963124403,0.0987554070103263,0.102278212193908
"DPH6","turquoise","turquoise",0.335080841912793,-0.188525562241091,0.136525201596146,0.0577715802120139
"DPH6-DT","turquoise","turquoise",0.324494197289511,-0.199208525371557,0.119354178630343,0.0428583199594287
"C15orf41","turquoise","turquoise",0.282817970158708,-0.143435543341454,0.139875489674782,0.0647085537884949
"SPRED1","turquoise","turquoise",0.138568087713086,-0.0697076416524345,0.070331752431304,0.0415973520444711
"FAM98B","blue","blue",-0.0492901478801908,0.13019535337807,0.101049575703624,0.0776103004959045
"GPR176","grey","grey",0.0988199686204151,0.00418212074750455,0.132994298574659,0.116509847796199
"EIF2AK4","grey","grey",0.102059751496007,0.0260911992320633,0.149316203751434,0.121108771584548
"SRP14","blue","blue",-0.427139739671478,0.531108872187237,0.0840966776860256,0.0893960956121355
"DISP2","blue","blue",-0.103751817182493,0.184464193127882,0.11271270948012,0.0609424583551791
"IVD","grey","grey",-0.0160775590014826,0.11809533557601,0.114062005509553,0.0615298308357967
"BAHD1","grey","grey",0.02556380950087,0.0230502266946105,0.0656604890744084,0.0369634288694465
"CCDC32","grey","grey",0.0293914922565586,0.0847308907862572,0.127035347825024,0.0882387491448509
"RMDN3","grey","grey",0.019232418350241,0.0547990250934334,0.0881729486392288,0.0619619724432657
"ZFYVE19","grey","grey",0.0075876492609407,0.0608376095835822,0.0682448773358912,0.0542574639921468
"VPS18","blue","blue",-0.104325799920288,0.20366219556077,0.117850711236601,0.102212377889883
"INO80","turquoise","turquoise",0.343179885720595,-0.217208660119715,0.126020563500309,0.0601362232029961
"CHP1","blue","blue",-0.101189684639538,0.213351207137932,0.133061908755943,0.158251036050114
"NDUFAF1","grey","grey",0.00274455863410063,0.0688254655472607,0.0695308033618763,0.0323758515392365
"RTF1","blue","blue",-0.0878487392687615,0.238982229489679,0.172540601065414,0.133049618934397
"RPAP1","grey","grey",0.0176235106098592,0.0512241158579168,0.0707577207670871,0.0455170386165227
"TYRO3","grey","grey",0.0181231105879294,0.0216973814691414,0.0422876485381739,0.0228852634308502
"MGA","turquoise","turquoise",0.261544077043973,-0.128389405336298,0.141690645079947,0.0909533148314871
"MAPKBP1","turquoise","turquoise",0.322340725379627,-0.172018632998172,0.165773613955467,0.0933810588654166
"VPS39","grey","grey",0.0345678532730387,0.0570991526699708,0.101573736118412,0.065188642635546
"TMEM87A","grey","grey",0.0655495306950625,0.0119166132225263,0.102671442080682,0.0458539102956357
"ZNF106","brown","brown",0.00683722373268081,0.0973948131527777,0.153503815990034,0.296599020440772
"SNAP23","turquoise","turquoise",0.1550349196666,-0.0937014721875513,0.059043567641797,0.0307419362469049
"HAUS2","grey","grey",0.0017620852453558,0.0567266894931838,0.0747843385706707,0.0864612621987318
"STARD9","turquoise","turquoise",0.283475765463563,-0.182521107466444,0.0968538351292032,0.033773106991354
"TTBK2","brown","brown",0.125845388101459,0.0402789075748594,0.218109813955585,0.314156646343643
"UBR1","turquoise","turquoise",0.219642718916679,-0.0424578418073502,0.192176060233594,0.136632229989462
"TMEM62","grey","grey",0.171704668382157,-0.0694056386973277,0.117174628400554,0.052044799554655
"CCNDBP1","blue","blue",-0.101601379636314,0.218986646332246,0.116821868913369,0.0739402375299081
"ADAL","grey","grey",0.0975515232762302,-0.0121166611021947,0.0924250618413232,0.0591361599369509
"TUBGCP4","blue","blue",-0.0418784071753,0.113902661000974,0.0731923220885653,0.0697795882721878
"TP53BP1","grey","grey",0.0538034829338578,0.0895725232582996,0.17063560646858,0.160682376724442
"MAP1A","blue","blue",-0.317982018978776,0.360595235151996,0.0942612573562428,0.259503003283828
"PPIP5K1","turquoise","turquoise",0.261799145595009,-0.126296701922303,0.14300455147526,0.0831523758478235
"CKMT1B","blue","blue",-0.020995745362454,0.124962760375132,0.0916996536391069,0.0365522707945239
"CATSPER2","turquoise","turquoise",0.380813081399705,-0.2275534003252,0.165013877564883,0.0875312102002029
"CKMT1A","blue","blue",-0.0840635601499845,0.191899741620272,0.0950928647928252,0.0324916602347518
"PDIA3","blue","blue",-0.171972850439558,0.299624153690991,0.142606138477754,0.0569732324593918
"SERF2","blue","blue",-0.208833137790406,0.325740132687158,0.107546558196252,0.0953666279738709
"MFAP1","blue","blue",-0.0705271854680743,0.157126355226946,0.105275968731918,0.061791578591011
"FRMD5","turquoise","turquoise",0.24473669318716,-0.162345461601081,0.0462600242023357,-0.00214323625962009
"CASC4","turquoise","turquoise",0.249903632120672,-0.0800374457169225,0.183946231262053,0.124936624922023
"CTDSPL2","turquoise","turquoise",0.222144812697927,-0.14038026173716,0.0804286927666537,0.0348565018255155
"EIF3J-DT","grey","grey",0.0394299562522283,0.0285338726175234,0.0758562434399443,0.0618144931764223
"EIF3J","blue","blue",-0.0883219949571408,0.215063498663792,0.129837604293165,0.0907753105485083
"SPG11","turquoise","turquoise",0.228578625844799,-0.114853746329418,0.116718068062665,0.0785568314549654
"B2M","grey","grey",-0.100027298665499,0.0373662096446806,-0.0728291376535583,-0.069861914118696
"TRIM69","grey","grey",0.0822555518361452,0.00556503284188813,0.103995198799776,0.092806981633119
"SORD","blue","blue",-0.0666503921761412,0.180212138570732,0.1190833896244,0.0688827554417079
"SHF","grey","grey",0.00402113856531086,0.0562082366715824,0.0774723984602565,0.0667444158609458
"SEMA6D","turquoise","turquoise",0.414001597609047,-0.207121351564411,0.236422603668087,0.137127388702315
"MYEF2","grey","grey",0.115228218257863,0.0233082759900135,0.143689495261027,0.0717394000430432
"SLC12A1","turquoise","turquoise",0.183844912847515,-0.107220884727967,0.0871116854678654,0.0541919371524397
"DUT","blue","blue",-0.0565065777165254,0.16593226925279,0.110169478448456,0.0812695500121604
"FBN1","turquoise","turquoise",0.4146437968444,-0.263152397157743,0.137422814159414,0.0558833815036977
"EID1","blue","blue",-0.316957304663154,0.450616466836544,0.122873362780763,0.119939361243871
"SECISBP2L","grey","grey",0.0451402101110865,0.0708079064224941,0.143965510123093,0.109242572441609
"COPS2","blue","blue",-0.084121318869448,0.19696628032848,0.12661097329952,0.0872001802062936
"GALK2","turquoise","turquoise",0.273802814710335,-0.121914205205045,0.154387523915095,0.0943865749447362
"FGF7","blue","blue",-0.0838415850269939,0.145486513817648,0.0815232349109882,0.1035039593897
"DTWD1","grey","grey",0.121441940485652,-0.0494782477769265,0.0746478313371568,0.0483001853833623
"GABPB1","grey","grey",0.0743549640620534,0.0128932635595788,0.0918318243789588,0.0619945437096706
"GABPB1-AS1","turquoise","turquoise",0.30096780609609,-0.187990768172051,0.112553959134917,0.0414874398882095
"USP8","blue","blue",-0.0891095943718201,0.209634580083782,0.150969706684917,0.0822174595762904
"TRPM7","turquoise","turquoise",0.300388658356324,-0.151245520311913,0.156859570106295,0.110036434193033
"SPPL2A","turquoise","turquoise",0.218835912116925,-0.119775552006267,0.104091847528963,0.0492167373082635
"AP4E1","turquoise","turquoise",0.151626037295977,-0.0744894357213426,0.0851776360107647,0.0595806991407828
"GLDN","turquoise","turquoise",0.114662724406253,-0.0957615605521605,0.00465368011250525,-0.022403606617086
"DMXL2","brown","brown",0.0267340747485031,0.14321853467966,0.220733094514529,0.341649944928249
"SCG3","blue","blue",-0.294270013503202,0.441529780279755,0.127668004484904,0.0387226504143484
"LYSMD2","blue","blue",-0.129022005251136,0.248388235299366,0.134454105955606,0.128772338297991
"TMOD2","brown","brown",0.0177007885345866,0.11955612639217,0.184971434964485,0.31754137555737
"TMOD3","turquoise","turquoise",0.206529974533904,-0.0946644977491426,0.113822707095106,0.07949653079273
"LEO1","grey","grey",-0.00981538160070261,0.0689275020249225,0.0741257605514421,0.0433998336557598
"MAPK6","grey","grey",0.0352105986046518,0.0631159654344989,0.124991754914771,0.132634249846775
"GNB5","blue","blue",-0.0808819675842375,0.256021775302643,0.186023462272006,0.168082631258512
"MYO5A","blue","blue",-0.0566098491806771,0.22933215284144,0.20278989657646,0.288362988641627
"ARPP19","blue","blue",-0.189793819352774,0.306332968742941,0.137629616061802,0.19050106364827
"FAM214A","turquoise","turquoise",0.262441266233611,-0.156904760537898,0.114645839464129,0.0795865772463364
"UNC13C","turquoise","turquoise",0.367607458571921,-0.156467524545473,0.214282246531768,0.198850730500836
"RSL24D1","blue","blue",-0.143758115029683,0.283467083027807,0.148643888593849,0.132209416756292
"CCPG1","blue","blue",-0.0309811783038156,0.166697722287852,0.158568581023459,0.0715141548795827
"DNAAF4","grey","grey",0.16359937998468,-0.079113819001074,0.0943377319748205,0.0371456447109296
"PYGO1","grey","grey",0.0945761871321111,-0.0390157314089048,0.0738885624587342,0.0625787329656102
"RFX7","turquoise","turquoise",0.404319901501212,-0.252307527253017,0.14693569632845,0.0837770262340183
"ZNF280D","turquoise","turquoise",0.219980861285039,-0.132689822594526,0.0836410563687305,0.0301144999571605
"TCF12","turquoise","turquoise",0.339794011804891,-0.238744273389915,0.0678939191455217,0.00787844402123043
"POLR2M","grey","grey",-0.0144407775578536,0.0455074396656529,0.045943228679579,0.0604084780493738
"ADAM10","turquoise","turquoise",0.235492421236726,-0.150568206608725,0.072800732164762,0.0268960763782619
"MINDY2","brown","brown",0.0605448864829201,0.0650258298819692,0.162365440239231,0.265373446880125
"RNF111","turquoise","turquoise",0.192332553943251,-0.0867076696739149,0.123969725546528,0.087969183740191
"SLTM","grey","grey",0.117795377856924,0.00755946764203989,0.130983224477388,0.0589198395915575
"FAM81A","grey","grey",0.0712958592832156,-0.0111130534956505,0.0627636034493938,0.0526904814866542
"GTF2A2","blue","blue",-0.0607346206947858,0.160939220366005,0.0938606117675907,0.0823520697538013
"BNIP2","turquoise","turquoise",0.10777666873211,-0.0620704205118083,0.0552762804337546,0.0396116028199084
"ANXA2","blue","blue",-0.0708390215976782,0.13493439969151,0.0593403882116105,0.0209486111451644
"ICE2","turquoise","turquoise",0.21258135232879,-0.118394886042277,0.0969962182797091,0.0541958094544281
"RORA","turquoise","turquoise",0.621189899872053,-0.437192936714784,0.172990481870808,0.082331087295855
"VPS13C","turquoise","turquoise",0.273356751896589,-0.112454677691599,0.172334757895307,0.152663517995982
"TLN2","grey","grey",0.0450048573971155,0.13581759601089,0.186547001427982,0.0757192961909853
"TPM1","grey","grey",0.0528565134874761,0.0503339013440684,0.112582547231954,0.0769226207033203
"LACTB","grey","grey",0.00975262446462083,0.0625514154385934,0.0926884771941024,0.0646985157255568
"RPS27L","blue","blue",-0.0415927876612192,0.111186176197288,0.0801415312780453,0.0693399393524366
"RAB8B","grey","grey",0.0219114200632494,0.0941593024235495,0.132631463437953,0.111016681735771
"APH1B","grey","grey",0.0434327882070658,0.0376777869407975,0.090262800337521,0.0469152830559496
"HERC1","turquoise","turquoise",0.190526997746234,0.0233650929181559,0.237872380354841,0.19808269337268
"SNX1","grey","grey",0.132243196597869,-0.0270744839389354,0.111129188713043,0.0601030810653855
"PPIB","blue","blue",-0.115801106078455,0.208082533946527,0.0983882808759127,0.0427304686135596
"CSNK1G1","grey","grey",0.11797446815033,-0.0485873481648629,0.0958223086924925,0.0813831875149174
"TRIP4","turquoise","turquoise",0.255297820499392,-0.129311431205267,0.130182074493034,0.0679864862804763
"ZNF609","turquoise","turquoise",0.436701402680008,-0.242124421206079,0.18405653454667,0.0881650830764693
"OAZ2","blue","blue",-0.162884541400932,0.268467906271898,0.119496971583398,0.138037215482716
"ANKDD1A","turquoise","turquoise",0.250406079668102,-0.117920584170444,0.138399369020412,0.0669278169404062
"SPG21","grey","grey",0.00696050076547478,0.0808948647705257,0.102849200760434,0.0892921824150257
"MTFMT","turquoise","turquoise",0.198118543599464,-0.103696910731052,0.0931932961049157,0.046380934116658
"UBAP1L","turquoise","turquoise",0.343909063166417,-0.224527507434159,0.117144193623878,0.0324356562816197
"PDCD7","grey","grey",0.111605924146913,0.017147354737681,0.148455288590952,0.0803020442196353
"CLPX","grey","grey",0.00926600579981797,0.070525959683267,0.101158780660899,0.0841488022910756
"DPP8","brown","brown",0.033750133198177,0.0646827500070094,0.122649099846929,0.191340464155055
"HACD3","blue","blue",-0.215839549831582,0.368347400627036,0.156468995996291,0.0834821193093445
"DENND4A","turquoise","turquoise",0.275255932912168,-0.132837059181961,0.153884908693299,0.113973108802205
"RAB11A","blue","blue",-0.189162834075253,0.329476711612937,0.139091990254254,0.107970350176086
"DIS3L","grey","grey",-0.0239059560907586,0.106481345538793,0.0982846617580594,0.0646950298862338
"MAP2K1","blue","blue",-0.0225261501652434,0.160843621028216,0.133238163924754,0.077263009773755
"SNAPC5","blue","blue",-0.0826687719294175,0.149240538029631,0.0707584441941448,0.0712693281240024
"RPL4","blue","blue",-0.131588932047168,0.19563899239697,0.0739476537940518,0.0546318963950448
"AAGAB","grey","grey",0.0105331671538117,0.110397658004189,0.126357903205616,0.0986064215197356
"C15orf61","grey","grey",-0.0252883182996245,0.0907986310755344,0.0673029487929712,0.0626535462679997
"MAP2K5","turquoise","turquoise",0.352390217484584,-0.179890200635575,0.156680407716472,0.0816670098900163
"PIAS1","turquoise","turquoise",0.143855858627281,0.0130196092324469,0.180643332278107,0.132833281173696
"FEM1B","blue","blue",-0.0773541536868387,0.182365188834766,0.152963110382719,0.195932430456836
"CORO2B","grey","grey",0.11987620177391,0.000398872924993508,0.130238941035778,0.0709756495634857
"ANP32A","grey","grey",0.065535696747235,-0.0290255010123029,0.0372957230169884,0.0162331433391275
"GLCE","grey","grey",0.110996482305817,-0.0533395525833101,0.0551921356801182,0.0177406282109171
"RPLP1","blue","blue",-0.192578456979038,0.252716829681309,0.049865899070736,0.0531401908164932
"TLE3","grey","grey",0.00151090627184933,0.0460117501435069,0.0729349801375581,0.0521033200772502
"UACA","turquoise","turquoise",0.317248487216266,-0.218523332379884,0.0959871902522395,0.031200848005373
"LARP6","grey","grey",-0.0459020595449056,0.105521932494695,0.056712201219947,0.0466233010932242
"LRRC49","grey","grey",0.11594729429542,0.0348528277668137,0.159567170554006,0.117404282119219
"THSD4","turquoise","turquoise",0.234610297330732,-0.131321354533978,0.102785569892859,0.0611041973986537
"THSD4-AS1","blue","blue",-0.108246735164909,0.181357692754488,0.0764288777177735,0.0663562395063714
"MYO9A","turquoise","turquoise",0.272289961357558,-0.0930864847195479,0.205309072710273,0.191447801529221
"PKM","blue","blue",-0.508945445104209,0.601507491423417,0.0427741318223273,-0.0322866064394812
"PARP6","grey","grey",0.0596626888533963,0.025653030557669,0.103295517266718,0.10814868223105
"AC009690.1","turquoise","turquoise",0.392645150394904,-0.25555245347857,0.138258489225148,0.0586868642812373
"ARIH1","grey","grey",0.166774854827808,-0.00655349180234943,0.200091758334266,0.187256249187889
"BBS4","blue","blue",-0.0671602908874397,0.200648079969458,0.130895995640669,0.0868197298061358
"ADPGK","grey","grey",0.00120940339308098,0.0873781963974202,0.103273046738542,0.0538368677491665
"NEO1","turquoise","turquoise",0.187988592337357,-0.0736314460498198,0.125012104437497,0.0523417911048405
"HCN4","grey","grey",-0.00209883241487647,0.0610975039240904,0.0848036792119743,0.053254828618369
"NPTN","blue","blue",-0.288544031882273,0.432174024058969,0.140494736449581,0.0961630013716992
"CD276","turquoise","turquoise",0.225598986611025,-0.109032869069695,0.132250263617116,0.0609242690574664
"C15orf59","blue","blue",-0.0609145406193636,0.161805344074697,0.140508060778488,0.18213606578712
"STOML1","blue","blue",-0.111938942341813,0.200863577743121,0.0943508998790814,0.047700508757244
"SEMA7A","grey","grey",-0.018202713905488,0.0431212933550062,0.0401573976761584,0.0142017852970818
"UBL7","blue","blue",-0.0655844999742369,0.148256663902511,0.0780380597114721,0.0297854383126362
"CLK3","grey","grey",0.0066365481888332,0.039074525289052,0.0695886981853098,0.0324806650852806
"EDC3","grey","grey",0.106667849583827,-0.0394702326045949,0.0756055902313268,0.0270500317359454
"CSK","grey","grey",-0.0158221913899131,0.101114001063394,0.104630019251316,0.0868055849845879
"ULK3","grey","grey",0.0590059134842712,0.0316337211101893,0.107511509750652,0.075372292389888
"SCAMP2","grey","grey",0.0607536935308244,-0.0179053745544367,0.0500605242773816,0.0143742845872385
"MPI","blue","blue",-0.159380190198252,0.272943791759975,0.103362587520052,0.0606196500888168
"FAM219B","grey","grey",-0.0135174587346252,0.0967311990922868,0.104377228949288,0.135669515092062
"COX5A","blue","blue",-0.136899413212861,0.260737810316621,0.106821251218386,0.0804536293940644
"RPP25","blue","blue",-0.0856335035525062,0.16397098277327,0.0869676577318117,0.0970437130090523
"SCAMP5","blue","blue",-0.152764468947501,0.312821690507268,0.180443578412029,0.16857063996958
"PPCDC","turquoise","turquoise",0.201496122673204,-0.0999289692580858,0.104118045118808,0.0476426365154771
"COMMD4","grey","grey",-0.0103403009745488,0.0827524302268164,0.0652783344625013,0.0232978636712042
"MAN2C1","grey","grey",0.131551601700515,-0.0350411350281532,0.110342155502368,0.0589329522627936
"SIN3A","grey","grey",0.0537260089417493,0.0121685861561049,0.0917557399511432,0.061388070937084
"PTPN9","turquoise","turquoise",0.29405194530261,-0.151633071477219,0.147974980071944,0.0793032540394407
"SNUPN","blue","blue",-0.0225398336616026,0.122498814465827,0.10675907354882,0.0733862301396037
"IMP3","grey","grey",-0.0555276929756502,0.115323218918669,0.0632124853853044,0.0376776475352571
"UBE2Q2","grey","grey",0.0184269193280227,0.0881836919044256,0.11978670024425,0.118143461814055
"FBXO22","grey","grey",0.15829343793051,-0.0168259794869801,0.154719651079357,0.0879748764850652
"TMEM266","turquoise","turquoise",0.354754378820814,-0.217345765384606,0.14044698558877,0.069182829928893
"ETFA","grey","grey",0.0767970615557758,0.0300701720884397,0.114082099324121,0.0600435818029013
"SCAPER","turquoise","turquoise",0.324965293537594,-0.145309892734335,0.181397442102549,0.104442553952053
"RCN2","blue","blue",-0.255267916529128,0.363703600962007,0.117141139701202,0.101345735157525
"TSPAN3","blue","blue",-0.217346906394844,0.341729201809936,0.115734654313648,0.0591648321116359
"PEAK1","turquoise","turquoise",0.326426191457851,-0.18253230902388,0.151857568896664,0.0884673293419625
"HMG20A","grey","grey",0.104508521650579,0.0109890249030227,0.136879606773673,0.119294183748131
"LINGO1","blue","blue",-0.0494173384101167,0.157018124338109,0.0999742946713119,0.0444519916708069
"IDH3A","blue","blue",-0.126453400197542,0.278047953949065,0.164908539085348,0.132664582504745
"DNAJA4","blue","blue",-0.152234807983874,0.259536218822582,0.13040488901162,0.162738174514714
"WDR61","grey","grey",-0.00174451611885309,0.124034350082503,0.120441380999493,0.0582266238387159
"IREB2","grey","grey",0.0746530280025169,0.0340390949572035,0.135098320845676,0.123309766406365
"PSMA4","blue","blue",-0.189717802241358,0.295928156120786,0.109975605972985,0.0462108752728319
"MORF4L1","blue","blue",-0.268175692245211,0.355725964481877,0.108364596572583,0.16505385179243
"RASGRF1","grey","grey",0.118173640821709,-0.0303757448557821,0.0938589800824476,0.0724617256509489
"ANKRD34C-AS1","turquoise","turquoise",0.393364649049265,-0.246885903317152,0.13515155716923,0.0672830562517224
"ANKRD34C","blue","blue",-0.0753103125759134,0.133174740787404,0.0727071987616901,0.0802656988771549
"TMED3","grey","grey",-0.0290917425496166,0.128284651033433,0.105788176686218,0.0786464941835264
"KIAA1024","grey","grey",0.0661545176949333,-0.0061378603816955,0.0769793434701412,0.0628955168205048
"ZFAND6","grey","grey",0.0694396713340517,0.0412715996305023,0.114666442745981,0.0792884143230881
"ARNT2","grey","grey",0.123160129185204,0.0103678266941362,0.145861186922283,0.0956251757229758
"MESD","blue","blue",-0.038000065594379,0.12108382109346,0.0966545800195886,0.0602547554379349
"EFL1","grey","grey",0.121849418941518,-0.0227454511162501,0.105275308032543,0.0575300045225699
"CPEB1","turquoise","turquoise",0.297858137747168,-0.199683039653518,0.0911222606308823,0.0183565593212393
"AP3B2","grey","grey",0.0262123592682601,0.135909737832993,0.160820716768763,0.0496585894840554
"WHAMM","grey","grey",0.0558888963737382,0.0237606597540302,0.0857267342484966,0.0538226607464541
"HOMER2","turquoise","turquoise",0.165526781651767,-0.0789397468827774,0.0822273579327071,0.0582887231127315
"C15orf40","grey","grey",0.0363875398838089,0.0266991054066322,0.0776786932733873,0.0469088635328073
"BTBD1","grey","grey",0.0236764840106321,0.078142614779988,0.114311131398855,0.0863822086437298
"HDGFL3","brown","brown",-0.00369375928612569,0.121392053558622,0.143932810584895,0.213062015425406
"SH3GL3","turquoise","turquoise",0.268991085415159,-0.0728009238108535,0.18402161710778,0.115386750524375
"WDR73","grey","grey",0.0649109691562153,0.00467328742317758,0.0832153365985481,0.0544529218101963
"SEC11A","grey","grey",0.0775160664705492,-0.0358186791824121,0.0553210503190679,0.0172416853026634
"ZNF592","turquoise","turquoise",0.175918247872321,-0.0945197138191266,0.0862733446763862,0.0566423858151038
"ALPK3","grey","grey",0.0899233982749106,-0.0238573521335564,0.0891051783351924,0.0664227118361214
"PDE8A","turquoise","turquoise",0.352156258695409,-0.25188819931443,0.0767232011996408,0.00345119846831472
"AKAP13","turquoise","turquoise",0.151293018294192,-0.00313289859540574,0.176853111168992,0.157784859265535
"NTRK3","turquoise","turquoise",0.275404585654701,-0.0823290912850967,0.217852188679718,0.164668796826742
"MRPL46","blue","blue",-0.0601085065674223,0.117626608626631,0.0599905506172944,0.0461336572197505
"MRPS11","grey","grey",-0.0127374179827313,0.101806953088254,0.0893496760953438,0.0765312341898105
"ABHD2","grey","grey",0.017177084726544,0.132822213010449,0.205222785880964,0.159382882719361
"POLG","grey","grey",0.0108665949586753,0.0500649977841953,0.0729502305090434,0.0567770778119267
"MESP1","blue","blue",-0.0942291534225824,0.16963684302331,0.0746917587873141,0.0756230552846511
"AP3S2","blue","blue",-0.0655693721946475,0.131946863843504,0.0880926807314966,0.115116027171751
"IDH2","grey","grey",0.0289746071033327,0.017374169041789,0.0506562050676884,0.0331218027624319
"SEMA4B","turquoise","turquoise",0.277248258483834,-0.193644244606862,0.0872410895397822,0.029690079048928
"CIB1","grey","grey",-0.046204543248165,0.0772034359819116,0.033145076598635,0.0377902589335751
"IQGAP1","turquoise","turquoise",0.309695172820865,-0.189472742327053,0.111205079355216,0.0394167591682586
"CRTC3","grey","grey",0.163400689525229,-0.00799234590973872,0.151141218659703,0.0791813843293727
"FURIN","grey","grey",-0.028033019130841,0.0570212862472015,0.0468196996947088,0.0446483989037269
"MAN2A2","blue","blue",-0.112039245917169,0.254884982334984,0.147352726528691,0.100998453006006
"HDDC3","blue","blue",-0.044989835144574,0.0988808428130383,0.0557549156064152,0.0518437639231913
"UNC45A","grey","grey",0.019533437421805,0.11940027738875,0.136250515563796,0.0496881814853763
"RCCD1","grey","grey",0.0107300888666923,0.0542507040563349,0.0687957638498713,0.0649400052853457
"SV2B","blue","blue",-0.104056440178137,0.266960368383266,0.181052208323531,0.113742458175679
"SLCO3A1","turquoise","turquoise",0.299615688841921,-0.178984599783636,0.105262652177296,0.0394608921259851
"FAM174B","grey","grey",0.0508830715758392,0.0484914894140965,0.112974372648199,0.106327266625771
"AC013394.1","grey","grey",0.0697168662792795,0.0182228005717659,0.0955708310390786,0.0793492091877457
"CHD2","turquoise","turquoise",0.301650927300942,-0.145667586794285,0.163844991937119,0.104493554528519
"LINC01197","turquoise","turquoise",0.184234763933475,-0.0775019204867812,0.101310684842395,0.0820259254366949
"IGF1R","turquoise","turquoise",0.343776159848779,-0.188066267762933,0.164332269487011,0.0886023987588328
"SYNM","blue","blue",-0.0970370398502762,0.16645823165979,0.0910098783748337,0.0969791404672126
"LRRC28","turquoise","turquoise",0.227034150999107,-0.0923548218320695,0.134642329326914,0.0878826297948009
"MEF2A","turquoise","turquoise",0.21707820515938,-0.0967333179821526,0.123215054399967,0.0774347480942949
"LINS1","grey","grey",0.121057770800518,-0.0426487888517774,0.0915661458156144,0.053732857998774
"ASB7","turquoise","turquoise",0.137423152626762,-0.0756043254257247,0.0677650978825902,0.0374074564770735
"CHSY1","turquoise","turquoise",0.233108438724554,-0.145152034176831,0.0955395183574425,0.0476125580064301
"SELENOS","blue","blue",-0.0537646267994182,0.110405835755963,0.0691518837475973,0.0391186595713099
"SNRPA1","grey","grey",0.0375560125356679,0.0529218454875921,0.0953966841408312,0.0515730067567961
"PCSK6","turquoise","turquoise",0.128680968782512,-0.094727349170308,0.0122522730142359,-0.0123834931710169
"TM2D3","blue","blue",-0.123766841343785,0.238786874516852,0.129102322397592,0.0963984189869373
"TARSL2","grey","grey",0.0939000683975949,0.0143621530240882,0.127037581924414,0.0693086042417422
"POLR3K","grey","grey",-0.0418985795170552,0.0954077950644388,0.0554123088622463,0.0578546957238412
"SNRNP25","blue","blue",-0.0799818373941385,0.139153140631348,0.055343027361042,0.0512915047477259
"MPG","grey","grey",-0.043281211421123,0.12038643789908,0.0780237849754752,0.062957032871032
"NPRL3","turquoise","turquoise",0.202530237575421,-0.0780272580791108,0.129084157577502,0.0591756934220144
"LUC7L","grey","grey",0.181835295934106,-0.0318036958632327,0.163209936652936,0.0675646657262933
"RGS11","turquoise","turquoise",0.204492369563124,-0.105311576982076,0.106834072820142,0.0528320783872803
"ARHGDIG","blue","blue",-0.221119616746882,0.335122786656497,0.118283797334048,0.128710635597259
"MRPL28","blue","blue",-0.11580572906134,0.216669105710233,0.0893642764991447,0.0720151558626317
"RAB11FIP3","turquoise","turquoise",0.250344205302893,-0.104123399685873,0.18045894080606,0.140268879617845
"PIGQ","grey","grey",-0.0164835549822652,0.107031177549927,0.112670204755426,0.0722171422437459
"RAB40C","grey","grey",0.168557672322476,-0.0481574791991921,0.150411044997463,0.0783721852444845
"METTL26","grey","grey",-0.0605855635482732,0.117851698630282,0.0572743998568714,0.0530950693041997
"MCRIP2","blue","blue",-0.065312389527045,0.150433356386149,0.0943428649095119,0.103737111939496
"RHOT2","grey","grey",0.0234510680748523,0.0707136426878806,0.111889460054785,0.057938384723366
"RHBDL1","grey","grey",0.0150910366507229,0.052607872111939,0.0791267715677413,0.053544169973545
"STUB1","blue","blue",-0.176174182549304,0.288240503259462,0.112853453514612,0.127219671590127
"FBXL16","grey","grey",-0.0607801393015294,0.13788490067013,0.114932652008817,0.143011525379306
"METRN","grey","grey",-0.0232422904017805,0.0512491008047137,0.0439759915124916,0.0392204010788681
"FAM173A","blue","blue",-0.0859256837634675,0.176650272394986,0.0856349385500512,0.0612047664388449
"HAGHL","grey","grey",-0.000451027831485669,0.120146393592467,0.128343127389205,0.0877125994524563
"NARFL","grey","grey",-0.0160796602312965,0.0649380459267573,0.0572326573642551,0.0296555171353265
"LMF1","grey","grey",0.176910122288116,-0.0609509171842552,0.118356303505571,0.0408567153205193
"UBE2I","blue","blue",-0.0111714083766438,0.12290488481368,0.117109396037043,0.0817648488314998
"TSR3","blue","blue",-0.10799130023724,0.2213626689172,0.116255463904465,0.105296169935047
"GNPTG","grey","grey",0.0844477601844044,0.0119018813501772,0.0949622764103089,0.0312102680932127
"UNKL","blue","blue",-0.0196016391841066,0.120647277782599,0.126054559920633,0.0900863207113636
"CLCN7","blue","blue",-0.121948542633469,0.252545659611904,0.138175337149389,0.0401649298861547
"TELO2","grey","grey",-0.0508398850182349,0.101182368009414,0.053791105319689,0.019437617904864
"IFT140","grey","grey",0.125584973741361,-0.0431863134084797,0.0946381087454389,0.042774025217525
"MAPK8IP3","blue","blue",-0.00879566659197241,0.154987102012199,0.187923032557995,0.147368970044093
"NME3","blue","blue",-0.0437638379686739,0.140383030691188,0.0973159286447884,0.0657193849434677
"MRPS34","blue","blue",-0.111651913770728,0.185384459216042,0.0693906036905218,0.0598977562532121
"EME2","turquoise","turquoise",0.162206690418979,-0.075837283745743,0.10857259450941,0.0730122451996064
"SPSB3","grey","grey",-0.00167717672061986,0.0489999996844292,0.0603372295846361,0.0286106406994772
"NUBP2","blue","blue",-0.0423693486922182,0.10107444804772,0.0607944887610092,0.0502032486410633
"HAGH","blue","blue",-0.0800290705418603,0.227768154850408,0.139276653247906,0.0875311295296845
"FAHD1","blue","blue",-0.054287012355209,0.146978256314676,0.0934445564448396,0.0685244455458967
"NDUFB10","blue","blue",-0.173510550332784,0.302596258381544,0.125185734325114,0.103900416079908
"RPS2","blue","blue",-0.117290212939013,0.189541056119139,0.0705147076644461,0.0696226506417261
"TBL3","blue","blue",-0.0564435314380104,0.114272616864057,0.056947882280148,0.0264672384548457
"GFER","blue","blue",-0.0537142582313975,0.11514105673175,0.0676497322928786,0.0620439088017858
"SYNGR3","blue","blue",-0.260034404994424,0.375340593826005,0.130171839570797,0.121560218270442
"ZNF598","grey","grey",-0.0187310398010621,0.0693105841350999,0.0671224422713382,0.0504845638316839
"SLC9A3R2","blue","blue",-0.0812014753311237,0.152225264205903,0.0726350533588611,0.0582145753846511
"NTHL1","blue","blue",-0.0651898113020078,0.136514827764281,0.0734758630286126,0.0563663177547521
"TSC2","grey","grey",0.0436578067055506,0.0598987440542555,0.120202850302815,0.0918537166636095
"PKD1","turquoise","turquoise",0.371266794962302,-0.219061001790616,0.167129287564142,0.07251795901593
"RAB26","grey","grey",0.0283877055811887,0.0459465698659335,0.082816788678101,0.0510090392425847
"CASKIN1","blue","blue",-0.0142073054621593,0.121004609129192,0.134190342642272,0.113453029484471
"MLST8","blue","blue",-0.0825891037008962,0.147366863666458,0.0736596532533258,0.070931425656036
"PGP","blue","blue",-0.10388734477419,0.260981478372039,0.167581565998625,0.129451100534159
"E4F1","grey","grey",0.0181089799513867,0.0521735876399739,0.0964828435605974,0.0591548979858718
"ECI1","grey","grey",-0.0173026404325583,0.0688242261295733,0.0544776241764125,0.0357706008404378
"RNPS1","grey","grey",-0.0165241953549166,0.145812121057865,0.160459039273351,0.150168644445554
"ABCA3","blue","blue",0.0172261539629556,0.124481453902705,0.16295672991182,0.080600534679925
"AMDHD2","grey","grey",0.00432020480389526,0.0644706720956573,0.0810802859092007,0.0412031924201015
"PDPK1","grey","grey",0.0296626887189485,0.0997413718325759,0.160212392930459,0.142599162822266
"SRRM2","grey","grey",0.100245176006306,0.0444669708176141,0.168684035767144,0.0931959793550321
"ELOB","blue","blue",-0.176818981048847,0.293003934820969,0.0959441642519568,0.0676703080235891
"FLYWCH2","grey","grey",-0.00229641589770535,0.0904697640918621,0.0939444577263816,0.0548026250910442
"FLYWCH1","grey","grey",0.0590351031995059,0.0715413701796912,0.155772733686636,0.0697732560810349
"HCFC1R1","blue","blue",-0.131073509410906,0.238165708055335,0.0995479874420906,0.0690807190641949
"ZNF213","grey","grey",0.0126665526283223,0.0401496423680089,0.0700125966962442,0.0644527815556302
"ZNF263","grey","grey",0.026526187759767,0.0421730731671052,0.0874293832334225,0.0688814659953872
"ZNF75A","grey","grey",0.164817480150916,-0.063838826209913,0.107670671104667,0.0547010875038392
"NAA60","grey","grey",-0.0283360420621201,0.0634925488349475,0.052088181851153,0.0624661409962511
"CLUAP1","grey","grey",0.0259809299438629,0.0696800498966523,0.108298362410667,0.063936652042644
"DNASE1","turquoise","turquoise",0.232365975932486,-0.146443712564395,0.0887810636969467,0.0535727563992616
"TRAP1","blue","blue",0.0142904353450007,0.138003882821713,0.157844010480607,0.0856494415860937
"CREBBP","turquoise","turquoise",0.254960187987914,-0.128039927276504,0.133677946042696,0.0731038196331575
"ADCY9","turquoise","turquoise",0.361737721080842,-0.19337802142607,0.172643756580157,0.0762393948659794
"DNAJA3","blue","blue",-0.037492127355847,0.146419875541399,0.116484677059417,0.0728746835707524
"NMRAL1","grey","grey",-0.0112432854579518,0.079438369088536,0.066362536794983,0.0261615637870675
"HMOX2","blue","blue",-0.0924230003415393,0.239395344983011,0.134500321578928,0.0700354774618366
"CDIP1","blue","blue",-0.209804680264142,0.342370142405708,0.136121943367139,0.11172540225714
"UBALD1","blue","blue",-0.044535463655007,0.107381862619268,0.0672911155451198,0.0430451932301252
"MGRN1","turquoise","turquoise",0.209265309435634,-0.091524995944154,0.120139066359243,0.0401661264778605
"NUDT16L1","blue","blue",-0.0902052880880681,0.186842095110935,0.0902222943153795,0.0598346288144216
"ANKS3","turquoise","turquoise",0.201714119603081,-0.0879397030934582,0.123033481916739,0.0652930545436724
"ROGDI","blue","blue",-0.0725877638633205,0.187053673699242,0.121220862147254,0.111012145185758
"GLYR1","grey","grey",-0.00492297386923124,0.150527555974861,0.159826178521672,0.111342652609723
"UBN1","turquoise","turquoise",0.106313421683801,-0.024775057432549,0.0921970395362667,0.0641099621116409
"ALG1","grey","grey",-0.000148537747575977,0.0497344703744196,0.059095406991061,0.0210974837648943
"RBFOX1","turquoise","turquoise",0.389650916705054,-0.248121679149827,0.12624878340624,0.0358428227691211
"METTL22","grey","grey",0.0912813064984137,-0.0145517864272728,0.0860948360228946,0.0502281880636869
"ABAT","blue","blue",-0.0684603547849596,0.203788032018573,0.160712691253918,0.164216912185034
"USP7","blue","blue",-0.132415604805775,0.269413249587776,0.15337982138645,0.130090796196139
"C16orf72","blue","blue",-0.033431683015756,0.140095973644669,0.143714892727136,0.180807959663046
"GRIN2A","grey","grey",0.134763766493772,-0.0167143580406973,0.158957772398946,0.121382567443028
"ATF7IP2","turquoise","turquoise",0.301330069738946,-0.170668846793299,0.130048452824564,0.0687068352303406
"TVP23A","turquoise","turquoise",0.198065488547487,-0.0656910951478662,0.13394736616553,0.0806885652870155
"DEXI","blue","blue",-0.110991139081555,0.202651829850305,0.108387701368868,0.108230599294099
"CLEC16A","turquoise","turquoise",0.37096182807661,-0.19568198766008,0.172458238580401,0.0665932839329436
"SNN","blue","blue",-0.0828464883484672,0.139419374015694,0.077522875097065,0.0986150261896405
"TXNDC11","turquoise","turquoise",0.218039131081985,-0.113764332712623,0.106886880429932,0.0458838160343627
"ZC3H7A","grey","grey",0.0791837567915864,0.0268364709728997,0.125943802399469,0.0776439914829102
"RSL1D1","blue","blue",-0.116378728207458,0.21286545141648,0.111828572965072,0.0680495741207352
"GSPT1","blue","blue",-0.033969099560076,0.148299614987942,0.131669626109159,0.0754718402724034
"SNX29","turquoise","turquoise",0.351016328473135,-0.177863282657392,0.175293755831406,0.0748447692806067
"CPPED1","grey","grey",0.0786500791788759,0.0354651994558485,0.122384438517466,0.0612343016304898
"SHISA9","turquoise","turquoise",0.437866388548453,-0.236579711822835,0.199832468698368,0.100925587934492
"U91319.1","turquoise","turquoise",0.37164252704255,-0.224384604963128,0.149931702826827,0.0658110931633493
"ERCC4","grey","grey",0.0551019456551209,0.0161392491809337,0.0903456759322315,0.0644629868847399
"MKL2","turquoise","turquoise",0.27409215846898,-0.152640741541255,0.124796774058516,0.0618970828457895
"PARN","grey","grey",0.117267281950572,-0.00698557687573866,0.129654375459757,0.0524329763782303
"BFAR","grey","grey",0.0221917902791635,0.0515807164553337,0.0949680845703458,0.0652668223882496
"NOMO1","grey","grey",-0.0265264342068111,0.0735852573381599,0.0535765508359088,0.0310236445066053
"PDXDC1","turquoise","turquoise",0.230663957487197,-0.0761386409822386,0.168784561720775,0.0789189086465553
"NTAN1","grey","grey",0.0182243753855482,0.052720725771429,0.0789118538540576,0.0514457519748736
"RRN3","grey","grey",0.0168499778991377,0.054091426271559,0.0956157599636954,0.052313109557483
"C16orf45","blue","blue",-0.0142620781422062,0.148070099453803,0.148789830175226,0.119385621030817
"MARF1","grey","grey",0.0179819049109326,0.0618101935681901,0.119056220744233,0.168577746344408
"FOPNL","grey","grey",-0.0213121269454117,0.0885875303051659,0.0884414497606367,0.083893962435591
"ABCC1","turquoise","turquoise",0.262712272187829,-0.147084731708413,0.14081526040219,0.0565578182754018
"XYLT1","turquoise","turquoise",0.399362123038772,-0.220655726653503,0.189092296942004,0.106537192261243
"RPS15A","grey","grey",-0.032735220573337,0.0520366467172202,0.0204427839041655,0.0120042418966152
"SMG1","turquoise","turquoise",0.282044056635674,-0.153403590454995,0.148759525418442,0.100439556718867
"COQ7","grey","grey",0.0351468716390838,0.0288970946423123,0.0690295597228697,0.0498829666636755
"SYT17","blue","blue",-0.0512952830829289,0.190666999837483,0.168711070453572,0.14589366959635
"GDE1","blue","blue",-0.126200646632522,0.192362826114025,0.0946292034707259,0.13935210797856
"CCP110","grey","grey",0.05130444417559,0.0464144509705971,0.133868875446914,0.129746129811161
"VPS35L","grey","grey",0.108593048538424,0.0358149199103088,0.159736188201112,0.0764516415979423
"KNOP1","grey","grey",0.0656846242204927,-0.00299594535356364,0.0743083102285194,0.0512489528667755
"IQCK","turquoise","turquoise",0.166430059402754,-0.0746776815744962,0.0894968997208346,0.0395666831304149
"GPRC5B","grey","grey",0.0375567650157003,0.00574024651029078,0.0524359526177629,0.0240831379483282
"THUMPD1","blue","blue",-0.0533859633675123,0.13616468776846,0.0989745961796843,0.0793860477556433
"LYRM1","grey","grey",0.0118368776446127,0.0875042041085684,0.108759529374569,0.0847758617039336
"METTL9","grey","grey",0.0384147148520613,0.0567367343987831,0.109301327338158,0.103190304890089
"UQCRC2","blue","blue",-0.121712426539188,0.312592285716874,0.173179723909757,0.0769209326212782
"MOSMO","turquoise","turquoise",0.162468673730084,-0.00244938101644459,0.188774672177082,0.203138543120375
"EEF2K","turquoise","turquoise",0.266030041992517,-0.151059095429294,0.131642142575441,0.0655148462280049
"POLR3E","grey","grey",0.0309083755626285,0.0516668693354276,0.0938518128457846,0.0540526388068466
"CDR2","grey","grey",0.160282144471849,-0.0469744796474351,0.135158529559767,0.0934562080312132
"NPIPB5","turquoise","turquoise",0.336730594135947,-0.238838938397023,0.0919675543603774,0.017834441037673
"USP31","turquoise","turquoise",0.103070449331839,-0.0118408563993299,0.121516646021631,0.129121839755392
"COG7","turquoise","turquoise",0.204711860000033,-0.0890649227112659,0.11554791532824,0.0458876941878926
"GGA2","turquoise","turquoise",0.209054049948853,-0.0903872780197914,0.134180807196379,0.0725678251491551
"EARS2","grey","grey",0.0226562397317168,0.0606609119519953,0.0914973187697382,0.0673890183169303
"UBFD1","blue","blue",-0.11725824076462,0.234961866363961,0.141967688490298,0.15119336880193
"NDUFAB1","blue","blue",-0.13445019625202,0.229547387837828,0.0812390408530138,0.0665916719111784
"DCTN5","blue","blue",-0.076272467072939,0.183543139336519,0.162048593065358,0.222930690694445
"PRKCB","turquoise","turquoise",0.218361891342604,-0.00888622047146742,0.227504835735384,0.160252647186182
"CACNG3","grey","grey",0.137929495762381,-0.0480550324597381,0.104127233313624,0.0653951003822662
"RBBP6","turquoise","turquoise",0.197401274332563,-0.0804623871350385,0.138259272133938,0.0797691066699328
"TNRC6A","turquoise","turquoise",0.595601821242587,-0.403170044832915,0.194643778237797,0.0652475449123778
"SLC5A11","turquoise","turquoise",0.145335120025422,-0.114272718992843,0.0132033082419626,-0.017415834555821
"ARHGAP17","turquoise","turquoise",0.308084282463703,-0.192630249868899,0.110527320522298,0.0281040731118567
"LCMT1","grey","grey",0.0210030827144488,0.112326434394619,0.140896620852179,0.0782244955863308
"HS3ST4","turquoise","turquoise",0.247180394431217,-0.145501069108717,0.0750220581053545,0.0230298750869691
"NSMCE1","blue","blue",-0.0344197959413348,0.120708708581415,0.0783343410901389,0.0306079306131326
"GTF3C1","grey","grey",0.00490735818129399,0.10313427571599,0.134055976100114,0.0938343730345393
"KIAA0556","turquoise","turquoise",0.259358867962618,-0.146839847563341,0.119977811787835,0.0512018078486455
"GSG1L","grey","grey",0.127842365876151,0.0490383757792103,0.218999767124086,0.201360619388442
"XPO6","turquoise","turquoise",0.146491056424955,-0.00790526864362995,0.157108387479915,0.101878919685571
"SULT1A1","grey","grey",0.0854797093720879,0.00697818262537916,0.102800306341516,0.0509492780390825
"ATXN2L","grey","grey",0.0616811382670353,0.0291845405403554,0.116252268024815,0.0421298966735707
"TUFM","blue","blue",-0.256615594639089,0.410345061575074,0.128914913234196,0.0601657935124042
"SH2B1","grey","grey",0.119487837612627,-0.0111170344939826,0.125043369849929,0.0798693659427031
"NFATC2IP","grey","grey",0.0944952072230008,0.0236254829720977,0.136916769899585,0.0913730909497278
"QPRT","blue","blue",-0.127654347468763,0.228146165749473,0.0964937013742471,0.0854851211521055
"MAZ","grey","grey",-0.0553758850141732,0.116730500424755,0.0812180213892733,0.105676902625241
"CDIPT","blue","blue",-0.151675389707064,0.268519631386128,0.134657289290309,0.132742378843882
"SEZ6L2","blue","blue",-0.299787972278186,0.427252915247583,0.11908782222854,0.00208973486534491
"ASPHD1","blue","blue",-0.0354835305359556,0.128427801983005,0.100609670130192,0.102343395764939
"KCTD13","grey","grey",0.0251655700947343,0.0223349798624524,0.0545931025633882,0.0308499697613977
"TMEM219","blue","blue",-0.0660495469251518,0.14157357873381,0.0816001680902196,0.0919003840695672
"TAOK2","grey","grey",-0.0280301641819519,0.0780767224865148,0.071402006785576,0.066179645154642
"INO80E","grey","grey",-0.0171336887843254,0.0817122322320884,0.0670182795869287,0.0555950030455121
"PPP4C","grey","grey",-0.0498677721806708,0.110832584746855,0.0771496723079103,0.0562567893341877
"YPEL3","blue","blue",-0.131626102496141,0.242757724117957,0.109158191205643,0.0963731514392651
"MAPK3","blue","blue",-0.15024641304781,0.24247061690397,0.122527851593311,0.136730741450716
"CORO1A","grey","grey",-0.0494772706713605,0.114468210939129,0.0743828873673637,0.0266509323697609
"CD2BP2","blue","blue",-0.104436029208129,0.200410822121359,0.103085919286083,0.0656032379951853
"TBC1D10B","blue","blue",-0.0542745921961368,0.136954657055806,0.0983557851514619,0.0765130516654187
"ZNF771","grey","grey",0.0187253107876194,0.0629092952313722,0.10230769058031,0.0644332242703821
"DCTPP1","blue","blue",-0.0731962689815636,0.15263180334593,0.0739013068128674,0.0627891827084431
"SEPHS2","blue","blue",-0.104361547081785,0.192249861086116,0.103359008571909,0.112139410671608
"PHKG2","grey","grey",-0.0292071261500946,0.107206781709267,0.0808386269223921,0.0480815257200632
"CCDC189","blue","blue",-0.0671530655975463,0.178143410015401,0.106702098313867,0.0675352205942574
"RNF40","grey","grey",-0.0364563282297107,0.112754601471282,0.0959775193611957,0.0604587240164775
"BCL7C","turquoise","turquoise",0.140067401506804,-0.0265971228073787,0.11748002263618,0.0844703614602487
"FBXL19","grey","grey",0.0117245964545068,0.0581784531797943,0.0926282089626992,0.0889642221642076
"STX1B","blue","blue",-0.152726913151848,0.2876511005294,0.160320751871219,0.158128613061188
"STX4","grey","grey",-0.019840446346929,0.0614151345547653,0.0524831563545055,0.0361893745742618
"BCKDK","blue","blue",-0.0652975026702781,0.125497215884558,0.0614701150053216,0.0415738524515208
"KAT8","grey","grey",0.0423398411054139,0.0220370018258839,0.0790512518848913,0.044669953639389
"FUS","grey","grey",0.0680435121500459,0.053121930915441,0.127654432260096,0.0321115559755492
"ARMC5","grey","grey",-0.0437486191540655,0.107772318123037,0.0724548624920969,0.0333914891609635
"C16orf58","blue","blue",-0.0495019080836047,0.142482755348673,0.0880637290131526,0.0474037637690531
"ZNF720","grey","grey",0.0440768135231458,0.0501572460905189,0.119665192108858,0.0967312063195929
"VPS35","blue","blue",-0.383201881446367,0.517988412337149,0.118415397844984,0.0259844079753159
"C16orf87","grey","grey",0.0785047001291319,0.0144205487502169,0.108761819383154,0.0864311072070441
"GPT2","grey","grey",0.0568562785649061,0.0152771902479394,0.0842606793193555,0.0477336230325041
"DNAJA2","blue","blue",-0.194925854902022,0.313722502374627,0.127081485120645,0.0636961955995182
"NETO2","grey","grey",0.092375938728275,0.0339088345409611,0.162078858464566,0.134872999684668
"ITFG1","grey","grey",-0.0330619981297401,0.235242344415611,0.193253656612425,0.0607952872142903
"PHKB","turquoise","turquoise",0.263619025901036,-0.10469513923105,0.172622527380239,0.126561814825657
"LONP2","grey","grey",0.0594234843096468,0.093914922642193,0.168328535401925,0.07263514640639
"SIAH1","grey","grey",0.0730105359356349,0.0151968155219015,0.103805486132155,0.0560206396228837
"N4BP1","turquoise","turquoise",0.176721271093022,-0.0657343913216568,0.12544250466274,0.0720816604779885
"CBLN1","blue","blue",-0.203625634382392,0.314017138593783,0.130189766260016,0.146891335171105
"AC007614.1","turquoise","turquoise",0.501555689491801,-0.336874486028064,0.164049529279574,0.0567474343012052
"ZNF423","turquoise","turquoise",0.210378024254078,-0.115621241388552,0.116787918844816,0.0753135438965945
"CNEP1R1","grey","grey",0.0264677817599459,0.031988062495521,0.0755466319294692,0.0649261855240674
"HEATR3","turquoise","turquoise",0.243803517677123,-0.139398153946449,0.110810728776155,0.0362426888871213
"TENT4B","grey","grey",0.138970514954336,-0.0248348406810781,0.146421869055899,0.112019298834278
"ADCY7","grey","grey",0.0778793524747737,0.00269302924271754,0.103760823696489,0.0511055892982233
"BRD7","grey","grey",0.0294338017918717,0.0554610391386351,0.0988466382720815,0.0597011812560027
"CYLD","blue","blue",-0.0855504867106661,0.226583466978275,0.179219510687224,0.216830997660678
"TOX3","turquoise","turquoise",0.250774872453579,-0.099605710658062,0.180850640151222,0.0926189403059043
"CHD9","turquoise","turquoise",0.417340021660938,-0.224689660893104,0.203763446023535,0.117555708069967
"RBL2","turquoise","turquoise",0.215163112044036,-0.101717923366066,0.120511991119011,0.0672726468674256
"AKTIP","blue","blue",-0.0478176317743884,0.143370137831939,0.109304225297496,0.124069431652102
"RPGRIP1L","grey","grey",0.108940975756859,-0.00313731753347537,0.120049801291132,0.0679044060790933
"FTO","turquoise","turquoise",0.216631699463537,-0.012119023587257,0.203921361796048,0.105724309270154
"LPCAT2","grey","grey",0.0577032350126112,-0.0217931097796043,0.0407817434774416,0.0154341377709722
"GNAO1","grey","grey",-0.0726426365864329,0.230515244726636,0.194331067560822,0.163591185226016
"AMFR","grey","grey",-0.0245843386052519,0.0942919209540526,0.0861802444435657,0.0449613318375346
"NUDT21","blue","blue",-0.108988394265133,0.208439963029412,0.12192696786954,0.133547466566788
"OGFOD1","blue","blue",-0.0642696689732706,0.164967346001633,0.117359265561161,0.0788787369939763
"BBS2","grey","grey",0.0251239678985326,0.0696655359582966,0.104414532591642,0.0379353782253384
"MT3","blue","blue",-0.140270976045794,0.145201304823189,-0.00852177368773964,-0.00837555959232596
"MT2A","grey","grey",-0.0122621505438723,-0.0219257220518766,-0.0461071673042565,-0.0488892072029743
"MT1E","grey","grey",-0.00549376009987918,-0.0232788926957009,-0.0397208861530495,-0.0300688361306764
"NUP93","turquoise","turquoise",0.218242729040175,-0.0525873125029509,0.188860727623676,0.13503022289433
"HERPUD1","blue","blue",-0.0509241271102351,0.13845665255788,0.113577931678579,0.0683453128989901
"FAM192A","blue","blue",-0.0477414412545068,0.124958812167806,0.0880813629635532,0.0920530516201508
"RSPRY1","turquoise","turquoise",0.133036556147919,-0.0517013559501602,0.0908967348642916,0.0606823137858487
"ARL2BP","blue","blue",-0.101193612909733,0.205504471189229,0.126238947409132,0.134890768246833
"CX3CL1","grey","grey",-0.0455957588507893,0.10024976675884,0.0860277270725507,0.0533555884506611
"CIAPIN1","blue","blue",-0.0956480862508209,0.213226997181721,0.120732248649824,0.0694711829828927
"COQ9","grey","grey",0.0488269806336314,0.0282542118001442,0.0850434140708742,0.0417289250373165
"POLR2C","blue","blue",-0.0989402554668871,0.193530574527812,0.0894860609031639,0.0599033483141122
"DOK4","grey","grey",0.0141500665530087,0.0378798959452489,0.0752590330846889,0.0661851506763887
"ADGRG1","grey","grey",-0.0177582902771623,0.0287649003813895,0.0217538925431601,-0.00554273014599387
"KATNB1","grey","grey",-0.0159524671588906,0.0852278588892515,0.0818398300152492,0.0344446018362739
"KIFC3","grey","grey",0.0822758589509496,-0.0171618799990032,0.0759533476792009,0.0443244345902196
"CNGB1","grey","grey",0.198274209856731,-0.0894011534186761,0.136398235707805,0.0847647339156014
"USB1","grey","grey",-0.0154497682005002,0.070841492267916,0.0775468593006435,0.0741088548949912
"CFAP20","blue","blue",-0.0636862863484166,0.148717839683843,0.0836426178788068,0.0535488548371808
"CSNK2A2","grey","grey",0.00212252987854264,0.074642146644031,0.0950007983055741,0.083489547134977
"CCDC113","grey","grey",-0.019971809106973,0.0819527696605107,0.0708147757087614,0.0631291881446633
"NDRG4","blue","blue",-0.513571496544029,0.575011609713347,0.0587276776354191,0.0638463522865135
"CNOT1","grey","grey",0.0204666044701093,0.0597873814473847,0.0966459070650038,0.0534881668221431
"SLC38A7","grey","grey",0.0518933158592128,0.0368972711813194,0.119370613126118,0.079932058426314
"GOT2","blue","blue",-0.249124734186559,0.381830102611807,0.122937143223897,0.062819266427879
"CDH8","turquoise","turquoise",0.158381954184312,0.0688255215241045,0.238892390988484,0.162335605326742
"AC138305.1","turquoise","turquoise",0.449108610065778,-0.295582967634919,0.126814519711462,0.0394228461952224
"CDH11","turquoise","turquoise",0.312600621732357,-0.141311170255568,0.184399998603773,0.0922137467508785
"CMTM4","grey","grey",0.0945026676335964,0.00972018113443424,0.138851902452539,0.141176577553683
"DYNC1LI2","blue","blue",-0.170493207135488,0.31810914360068,0.167466989996155,0.196922050733815
"NAE1","grey","grey",0.0345051664771413,0.0887970599019319,0.134699238647039,0.0610021544291818
"PDP2","grey","grey",-0.0065453218832377,0.0797169710342219,0.0907207563750888,0.0733270280049661
"FAM96B","blue","blue",-0.108243214247846,0.199331534349219,0.0871329594148938,0.0685422219105757
"CES2","grey","grey",-0.0258369111840872,0.0850396488098692,0.090910891429368,0.105437559843937
"CES4A","turquoise","turquoise",0.235426694573356,-0.138242687482172,0.0980095676764377,0.0355338202258879
"CBFB","turquoise","turquoise",0.135817365550141,-0.0627684665959311,0.0642769064227222,0.0272170467738836
"C16orf70","grey","grey",0.0773461566353959,0.000782666872434732,0.0916894282743878,0.0461577861794854
"NOL3","blue","blue",-0.0609241798162783,0.159533425764009,0.0874844638976499,0.0669459655376083
"KIAA0895L","grey","grey",0.0451393618621094,0.0275776896121632,0.0873615086893562,0.067023716205174
"TMEM208","blue","blue",-0.166382633684597,0.287724388827635,0.11746853825187,0.0830486863005246
"SLC9A5","grey","grey",0.153352129255691,-0.082636607270768,0.0824842594173209,0.026592122122399
"TPPP3","blue","blue",-0.0999925333469459,0.154094585920459,0.0523184006532335,0.023754974242532
"ATP6V0D1","blue","blue",-0.328759455153268,0.474602130866717,0.124984676899664,0.0744213454702831
"RIPOR1","grey","grey",0.0516607261235735,0.0525206986947298,0.126907049279713,0.0958970715371491
"CTCF","grey","grey",0.0694039934364961,0.00626561048361911,0.0846898346410164,0.0497596879300387
"CARMIL2","grey","grey",-0.0271106174911307,0.0789054032786175,0.0597672139882643,0.0497549409562734
"PARD6A","blue","blue",-0.0690886236581928,0.126635875687751,0.0588923403814089,0.0682105967923144
"GFOD2","grey","grey",0.050466852279259,0.0590847233902732,0.131647384657625,0.101236487546342
"RANBP10","turquoise","turquoise",0.270865749494595,-0.146425080556587,0.13244335609446,0.0495054299057163
"THAP11","grey","grey",-0.0513480238306031,0.104451047543504,0.0641586675504384,0.043021046137684
"NUTF2","blue","blue",-0.075550204873481,0.186906399432841,0.116652735825573,0.111339877138962
"DUS2","grey","grey",0.0990496437912383,-0.0262610982930913,0.0792952511641534,0.0322812838254439
"NFATC3","turquoise","turquoise",0.302652928618099,-0.177663542210795,0.132142676148347,0.0464840708691965
"PLA2G15","blue","blue",-0.073831347273108,0.147164058623563,0.0812263783124461,0.0473646352857774
"SLC7A6","turquoise","turquoise",0.31308392695876,-0.182224947882485,0.133985842659296,0.0580311785452602
"SLC7A6OS","grey","grey",0.0311212415175943,0.0312697842064035,0.0714585473997301,0.0498133974801385
"PRMT7","grey","grey",0.138345126726456,-0.0519849029458421,0.0973238677876212,0.0478873703293508
"SMPD3","grey","grey",0.167780383996875,-0.0388638226986122,0.154715110167351,0.101302310531796
"ZFP90","grey","grey",0.139209312093863,-0.0306292486430984,0.136715285136722,0.12085055719947
"TANGO6","turquoise","turquoise",0.206646625958166,-0.0672258161587523,0.144712581099486,0.0589467955104065
"CHTF8","grey","grey",0.0277677674333005,0.0238386933948434,0.0675244463886771,0.0521532889925681
"UTP4","grey","grey",0.0187072010692406,0.0379289688261945,0.0616096334251503,0.0410129417874851
"VPS4A","blue","blue",-0.120923049888754,0.216297786788136,0.0997379106550239,0.0926279755132283
"TERF2","grey","grey",0.0225858214650163,0.0583344187296075,0.0930529899040365,0.0596432981965653
"CYB5B","grey","grey",0.0117622779180116,0.0928024241359478,0.116080547352193,0.0966843425259379
"NFAT5","turquoise","turquoise",0.333388826676528,-0.161759949629741,0.189882764374433,0.103697364781995
"NQO1","grey","grey",-0.041195540997528,0.0756966472381645,0.0358224241079966,0.0149402498523504
"WWP2","grey","grey",0.10900382678274,0.0108498215064419,0.133990302631095,0.0635123775867486
"PDPR","turquoise","turquoise",0.258036505593198,-0.15643377972414,0.106599527689225,0.0428546689479528
"EXOSC6","blue","blue",-0.163716728800663,0.290346147192415,0.150702270258288,0.121219801778888
"AARS","blue","blue",-0.164235887613611,0.31997273930585,0.151683272965701,0.0606195324660093
"DDX19A","grey","grey",-0.0426674330062653,0.10663692725731,0.0776660109633564,0.039083239848699
"ST3GAL2","turquoise","turquoise",0.18063411763726,-0.0942287254611897,0.0986858268315665,0.0633933633580779
"COG4","blue","blue",-0.0336610516762768,0.132524297644198,0.101986375619,0.0505520018068594
"SF3B3","grey","grey",0.00210958618903688,0.116266735773844,0.13698797938723,0.067718883336622
"MTSS1L","grey","grey",0.0323847678796904,0.0641985670439165,0.120019107270207,0.0833376198862681
"VAC14","grey","grey",0.0819636144940274,0.0113871923129884,0.104825320444686,0.0481630722279839
"HYDIN","turquoise","turquoise",0.420226683393229,-0.249997747376884,0.164707243349897,0.0640813718307073
"CALB2","grey","grey",0.00587291212678836,-0.0170408656414946,-0.00971017601167206,-0.00267581868430711
"PHLPP2","grey","grey",0.0881291752684118,0.0261214098623276,0.148476794749186,0.139429951385077
"AP1G1","grey","grey",0.0218792322165221,0.105817993716485,0.158065678471207,0.0922666975138434
"IST1","grey","grey",0.0444119241349772,0.0544648877134006,0.122358222027137,0.0587001212206528
"ZNF821","grey","grey",0.182132655529516,-0.0687039132909258,0.128065354677464,0.0760836988147808
"DHX38","grey","grey",-0.0234727675445828,0.0877795561384298,0.0876251385285672,0.0727770709892891
"AC004158.1","grey","grey",0.0786150914322817,-0.0364072346553129,0.0479055590130546,0.0364305965590299
"ZFHX3","turquoise","turquoise",0.297198736881434,-0.12170947607483,0.209636224775157,0.170155751521948
"PSMD7","blue","blue",-0.114483092107726,0.233785918678616,0.133990396753416,0.10419149211356
"GLG1","grey","grey",0.0150411899049562,0.123842834440025,0.17591570645988,0.0822411094141641
"WDR59","turquoise","turquoise",0.291755900929266,-0.141577981518619,0.156307530046145,0.0826036249795368
"ZNRF1","turquoise","turquoise",0.181657856627033,-0.0440815063166208,0.145166400590376,0.101549150731057
"LDHD","blue","blue",-0.0926480529298144,0.164347869284253,0.062149585873009,0.0220774141667982
"ZFP1","grey","grey",-0.00599119578373329,0.0487689477949595,0.0585875708746024,0.0471414175465477
"BCAR1","grey","grey",0.0627792940543548,0.0086984597540188,0.0960106858067858,0.0506259204695281
"CFDP1","grey","grey",0.0515971163832442,0.0566402931874775,0.104510873923636,0.0631615642317729
"GABARAPL2","blue","blue",-0.280718411635741,0.399278475368681,0.109067160369063,0.0992588773678439
"ADAT1","grey","grey",0.00921877829109305,0.052006186173522,0.0805598828011838,0.0802418417000176
"KARS","blue","blue",-0.0950318634309636,0.177669128223245,0.0938123331059134,0.070262928561324
"TERF2IP","blue","blue",-0.47667986562477,0.579391854375124,0.0791251158845471,0.0388470219686577
"CNTNAP4","turquoise","turquoise",0.196035489409736,-0.139945913233735,0.0165663495010215,-0.0069348317283607
"VAT1L","blue","blue",-0.0488972621236837,0.200872409179447,0.145632403540543,0.0949644227733541
"WWOX","turquoise","turquoise",0.4682865590905,-0.299155008702143,0.141352635330206,0.0355337933576456
"CDYL2","grey","grey",0.0918231049573954,0.012575287761371,0.121245295144337,0.0991737967562184
"CMC2","grey","grey",0.150268948311451,-0.0314062708029779,0.113497918373046,0.0591674099123989
"ATMIN","blue","blue",-0.165632552978301,0.264847895031834,0.132963726616354,0.149225992458937
"GAN","brown","brown",0.0733597262340016,0.0241266304016827,0.13641735095182,0.19007586781997
"CMIP","grey","grey",0.0676085640241837,0.114548762562006,0.212540904714001,0.159938535556456
"PLCG2","turquoise","turquoise",0.45249554999285,-0.390929030469871,0.0278651023425564,-0.0604389519509724
"MPHOSPH6","grey","grey",0.12065141947934,-0.0278609161184117,0.0975635288918107,0.0603461967002219
"CDH13","grey","grey",0.143156935674611,-0.0489076960050458,0.098298237313124,0.055617731239936
"HSBP1","blue","blue",-0.162260693438111,0.272423902563921,0.107792748230112,0.117804664941771
"MBTPS1","grey","grey",0.108684158003,0.00848037851881529,0.146106664853823,0.111974996896934
"HSDL1","blue","blue",-0.124765502015988,0.252516714971446,0.140858155047605,0.123037015797489
"TLDC1","grey","grey",0.102642459959331,0.00194649755615567,0.11476235828936,0.0688998975243379
"COTL1","grey","grey",-0.0305285680699207,0.102821078476196,0.0889925739056321,0.0991204634858706
"KLHL36","grey","grey",0.100505115082679,-0.0191585202473675,0.106780554459837,0.082953034351214
"USP10","grey","grey",0.041384671231765,0.0513971491563473,0.125708833345954,0.0699573140776938
"ZDHHC7","grey","grey",0.0348131522766987,0.0514703266956809,0.111373102425562,0.088417035448801
"KIAA0513","blue","blue",-0.054723638406406,0.204533272598253,0.175486706400209,0.143708125086331
"GSE1","turquoise","turquoise",0.286173784224782,-0.138034233176292,0.171518454138241,0.108899639970102
"EMC8","grey","grey",0.0576868313550631,-0.000421877880824945,0.0598026921744061,0.0273034850783209
"COX4I1","blue","blue",-0.253502958231337,0.337523616563921,0.0690560156560096,0.0725641057265119
"FBXO31","turquoise","turquoise",0.236238207333432,-0.12977928682673,0.113107974961188,0.0569228962723639
"MAP1LC3B","blue","blue",-0.304550994151502,0.421542100779555,0.120181555171741,0.128465949542428
"ZCCHC14","turquoise","turquoise",0.280767205432445,-0.167111880029659,0.131904148950569,0.0680077612006883
"JPH3","grey","grey",0.108440827850838,0.00955944734767029,0.151176472845677,0.133628723438106
"KLHDC4","grey","grey",0.0492703568553635,0.0234853723714047,0.0785404255344753,0.0477980405414876
"SLC7A5","blue","blue",-0.0874690177854556,0.175992577946567,0.107829354143022,0.0521743360405288
"BANP","turquoise","turquoise",0.271419020075465,-0.155837889355889,0.129872673980807,0.0544564997174918
"ZFPM1","grey","grey",-0.00782669991172812,0.053410921669743,0.0523423607112056,0.0480120742597414
"ZC3H18","grey","grey",0.0336014163593899,0.0540925520940431,0.114401775558277,0.0731729309861454
"MVD","grey","grey",0.0226964542472551,0.0883788415233407,0.128574272765094,0.0830242476422542
"SNAI3-AS1","grey","grey",0.0669193810601026,0.00943687842504914,0.0916682704626747,0.0665023974098907
"APRT","blue","blue",-0.0882834053888892,0.170077211724195,0.0796163859581645,0.0583208174702734
"TRAPPC2L","blue","blue",-0.0949942215318825,0.176676878600303,0.076230142786003,0.0656930326089085
"ACSF3","grey","grey",0.088292900348679,-0.0179109001981176,0.0814845020283359,0.0383177408363009
"ANKRD11","grey","grey",0.14887457414132,0.0265841018197723,0.210869817716227,0.178929618663183
"SPG7","grey","grey",0.131791744509049,0.0249008106772648,0.16755183703868,0.0906436600091087
"RPL13","blue","blue",-0.182672682547845,0.229824697946083,0.0498555655799572,0.0785399623864037
"CPNE7","grey","grey",-0.00935987059971833,0.0960863178021866,0.0916622441178799,0.0615514718679903
"CHMP1A","blue","blue",-0.0927276016272899,0.172220736742478,0.0992321979039002,0.0767229514382893
"CDK10","grey","grey",0.113380369276995,-0.0295269928093918,0.104813064618887,0.0657539397543851
"VPS9D1","turquoise","turquoise",0.235316959731802,-0.120882882114657,0.124532013545795,0.041779747794704
"SPIRE2","grey","grey",0.16810542907802,-0.0494976629316243,0.137690880737976,0.0743657253030469
"TCF25","blue","blue",-0.149059312641765,0.350326463502395,0.194064325631606,0.104448476979235
"DEF8","blue","blue",-0.0141070457817827,0.130801291498769,0.122042354332333,0.103265269903361
"DBNDD1","grey","grey",-0.0498043132380101,0.145116085805767,0.115190961450803,0.101694035808384
"GAS8","turquoise","turquoise",0.277387321180072,-0.153960849543894,0.130283148997292,0.053901917566555
"FAM157C","turquoise","turquoise",0.362093317940306,-0.241857771905006,0.117786961121031,0.0335716376368803
"RPH3AL","turquoise","turquoise",0.164782969174484,-0.0762716293860906,0.100298477725419,0.0658152855355626
"C17orf97","grey","grey",-0.0150617469549984,0.0700205465249224,0.0582000193746478,0.0409882193434477
"VPS53","turquoise","turquoise",0.128715612381961,0.0439217242943011,0.202462853292215,0.164753632921819
"GLOD4","blue","blue",-0.0812161746450875,0.189948163617927,0.103308520317656,0.0612689554616741
"MRM3","grey","grey",-0.0434747283152607,0.101822089820947,0.0675873307116693,0.0512366269391584
"NXN","turquoise","turquoise",0.193770041844155,-0.10473291257525,0.0971036053632584,0.0497728680389846
"TIMM22","blue","blue",-0.0902530466042181,0.169360904186028,0.0853619404244547,0.0733155180498691
"ABR","grey","grey",0.105021840447667,0.051919005579978,0.192917208311405,0.146911970518078
"YWHAE","blue","blue",-0.259325355204443,0.38835206445156,0.118875810076535,0.0799447670934508
"CRK","blue","blue",-0.0186253440358898,0.136507039844813,0.14462491336435,0.124669310015436
"INPP5K","blue","blue",-0.0641617347881685,0.149947795104257,0.0876539503261086,0.0555126735442997
"PITPNA","blue","blue",0.00807255906297132,0.152525866209849,0.174733438360343,0.155766076955587
"SLC43A2","grey","grey",0.0687425055758654,0.0399079237325621,0.141414041494272,0.0768515943758854
"PRPF8","blue","blue",-0.0281199934470427,0.138580986776969,0.132625854938139,0.155147390107479
"MIR22HG","grey","grey",0.045022298390075,0.0111898747347938,0.0633471820348511,0.0565043006530001
"RPA1","grey","grey",-0.0243371918602717,0.134682431786165,0.116631903634718,0.0569053950662841
"SMG6","grey","grey",0.171293647311705,-0.0353100972327982,0.157723354368232,0.0889616909936035
"TSR1","grey","grey",-0.037412600630008,0.120065545062087,0.095516507084158,0.062862540673055
"SGSM2","grey","grey",0.0894524212404209,-0.0164015611535084,0.0968660172661737,0.0779109647438174
"MNT","grey","grey",0.00724139262165955,0.039993250490224,0.0700594129989321,0.0628933576861788
"METTL16","turquoise","turquoise",0.179151209705449,-0.0953329094905349,0.0955044188303686,0.055638032861984
"PAFAH1B1","blue","blue",-0.160601775642798,0.335345344224929,0.198702934417871,0.217408319589785
"CLUH","blue","blue",-0.060937979621882,0.159828256875144,0.116071289759402,0.0816019449765733
"RAP1GAP2","turquoise","turquoise",0.276575696710361,-0.112354202424113,0.196450764602555,0.14964589814798
"TRPV1","grey","grey",-0.0451949118074678,0.10359567400071,0.0636504115225267,0.0265104288829237
"EMC6","blue","blue",-0.0988964738677594,0.173654035299372,0.0758178055001119,0.0589982181608396
"ITGAE","grey","grey",-0.0238215844399652,0.109926250130598,0.0905666883718847,0.0751448739224446
"NCBP3","turquoise","turquoise",0.153067666801691,-0.0665074989861439,0.0901413405544906,0.0443629647064538
"CAMKK1","grey","grey",0.0279807088560028,0.0828543814652968,0.130853467828034,0.0716235999641598
"ATP2A3","blue","blue",-0.112512953309865,0.206111890232422,0.118532698546717,0.090550416516796
"ZZEF1","turquoise","turquoise",0.212777629752114,-0.0731493767856151,0.150614957240257,0.0930359893187107
"CYB5D2","grey","grey",0.0226574534234722,0.0708879882809129,0.106314041122907,0.0666175558914349
"ANKFY1","turquoise","turquoise",0.220735494506769,-0.0965213340210533,0.144874712263907,0.0948880558160032
"UBE2G1","turquoise","turquoise",0.212751956630033,-0.0809823672581406,0.141505634866195,0.0765228860219465
"SPNS2","turquoise","turquoise",0.155455213299844,-0.066903893223986,0.0959964122401381,0.0558854066187895
"MYBBP1A","blue","blue",-0.0451765378536207,0.119654749690747,0.0844441594410953,0.0454856554548715
"PELP1","blue","blue",-0.0698571336058253,0.15374624842246,0.102324134851933,0.0548119659126449
"ARRB2","grey","grey",-0.0177807292275613,0.0907963051660008,0.0852009053202042,0.0590431148421017
"PSMB6","blue","blue",-0.142477008118175,0.254789239413723,0.0927542209763322,0.0456699608674197
"MINK1","grey","grey",0.116510043462002,0.00470950347567405,0.134858614772555,0.081202013215872
"SLC25A11","blue","blue",-0.18933982975341,0.326227921448664,0.128707765434927,0.0904488507509945
"RNF167","grey","grey",-0.060919246949819,0.132057033136394,0.0828203383855895,0.0745007252432699
"PFN1","blue","blue",-0.124573289964738,0.239569772040141,0.106714518882587,0.0740148224207633
"SPAG7","blue","blue",-0.09050809263152,0.181024736614478,0.0840323929307936,0.0681000701034332
"CAMTA2","grey","grey",-0.0177044016602281,0.10891847782752,0.111488633511983,0.0887210532859072
"USP6","grey","grey",-0.0388126937385467,0.0980537210261902,0.0806368946334026,0.109686142888668
"RABEP1","brown","brown",0.0650638281515604,0.113156549050097,0.212222778334481,0.254195791313951
"NUP88","grey","grey",0.0643402053900048,0.0128462629190264,0.0889792445609919,0.0492031503689616
"RPAIN","grey","grey",0.0159932553352592,0.0919418479708686,0.110632278308469,0.054037307644818
"C1QBP","blue","blue",-0.188916127817731,0.330877161309119,0.126442322237129,0.0752653943743893
"DERL2","grey","grey",-0.0206459506585741,0.0818941283346223,0.0680168907352904,0.0485980919291086
"NLRP1","grey","grey",0.0224749775893382,0.127327288783598,0.157274615543764,0.129033907777749
"WSCD1","grey","grey",0.0373077965025228,0.00579398555019461,0.0627785321769264,0.0545082893975625
"PITPNM3","grey","grey",0.156543489827489,-0.0608790439447394,0.115069764798207,0.0780848796930114
"KIAA0753","turquoise","turquoise",0.247161460663348,-0.157277899025064,0.100339844974615,0.0432558528485259
"TXNDC17","blue","blue",-0.0721452425346592,0.144737239778677,0.0674617413558326,0.0595970458091945
"MED31","blue","blue",-0.0321881754039451,0.122875600201145,0.0950528623671408,0.0580443237292355
"ALOX12-AS1","turquoise","turquoise",0.303963568455222,-0.195590851700002,0.10593552277837,0.0323626826543659
"DLG4","blue","blue",-0.0338293371523451,0.112107325938038,0.111744931954451,0.137042327780343
"ACADVL","blue","blue",-0.0770624978870015,0.241425339953038,0.14477040436936,0.0481597969947098
"PHF23","blue","blue",-0.0819224417874122,0.165731233494087,0.102465106097988,0.103776808136368
"ELP5","grey","grey",-0.0279476088914721,0.0792238339159476,0.0612063689747116,0.0711704871342604
"EIF5A","blue","blue",-0.155447707392153,0.246875767311975,0.0855466340183877,0.0769199867249696
"GPS2","blue","blue",-0.146365767901747,0.25063830969626,0.107828841402933,0.107241056666328
"NLGN2","blue","blue",-0.0230593302328629,0.0919774924978736,0.0886511880617539,0.0575236661326285
"ZBTB4","brown","brown",0.0237581630950687,0.102603973220023,0.170792057846362,0.2137443315049
"POLR2A","blue","blue",-0.0269564745503872,0.142606209210527,0.132681108037798,0.0998473627373951
"EIF4A1","blue","blue",-0.133006370779619,0.236779765526211,0.116312769548604,0.0577462786934544
"MPDU1","blue","blue",-0.0641112112991182,0.128151711418376,0.0590642767988973,0.0393495725136042
"FXR2","blue","blue",-0.152868902810489,0.256306815640817,0.138637567426285,0.145794749479495
"SAT2","grey","grey",0.00950024679252402,0.083400829610228,0.097810209685957,0.0479289791903511
"ATP1B2","grey","grey",0.00600231685017044,-0.0353649709214779,-0.036861381083881,-0.0180745559854151
"EFNB3","grey","grey",-0.0273758681619311,0.0757522362009324,0.0634541027494145,0.059754710657999
"NAA38","blue","blue",-0.0775944701316893,0.156864613304003,0.0767242073633436,0.0700082271494668
"CHD3","grey","grey",-0.00672567160936686,0.0929812256647615,0.125816289089594,0.152963467042512
"TRAPPC1","blue","blue",-0.106910068665671,0.184140008332961,0.0778704786689873,0.0480918323376975
"TMEM107","grey","grey",-0.0363959039323573,0.0967628232454305,0.0588519273092881,0.0444401971027749
"BORCS6","blue","blue",-0.0733060338862349,0.116469054082396,0.0505337935828711,0.0431371391667016
"RANGRF","blue","blue",-0.0357217670009386,0.0858202787150895,0.0506330626006483,0.0439543784408839
"NDEL1","blue","blue",-0.0528991808849056,0.164448247753738,0.125256955138104,0.129013628199962
"MYH10","grey","grey",0.0171709062817118,0.136023855517022,0.190454551505413,0.159081955787062
"NTN1","turquoise","turquoise",0.239995373983151,-0.020635687282466,0.229760263044781,0.136115525088235
"STX8","turquoise","turquoise",0.298444452223506,-0.177403427920874,0.118696427960572,0.0402776973775182
"GAS7","turquoise","turquoise",0.0911347048210352,-0.0531918089627503,0.0425798666185844,0.0480856043254243
"SCO1","blue","blue",-0.0466284578155186,0.135148189614319,0.0986446637294323,0.0748150772757225
"SHISA6","turquoise","turquoise",0.16778086260836,-0.0855846227095827,0.0977757511066002,0.0613345014341968
"DNAH9","grey","grey",0.114128962941717,-0.0330942384194399,0.0820051580529434,0.0346529002736821
"MAP2K4","blue","blue",-0.0192068556458071,0.207393669489335,0.212309032624429,0.181886598879537
"ARHGAP44","turquoise","turquoise",0.342055631445469,-0.14286411894588,0.211657270558375,0.155386180507785
"ELAC2","blue","blue",-0.0602692370080386,0.156448215642861,0.0989693669076861,0.0713908315980827
"COX10","grey","grey",0.132517279134632,-0.0294787532653308,0.116832296327229,0.0702226593946935
"PMP22","grey","grey",0.0283590626143045,-0.0406173014892508,-0.00622316207030859,-0.0132109741254075
"AC015922.4","grey","grey",-0.0690890965136016,0.118918933944869,0.0747932036240873,0.100807558395354
"ZSWIM7","grey","grey",0.0735264088264201,0.0182629120792704,0.089929750678816,0.0537891369867344
"TTC19","grey","grey",0.031813445793886,0.139118924149899,0.177061786435011,0.120638134001069
"NCOR1","turquoise","turquoise",0.263041641038466,-0.0978906358339087,0.174391262160813,0.116332332626591
"PIGL","turquoise","turquoise",0.303288075465441,-0.177455246740443,0.120783790637967,0.0561853902372852
"CENPV","grey","grey",0.0165357762401694,0.0521525343652104,0.0816376486723301,0.0804793472378735
"UBB","blue","blue",-0.533318931531647,0.554321365208836,-0.00656756963103261,0.0314773117683548
"TRPV2","blue","blue",-0.0586952637920379,0.137677650832874,0.0852854988355189,0.0452549237366891
"AC098850.3","turquoise","turquoise",0.377933377848421,-0.239897051105941,0.138380759707927,0.0642293453075327
"MPRIP","grey","grey",0.0773428818089899,0.0786668440049106,0.187616901228158,0.135032945599337
"PLD6","blue","blue",-0.058992813678,0.12895957612603,0.0833684432610206,0.0763794032646201
"COPS3","blue","blue",-0.156618327735691,0.278474038248652,0.125276351029002,0.0742263972765945
"MED9","grey","grey",0.0331473938556734,0.0420120601892376,0.085791929542445,0.0547524282745934
"RASD1","grey","grey",-0.0673807070519144,0.109360866605741,0.0560843503650291,0.0338328693223184
"RAI1","turquoise","turquoise",0.193757436646341,-0.0797973712650827,0.13718898605304,0.0835550831824381
"SREBF1","turquoise","turquoise",0.18699837059893,-0.109750004458584,0.0827959956389094,0.0311214444383658
"TOM1L2","blue","blue",0.022318431969587,0.168464660443323,0.20755620373068,0.14164690628185
"ATPAF2","grey","grey",0.0994579499264192,-0.0161641974725238,0.0941426014505383,0.0489403427506758
"DRG2","blue","blue",-0.0356324553268941,0.120145335917555,0.0853662354840881,0.0270753251170433
"ALKBH5","blue","blue",-0.0490241143107229,0.167175469069353,0.148120814599552,0.147106014198914
"FLII","blue","blue",-0.143322422833681,0.261827146095361,0.12561845739588,0.0667725185453183
"TOP3A","grey","grey",0.151269658047553,-0.075997768595105,0.0837570835899965,0.0540328688603045
"SMCR8","grey","grey",-0.0165919304781019,0.0522704575834286,0.0591729252639073,0.049540745965305
"PRPSAP2","grey","grey",0.0644284080799178,0.0396372875178491,0.127794980040452,0.0704237541538658
"EPN2","turquoise","turquoise",0.224565370514441,-0.109303793312942,0.113125616265516,0.0586661265455955
"RNF112","blue","blue",-0.0473056923767058,0.117189128996776,0.0827315505967439,0.0429949289841984
"ALDH3A2","blue","blue",-0.0863862612708505,0.203101407297505,0.134314458298588,0.0935384580412141
"ULK2","turquoise","turquoise",0.267018121711491,-0.149485634973322,0.124085592526711,0.0696857176860984
"AKAP10","turquoise","turquoise",0.145157119768148,-0.0321684619138477,0.119695057665906,0.087888940382417
"SPECC1","turquoise","turquoise",0.378450241626908,-0.228771684737813,0.147037696049709,0.0706591703553017
"CCDC144NL-AS1","blue","blue",-0.0928454799613736,0.19740382878082,0.11007133334501,0.107183325099322
"USP22","blue","blue",-0.163726844398445,0.293661662183327,0.156425043167598,0.156253391868971
"DHRS7B","grey","grey",0.100148269069181,0.0329484923887539,0.136599315131502,0.0434022282311516
"TMEM11","blue","blue",-0.0537310007336472,0.107832468810401,0.0579294710049074,0.0619435612733041
"MAP2K3","grey","grey",0.0642301036950049,0.019874342798297,0.103614012733923,0.0747482094820237
"KCNJ12","grey","grey",-0.0462785634836509,0.0901177198644095,0.072341217593405,0.0879802683168126
"C17orf51","grey","grey",0.0510193949637725,0.0275291281690563,0.101730555982547,0.087106658970507
"MTRNR2L1","grey","grey",0.0112542447630686,0.0430265776713981,0.0723328395644503,0.0628587522754952
"WSB1","turquoise","turquoise",0.521709942066847,-0.376965917164378,0.126546639763242,0.00628708391374339
"KSR1","turquoise","turquoise",0.322528149734247,-0.200993683559378,0.110321474899896,0.0410126251449433
"NLK","turquoise","turquoise",0.253963476749053,-0.0813764681646134,0.190859535738136,0.160717011617623
"IFT20","grey","grey",0.0866962239753245,-0.00950433962002429,0.0789865249776239,0.0437165975375194
"POLDIP2","blue","blue",-0.065530362295798,0.155717309602786,0.104307012372106,0.0904504175436128
"TMEM199","grey","grey",-0.034251572863627,0.0849277110469339,0.0544870780594488,0.0329945700824172
"SARM1","turquoise","turquoise",0.227047364235112,-0.106420445520125,0.13119426869839,0.0629640286621669
"KIAA0100","grey","grey",0.0303998575923256,0.0482215789531825,0.111798524957066,0.13959652383103
"SDF2","blue","blue",-0.0482545391320428,0.103832123542002,0.0659657584406508,0.032091351032782
"SUPT6H","blue","blue",-0.00745948976248782,0.10918600786354,0.115386278847879,0.0435269072635292
"RPL23A","grey","grey",-0.050685689941223,0.0678115538513373,0.0209491551247834,0.0189581373753574
"FAM222B","turquoise","turquoise",0.392402826654826,-0.207897732685091,0.191798445069411,0.113570789912418
"ERAL1","grey","grey",-0.027736556718863,0.0894001615405099,0.0651535963438014,0.0372905371646593
"FLOT2","grey","grey",0.00303306490288284,0.105730876144143,0.130857810108834,0.110332781057277
"DHRS13","grey","grey",-0.053023648697383,0.0953970563875064,0.0593323725573013,0.0335169634209812
"PHF12","turquoise","turquoise",0.166603199057172,-0.0806582915856559,0.0965366734273119,0.0492617476145709
"SEZ6","blue","blue",-0.0696087884351742,0.136311954888427,0.0786600215988248,0.0414189276563799
"MYO18A","grey","grey",0.0928475622158448,0.0108416923256105,0.117546711997597,0.0643987261677576
"NUFIP2","brown","brown",0.0143745287884945,0.108758477771627,0.169169770195784,0.203406588126595
"TAOK1","brown","brown",0.144085551094939,0.0299623865812292,0.226489192109182,0.336452456241909
"ABHD15-AS1","grey","grey",0.0699823646988689,-0.0021502252719011,0.0836465512317105,0.057449437935803
"GIT1","grey","grey",0.00765153052625664,0.101999703988074,0.150515090026527,0.141496989518321
"CORO6","turquoise","turquoise",0.241203450776029,-0.150246535911112,0.0911810708119102,0.018463090205682
"SSH2","turquoise","turquoise",0.559177428100696,-0.362490559759804,0.188549362381482,0.0804479966976032
"AC023389.1","turquoise","turquoise",0.305043890279184,-0.205688515490148,0.0936357881484148,0.00852943268993844
"EFCAB5","turquoise","turquoise",0.249853285439072,-0.0945555688234964,0.159040578527518,0.098399421642005
"NSRP1","grey","grey",0.100614577350603,0.000752909703435195,0.107710058902455,0.0735150381342193
"BLMH","grey","grey",0.0170987757783605,0.0475190152081602,0.0761083958500244,0.0355214551865769
"CPD","grey","grey",0.0344929729390256,0.0427591432277603,0.0987173854257102,0.0569328610080396
"GOSR1","grey","grey",0.0833355083854541,0.0341880418442929,0.153261481660344,0.12335455704372
"CRLF3","turquoise","turquoise",0.225541141427504,-0.128803046455445,0.100160355275657,0.041707626342212
"TEFM","grey","grey",0.125341448070089,-0.042369213805816,0.090322127986181,0.0456850304659928
"NF1","turquoise","turquoise",0.287817003187843,-0.108419857623051,0.206261600028426,0.207999231940135
"OMG","blue","blue",-0.102691755214578,0.161724930587577,0.0774909527136389,0.0423406221315877
"RAB11FIP4","grey","grey",0.146320032695316,0.0199844963775432,0.19766417728052,0.174359255794694
"COPRS","blue","blue",-0.130097847527917,0.237801976955245,0.101930090827044,0.0945159184727781
"UTP6","grey","grey",0.11614069691255,-0.0390758877498258,0.0835242340653267,0.0343895144408379
"SUZ12","turquoise","turquoise",0.191752418355222,-0.0710090538682571,0.142664195927378,0.103445524063037
"LRRC37B","turquoise","turquoise",0.299328830097057,-0.170759234397506,0.136696567713046,0.0775847616140356
"RHOT1","grey","grey",0.0667549887174382,0.0678480858533863,0.155707569163785,0.0908361601579998
"C17orf75","grey","grey",-0.0235993756862099,0.0850127254158465,0.0775792576063491,0.063050942468322
"ZNF207","grey","grey",0.092268522373472,0.0431961914839656,0.152306151683335,0.0682925984638262
"PSMD11","blue","blue",-0.0297079219454086,0.1636939165844,0.162054819381125,0.10134997629309
"CDK5R1","blue","blue",-0.111153036870558,0.205237467655282,0.124231418896919,0.134547432706381
"MYO1D","turquoise","turquoise",0.293101060386008,-0.186205482965978,0.0843064478744797,0.0154133551767339
"ASIC2","turquoise","turquoise",0.236831603877795,-0.0953471418089392,0.157913994328614,0.101171094775303
"LIG3","grey","grey",-0.0224537026598481,0.0851539709135147,0.0756697667451612,0.04114174545451
"AP2B1","blue","blue",-0.0870533047449276,0.280903145514305,0.173620600441846,0.0626073485508066
"TAF15","turquoise","turquoise",0.264083428105415,-0.0938777973533751,0.169824727458241,0.0456849928094291
"ZNHIT3","grey","grey",-0.0470560661849709,0.124468427045422,0.0795806184650701,0.05067974349795
"GGNBP2","brown","brown",0.0345368476904076,0.0788335473120555,0.146047947858348,0.185309280694494
"DHRS11","grey","grey",-0.0283305357538413,0.102153731054679,0.0871034158659724,0.0695988574640008
"AATF","grey","grey",0.0694806460256423,0.00537264866873083,0.0804044797408278,0.0376798619982068
"ACACA","turquoise","turquoise",0.357181149161997,-0.145290214937636,0.214452638354011,0.118924028716716
"TADA2A","grey","grey",0.0949557325568265,0.00230673438121365,0.110183493347116,0.0558106559288692
"DUSP14","grey","grey",-0.009371828335907,0.0610584441568815,0.059676484927641,0.0279847964751865
"SYNRG","blue","blue",-0.0484289220387782,0.208484575441913,0.178102656230051,0.115945448529952
"DDX52","blue","blue",-0.0346844439315427,0.149736517936087,0.130065081602073,0.0859547369108462
"MRPL45","grey","grey",0.0417288307612421,0.0419400512462166,0.0989132539038862,0.0626536793913118
"SOCS7","turquoise","turquoise",0.154899469165488,-0.0643833659773613,0.11505190739857,0.0999312620062933
"ARHGAP23","turquoise","turquoise",0.106777182366577,-0.0425571708027154,0.0775563242533072,0.0729403408390699
"SRCIN1","grey","grey",0.106487068741797,0.0237139801409039,0.168979789001636,0.132222098199934
"CISD3","blue","blue",-0.0681167329606722,0.133759916772719,0.0606757380972114,0.0762021555552342
"PSMB3","blue","blue",-0.112729478867408,0.218588228523003,0.0995054842559955,0.0591094788597286
"PIP4K2B","blue","blue",-0.0646902491161958,0.150992573038693,0.125841505695593,0.150995295714654
"CWC25","grey","grey",0.0508615778535845,0.00781415542773767,0.0778660865047287,0.0589912093676556
"RPL23","blue","blue",-0.0727045624561031,0.134175127661313,0.0546710890744465,0.0357368599948834
"LASP1","blue","blue",-0.0923879706614704,0.213769634060675,0.156212768315157,0.139748757068308
"LINC00672","blue","blue",-0.0498089751695701,0.151013619583045,0.105433320144867,0.109071602610044
"CACNB1","blue","blue",-0.0715732377940162,0.139061952431483,0.0851415496944134,0.0577115237676519
"RPL19","blue","blue",-0.119695255722159,0.179114487825182,0.0474826821703901,0.0371453221766829
"FBXL20","turquoise","turquoise",0.314046198065024,-0.162026352134465,0.170199324913519,0.135460200743802
"MED1","grey","grey",0.0458564870840471,0.0100877187183234,0.0797557194863462,0.0812338443313234
"CDK12","turquoise","turquoise",0.191571217649511,-0.0577543859953368,0.146828617561876,0.0873108860290634
"STARD3","grey","grey",0.0534539110130097,-0.0215394007297524,0.0451804040219597,0.0212522767241874
"MIEN1","blue","blue",-0.0770732147575161,0.146210136717772,0.0618245974492067,0.033673380414111
"ORMDL3","grey","grey",-0.052585851565176,0.106607842765641,0.0688028447669137,0.0648680426958359
"PSMD3","blue","blue",-0.17506213324602,0.307383741277028,0.133535830632066,0.0478009819185602
"MED24","blue","blue",-0.0743005614903996,0.187832676810314,0.117424597402666,0.069245081024603
"THRA","blue","blue",-0.0471335849726725,0.12895702005707,0.103975107971368,0.115921071110905
"MSL1","grey","grey",-0.00261719793595201,0.0924524861512777,0.114919967736485,0.109627370294468
"CASC3","blue","blue",-0.00243889490736276,0.106097085725676,0.113922481899884,0.0765645843949899
"RAPGEFL1","turquoise","turquoise",0.224985282658121,-0.136936865035852,0.106029252355436,0.0633909170461278
"WIPF2","grey","grey",0.121738047317772,0.00619275834584661,0.16052443881528,0.13903560379404
"IGFBP4","grey","grey",-0.0836948648963376,0.109992130865569,0.041778737868436,0.038227772660362
"KRT10","blue","blue",-0.0588134845242208,0.119377879759706,0.0623775391687858,0.0669277955396988
"EIF1","blue","blue",-0.267328443619493,0.33132342399493,0.082241583100896,0.132175640645321
"NT5C3B","blue","blue",-0.0717341862996679,0.167788613011478,0.102934432502981,0.0878618437715624
"ACLY","blue","blue",-0.242518585362142,0.403425352796591,0.134558790234889,0.0367315762887555
"CNP","grey","grey",-0.077043426737617,0.0928932208343271,0.0155936975931187,-0.00103317137659169
"DNAJC7","blue","blue",-0.0826058618158471,0.197186967221878,0.125463000139829,0.067166353456338
"KAT2A","grey","grey",0.022940844100447,0.065958878193962,0.0955865210291439,0.0407491015302856
"STAT5B","grey","grey",0.108774437428005,0.0180720617546851,0.147004604123856,0.0931224321065353
"STAT3","grey","grey",0.0412138342440671,0.0802382050391071,0.142839236523125,0.0540334610391529
"ATP6V0A1","blue","blue",-0.0671262682224524,0.221205489330769,0.193907904340589,0.155849396982208
"NAGLU","grey","grey",0.0198250484330532,0.0548456437719567,0.0803508488885884,0.0496678147513212
"COASY","blue","blue",-0.0673915392876196,0.139635240920664,0.0727010859360671,0.0494319022863077
"MLX","grey","grey",-0.00799972406920836,0.070587244070331,0.074384183359036,0.0500660746782918
"RETREG3","blue","blue",-0.00844072725454243,0.122785036094746,0.13557808480226,0.0956343780406638
"TUBG1","blue","blue",-0.0963556670675978,0.174192139121414,0.0759488121754218,0.0518859241571861
"TUBG2","blue","blue",-0.0120885742721772,0.11004013303186,0.106990025071288,0.0793140798018062
"CNTNAP1","blue","blue",-0.0579548608518796,0.160611198368634,0.132209999097816,0.105358162013149
"EZH1","grey","grey",0.0840530425168805,0.0616126514071605,0.170664249851477,0.120015947776966
"VPS25","blue","blue",-0.0693473776548207,0.139387198328183,0.0724385614317199,0.0461727477441101
"COA3","blue","blue",-0.12097699105734,0.217940372303279,0.0897869911436583,0.0811109463971396
"BECN1","grey","grey",-0.0251806432536376,0.0952016499471341,0.087078161518819,0.0950554624487025
"PSME3","blue","blue",-0.0983485934302061,0.173973408631407,0.0878669766618976,0.0841126253140904
"RUNDC1","grey","grey",-0.0367498790780274,0.110583810507212,0.0965777475885152,0.0752038955985756
"RPL27","blue","blue",-0.105189097068065,0.177101605360461,0.0612332599854636,0.0365392637770629
"VAT1","blue","blue",-0.327816082167929,0.459459917672425,0.132325464988485,0.0927248311482023
"RND2","grey","grey",-0.0321826432066315,0.051121490497919,0.0281727479336864,0.0391084460299582
"NBR1","blue","blue",-0.0511129459807945,0.158336285506199,0.125199693263888,0.0896919407821237
"DHX8","grey","grey",0.0122799407979823,0.0556916912544461,0.082056291341552,0.0408686988135884
"DUSP3","blue","blue",-0.132449480141039,0.240437536085843,0.138266437703767,0.173741179514896
"MPP2","blue","blue",-0.0612486135549898,0.148893249721047,0.0936852439393004,0.0368614847674277
"TMEM101","blue","blue",-0.052171674281362,0.10078206202773,0.0578801003910241,0.0169444434794223
"LSM12","blue","blue",-0.0436154545678781,0.13775504059288,0.110545575637841,0.122181842815922
"G6PC3","blue","blue",-0.14285860719397,0.228719072906916,0.0760681178250061,0.033851388146667
"HDAC5","grey","grey",0.0796722812807616,0.0294366583828133,0.141258071877835,0.124044118721737
"TMUB2","grey","grey",-0.00466618960492916,0.0796003149025367,0.0892687068700817,0.0642580937848441
"ATXN7L3","blue","blue",-0.0727493818617083,0.152484697145781,0.116141444016358,0.148197595931701
"UBTF","blue","blue",-0.0455742860645701,0.124649639580334,0.108769780838036,0.061334413671161
"RUNDC3A","blue","blue",-0.156719889756399,0.2662762615733,0.147940951675619,0.189768731219516
"SLC25A39","grey","grey",-0.029074798138248,0.0976376941299264,0.0762239361813884,0.0641342961342723
"GRN","blue","blue",-0.101426083838699,0.142025004062032,0.0455764994636542,0.0010148333960195
"FAM171A2","blue","blue",-0.08294440687147,0.13765212816133,0.0710011706531476,0.0471386686424964
"GPATCH8","turquoise","turquoise",0.526164246265563,-0.331058287693643,0.194208776549821,0.0679165731604652
"CCDC43","grey","grey",-0.0290680365943271,0.0856619291422492,0.0725085608261549,0.070052759417487
"ADAM11","grey","grey",0.00423106547694057,0.0322524740186171,0.0456730679043608,0.0224690995690362
"EFTUD2","blue","blue",-0.0631335032110719,0.156349163862576,0.0938505540106707,0.0433848231089288
"GFAP","grey","grey",-0.0154348595431952,-0.0529329681963148,-0.0833271313024704,-0.0626768330509725
"DCAKD","grey","grey",0.15219921892799,-0.0359321948634506,0.126959817321806,0.0776880372578405
"NMT1","blue","blue",-0.0947697150070023,0.250112470536774,0.16864473183248,0.117740654283734
"HEXIM1","grey","grey",-0.0707977524911373,0.128485273123138,0.0859979734793565,0.100650011724543
"PLEKHM1","turquoise","turquoise",0.188601219592321,-0.0816828100083995,0.115955059644543,0.0578603426126082
"LINC02210-CRHR1","turquoise","turquoise",0.222477239107271,-0.0967790076549141,0.139612336557725,0.0858930498411539
"MAPT","blue","blue",0.0288905452528465,0.191962575982727,0.238055393778609,0.167485367032921
"KANSL1","turquoise","turquoise",0.480136595357953,-0.294114677871087,0.174189006282919,0.0822707689414064
"ARL17B","turquoise","turquoise",0.436529816906104,-0.276842813090908,0.141195211083677,0.0466435912914689
"LRRC37A2","turquoise","turquoise",0.293869200824752,-0.175718331594465,0.1183257631902,0.0585494373725566
"NSF","blue","blue",-0.414287319121824,0.559614025719236,0.0892226121278591,0.0160545497459495
"WNT3","grey","grey",0.00187828935184036,0.0820513148783624,0.0971455303039912,0.0567053619089013
"CDC27","grey","grey",0.0821486953464475,0.0780582177699798,0.183896800712987,0.119485086149028
"NPEPPS","blue","blue",-0.038708518074069,0.249814592470384,0.214434941500077,0.11546709214504
"AC025682.1","grey","grey",0.130471125617255,-0.0236466328489803,0.109665735028102,0.0539284571106105
"KPNB1","blue","blue",-0.214699347814334,0.360427022164486,0.162505539181162,0.121327242125117
"TBKBP1","grey","grey",0.0465545141244403,0.0175716404821132,0.0830838614921494,0.0720412587188341
"MRPL10","blue","blue",-0.0701638276353613,0.129424971884885,0.0625550784805144,0.0475696731960067
"SCRN2","grey","grey",0.00319282519199935,0.0571083961420373,0.075150269401891,0.0385482130387773
"PNPO","blue","blue",-0.1436713140545,0.254810093494983,0.122449173484727,0.130036717164201
"CDK5RAP3","grey","grey",0.0257031781652725,0.0627963554058605,0.084877110109506,0.0297760860067475
"NFE2L1","blue","blue",-0.291871419635814,0.386203543985982,0.124178911766643,0.132006291322816
"CBX1","blue","blue",-0.069031519599297,0.165681666789071,0.109654689562092,0.0861844052760302
"SNX11","blue","blue",-0.0393092507611635,0.0952994985572455,0.0601443382610869,0.0540393301082946
"CALCOCO2","grey","grey",0.0998599307480802,-0.0381605208508159,0.0646628269715648,0.0220063987202764
"ATP5MC1","blue","blue",-0.124070126435341,0.225881945419401,0.0891620515106579,0.072731379784178
"UBE2Z","blue","blue",-0.0638468480107906,0.178231598669367,0.130993277249965,0.109537073472463
"SNF8","grey","grey",0.0176940853072623,0.0554702590171012,0.0713119736621042,0.0359660452328297
"ZNF652","turquoise","turquoise",0.286755768860637,-0.156033751694994,0.141448168442951,0.0980083258633822
"PHB","blue","blue",-0.168868021457257,0.286349360912465,0.121521582406916,0.09974500821252
"SPOP","grey","grey",0.0669919479753314,0.0480558364332801,0.146210393373087,0.0807642248667574
"SLC35B1","blue","blue",-0.0546881459533642,0.127001591290478,0.0836750829535662,0.0453597582088844
"KAT7","blue","blue",-0.0455815909602235,0.129584094689863,0.102038913590279,0.072146873411597
"ITGA3","grey","grey",0.0868562948154137,0.00712968605834499,0.112079763936923,0.0444953821708529
"PDK2","blue","blue",-0.0982414693988037,0.190486383879084,0.0984556344717473,0.0886678176180281
"SAMD14","grey","grey",-0.0240285985791538,0.0792048863262727,0.0644162666504116,0.0522818515662155
"PPP1R9B","grey","grey",-0.0601354472310149,0.121463499632475,0.0867701950682574,0.122218416575049
"MRPL27","blue","blue",-0.0747418077365026,0.14917526391275,0.0669116394942473,0.0535004546894985
"LRRC59","grey","grey",-0.0588833528692818,0.113286438663576,0.0699808249086146,0.0623378496648173
"RSAD1","grey","grey",0.0194351777695905,0.0270346953417043,0.0620129600027208,0.0451774921288703
"SPATA20","grey","grey",-0.028401245958226,0.107267079688026,0.0966002629444456,0.0803875039745609
"CACNA1G","grey","grey",0.109983097565168,0.00991052161952344,0.144533845743414,0.0820599712328772
"ANKRD40","blue","blue",-0.0341344818809389,0.108358349618167,0.0927625749900112,0.105461198376903
"LUC7L3","turquoise","turquoise",0.296328756376761,-0.142107420307976,0.156508082115451,0.0433776308372162
"TOB1","grey","grey",-0.00896577211694071,0.0454208850824738,0.0599052815116425,0.0502752013336443
"SPAG9","turquoise","turquoise",0.120399650764306,0.0320226847624355,0.177360119816223,0.151386823230555
"MBTD1","turquoise","turquoise",0.343867484938002,-0.213322920972606,0.128692097410583,0.0424685243885965
"UTP18","grey","grey",0.000671375287561986,0.0819319436483715,0.0864692866692302,0.0386661922660013
"TOM1L1","turquoise","turquoise",0.159641378205063,-0.0504806956909959,0.107614247144598,0.0627099415351925
"COX11","blue","blue",-0.0515827195463352,0.160677119671111,0.120921540749653,0.125103221326264
"STXBP4","turquoise","turquoise",0.238403221268822,-0.14047524878211,0.098538705900564,0.046533201143414
"MMD","blue","blue",-0.0499812324390955,0.135469706616337,0.116251725705702,0.144614601118561
"PCTP","grey","grey",0.160510646025551,-0.0789625705921641,0.0766980873704159,0.0351319712552781
"DGKE","turquoise","turquoise",0.128268087658892,-0.0106461561922507,0.138213041711217,0.0917217392556976
"COIL","grey","grey",-0.0157544570613676,0.077309107482944,0.077243240010564,0.024603272888718
"SCPEP1","grey","grey",0.136136003110672,0.00414103835954656,0.150429317926928,0.048911377501247
"AKAP1","grey","grey",0.00426109868354448,0.0719368981049477,0.0933683176916357,0.0730749063609315
"MSI2","turquoise","turquoise",0.320851683618961,-0.133070961192511,0.218512118374829,0.206729986656283
"MRPS23","blue","blue",-0.121033039963974,0.246775613201964,0.126335736033822,0.106005927127071
"CUEDC1","turquoise","turquoise",0.233728798780915,-0.105598868430092,0.131725473376005,0.0780520150625678
"VEZF1","grey","grey",0.058173160371351,-0.0121356116484468,0.055434922261846,0.0377209251580437
"AC015813.2","turquoise","turquoise",0.152035206814414,-0.0742054071596884,0.0766620655171956,0.0443292977958392
"DYNLL2","blue","blue",-0.247218807980078,0.334109444862825,0.113108846387548,0.19587860223325
"LPO","blue","blue",-0.0518643016284868,0.141603702452997,0.100297622773578,0.0713414772934138
"TSPOAP1","turquoise","turquoise",0.257923596111252,-0.12543992049571,0.163436595161725,0.121252585251834
"SUPT4H1","blue","blue",-0.0864493642576572,0.169768503660364,0.0808541346828786,0.0775101413538597
"MTMR4","blue","blue",0.00750210296584145,0.11397484502151,0.149209919215776,0.119499162679795
"SEPT4","grey","grey",-0.00555116512146239,0.050281445309923,0.0450738598083563,0.0293914749373851
"RAD51C","grey","grey",0.0241137750778241,0.0462312847744016,0.0751842104940057,0.0525354222616103
"PPM1E","turquoise","turquoise",0.258548182878075,-0.0158093312677234,0.246970578833546,0.149678411427191
"TRIM37","grey","grey",0.00199626319290173,0.14183695765413,0.183073993629168,0.209553984892626
"SKA2","grey","grey",0.0199982145339567,0.0434259659681068,0.0741794406561844,0.0632094077550268
"GDPD1","grey","grey",0.11193951186906,0.0140732365854555,0.140495654671443,0.0726681857888651
"YPEL2","turquoise","turquoise",0.128571225694652,-0.00294715001466022,0.145861781763991,0.149925320061387
"DHX40","grey","grey",0.000671971534179237,0.0828598042294547,0.090158396420605,0.0783018430211944
"CLTC","blue","blue",-0.434484299315959,0.527583830059989,0.0758466354529426,-0.0223213677855373
"PTRH2","grey","grey",0.0123184987122306,0.0731929054732686,0.0828890554433983,0.0214937165352579
"VMP1","grey","grey",0.131194284481851,0.0207923536851484,0.166520881202849,0.0846048830527405
"RPS6KB1","turquoise","turquoise",0.259357152656099,-0.141547270636616,0.110557982342611,0.0551232653214594
"HEATR6","grey","grey",-0.00138270494470464,0.0431432725624271,0.0571467571440095,0.0252961738967788
"USP32","turquoise","turquoise",0.276402172842598,-0.126017350680399,0.166013057662569,0.132425203482908
"APPBP2","grey","grey",0.0444986326007454,0.0877582589219217,0.156430587795414,0.13593800964143
"BCAS3","turquoise","turquoise",0.395996700450504,-0.184671438060201,0.199203066142787,0.0833730774830267
"INTS2","grey","grey",0.0597504471475032,-0.00358633207183804,0.0713837183283867,0.0361711410128473
"MED13","turquoise","turquoise",0.296477552377558,-0.15511659665502,0.15411434031133,0.104121315354612
"TLK2","turquoise","turquoise",0.175210548935929,-0.0627181754502582,0.119508955798289,0.0817600093521756
"TANC2","turquoise","turquoise",0.404122901989831,-0.216680512271729,0.186423022432454,0.114832290305162
"CYB561","blue","blue",-0.152768035045719,0.246892101811116,0.107700982966257,0.092831120812945
"DCAF7","grey","grey",0.054390277599037,0.0533583851685524,0.136636776369727,0.105661898101675
"TACO1","blue","blue",-0.0663262028194859,0.136582484185463,0.0657921221917263,0.0580598919185019
"MAP3K3","turquoise","turquoise",0.326582907312629,-0.191621321613727,0.14101074654924,0.0787062118473237
"CCDC47","grey","grey",0.0229019054883182,0.00697481282862378,0.0380115581979562,0.018904054336185
"DDX42","blue","blue",-0.0613636847392936,0.142027295687752,0.111552361274649,0.128635730241389
"PSMC5","blue","blue",-0.158441047316724,0.273027683985631,0.113797814484555,0.0905837578665548
"TEX2","grey","grey",0.0185624205639178,0.0822992817947978,0.125443027644279,0.100681166588733
"DDX5","grey","grey",0.0428570892946757,0.0775136840478677,0.147230285685541,0.0569493874009147
"CEP95","turquoise","turquoise",0.286985848483305,-0.195279943213674,0.0883659040325234,0.0198123565705105
"SMURF2","turquoise","turquoise",0.271118437700009,-0.149562960374761,0.125302337122588,0.0621765016766012
"LRRC37A3","turquoise","turquoise",0.518486013746772,-0.332048669473776,0.179440594801718,0.0662180442655968
"GNA13","turquoise","turquoise",0.121823246716847,-0.0518114008202952,0.0757255218309553,0.0501842188179892
"RGS9","grey","grey",0.018096962580029,0.0552158420736292,0.0811475282125641,0.0626449981725497
"CEP112","turquoise","turquoise",0.346153593485767,-0.222724945111468,0.108996511443662,0.0415784297916529
"PRKCA","turquoise","turquoise",0.336089949201853,-0.139360850938949,0.192011194110178,0.102868994436267
"HELZ","turquoise","turquoise",0.182089131318785,-0.0588468034584819,0.153947801759835,0.159144721923406
"PSMD12","blue","blue",-0.213459224610371,0.325771262384453,0.144040420660419,0.158810482089417
"PITPNC1","turquoise","turquoise",0.216664860104845,-0.151412035366453,0.0444616662916914,0.0157599313682228
"NOL11","grey","grey",-0.0207970972263276,0.074089430953063,0.0700175664022708,0.0378026360036599
"BPTF","turquoise","turquoise",0.238329113749507,-0.0723998282510821,0.190110203162643,0.155690617741981
"C17orf58","grey","grey",-0.03111967015849,0.10379117636512,0.0947911516620204,0.0662319226681808
"KPNA2","blue","blue",-0.147682008802956,0.231660329887536,0.110120093855812,0.0545890280270736
"AMZ2","blue","blue",-0.0607319856112771,0.126621775779215,0.0733456706301245,0.0729324576061588
"ARSG","turquoise","turquoise",0.221692804829829,-0.113530083798846,0.108120626438382,0.0463465377844481
"SLC16A6","grey","grey",0.0106187443917216,0.0275772334673423,0.0582403237005642,0.0484029351346373
"PRKAR1A","blue","blue",-0.350386180640024,0.484985340709739,0.123307875126165,0.116175988785967
"ABCA9","turquoise","turquoise",0.496830685260532,-0.332939821689497,0.143929195740453,0.0469756015620858
"ABCA6","turquoise","turquoise",0.452095239764532,-0.295118163845424,0.146025091697014,0.0516146907258482
"ABCA10","turquoise","turquoise",0.507907012318242,-0.333363911501961,0.157447973109279,0.0569883095520583
"ABCA5","turquoise","turquoise",0.217262085880085,-0.0239575508360975,0.198742607330143,0.0806184137915045
"MAP2K6","turquoise","turquoise",0.155709195633153,-0.0354258928549753,0.143661574980617,0.124903547555716
"SLC39A11","turquoise","turquoise",0.263577337378434,-0.156516613156011,0.0998000499475993,0.0256925456614881
"SSTR2","grey","grey",-0.0328062426003236,0.0790474239893856,0.055466258936733,0.0405934449874377
"COG1","grey","grey",0.0101624114522923,0.0742240603222931,0.0916449721507583,0.0377986608266799
"FAM104A","grey","grey",0.0187875750860706,0.0515504126023001,0.0794970211850488,0.0494252545944766
"C17orf80","grey","grey",-0.00855454884812345,0.0676612582807274,0.0713543725189786,0.0407232712980513
"SDK2","turquoise","turquoise",0.193966140666296,-0.0926205135646845,0.106433326026536,0.0502456809270914
"RPL38","blue","blue",-0.0742249770948928,0.120938202125668,0.0324083669182336,0.0302125108758879
"TTYH2","turquoise","turquoise",0.0793928511627091,-0.0636667550249814,0.0137499752441151,-0.0121209010379546
"RAB37","turquoise","turquoise",0.217719015206631,-0.0869769963066633,0.145255769952646,0.0882059716907821
"NAT9","grey","grey",0.0321267977159777,0.034747340747547,0.0735899754595156,0.0438321223734052
"FADS6","grey","grey",-0.0226643069715347,0.122516144234778,0.110847694458176,0.0655911086639186
"HID1","blue","blue",-0.0762756005561055,0.169466840051393,0.09872171264565,0.0438737044430021
"KCTD2","blue","blue",-0.129002606799885,0.233841926472932,0.128475726502938,0.150828301448536
"ATP5PD","blue","blue",-0.084610939090253,0.164699314413008,0.0733991417694408,0.0342241576857444
"NT5C","grey","grey",-0.0109568003665907,0.0912933509113437,0.0771873940721041,0.0574471622533788
"JPT1","blue","blue",-0.157265931331915,0.302727860352202,0.140285143921609,0.107274558688952
"SUMO2","blue","blue",-0.0226545297572353,0.0788717729497395,0.0621182220267551,0.051376964501446
"GGA3","grey","grey",0.00243422587282325,0.0769824025503313,0.0947587551487157,0.0540130759329776
"MRPS7","blue","blue",-0.113185454535348,0.210765017866505,0.105527302138336,0.0887774787735355
"GRB2","blue","blue",-0.0702540674044962,0.195397115084347,0.136598897118302,0.11376060195752
"RECQL5","grey","grey",0.0540716057677474,0.00887494578860082,0.0690636850150337,0.0301991711017628
"SAP30BP","blue","blue",-0.00170624942531996,0.115707238193957,0.116425419887447,0.0711333188081524
"H3F3B","blue","blue",-0.084778006771693,0.141224806763618,0.0730293680706059,0.0566447796266679
"UNK","turquoise","turquoise",0.183436639156361,-0.103882358209453,0.086520953646667,0.0336796518022324
"WBP2","blue","blue",-0.357334678767454,0.47252054001266,0.106231665489835,0.0781563368327514
"ACOX1","grey","grey",-0.0398194767064419,0.119457217925787,0.0943170614052945,0.08210088844027
"TEN1","grey","grey",-0.0167395261930113,0.0746959125565879,0.0687451876811723,0.0747224607049384
"SRP68","blue","blue",-0.0980074090000028,0.201210646363719,0.119001284099502,0.102906834243944
"EXOC7","grey","grey",0.00279722888642934,0.107573385322062,0.133503705589253,0.101539817321589
"RNF157","brown","brown",0.102156742486975,0.0654498606906534,0.2190662718722,0.295692403947331
"UBALD2","grey","grey",-0.0300284330182572,0.0758441309661221,0.0496050937561342,0.0424505450170186
"PRPSAP1","blue","blue",-0.000586535330937032,0.112948370183646,0.110356884476306,0.0537026930663769
"UBE2O","grey","grey",0.0290607040852776,0.126646220278486,0.192119105498963,0.118432069048523
"CYGB","blue","blue",-0.0677135784349866,0.114040573958449,0.0510375304831701,0.0484368255185127
"MXRA7","blue","blue",-0.121035500164653,0.229332555733822,0.118073758836085,0.114854979156917
"JMJD6","grey","grey",0.0273510902278398,0.0285443649323624,0.0663844367049998,0.046538419963848
"SRSF2","blue","blue",-0.0636993605239117,0.169026464247757,0.114541661894802,0.0806460072132549
"MFSD11","grey","grey",0.152570262749502,-0.0192530502759195,0.156469963753082,0.074582820888223
"MGAT5B","grey","grey",0.124824015004788,-0.0565712944832835,0.0871024972724947,0.0553195323299324
"SEC14L1","turquoise","turquoise",0.134094531282911,-0.0754739993681726,0.0680564181465168,0.0265038198351112
"SEPT9","blue","blue",-0.0204302372933357,0.132270956320803,0.131432142325909,0.0830417465609605
"TNRC6C","turquoise","turquoise",0.394342975466972,-0.238202648911408,0.166783074982172,0.0726988008101947
"PGS1","grey","grey",0.0144031330930404,0.0738240749247444,0.0913600471512307,0.0559646881971349
"CYTH1","turquoise","turquoise",0.145642581785805,-0.0620863022782083,0.102890621661514,0.0779474725996319
"USP36","turquoise","turquoise",0.179618902821792,-0.101161761206057,0.0917507563693439,0.0539025935226955
"TIMP2","blue","blue",-0.162059403863165,0.271341313064211,0.126003319347438,0.114947362293065
"LGALS3BP","blue","blue",-0.214915922350316,0.324195755424545,0.0936276772554994,0.00185384069411028
"CANT1","blue","blue",-0.0554854770502613,0.114512839672069,0.0785435249688155,0.0621642822375431
"ENGASE","grey","grey",0.0072107322137143,0.051595181516408,0.0746655495818327,0.0542881732952321
"RBFOX3","turquoise","turquoise",0.245012453451574,-0.105092976668094,0.146174520941986,0.0760750568392732
"CBX4","blue","blue",-0.0593900288413221,0.130350931230094,0.0945949277251042,0.0624997817228954
"TBC1D16","grey","grey",0.150452345238553,-0.0646388671846928,0.105734059906353,0.0758433821645626
"GAA","grey","grey",0.00425555672669088,0.0555928356833998,0.0699874780927476,0.0237290743720746
"EIF4A3","grey","grey",-0.0371063981095465,0.0806224818533724,0.054410336174866,0.0235258607783633
"SLC26A11","grey","grey",-0.0193169606799346,0.0848265884627469,0.0805343397137284,0.0156667029524031
"RNF213","turquoise","turquoise",0.116636975829718,-0.0373950325836591,0.0888355417027831,0.0518490137827701
"AC124319.2","turquoise","turquoise",0.346685110601626,-0.224767831767648,0.12481524364049,0.0540238701977584
"RPTOR","turquoise","turquoise",0.309870482753124,-0.156998111630084,0.164037466991462,0.0914401030920882
"BAIAP2","grey","grey",0.0386894961615821,0.00514607309701268,0.0566285832639784,0.030812882168866
"AATK","grey","grey",0.0170836918361723,0.108964973208288,0.154534289219281,0.105785130777507
"NDUFAF8","blue","blue",-0.0602069414189205,0.120339408373745,0.0549328397713866,0.0566206559774083
"SLC38A10","grey","grey",0.00720427888508615,0.0807615568146011,0.102612779811865,0.0470668670319543
"ACTG1","blue","blue",-0.617101637300879,0.636926924103082,0.0101021479336553,0.0459150714468613
"NPLOC4","turquoise","turquoise",0.184979694104771,-0.0386258911081734,0.171511991006443,0.111275117862062
"OXLD1","blue","blue",-0.0510458998766639,0.109255451493748,0.0703231480766468,0.0604950092787339
"CCDC137","grey","grey",-0.0363890332873121,0.0988393680146413,0.0695515973809512,0.0477952186451591
"ARL16","grey","grey",-0.0388930576512872,0.0899565302337458,0.047255594429932,0.0358191690769144
"HGS","blue","blue",-0.0669729654064838,0.186002092403577,0.123442347147747,0.0554773418603148
"MCRIP1","blue","blue",-0.131571704142111,0.245356007604641,0.1246079878177,0.137019025195995
"P4HB","blue","blue",-0.120372882318808,0.225432311309518,0.112525740503074,0.0433458184337755
"ARHGDIA","blue","blue",-0.241066767588584,0.373615512879546,0.149430468151844,0.124687413726229
"ANAPC11","blue","blue",-0.0683492802089819,0.149583753465313,0.0685522145611687,0.0539163337459654
"PCYT2","blue","blue",-0.107111148519136,0.205910652574557,0.100355244762251,0.0634100138649973
"MAFG","grey","grey",-0.0311953396211622,0.123768666746257,0.131596013955265,0.147156764182039
"ASPSCR1","grey","grey",0.0557744371306195,0.0349080742963301,0.100601040599646,0.0522819390883131
"CENPX","blue","blue",-0.0707287733643782,0.145468174401972,0.0675541723675402,0.0464146550178628
"RAC3","blue","blue",-0.121526894995911,0.241793301468233,0.12302393723571,0.110322559381722
"DCXR","blue","blue",-0.0911488938582787,0.161091861851365,0.0621001333950994,0.0291174520148803
"RFNG","grey","grey",0.0510335578890385,0.0138115162170252,0.0805253162607884,0.0566979094174165
"GPS1","blue","blue",-0.181563354431015,0.304962696574116,0.109034705492396,0.056349726247864
"DUS1L","grey","grey",0.00537542584203448,0.0658026653013545,0.0848578790254305,0.0758959861985598
"FASN","blue","blue",-0.0744524505555571,0.182827317060062,0.121757699454826,0.133396264571825
"CCDC57","turquoise","turquoise",0.339186967060735,-0.214782546458645,0.13067740983317,0.0558482666906703
"CSNK1D","grey","grey",-0.0233143375455059,0.109088413586889,0.113962873389459,0.0720324514273292
"OGFOD3","grey","grey",0.0121319023161299,0.0568681865078579,0.0852547143838125,0.055048668940164
"HEXDC","grey","grey",0.0573345393679952,0.0104511547446668,0.0716039912411914,0.0446722793646021
"CYBC1","grey","grey",0.0154709515183712,0.0602573292003581,0.0838393811155193,0.0509094615037279
"NARF","grey","grey",0.0547038584998316,0.0596236458316182,0.12781451943498,0.09494064138425
"FOXK2","turquoise","turquoise",0.211556702975319,-0.0739652720912678,0.15765470008517,0.106136647601534
"WDR45B","grey","grey",0.0112306784834656,0.0821901549039344,0.11279989043515,0.0981878788053561
"RAB40B","turquoise","turquoise",0.10962812718693,-0.0589360041503171,0.0525787670453012,0.029871808304956
"FN3KRP","grey","grey",-0.0390267755720054,0.100086671503583,0.0616464471461397,0.0550019654478663
"FN3K","grey","grey",0.0538673382957478,0.0388872802986071,0.101197093573395,0.0582495447564916
"TBCD","grey","grey",0.111904605252164,0.0339806719494737,0.148040263367074,0.0672642822388326
"USP14","blue","blue",-0.12735887841057,0.265717480341346,0.164805887699162,0.077999442355316
"THOC1","turquoise","turquoise",0.261674773038367,-0.161392036368854,0.0932369862349381,0.0248792974333826
"ENOSF1","turquoise","turquoise",0.203626415038158,-0.12713646364487,0.0574888127821845,0.000466998407548224
"METTL4","grey","grey",0.0947982253668944,-0.0397014674870682,0.0599495266089423,0.0299434341768473
"SMCHD1","turquoise","turquoise",0.22347151173251,-0.0875256987397676,0.138579751269503,0.0668386285100867
"LPIN2","blue","blue",-0.0889661845933599,0.213107104000401,0.15038015656352,0.142919404461424
"MYOM1","grey","grey",0.117188021458753,0.0263190275505968,0.142594144686088,0.0519924747236814
"MYL12A","grey","grey",-0.0349827419889423,0.0633642620869372,0.0352055246196968,0.011427043484232
"MYL12B","blue","blue",-0.259397481369817,0.421803278530139,0.141372820957572,0.108689090158217
"DLGAP1","turquoise","turquoise",0.57056369060918,-0.381797067589228,0.16017327174083,0.0534678074018819
"LINC00667","grey","grey",0.0379187746348131,0.0194292422408292,0.0675501991046585,0.0563136854066689
"EPB41L3","blue","blue",-0.103179813917702,0.294366645084711,0.167923178638181,0.0604740721750608
"TMEM200C","blue","blue",-0.079693957436293,0.176543402693768,0.132470956333338,0.168116822675928
"L3MBTL4","turquoise","turquoise",0.476877204615814,-0.289895140859708,0.173626251971691,0.0685539740580335
"PTPRM","turquoise","turquoise",0.250217015315468,-0.064417194949097,0.192437614400373,0.136828863211549
"RAB12","turquoise","turquoise",0.143705113538246,-0.0257585488574858,0.124347542655561,0.0917805135036915
"MTCL1","turquoise","turquoise",0.367488898322185,-0.196959200625241,0.183142531632438,0.101055889710078
"NDUFV2","blue","blue",-0.0882502211235157,0.227211770998037,0.120787316215359,0.0736392669219447
"ANKRD12","grey","grey",0.148317536978941,0.0353615096047276,0.219620927279268,0.174706134427706
"TWSG1","turquoise","turquoise",0.164535112082892,-0.0944438878785025,0.0740479191201295,0.0362689110318282
"RALBP1","blue","blue",-0.0800205898325867,0.199094681861593,0.14431553796865,0.171508661441709
"PPP4R1","turquoise","turquoise",0.271867168710513,-0.166794445163093,0.101594013315992,0.0403366456281652
"RAB31","grey","grey",0.078758980450504,-0.0384533380561707,0.0368488183131789,0.0117822608831371
"VAPA","blue","blue",-0.15237656637074,0.298294875228766,0.143412574842137,0.103145219401167
"NAPG","blue","blue",-0.107841274153562,0.272982192432439,0.164827035724365,0.130792797387972
"GNAL","grey","grey",0.094245567742178,0.0681484242798803,0.195984950308648,0.177291872677266
"MPPE1","grey","grey",0.0318928298518771,0.050557872474617,0.0975391179480865,0.0712941845008565
"AFG3L2","blue","blue",-0.0955743102067987,0.234298493109879,0.141311803392599,0.0739972678289401
"PRELID3A","grey","grey",0.183003416041639,-0.0797954449973931,0.11373100394299,0.0642047027323933
"SPIRE1","turquoise","turquoise",0.311689871465426,-0.141907549160401,0.182133798233185,0.11676648201319
"PSMG2","grey","grey",0.134835446022631,-0.00600667707249602,0.129037117239643,0.0511877943598644
"CEP76","grey","grey",0.0567529508081575,0.0203215750653197,0.0884646688825131,0.0437789723350718
"PTPN2","turquoise","turquoise",0.333122232131164,-0.195599690404032,0.136849657200308,0.0550660601199571
"SEH1L","blue","blue",-0.0462812582990845,0.130568819785446,0.0928995453697961,0.0678540455383597
"CEP192","turquoise","turquoise",0.318732236025159,-0.193279712425066,0.116098768401416,0.0456403500325709
"LDLRAD4","turquoise","turquoise",0.565390622710799,-0.360619056923981,0.201222084766433,0.11463276308035
"FAM210A","grey","grey",0.00529597892543312,0.107206618571524,0.131781582802822,0.100952835583148
"RNMT","blue","blue",-0.0366091170166893,0.165112432548695,0.150472866261165,0.150134578069696
"ANKRD30B","turquoise","turquoise",0.385726619540976,-0.242326883449292,0.135817615318198,0.0438015156919729
"ROCK1","turquoise","turquoise",0.386888959200957,-0.241626103855709,0.132821812780887,0.0330372192859023
"GREB1L","turquoise","turquoise",0.436363304013426,-0.27186585441826,0.143283210512718,0.0468778050106455
"ESCO1","turquoise","turquoise",0.248004309373949,-0.13047515559022,0.115029771310959,0.0510565196587313
"SNRPD1","blue","blue",-0.0533509426137683,0.126302371376885,0.0731762587172065,0.0658132411548385
"ABHD3","turquoise","turquoise",0.261952157238482,-0.109484605955454,0.160834283025287,0.0553136233555564
"MIB1","turquoise","turquoise",0.162419911838027,-0.0266520844960685,0.150693841695,0.0981767168001338
"RBBP8","grey","grey",0.115375036229188,-0.0444869522745189,0.0759992464847375,0.0409445127970169
"TMEM241","turquoise","turquoise",0.263406258344501,-0.159114624415583,0.103463220912301,0.0570182858469245
"RIOK3","grey","grey",0.0254857330943112,0.0872531154413956,0.143390032567959,0.0924200541103367
"RMC1","grey","grey",0.0410236707817121,0.0182726152575428,0.0637141875949343,0.0299687745463526
"NPC1","turquoise","turquoise",0.15930185201222,-0.0934935358884356,0.0663810192215718,0.0161960351906232
"ANKRD29","grey","grey",0.140611719783185,0.0218297187777036,0.184652391080242,0.140905479787461
"LAMA3","turquoise","turquoise",0.41129049042825,-0.276594492547146,0.140113966929883,0.0387596255063987
"TTC39C","turquoise","turquoise",0.275003435448903,-0.135425959787135,0.138747785519225,0.0849443567758709
"CABYR","grey","grey",-0.00079775851779563,0.0805640969449517,0.0835918975900676,0.0548079194662164
"OSBPL1A","grey","grey",0.0829786146803252,0.00379189811518655,0.0941041687052852,0.0897273557954784
"IMPACT","grey","grey",-0.0352571487673754,0.113200529054159,0.0984603084452905,0.0996361320546205
"ZNF521","turquoise","turquoise",0.2307871498299,-0.145370391413609,0.0795502203740242,0.022994434223387
"SS18","grey","grey",0.111127644833987,0.00392516203612882,0.127148198349428,0.0616092881227137
"TAF4B","grey","grey",0.0763277954163588,0.0115693560441623,0.108395380555748,0.0796668024015212
"KCTD1","turquoise","turquoise",0.242540721969044,-0.118321533107635,0.134198983489561,0.0692341505939284
"AQP4","grey","grey",-0.0242053022325826,-0.0395712346328414,-0.0675447387526119,-0.0268875197687789
"CDH2","turquoise","turquoise",0.172405629074479,-0.0755374563659259,0.106575113456124,0.0516087764247071
"B4GALT6","turquoise","turquoise",0.125350989836102,0.0374444137262277,0.187893162217596,0.191336835260198
"TRAPPC8","grey","grey",0.109151286250738,0.0118968782169132,0.136873299041107,0.0860828343384747
"RNF138","turquoise","turquoise",0.154015300495801,-0.0742739442640809,0.0832949590057944,0.0621776288824114
"GAREM1","turquoise","turquoise",0.245850933916143,-0.120015533631789,0.124828371476543,0.0691530141700067
"ASXL3","turquoise","turquoise",0.348521864367889,-0.190030119414735,0.16413649448017,0.0948961944824517
"NOL4","turquoise","turquoise",0.385468175048346,-0.192115037930105,0.188149135943909,0.0935472219299432
"DTNA","turquoise","turquoise",0.378594546186962,-0.226138910049451,0.139631488487182,0.0562317973270216
"MAPRE2","grey","grey",-0.0174495977812879,0.196257718890955,0.205688503069728,0.147757102195002
"ZNF397","grey","grey",0.0710292778861195,0.00215310558968009,0.0797247627195208,0.0594682377788181
"ZSCAN30","turquoise","turquoise",0.177136695606519,-0.0877874206291167,0.08838117812355,0.0410558805913698
"ZNF24","grey","grey",0.0423723574510088,0.0207906557217037,0.0889713598351967,0.0770303277778693
"GALNT1","turquoise","turquoise",0.198551957109766,-0.0834727205337265,0.128970773727098,0.0745917065701381
"C18orf21","grey","grey",-0.0291754380692071,0.0727051872264659,0.0522175396611367,0.0234535982998308
"RPRD1A","grey","grey",0.0858847206920372,0.0501046678255353,0.160720641913962,0.157848354502383
"SLC39A6","blue","blue",-0.131135918384788,0.222280221268051,0.106442086903259,0.0450842859107717
"ELP2","grey","grey",0.102505945419527,0.0273396558456468,0.146173010690792,0.0979164202153416
"FHOD3","turquoise","turquoise",0.254672717565463,-0.0858900847340742,0.16786588128101,0.092580678246463
"TPGS2","blue","blue",-0.177733851838049,0.305454780051453,0.140010996074213,0.127271445777757
"KIAA1328","turquoise","turquoise",0.434476160425856,-0.264528924802341,0.150585021217809,0.0612236346927603
"CELF4","blue","blue",-0.110489913992585,0.288574842650898,0.207327194097824,0.149517056869367
"AC016205.1","blue","blue",-0.027953063925982,0.0846384096688276,0.0595199644883986,0.0417749729557862
"LINC01902","turquoise","turquoise",0.305527083561637,-0.192975272963368,0.100582378470891,0.0285474839658896
"PIK3C3","turquoise","turquoise",0.194852549164006,-0.0582093133050362,0.140613170949217,0.0713095723201961
"RIT2","turquoise","turquoise",0.204299626579809,-0.0669304034178801,0.124998450109042,0.0668089758734885
"SYT4","blue","blue",-0.347352112909875,0.44604741820039,0.124693691718135,0.0925095866175688
"SETBP1","turquoise","turquoise",0.487175255256152,-0.297599308459249,0.172517545021907,0.0760515334907984
"SLC14A1","turquoise","turquoise",0.0386279893523305,-0.0666251983390427,-0.0313564931252161,-0.0356990959349613
"EPG5","grey","grey",0.0800892960343965,0.0602731222679405,0.166752969850975,0.155590847166367
"ATP5F1A","blue","blue",-0.416535187340533,0.543971382017771,0.0959655297973076,0.0496259027810266
"C18orf25","grey","grey",0.0953822494607042,0.023258502049893,0.137440322668222,0.114972374457188
"RNF165","turquoise","turquoise",0.213363970141668,-0.0809470262737957,0.151282289766118,0.119454523832653
"ST8SIA5","turquoise","turquoise",0.317275885618123,-0.183549744544066,0.134220649568486,0.0564760439613661
"PIAS2","turquoise","turquoise",0.284913980565217,-0.134731936501054,0.156021860013416,0.104880896191831
"KATNAL2","turquoise","turquoise",0.302697497754255,-0.205865869965687,0.0840599046065773,0.0208149462002463
"HDHD2","blue","blue",-0.128070429238738,0.224719005649076,0.109071305981316,0.119976725281103
"SMAD2","grey","grey",0.123679229877021,0.0126673971094197,0.161711135364666,0.132778331897267
"CTIF","turquoise","turquoise",0.249383063130843,-0.0682639874667916,0.202664788940462,0.169942424193643
"DYM","turquoise","turquoise",0.265187529522622,-0.0767975658625996,0.178393076326051,0.0937888491261813
"MBD1","grey","grey",0.0185932219930625,0.0503089255692119,0.0867223216416423,0.0639172930087286
"ME2","blue","blue",0.00138830553280432,0.163457720583074,0.166002519273483,0.114396100996639
"SMAD4","grey","grey",0.0241530783016213,0.0220164603917375,0.0619385292970901,0.0378378545491608
"MEX3C","grey","grey",0.0032860125000194,0.0658726885776565,0.0867844990758772,0.0627379635059433
"LINC01630","turquoise","turquoise",0.252106767173416,-0.113342181062461,0.140109366639975,0.0693047136687444
"DCC","turquoise","turquoise",0.622480497607279,-0.423520458015991,0.181750349316252,0.0727431444332911
"MBD2","turquoise","turquoise",0.170777918023859,-0.0723544379864023,0.105801577000481,0.0851713573961026
"POLI","grey","grey",0.0266273741969022,0.0234692279093512,0.0656389065675919,0.059077502088469
"RAB27B","turquoise","turquoise",0.179531376881094,-0.023297148300236,0.177343316464028,0.179690613907703
"TCF4","turquoise","turquoise",0.215308684217972,-0.149553629524214,0.0440276774073294,0.00127487849699679
"TXNL1","blue","blue",-0.12820950810956,0.284202310418297,0.15585523277851,0.0958756225359002
"WDR7","grey","grey",0.0805717921762953,0.114980313096188,0.199291843553327,0.16941380929225
"ST8SIA3","blue","blue",-0.120022268975425,0.203831356769121,0.121204467090164,0.11630559624663
"FECH","grey","grey",0.0521365960114813,0.0268363991463222,0.0876011796534886,0.0422538602927201
"NARS","blue","blue",-0.295171327323149,0.415718622749478,0.135606646388154,0.0712944136573744
"NEDD4L","turquoise","turquoise",0.304821191433927,-0.112700240654455,0.210011820741192,0.153108765975815
"MALT1","turquoise","turquoise",0.283378228635624,-0.176616107274794,0.100403523511303,0.03741715577504
"ZNF532","turquoise","turquoise",0.38592043666625,-0.232688093284753,0.142124133889417,0.0527529529600184
"SEC11C","blue","blue",-0.179059064161855,0.298295386375779,0.108190910943878,0.070441900193741
"LMAN1","grey","grey",-0.0121054398993272,0.0691073187044322,0.086925177840627,0.0646549790587552
"CDH20","turquoise","turquoise",0.163607822120554,-0.142306456321358,-0.00648520822575786,-0.0434534759513542
"RNF152","turquoise","turquoise",0.136856201410914,-0.0381972614728639,0.114750385986504,0.121626437614939
"PIGN","turquoise","turquoise",0.247947900557779,-0.153662078634534,0.0785863152888893,0.0133491389161624
"KIAA1468","grey","grey",0.125955413294851,0.0085611362836539,0.152828645332286,0.0930673082890624
"ZCCHC2","turquoise","turquoise",0.202127069610098,-0.0669463566201587,0.140581708545118,0.0748790320733673
"PHLPP1","turquoise","turquoise",0.231746457002548,-0.163883376462141,0.0384745882305902,-0.0114963089890952
"BCL2","turquoise","turquoise",0.195938530722284,-0.139153719183877,0.0450724937158923,-0.00773309551320262
"KDSR","grey","grey",-0.0335233294599767,0.114074190143974,0.10923448143091,0.086354439572239
"VPS4B","blue","blue",-0.0955057833624636,0.214232422931278,0.134703690996063,0.0907254468956872
"CDH7","grey","grey",0.134129347301629,-0.0471688768589444,0.0918036176773808,0.0495504395921352
"DSEL","grey","grey",-0.0502946952104129,0.131982626259385,0.113934180502207,0.105969556419278
"TMX3","blue","blue",-0.056103660509025,0.150238325585763,0.114267666233493,0.0460585693970438
"DOK6","turquoise","turquoise",0.386056690800413,-0.158051536058816,0.239316491402241,0.239883298150443
"CD226","grey","grey",0.080903854879064,-0.0159679506980308,0.0687818070813896,0.0741841361486304
"RTTN","turquoise","turquoise",0.274356401270239,-0.168064154993718,0.0919609676061498,0.025056964506657
"SOCS6","turquoise","turquoise",0.0952824210521388,-0.06325809978235,0.0323412220259886,0.00525309293513222
"CBLN2","blue","blue",-0.100693631895337,0.194932931492585,0.105920979244575,0.0970173336001331
"TIMM21","grey","grey",-0.0263071175296427,0.076593233258167,0.0563064740360853,0.0518918866241838
"CYB5A","grey","grey",-0.0374151151861429,0.12175345270577,0.087237968491618,0.0661670732607095
"CNDP2","blue","blue",-0.0926948117734647,0.171859138897455,0.0754298128728451,0.0356243358445357
"CNDP1","turquoise","turquoise",0.0596815152348071,-0.0613541798133757,-0.00703683795578717,-0.030513092901697
"ZNF407","turquoise","turquoise",0.338991835620162,-0.195757560090204,0.13098493668992,0.0560024893593954
"ZADH2","grey","grey",0.00296185509622435,0.0791809141969404,0.0916795541660957,0.0821262581582868
"TSHZ1","turquoise","turquoise",0.173099499423778,-0.0690406203029894,0.117767272251116,0.080816221348205
"ZNF516","turquoise","turquoise",0.281841436572648,-0.182986282200697,0.0896206422265405,0.0311486634922163
"ZNF236","turquoise","turquoise",0.226219359380834,-0.140561916447645,0.0861202756144738,0.035061025330422
"MBP","turquoise","turquoise",0.0596457541339633,-0.0143084012480334,0.0516442752975254,0.0784672994861294
"ATP9B","turquoise","turquoise",0.386583826121859,-0.226513254773334,0.13901312896288,0.0523043810133272
"CTDP1","grey","grey",0.0952037225172435,-0.0215131797358886,0.0899927222292146,0.0425186423284803
"PQLC1","grey","grey",0.0217099858527965,0.084270491395447,0.135660932744974,0.128964274435287
"TXNL4A","blue","blue",-0.0840935305093246,0.212549427740082,0.131179458848156,0.114327762077282
"ADNP2","turquoise","turquoise",0.160573313148471,-0.0749795788290186,0.112773520696396,0.0846173415963531
"PARD6G","turquoise","turquoise",0.198608656615639,-0.0984418001404471,0.102054340048514,0.0473639154877252
"ZCCHC3","grey","grey",-0.0377708764017766,0.0969994985881874,0.0817812572250804,0.080240363850135
"NRSN2","blue","blue",-0.0681168889142201,0.159101206580678,0.0953563778667072,0.0759193404308159
"RBCK1","grey","grey",0.0740672999715731,0.00672864561463466,0.0898677165571462,0.0688548809759092
"TBC1D20","grey","grey",0.0202838407604485,0.0629495319780934,0.103278503719774,0.0921462790864864
"CSNK2A1","blue","blue",-0.0411465516035151,0.198769557023954,0.174956409379855,0.130567378369087
"RSPO4","grey","grey",0.0997881845530884,0.00744363414806362,0.126988881221358,0.0885671935645538
"PSMF1","blue","blue",-0.0104021395368554,0.12581885566919,0.114304916281417,0.0672950482134979
"SNPH","blue","blue",-0.033513716817475,0.139916766907203,0.144058320022951,0.153217521419306
"NSFL1C","blue","blue",-0.0585919231301231,0.180893594676887,0.136574424506621,0.107397085563227
"SIRPA","grey","grey",0.0149633135638656,0.0246756711445273,0.0419746665864563,0.0186410540543233
"STK35","grey","grey",0.0358668553169189,0.00909400812634493,0.0699368020081322,0.0776672302903172
"NOP56","blue","blue",-0.112521426550322,0.222979282602108,0.128949366451081,0.0693060078697017
"IDH3B","blue","blue",-0.147102358380728,0.27641359816999,0.10597393503668,0.0505000913462998
"PCED1A","grey","grey",0.0083955352638045,0.0673737101048981,0.0835801137876114,0.059607912554845
"PTPRA","blue","blue",0.00548267945409291,0.162381969523478,0.186958679422306,0.149311450617701
"MRPS26","blue","blue",-0.116189165828258,0.220596953786885,0.0944560111562521,0.0609017501642476
"UBOX5","grey","grey",0.0600417227846707,0.00618569289438368,0.0844898535291747,0.0364968924284624
"LZTS3","grey","grey",0.00248271269473373,0.0767464756198232,0.0964576280436524,0.0733163091055843
"DDRGK1","blue","blue",-0.0363970123768339,0.141879541881369,0.10165688629482,0.0511267046394876
"ITPA","grey","grey",-0.0341193393304125,0.0968260675587255,0.0678539207215014,0.0394958157322725
"C20orf194","turquoise","turquoise",0.330958575518913,-0.157952982875463,0.185232063451174,0.101448238787079
"ATRN","grey","grey",0.06538745222805,0.0738112725780351,0.163540779676722,0.062124487445669
"C20orf27","blue","blue",-0.127919623198697,0.210026687511148,0.100643835778516,0.122943914421185
"CDC25B","turquoise","turquoise",0.276232049630258,-0.145474549230375,0.136454886848337,0.0626924203039826
"MAVS","turquoise","turquoise",0.1994591219052,-0.119174885795538,0.0893820083079056,0.0416126769184347
"PANK2","blue","blue",-0.0109096946749025,0.138902324878651,0.134975879882961,0.103922028573905
"RNF24","turquoise","turquoise",0.229006505797642,-0.0740986710572011,0.165355455858602,0.100872649321983
"PRNP","blue","blue",-0.450983229051807,0.521805463660973,0.0662518252399865,0.0466252886430639
"SLC23A2","grey","grey",0.0319249733451761,0.123350462311936,0.183627933558551,0.0905472661807536
"TMEM230","blue","blue",-0.112826497355304,0.236134734296592,0.130395322732085,0.133730666616828
"PCNA","grey","grey",-0.046701263897154,0.110288605706637,0.0719103534371416,0.0373737761588491
"CDS2","blue","blue",-0.170048897984235,0.307896492043295,0.155852610449942,0.109138951085939
"GPCPD1","turquoise","turquoise",0.134896475161213,-0.0627360298766554,0.0788947326635452,0.0357852080381637
"CHGB","blue","blue",-0.400337711582172,0.491470783412499,0.0764500073267693,0.0075030305066666
"TRMT6","grey","grey",-0.0499140166741891,0.0989000613413337,0.0703411174019477,0.0772916305134984
"CRLS1","grey","grey",0.0924224733064904,-0.0246385733628941,0.078951399128625,0.0392052576820226
"TMX4","blue","blue",-0.268458191582993,0.375845165922639,0.136202020070006,0.169363595042867
"PLCB1","turquoise","turquoise",0.395745689188229,-0.179737154605846,0.219505461927264,0.148739674234546
"PLCB4","turquoise","turquoise",0.182743341471014,-0.00684849077207067,0.205973335985526,0.173124926858803
"PAK5","turquoise","turquoise",0.36070458939148,-0.213005063487168,0.144954406244425,0.0722579219731694
"SNAP25-AS1","turquoise","turquoise",0.15309245416433,0.0120561741954301,0.149143946632749,0.076100842181659
"SNAP25","blue","blue",-0.540184020233864,0.587209804705352,0.0337263231020799,0.0833086371700027
"MKKS","blue","blue",-0.0594284994282032,0.136258208015025,0.0946665977549374,0.106127065879751
"SLX4IP","turquoise","turquoise",0.289119823325775,-0.171213469867738,0.105562400413403,0.0489748101111321
"BTBD3","grey","grey",-0.0117325384905093,0.10588098087122,0.111330879762959,0.112392849497218
"TASP1","turquoise","turquoise",0.303864975694696,-0.16985522645747,0.13068714628964,0.0547352280199775
"ESF1","grey","grey",0.0844234482116717,0.0100763352000779,0.114265545117468,0.0552083514985358
"NDUFAF5","grey","grey",0.141235013956084,-0.0180257181869074,0.134885920366571,0.0952868889009027
"MACROD2","turquoise","turquoise",0.638140040545771,-0.420621976084356,0.198536906588246,0.0681420332450974
"KIF16B","turquoise","turquoise",0.313825752751377,-0.175589060084236,0.125989814873354,0.0605550149690052
"SNRPB2","blue","blue",-0.105022958751136,0.200464304834418,0.104627650374118,0.0438810727901646
"PCSK2","grey","grey",0.0786841949925897,0.0599528078509194,0.147911994890057,0.0543948598707264
"DSTN","blue","blue",-0.423671844185299,0.519076912819464,0.0711919884111131,0.0921796933317783
"RRBP1","grey","grey",0.0189107818444755,0.00750272995828298,0.0354473460874885,0.0164482054271502
"SNX5","grey","grey",-0.0284711616508326,0.1065538626856,0.0887074178499256,0.0524710171566134
"KAT14","grey","grey",0.0129847073465864,0.0469858155321325,0.0756835994731309,0.0741918310739189
"ZNF133","turquoise","turquoise",0.322773841963527,-0.194619856220895,0.125021496117558,0.0541986461818225
"DZANK1","turquoise","turquoise",0.157857207773743,-0.077171251972512,0.0776609165472558,0.0320552535735197
"POLR3F","grey","grey",0.0106393321210932,0.07565049085248,0.0943029628350888,0.0516778347013521
"SEC23B","grey","grey",-0.0190634938305328,0.0906429616084102,0.0838072512231007,0.0451169617660428
"DTD1","blue","blue",-0.0610717210202936,0.170478976851624,0.101136386596247,0.06246515520922
"SLC24A3","turquoise","turquoise",0.223741843719337,-0.0904223958904673,0.141496206603035,0.0753733098310037
"NAA20","blue","blue",-0.109866026142059,0.241292494007558,0.130132714424822,0.0745351415229557
"CRNKL1","grey","grey",-0.0446900859303024,0.0956291997168722,0.0729888670542071,0.0534741302142772
"CFAP61","turquoise","turquoise",0.140896546571852,-0.0434698411987834,0.101477209000811,0.0477324596760469
"INSM1","grey","grey",-0.0437904650262608,0.0847883718533929,0.0507434804208681,0.0470620643507806
"RALGAPA2","turquoise","turquoise",0.385357681042183,-0.22814019688105,0.149887630451817,0.0634626841916991
"KIZ","turquoise","turquoise",0.283953056808749,-0.157283735587182,0.125139674885503,0.0495820180814386
"XRN2","grey","grey",0.116998646154376,-0.0292786518762009,0.0986326633670905,0.0318123373557638
"GZF1","grey","grey",-0.037815480898489,0.0912265892059275,0.0748182960826135,0.0678617286268045
"NAPB","blue","blue",-0.28335130447672,0.415350376127594,0.141163784451774,0.188516946229501
"CST3","grey","grey",-0.10100157142111,0.0837737602102057,-0.0286463737024283,-0.0210099161708804
"APMAP","blue","blue",-0.172456908302279,0.277721817879434,0.102603003991163,0.0401922746484435
"ENTPD6","blue","blue",-0.074934732879566,0.177744667825392,0.112290559930896,0.0800194917367798
"PYGB","blue","blue",-0.0817766725312687,0.21262938953801,0.128570397811121,0.0830534526971076
"ABHD12","blue","blue",-0.0160431416183973,0.145654072799506,0.148017706919864,0.103262582335275
"NINL","turquoise","turquoise",0.333547386696012,-0.228710518732595,0.108701018333205,0.0407431720484656
"ZNF337","turquoise","turquoise",0.283601792106515,-0.173809224378639,0.113243723939438,0.038230145214951
"FAM182B","turquoise","turquoise",0.32018659844469,-0.181665133644404,0.144882045964882,0.0715707477530301
"HM13","grey","grey",0.112901848940501,0.0344344316314672,0.1745732063412,0.0647840693860438
"BCL2L1","grey","grey",0.00829409797654842,0.10609768716197,0.144275356767316,0.155171496397941
"DUSP15","grey","grey",-0.0150253582871552,0.080493218981382,0.0686055510650507,0.0526580148798343
"PDRG1","blue","blue",-0.0601409831140393,0.119726665757896,0.0645781813177969,0.0376194526366799
"TM9SF4","grey","grey",0.00755686413162398,0.0981270775164664,0.126972052346672,0.0470010444852752
"KIF3B","grey","grey",0.0296455428668553,0.0863373882657588,0.145269854105928,0.142834394403284
"ASXL1","turquoise","turquoise",0.233894059123079,-0.11499123285887,0.126090908566651,0.0464187077739465
"NOL4L","turquoise","turquoise",0.15987471701921,-0.0833113756199353,0.0777095209228822,0.0349769937236523
"MAPRE1","grey","grey",-0.0306177309680681,0.0846811448393475,0.0750112243070404,0.0770005439263459
"AL035071.2","blue","blue",-0.0416420753229077,0.102912587639892,0.0778403482120974,0.100588654210631
"AL035071.1","blue","blue",-0.0702364429623467,0.143841137089201,0.0964352786648554,0.143714835524092
"CDK5RAP1","grey","grey",0.0940935593247337,0.0183315202554016,0.122167087093429,0.0523869087568903
"SNTA1","grey","grey",0.0207408116205496,0.00583505493778598,0.0318908532960252,0.0303398994228727
"CBFA2T2","turquoise","turquoise",0.346537656946551,-0.191778082160057,0.16953840571999,0.0822563874623331
"NECAB3","blue","blue",-0.0779127611797837,0.171735572635095,0.0971793779965686,0.0623643173241057
"CHMP4B","blue","blue",-0.117600352086471,0.217590820093888,0.12027477915015,0.1344108546195
"RALY","grey","grey",0.10415647555698,-0.0251455498675254,0.0819088227545234,0.0450927263789234
"EIF2S2","blue","blue",-0.113189540272127,0.245934634145295,0.1295812412203,0.0732744649718911
"AHCY","blue","blue",-0.113562867709663,0.225823693003718,0.103974028500251,0.0676078512470927
"ITCH","turquoise","turquoise",0.238534280022254,-0.0979041534690045,0.148548783850461,0.0817709376872362
"DYNLRB1","blue","blue",-0.147216025510728,0.268442928559772,0.110693593263095,0.0759030273139203
"MAP1LC3A","blue","blue",-0.235284918502114,0.368621780504435,0.126056387083618,0.132594072976796
"PIGU","grey","grey",0.0716037213630369,0.0228420731633867,0.106682728607012,0.0350730915495189
"NCOA6","turquoise","turquoise",0.226483170099842,-0.102665294354604,0.134495284543351,0.0691547133412505
"TP53INP2","grey","grey",0.0116003955237406,0.0387684238496639,0.0765715010375219,0.0867454661344011
"GGT7","grey","grey",0.146244347196309,-0.00117656994624082,0.152560627884496,0.0435093288518452
"ACSS2","grey","grey",0.0467397830086575,0.0502663206060661,0.0878807437073366,0.0360603698606603
"GSS","blue","blue",-0.1269602362903,0.242335060183216,0.111001783057624,0.0609111495638852
"TRPC4AP","grey","grey",0.0350459110475169,0.121249739386156,0.168107683330745,0.0591620139450644
"MMP24","turquoise","turquoise",0.237723261868256,-0.114310109977549,0.138877208890301,0.0885789451595289
"UQCC1","grey","grey",0.0275803825796827,0.120270591161164,0.153891317579531,0.104897577465899
"CEP250","grey","grey",0.0876933834699805,-0.0150785028041669,0.0831142237159544,0.0650031573388583
"ERGIC3","grey","grey",-0.0292346901489708,0.0950156596855236,0.0740673790376291,0.0399676756367553
"CPNE1","grey","grey",0.0640257851789237,0.0375183065533811,0.108003950901401,0.0476708684103735
"ROMO1","grey","grey",-0.0364322380505886,0.0679509268602645,0.031332376732172,0.00915541301578833
"RBM39","grey","grey",0.085965139309117,0.0590146864564155,0.161471410608333,0.0731377095255174
"PHF20","grey","grey",0.125115656907448,-0.0142702306692255,0.128627734417112,0.0809388807321974
"SCAND1","blue","blue",-0.124799165729784,0.226733146692669,0.0976730573135993,0.0655431117091969
"NORAD","blue","blue",-0.282320232385312,0.350416492353792,0.128009928490186,0.290470294877283
"EPB41L1","brown","brown",0.0191757840300357,0.117470623484922,0.182021011692996,0.258897731280102
"DLGAP4","grey","grey",0.157223453775347,0.0123617647021977,0.216806173769109,0.167461040553151
"RAB5IF","blue","blue",-0.072791429015489,0.13582028080125,0.0674411869488291,0.0664802486469921
"NDRG3","blue","blue",-0.088314144296183,0.26202848680278,0.165376841386255,0.0963113478799251
"SOGA1","turquoise","turquoise",0.162385560319067,-0.071500503161822,0.110955964997796,0.0848308762197241
"SAMHD1","blue","blue",-0.0791988984080635,0.186895149800164,0.104880721292643,0.0566677249802135
"MROH8","turquoise","turquoise",0.289284344705976,-0.188077883214022,0.091941902793984,0.0278710782125439
"RPN2","blue","blue",-0.104212827153249,0.208351974251714,0.109013308305231,0.0404930120197884
"MANBAL","blue","blue",-0.0650488205663126,0.159997859563394,0.101390129776349,0.0894859768301988
"BLCAP","blue","blue",-0.137965828926642,0.261822968484662,0.143799494159619,0.16245568524922
"CTNNBL1","turquoise","turquoise",0.146025352552546,-0.0481372809369618,0.105750773529182,0.0586637750312884
"VSTM2L","blue","blue",-0.124805789318334,0.218431853083343,0.110098554756355,0.104982121815974
"TTI1","grey","grey",0.0546939648807214,0.0349738088147196,0.102152647306408,0.0544984657838055
"RPRD1B","grey","grey",0.0799982723067799,0.0116290103069117,0.103653919812519,0.0701360594510052
"RALGAPB","grey","grey",0.105486933961727,0.0219107979098956,0.149345459772644,0.131248813001364
"PPP1R16B","turquoise","turquoise",0.217616641407213,-0.137234372087766,0.0748985874232676,0.0202069430450458
"TOP1","grey","grey",0.0586542650484323,0.0460175892217071,0.130738982313543,0.0426740839125434
"PLCG1","grey","grey",0.0512591231811687,0.0315388221098814,0.0921620649040842,0.0421329392346963
"ZHX3","turquoise","turquoise",0.260399199359102,-0.111435776413293,0.146838570265728,0.087975299237585
"CHD6","turquoise","turquoise",0.206370618132952,-0.00861016845396178,0.200541525425167,0.121937258853214
"SRSF6","grey","grey",0.0424792672083411,0.0232678611195858,0.0747247055633114,0.0371386293281643
"IFT52","turquoise","turquoise",0.199341631660501,-0.110471455009539,0.0961991948614218,0.050511463273886
"TOX2","grey","grey",0.143248840837302,0.0197171212061213,0.195287913284509,0.106155493732404
"OSER1","grey","grey",-0.0256753016803491,0.0831215166255429,0.0684029702991959,0.0456442035118183
"GDAP1L1","blue","blue",-0.0518012154679051,0.169244431128408,0.119310002883431,0.0754038915952382
"FITM2","blue","blue",-0.06640276489672,0.136856382634486,0.0888785841445056,0.0841634777267024
"TTPAL","blue","blue",-0.0675683912292006,0.148579409506654,0.10528593898932,0.127343307595289
"SERINC3","blue","blue",-0.436240479175697,0.514090801428034,0.0825897620162863,0.0406369641343816
"PKIG","turquoise","turquoise",0.135382317119162,-0.0442467287829967,0.0993346791985969,0.0740151641797387
"RIMS4","grey","grey",0.0511010344486918,0.0442443936921283,0.112951309127241,0.102803939415765
"YWHAB","blue","blue",-0.53435224389184,0.605853864718281,0.0681032744349619,0.112967271204192
"TOMM34","blue","blue",-0.0759989311790359,0.165397155139126,0.0901998253350467,0.0561386563098572
"STK4","grey","grey",0.0676985655758514,0.0158474244808725,0.102336513068742,0.104363155001551
"PIGT","blue","blue",-0.146518713012694,0.26022231967288,0.108743486181493,0.0427103839695978
"DNTTIP1","grey","grey",-0.0152177373052918,0.0865526376514599,0.0838304700839614,0.0451521790752676
"SNX21","grey","grey",-0.0276939651646673,0.0897607758109826,0.0748124502521795,0.0592621718008231
"ACOT8","blue","blue",-0.0606163465277625,0.153638799516889,0.0889938756663623,0.0655310119392977
"CTSA","blue","blue",-0.109542666109841,0.203727959250664,0.0889584937477846,0.0215638936891181
"ZNF335","grey","grey",0.0700422417171017,-0.000235622690775528,0.0875529023391712,0.0561609006714687
"SLC12A5","blue","blue",-0.193116609811199,0.306491313882028,0.121570888954213,0.0534750471826764
"NCOA5","grey","grey",0.09701243683236,-0.0116474405559098,0.0949862671597536,0.0410764142352498
"SLC35C2","grey","grey",0.0281285829132359,0.0359169880542459,0.076523487040967,0.0551200370579675
"ELMO2","grey","grey",0.0368504355175451,0.0255577981089499,0.0828684965885676,0.0453001194381886
"SLC13A3","turquoise","turquoise",0.319140641613717,-0.196625939710503,0.115479843361498,0.0327461241782157
"ZMYND8","turquoise","turquoise",0.308154221817005,-0.133913956528237,0.209904463567003,0.10890302727115
"NCOA3","turquoise","turquoise",0.204003683441548,-0.107576025306081,0.102635409360324,0.0533131086496128
"SULF2","grey","grey",0.045200959705088,0.0583718305185623,0.124675492522749,0.0551645521119419
"PREX1","turquoise","turquoise",0.125288585155371,-0.0981258289489175,0.0174720417646076,-0.0265377343087743
"ARFGEF2","grey","grey",0.0920853272999457,0.0411375492988216,0.153184220958934,0.122870035011803
"CSE1L","blue","blue",-0.151322875494784,0.282093090667182,0.122597756656954,0.0308084801808817
"STAU1","grey","grey",0.0257600958940772,0.0942614162060118,0.135069724136539,0.092105318187193
"DDX27","grey","grey",-0.00321068184291898,0.0910674940250992,0.117065969466428,0.0665753301968172
"ZNFX1","grey","grey",0.0478969309246364,0.00502392830648972,0.0694800782848151,0.0434419755698634
"ZFAS1","grey","grey",0.111220010325966,-0.0599869730482466,0.0467086949700085,0.0218367857471292
"KCNB1","brown","brown",0.0320231863640436,0.0791635128993216,0.162842835088563,0.22560260492445
"B4GALT5","grey","grey",0.0465860044126624,0.0889064014016544,0.171870744912349,0.132167673996305
"SLC9A8","turquoise","turquoise",0.164693624539005,-0.0891667151655822,0.066044193033281,0.0281995220914196
"SPATA2","grey","grey",-0.0490228551892564,0.103884148372351,0.0736548687468885,0.0805142055034785
"RNF114","grey","grey",0.0520493007296152,0.0348370460480497,0.106001543044344,0.0580998634328678
"PTPN1","turquoise","turquoise",0.258116421120619,-0.15035180253507,0.107358334075148,0.055348068335778
"BCAS4","grey","grey",0.0439839575899442,0.0716583149029048,0.132194040487547,0.0989136208043369
"ADNP","turquoise","turquoise",0.12646469394112,-0.0180265421861588,0.135474557965371,0.0902338982609767
"DPM1","grey","grey",0.0722086142860801,0.0427702053078298,0.124283470609711,0.0676706321571161
"ATP9A","blue","blue",-0.0670820609329798,0.229994858216427,0.189912400469074,0.1657947814966
"ZFP64","turquoise","turquoise",0.175385506196285,-0.067857043153846,0.113279378237435,0.081699550798885
"TSHZ2","turquoise","turquoise",0.167532380137585,-0.121249032576092,0.0453897804117227,0.0103660685282478
"BCAS1","turquoise","turquoise",0.117277693293364,-0.0870134561333959,0.0192511323594408,-0.0120004261141183
"PFDN4","grey","grey",-0.049254145318133,0.114325550318685,0.0659110420212277,0.0655978879865422
"DOK5","grey","grey",0.148461580439854,-0.00751976225018524,0.149460393741561,0.0731220445815469
"FAM210B","grey","grey",-0.0137163644180716,0.0638179534808067,0.0579762481500241,0.0522911574830286
"RTF2","grey","grey",0.0531436559902369,0.0222455296903274,0.0822631207649155,0.0405385602873263
"RAE1","grey","grey",-0.00979375276635652,0.0655371690798941,0.0650452104367116,0.0254235402457963
"PMEPA1","grey","grey",-0.00515382980313929,0.0845521162020789,0.09571392531885,0.0947489206093972
"RAB22A","grey","grey",0.0144339923983904,0.082046525437714,0.126003128612936,0.146296564280487
"VAPB","blue","blue",-0.0988711059762716,0.22946034332777,0.152000190113816,0.170343479795626
"GNAS","blue","blue",-0.627895323798382,0.631226360229886,-0.0194811710962267,0.0251456240295532
"NELFCD","grey","grey",-0.0123804885150721,0.0905403009533255,0.0868066221521945,0.0594311528768387
"CTSZ","grey","grey",-0.0347542533964076,0.035610459749427,0.00626726972885952,0.00133998087936542
"ATP5F1E","blue","blue",-0.181187445339161,0.217734014317878,0.0305407724482301,0.0496055598049166
"PRELID3B","blue","blue",-0.0681276564575085,0.132207142512271,0.0797630190401431,0.0647201470884918
"PHACTR3","turquoise","turquoise",0.287718778733568,-0.142353725388348,0.150861162372373,0.0821022129838536
"FAM217B","blue","blue",-0.126592010709834,0.227391800838306,0.146730711137381,0.188306505779743
"PPP1R3D","grey","grey",-0.050444251470877,0.08973611903369,0.0502095144647664,0.0677531195989596
"CDH4","turquoise","turquoise",0.249865194571722,-0.129645057544383,0.125066639435843,0.0537908126890228
"TAF4","turquoise","turquoise",0.205950200035457,-0.116582801123453,0.0990043636336822,0.0460881156648062
"LSM14B","blue","blue",-0.0804446593146665,0.156266858184983,0.0939239291362028,0.0728857642381828
"PSMA7","blue","blue",-0.222808082752457,0.362821024214593,0.135371757460655,0.10653399578147
"SS18L1","grey","grey",0.113243891406052,-0.0154824713331033,0.125298905623409,0.0847126037579091
"MTG2","grey","grey",0.115183353222638,-0.0227858200208389,0.10576903390694,0.0667957286945321
"OSBPL2","grey","grey",-0.0209681103143805,0.108518563108682,0.109013516417975,0.0922731411585214
"ADRM1","blue","blue",-0.110859596015581,0.193873523199459,0.0848462393402085,0.0452644069184934
"NTSR1","grey","grey",0.0208154127863494,0.087546738979777,0.134750510085934,0.0716923531457901
"MRGBP","grey","grey",-0.00323819899767868,0.0480224706884339,0.0616529385300991,0.0532270792850078
"OGFR","grey","grey",0.0429293489670786,0.0249193986116744,0.0724760086026597,0.0456028656248142
"TCFL5","grey","grey",0.0243496574440074,0.0284872261412758,0.0689751414351813,0.0656422679840799
"DIDO1","turquoise","turquoise",0.211960453292874,-0.0901167232899146,0.133464771658806,0.0611930066462951
"GID8","grey","grey",-0.00408394132794776,0.0675267728609192,0.079097172345023,0.0547907379219349
"YTHDF1","blue","blue",-0.0372416755076528,0.123934211626279,0.105997233870963,0.0804915553692464
"ARFGAP1","blue","blue",-0.0294288524320166,0.116648020605974,0.109647718019843,0.0711166897273849
"CHRNA4","blue","blue",-0.236589127571036,0.340432618042013,0.129777490551714,0.0992666218016675
"KCNQ2","grey","grey",0.0262012935592929,0.0750651244337049,0.138199875737639,0.104282796574504
"EEF1A2","blue","blue",-0.506372660652733,0.574685106498153,0.0535540363443497,0.0385629870643607
"PPDPF","blue","blue",-0.14459576512302,0.248496042321655,0.107810760598266,0.118606701656068
"STMN3","blue","blue",-0.278117393181052,0.423795712015918,0.14614572706032,0.12523828289464
"ARFRP1","blue","blue",-0.0275948176681096,0.0974099567623923,0.0845433475040504,0.0790757095193019
"ZBTB46","turquoise","turquoise",0.338829190835857,-0.198754207157679,0.150786174516655,0.0705740584657993
"TPD52L2","grey","grey",0.0168642475475293,0.0665940560055308,0.0936810842857541,0.0480107422858736
"DNAJC5","blue","blue",-0.115999951123911,0.252522203495173,0.171035352586486,0.200171661009646
"ZNF512B","grey","grey",-0.00304733832713677,0.0563794891202842,0.0691110108860614,0.0538410087774555
"PRPF6","blue","blue",-0.0801807878878505,0.189672642401868,0.12061056712943,0.0428928854268548
"TCEA2","blue","blue",-0.071980944052818,0.182162004836204,0.112632124958996,0.102215102638552
"OPRL1","grey","grey",-0.0312239234580297,0.0792211711084075,0.0709187545623588,0.040610845029741
"MYT1","grey","grey",0.0920027091976443,-0.00146396926811364,0.110542277310865,0.074339358014147
"PCMTD2","grey","grey",0.0114377411409796,0.0803190693003567,0.108541126324222,0.100951078005878
"MIER2","grey","grey",-0.00407554294480102,0.0438578724486726,0.0506779344528933,0.0195032293787202
"SHC2","grey","grey",0.0649635879397659,0.024847480160662,0.11188816921864,0.0763435645207787
"TPGS1","blue","blue",-0.0853925507817269,0.176801202305195,0.093545883939702,0.0756707922742598
"CDC34","blue","blue",-0.0754864151376296,0.151443381641504,0.0865837810448122,0.0737385005297757
"BSG","blue","blue",-0.216769490299944,0.315389100971853,0.100592961972627,0.0451766903374203
"HCN2","blue","blue",-0.0365494651970744,0.127345334187539,0.109921213496775,0.0979369621000418
"RNF126","grey","grey",-0.0135071045261568,0.0917687545473027,0.0887363347937307,0.0590926914310356
"PALM","grey","grey",0.0909260178198788,0.023160518634744,0.145394794224139,0.118874883668439
"PLPPR3","grey","grey",-0.0435269936194144,0.102321207832716,0.0678063246589638,0.0468378426913503
"MED16","grey","grey",-0.0479161053365513,0.104134129397445,0.0626585594159966,0.0496195023111754
"WDR18","grey","grey",-0.0271720452164347,0.101895496651686,0.0837124707740503,0.0491958865830569
"TMEM259","blue","blue",-0.0623490275807757,0.17165919189159,0.130371327874995,0.0810744932791534
"ABCA7","grey","grey",0.0654103053595559,0.0363787667526664,0.116781588308351,0.0400446279578517
"POLR2E","blue","blue",-0.152689846943271,0.278435399891794,0.136150672400998,0.125881267396502
"GPX4","blue","blue",-0.286281375973222,0.404923442329803,0.108792950102002,0.133924460683558
"STK11","grey","grey",0.0211568065637494,0.0663125723514485,0.113472182637087,0.104750686116406
"CBARP","grey","grey",-0.0364559936197844,0.0913693783430418,0.070404736605109,0.0435454603350618
"ATP5F1D","blue","blue",-0.19123494570575,0.323145000832296,0.112859488677867,0.0890739533834966
"MIDN","grey","grey",-0.0282988920851402,0.0908669173849025,0.0922634984905417,0.0758096921750391
"CIRBP","blue","blue",-0.0461960971066915,0.159133211094585,0.110411350046918,0.0932380533545273
"C19orf24","blue","blue",-0.0798788997051269,0.148354430718533,0.0710381840849554,0.0685475690685191
"MUM1","grey","grey",0.0243182734314055,0.104333650815996,0.166015696927149,0.129534549459775
"NDUFS7","blue","blue",-0.107256936478477,0.208352079364248,0.0951249633158713,0.0658050988954987
"GAMT","blue","blue",-0.0812817181672572,0.167636047349047,0.0913782691644994,0.0743774374296069
"DAZAP1","grey","grey",0.0803643445015944,-0.00742722010367705,0.0832722988792283,0.0419022935499461
"RPS15","blue","blue",-0.162591491993668,0.255791346340057,0.0746517451050092,0.0476889252339152
"APC2","brown","brown",0.0241288798925938,0.089556896822358,0.161878757315495,0.245076153124808
"C19orf25","blue","blue",-0.0261909731916817,0.113135420996465,0.095602234881415,0.0729365350481824
"MBD3","grey","grey",-0.00470130451228575,0.0365556610504954,0.0547368348249853,0.0619390224574322
"UQCR11","blue","blue",-0.0611358743090607,0.113451286377802,0.0489453122394112,0.0375965622839792
"REXO1","grey","grey",0.0314298671768283,0.0134187052042921,0.0635656465003622,0.0460614141910219
"ABHD17A","brown","brown",-0.0307256779001921,0.103237440287367,0.101677635527474,0.171085935050697
"SCAMP4","grey","grey",-0.0217139329008571,0.0759819606481986,0.0737180494183536,0.0415455201881012
"CSNK1G2","grey","grey",0.0196485385952292,0.0670239807270884,0.123105026189016,0.131091862285998
"BTBD2","grey","grey",0.0438997118569492,0.0349304674831085,0.111985518926347,0.0977963691949639
"MOB3A","turquoise","turquoise",0.143070996866486,-0.0648764653069012,0.0801059007500021,0.0306313553460673
"AP3D1","blue","blue",-0.105673328078725,0.259730568601588,0.177889049845664,0.142329920219424
"PLEKHJ1","blue","blue",-0.0853126835250375,0.187174191397291,0.103854207977721,0.110731889144852
"LSM7","blue","blue",-0.0833003051127344,0.175899862619815,0.090200544023121,0.0752584166168907
"SPPL2B","turquoise","turquoise",0.146975407674466,-0.0730704329924763,0.091891510913807,0.0350870914998617
"TIMM13","blue","blue",-0.121979267827095,0.213933876439917,0.0928429779565402,0.0952067394032558
"GNG7","turquoise","turquoise",0.223267978448595,-0.14090083744055,0.0854029790856736,0.0506854908808997
"DIRAS1","blue","blue",-0.148147422861569,0.239755282072405,0.122075832778088,0.157862041763107
"SGTA","blue","blue",-0.0800191555818981,0.169505675017761,0.0996339881218427,0.0888154172203524
"THOP1","blue","blue",-0.0723724499954547,0.155815000714556,0.0979592741417038,0.0779885117655946
"AES","blue","blue",-0.24457016135915,0.355417495345651,0.135462556468496,0.196207231958811
"GNA11","brown","brown",0.0209720581038803,0.0459631985690597,0.101140439922761,0.135079000468667
"NCLN","grey","grey",-0.0297102462779276,0.095618646361071,0.092741152397105,0.053862302725702
"CELF5","grey","grey",0.137817338563641,0.0181838357284779,0.197772990933469,0.153734091195553
"NFIC","turquoise","turquoise",0.219612844721412,-0.125068109362511,0.112007180886003,0.0793875051600374
"DOHH","blue","blue",-0.0864905308293456,0.166766023074717,0.0906076117492521,0.0636906443687871
"FZR1","blue","blue",-0.0557883221417533,0.139121459659658,0.103827142340613,0.0577383982801735
"MFSD12","blue","blue",-0.0752921538257642,0.157568501655617,0.100064054206612,0.083071802039026
"PIP5K1C","grey","grey",0.00799244437690566,0.103708022302403,0.136845229112552,0.112369130423097
"MRPL54","blue","blue",-0.0652445758488717,0.130206267555661,0.0556941696827448,0.0358680246227573
"MATK","grey","grey",-0.0208406954277877,0.0735370847806703,0.0652275128123806,0.0599453120598279
"ZFR2","turquoise","turquoise",0.319062497493333,-0.158393706399482,0.16965463266617,0.0677368698437991
"ATCAY","blue","blue",-0.107991664806077,0.227674809209578,0.16816447377116,0.197706476460971
"DAPK3","blue","blue",-0.0791508961913266,0.165653318472296,0.0931418147118334,0.0425599971347508
"EEF2","blue","blue",-0.331209020768096,0.429736840857464,0.119241201017034,0.135415844313606
"PIAS4","grey","grey",0.00786726571238983,0.0231188453551608,0.0465158294705396,0.0266824546390056
"ZBTB7A","blue","blue",-0.0268420820383205,0.148152964357121,0.174184675755291,0.169739388177283
"MAP2K2","blue","blue",-0.20484091264864,0.348328974499639,0.153047233851976,0.144077311075633
"FSD1","blue","blue",-0.0572659915502609,0.190884818098166,0.145078618793278,0.103667186254069
"SH3GL1","grey","grey",0.141634663218611,-0.0515706682769763,0.106914742964687,0.0561350400362705
"UBXN6","blue","blue",-0.157494414929229,0.278885463460213,0.136695480332142,0.138694399039819
"HDGFL2","grey","grey",-0.0132613084387683,0.0937122509585243,0.103165946817377,0.0645907028512114
"SEMA6B","blue","blue",-0.0326393424999748,0.116295976543888,0.106473160499414,0.0932593562873114
"MYDGF","blue","blue",-0.100415596248605,0.176615531811992,0.0736276902968323,0.0581252624303107
"DPP9","grey","grey",0.105000923891225,-0.0130062017699586,0.112790000831462,0.0615902872624643
"KDM4B","turquoise","turquoise",0.320295711484674,-0.191088699141859,0.148822960581412,0.068527470830049
"PTPRS","grey","grey",0.136556420489256,0.0094832715584737,0.169984643620414,0.081486397389939
"TINCR","blue","blue",-0.0205426803566664,0.104210124032563,0.0875660687813346,0.0656021399860114
"SAFB2","grey","grey",0.0782008176180117,0.0235569835644757,0.118276284733249,0.0638808989075896
"SAFB","blue","blue",-0.018193361965482,0.120761543423929,0.115127544327927,0.0776954157707166
"RPL36","blue","blue",-0.085430432492854,0.126252005867108,0.0400269980047065,0.038023736083746
"C19orf70","blue","blue",-0.116250821642191,0.201732030072464,0.0774221678555057,0.050727570888191
"LONP1","blue","blue",-0.0889317040415384,0.198941988812773,0.116761284987743,0.0936500713045005
"RANBP3","grey","grey",0.0341565791823568,0.0488579391119008,0.0973527412874332,0.0677785160763971
"MLLT1","grey","grey",-0.0221283040582771,0.0961637166244857,0.105197033028911,0.118929422335056
"CLPP","blue","blue",-0.0731535087992008,0.151120177869998,0.077634547881326,0.0720616587774466
"ALKBH7","blue","blue",-0.0775396802913931,0.149883043686812,0.0561881364765539,0.0465870805893085
"GTF2F1","blue","blue",-0.144080346503879,0.258177695818657,0.119791483420253,0.0739118086417446
"KHSRP","grey","grey",-0.0496762654811123,0.101297088118891,0.0782368450034886,0.0572167504459632
"SLC25A23","grey","grey",0.0444917068884789,0.0413230159855153,0.107948194717529,0.11973189096249
"TUBB4A","blue","blue",-0.378508749445081,0.470703904721738,0.0810820586596787,0.046179875299124
"C3","turquoise","turquoise",0.0241100866100833,-0.0667873636655898,-0.0447260739807059,-0.0416929230373101
"INSR","turquoise","turquoise",0.215355074235239,-0.0816354594625815,0.146202877064579,0.0740700670831008
"ZNF358","grey","grey",-0.026694996006708,0.0837960905756775,0.088116647209343,0.112780122656275
"MCOLN1","blue","blue",-0.0156956217523232,0.0728749432190192,0.058169697535216,0.0220622724053216
"PNPLA6","blue","blue",-0.0742043048670893,0.17379044655866,0.102771345437883,0.0509611135206534
"CAMSAP3","grey","grey",-0.000673317264260198,0.066449882444603,0.0699253360600772,0.043159553454155
"XAB2","grey","grey",-0.0473558884671131,0.100143459004482,0.063534771596237,0.0360036097062562
"EVI5L","grey","grey",0.0411678766483486,0.0495314501723306,0.109537866077249,0.0834542337688329
"PRR36","grey","grey",-0.0593524098410421,0.113096885850391,0.0578160172935576,0.0305255687799886
"MAP2K7","grey","grey",-0.00123527863558398,0.0752570154439448,0.0998198343489974,0.0873626390086222
"SNAPC2","blue","blue",-0.0592632587143667,0.113486476022839,0.0612639140027771,0.0508129176732897
"CTXN1","blue","blue",-0.0842200871823727,0.154791703922137,0.0772773780574594,0.0722225642394792
"TIMM44","blue","blue",-0.00398224465533583,0.0838808548818444,0.0828179178780291,0.0424332742271757
"ELAVL1","grey","grey",0.0968249351956936,0.0179884042369034,0.142898546095252,0.107396392748613
"CERS4","turquoise","turquoise",0.343991459751423,-0.187096184550672,0.170626635173318,0.0782645783643939
"CD320","blue","blue",-0.10464681215147,0.215336011054677,0.0995121570221936,0.0404181253481578
"RPS28","grey","grey",-0.0593058688090092,0.103333743929816,0.0431850838381186,0.0345860121386892
"RAB11B","blue","blue",-0.126194925239697,0.232221764214848,0.115006504330129,0.087424145630659
"MARCH2","blue","blue",-0.0283176824919628,0.12515555417361,0.112084969865431,0.112820127479874
"HNRNPM","blue","blue",-0.0489025909999631,0.155334064713259,0.122927951314055,0.0647298987226935
"ZNF558","grey","grey",0.0238840524657727,0.03508993916879,0.0796053217983093,0.0686928592173701
"ZNF121","grey","grey",0.0840083885021038,-0.0232636331557059,0.0849327368137452,0.0772601267713658
"ZNF562","grey","grey",0.15869998639371,-0.0597298374524843,0.118888268110025,0.0856702301607015
"ZNF846","turquoise","turquoise",0.290869315837221,-0.155638473490719,0.133347463146352,0.056099679049867
"UBL5","blue","blue",-0.0952633960683684,0.165787698745486,0.0559613182575395,0.0351466323508424
"PIN1","blue","blue",-0.20626379468978,0.363580224290255,0.150542522698747,0.132062666454754
"OLFM2","grey","grey",0.0580300617229593,0.0501596619345501,0.126647791959702,0.0670910391626082
"C19orf66","grey","grey",0.0207443082747944,0.0476261009541703,0.0796571332047005,0.0562937926477235
"EIF3G","blue","blue",-0.0813251226374503,0.171226232137513,0.0870376188055553,0.0659048606495326
"DNMT1","grey","grey",0.0471280997397712,0.0149098030854865,0.0772115355886724,0.0305683067944069
"MRPL4","blue","blue",-0.0629873924653237,0.158116032623806,0.0994894779444344,0.0666074478932091
"CDC37","blue","blue",-0.170966541192642,0.316573941040001,0.136353485321946,0.0798287940962305
"PDE4A","brown","brown",0.02657558213197,0.0725463784188015,0.132034974138484,0.200482911092232
"KEAP1","blue","blue",-0.0738624428927091,0.150048459837632,0.0890110596078212,0.0720902373533322
"ATG4D","grey","grey",-0.0153429580641654,0.0747376462294266,0.0702207279091281,0.0600877854147137
"CDKN2D","blue","blue",-0.166298120092827,0.289093795252842,0.130435934031791,0.134419047707232
"SLC44A2","grey","grey",0.0622668879926276,-0.00914924999982977,0.0684649640749402,0.0265673237231788
"ILF3-DT","grey","grey",0.023908772810151,0.0163579909121768,0.0498868236204697,0.053306501240648
"ILF3","blue","blue",-0.0291868065081372,0.129272169664992,0.125461222390704,0.0926340893412625
"QTRT1","grey","grey",0.112316688501079,-0.0315315213168895,0.0866380721590082,0.0404011012454464
"DNM2","turquoise","turquoise",0.304305479589644,-0.177664633219961,0.131912454114044,0.048694568695238
"CARM1","grey","grey",0.000684376373268538,0.0774415987877373,0.095298310250284,0.0731586201559306
"YIPF2","blue","blue",-0.0541324699594539,0.1372483676527,0.0912815287286576,0.0534295698082655
"TIMM29","grey","grey",0.0135976730088368,0.0466805957534577,0.0720590540880943,0.0504318360848924
"SMARCA4","blue","blue",-0.0531921708637654,0.21560251033751,0.187597079737876,0.155503269967275
"RAB3D","grey","grey",0.0237795063689443,0.0391482262266186,0.0761558336107476,0.0623182012287196
"PLPPR2","grey","grey",-0.0535063924322766,0.1171020708906,0.0855282870773824,0.0788245588365744
"PRKCSH","grey","grey",-0.0201810036243857,0.0695247873979616,0.0644676511700434,0.0329897712918871
"ELAVL3","brown","brown",0.0655612054772146,0.0808729892906101,0.195893999954764,0.259586068270993
"ECSIT","blue","blue",-0.0223353407864752,0.124412465897456,0.0981885755940787,0.0688868481981596
"ELOF1","blue","blue",-0.0392315441039919,0.103982458345741,0.0771013471034552,0.070046224852714
"ZNF439","turquoise","turquoise",0.354617709071817,-0.214594109513005,0.146135310131586,0.0668898749627714
"ZNF69","turquoise","turquoise",0.359576582773511,-0.220078799012088,0.141464296375969,0.0646931603714686
"ZNF44","turquoise","turquoise",0.267603468898774,-0.136532093283615,0.142562485195929,0.0772517582504332
"ZNF791","grey","grey",0.0794047539691686,-0.00940085501383062,0.102789264037492,0.0896385115984933
"WDR83","grey","grey",-0.0153992088592831,0.0845992714028679,0.0688677094831259,0.0556867037990213
"DHPS","blue","blue",-0.0748291531203738,0.169773944144484,0.0803529625056119,0.0268976917675471
"TNPO2","blue","blue",-0.0829439638125051,0.211718750830898,0.13769892847565,0.103482987419231
"TRIR","blue","blue",-0.0924741900827285,0.17604218267291,0.0800260524240443,0.0457091726747642
"ASNA1","blue","blue",-0.0986700449194402,0.188709574246344,0.0906606578948219,0.0813955713857992
"HOOK2","turquoise","turquoise",0.253784763484228,-0.139708358966889,0.124672384231828,0.0426269477060221
"JUNB","grey","grey",-0.0313241117635262,0.0572355851470838,0.0379623087301316,0.0211133713910826
"MAST1","blue","blue",0.0378663535677879,0.151548643429619,0.20219668182617,0.121137581983108
"GCDH","grey","grey",-0.02657899799024,0.0897168348355876,0.0676340080217022,0.0336628175591304
"FARSA","blue","blue",-0.162857580097608,0.291563171657305,0.142181675009524,0.0880505940900213
"CALR","blue","blue",-0.218270727589477,0.309019777742474,0.109805997601344,0.0394956359443437
"AC092069.1","grey","grey",-0.0647599539062432,0.109263268485244,0.0458834345311068,-0.000132411021308163
"RAD23A","blue","blue",-0.0958699835898691,0.192326791211899,0.101630518197318,0.0812703247228962
"GADD45GIP1","blue","blue",-0.132481663300576,0.2095310107748,0.069317827123129,0.063853267400493
"NFIX","turquoise","turquoise",0.0991571470655433,-0.0785081555142914,0.0125344447258647,-0.00879003569912943
"TRMT1","grey","grey",0.032338531566906,0.0307284546981287,0.0650766371296091,0.0230734747708076
"NACC1","blue","blue",-0.0491417563238256,0.126718629869485,0.0979587737713117,0.107144716596265
"CACNA1A","turquoise","turquoise",0.517430377820762,-0.318533393942343,0.219050967514021,0.0752499920371891
"CCDC130","grey","grey",0.109537508159934,-0.0141685590374289,0.107003674017516,0.0472561589498456
"C19orf53","blue","blue",-0.0909722815478603,0.165084131502732,0.0633801978974608,0.0499413420493529
"CC2D1A","grey","grey",0.186571585557186,-0.058434180646715,0.141667496987937,0.0632247301490697
"SAMD1","grey","grey",-0.0532048718853844,0.0831833096916026,0.0390472145091837,0.0344764892617024
"PRKACA","blue","blue",-0.0986514308970308,0.249804729312686,0.175414467976409,0.150294780840113
"ADGRL1","grey","grey",0.0209992958202153,0.0996053379459808,0.150982533092054,0.0859504775828718
"PKN1","grey","grey",0.00534488422373969,0.0952044351960577,0.122874174112815,0.0908657230018068
"GIPC1","grey","grey",0.118059111734363,0.0207214408122572,0.148588585450224,0.101108859451725
"DNAJB1","blue","blue",-0.123094591004743,0.205194882300214,0.109288853278039,0.0886622701196221
"TECR","blue","blue",-0.0656028372389919,0.148381663884267,0.0809089900170454,0.0339993056668067
"NDUFB7","blue","blue",-0.139058816053811,0.225849821054841,0.0722325372611471,0.0613477579841092
"SLC1A6","grey","grey",-0.0499788375662285,0.122056483907224,0.0795563374865395,0.0435342625955817
"ILVBL","blue","blue",-0.0523301996093679,0.103705043989683,0.0591994095037509,0.0258882278442305
"BRD4","grey","grey",0.129429029742939,0.000849812747331379,0.171438758866533,0.113568228102831
"AKAP8","grey","grey",0.108215365268997,-0.020881990182481,0.0959250388702056,0.0441430031385345
"AKAP8L","grey","grey",0.171282831508706,-0.0282487483811185,0.161645477434215,0.0689455662824403
"TPM4","grey","grey",0.0260305443398244,0.00764542538296083,0.0447730730719616,0.042398451053874
"RAB8A","grey","grey",-0.0225631089830238,0.0709785810174023,0.0466462568351499,0.0244345937520129
"FAM32A","blue","blue",-0.121249828507561,0.214866298980642,0.107829239748293,0.121967651282882
"AP1M1","blue","blue",-0.129667957067186,0.25317920500813,0.131783144877669,0.0873430730414653
"EPS15L1","turquoise","turquoise",0.245647222631087,-0.0746316220762506,0.1855299075711,0.080954381659474
"TMEM38A","blue","blue",-0.0124704204769161,0.137436222888861,0.133520427279803,0.0849502897968508
"SIN3B","blue","blue",-0.102144954717482,0.239377511680543,0.158753579803129,0.0785231196376677
"MYO9B","turquoise","turquoise",0.227658458255327,-0.144602017937625,0.0777066259146302,0.0278769121983334
"USE1","grey","grey",-0.0451269112755612,0.0877275605742601,0.0502901613117002,0.0465347450156615
"NR2F6","blue","blue",-0.0603288167981871,0.12415417917271,0.0822775058019316,0.0790363506015054
"ABHD8","blue","blue",-0.0191327837310061,0.118211705917855,0.113259627941622,0.088699728225145
"MRPL34","blue","blue",-0.104184551621871,0.194539161825976,0.0819598310180122,0.0542842080170082
"DDA1","blue","blue",-0.136250119288269,0.242944381733693,0.116459289478255,0.120407761868295
"ANO8","grey","grey",0.00335167460097481,0.0555766179371194,0.0634767596361912,0.0303336772312796
"GTPBP3","grey","grey",-0.019802414329656,0.0820076423262929,0.0810756598869905,0.0636285455796551
"SLC27A1","turquoise","turquoise",0.161767553658167,-0.0934660542583016,0.0724541731005524,0.0218903062797527
"PGLS","blue","blue",-0.0547611143077476,0.12953682379945,0.0664879605941243,0.0426049952405544
"UNC13A","grey","grey",0.0439714213777366,0.0852282843703154,0.165109168085343,0.171954105013574
"MAP1S","blue","blue",-0.066555802552301,0.144218189084393,0.099094144850741,0.0692902951958443
"CCDC124","blue","blue",-0.0558356164221906,0.13498736226817,0.0782951412107789,0.0780131875473094
"MAST3","grey","grey",-0.00864712728208293,0.099121789535665,0.110418818975623,0.0721990856517969
"MPV17L2","blue","blue",-0.0604162950892443,0.121794979975728,0.055193792391386,0.0419304335228874
"RAB3A","blue","blue",-0.345589060643409,0.476104245641892,0.114909911638147,0.0983159316043573
"JUND","blue","blue",-0.109507208897443,0.163912595125456,0.0685911658631759,0.079323218491696
"LSM4","blue","blue",-0.166304804275088,0.28978530827361,0.129628377319264,0.137758606322563
"PGPEP1","grey","grey",0.116571924546843,-0.0521716853247221,0.0856251658538152,0.0577059130355325
"SSBP4","grey","grey",0.0240542248489015,0.0631043682463078,0.103592136712461,0.078319032460528
"FKBP8","blue","blue",-0.143325676994502,0.269090041444156,0.131362137037398,0.109207235918319
"KXD1","grey","grey",-0.0326015352713271,0.10560392374535,0.0810420549985492,0.074777732032793
"UBA52","blue","blue",-0.162764091310126,0.233614015767764,0.0693232780202337,0.0700541955819723
"CRLF1","grey","grey",-0.0413803419344945,0.087635343058358,0.0501035342785732,0.0505314853234082
"REX1BD","blue","blue",-0.064481869388005,0.133648249975761,0.0598821850893335,0.060230994503482
"TMEM59L","blue","blue",-0.283513059867672,0.4363115463102,0.116814915424737,0.0306438378936754
"CRTC1","grey","grey",0.136665039329751,-0.0298630896003176,0.13111235992688,0.0954983868803055
"UPF1","blue","blue",-0.0912549199897983,0.143800163518418,0.071513424594119,0.0192296536673853
"COPE","blue","blue",-0.12349201964436,0.223197463687939,0.0838823930907973,0.0464530381459801
"DDX49","blue","blue",-0.0321351877466339,0.121367213129159,0.0927967175833118,0.0579594230087766
"SUGP2","grey","grey",0.0642464900741581,0.103235371733119,0.199582443389329,0.128904637569226
"ARMC6","grey","grey",-0.052408012571988,0.124240619466254,0.0791262920724622,0.0396133613023787
"SLC25A42","grey","grey",0.168447706267645,-0.0561251811744194,0.130467083471382,0.0787165540923328
"TMEM161A","grey","grey",0.0479222632235946,0.0116668364943599,0.0757662053686074,0.025816841476632
"NCAN","grey","grey",0.0269377257706972,0.0185007871928223,0.0574902466834531,0.0391447658135025
"SUGP1","grey","grey",0.105611974903268,-0.0132987356030983,0.10838570748202,0.071681846746778
"MAU2","turquoise","turquoise",0.139691901673734,-0.058820544396227,0.0880192214029433,0.0385396837968845
"GATAD2A","turquoise","turquoise",0.121362040732865,-0.0363777645738136,0.108596862824319,0.0678848370356511
"YJEFN3","blue","blue",-0.125139832544484,0.23268022640292,0.0957572873921389,0.0913762829108474
"ATP13A1","blue","blue",-0.048476438330683,0.113380657326478,0.0706259142908462,0.0217725393466779
"ZNF253","turquoise","turquoise",0.185548471277779,-0.112190191852219,0.0945479590984,0.0587993327650539
"ZNF90","grey","grey",-0.0515297342703529,0.0770779888165478,0.0294246131498267,0.0291104633792444
"ZNF737","turquoise","turquoise",0.154442985722022,-0.0755293167086496,0.0883820459100905,0.0685619494441715
"ZNF714","grey","grey",0.142906497245872,-0.0629158209588056,0.0923260451467474,0.0575909827936938
"ZNF431","turquoise","turquoise",0.212748166955422,-0.116456517150382,0.100961870518192,0.0512610691645342
"ZNF708","turquoise","turquoise",0.203713215560248,-0.122041677579663,0.0794622534090732,0.0542769255148067
"ZNF493","turquoise","turquoise",0.370388772386806,-0.234431240914702,0.133891623759794,0.0418660658261196
"AC010615.4","turquoise","turquoise",0.490637753775839,-0.331317629093377,0.156838737691527,0.0639201371537477
"ZNF429","turquoise","turquoise",0.146214185111606,-0.0469822822849844,0.110803627095047,0.0809555604084608
"ZNF43","grey","grey",0.105118286579851,-0.0371235323337604,0.0886178070268479,0.0745837451952225
"ZNF208","turquoise","turquoise",0.198730274091121,-0.0892419770474622,0.120402271439411,0.0726965471889595
"ZNF98","turquoise","turquoise",0.166301160307285,-0.070327115390085,0.0952906459656782,0.059418835456544
"ZNF91","turquoise","turquoise",0.32778215113581,-0.164013140997389,0.185695632789997,0.140145155849241
"ZNF675","turquoise","turquoise",0.306257853400616,-0.158108673975414,0.151915347010188,0.079453264818194
"ZNF254","turquoise","turquoise",0.27322617149335,-0.145128557755223,0.12918857404691,0.0583469098061152
"LINC00662","turquoise","turquoise",0.179402369626619,-0.0443913840978134,0.146250318260434,0.109557216324395
"AC006504.5","turquoise","turquoise",0.358010891211582,-0.206882643390944,0.156459229374066,0.0840406925086372
"UQCRFS1","blue","blue",-0.159257884493754,0.283041926535015,0.120024910517068,0.0967459672921685
"VSTM2B","grey","grey",0.0794382034610742,-0.0245395365279277,0.0666216991908878,0.0484376937744203
"POP4","blue","blue",-0.0599866065577958,0.140091362475226,0.0807979032019682,0.0622276069292639
"C19orf12","grey","grey",0.0430127961740956,0.0738068192363215,0.141806939181758,0.127619003880485
"URI1","grey","grey",0.102420566569442,0.0392246971990558,0.166192444319487,0.129385446556425
"ZNF536","turquoise","turquoise",0.219872907084204,-0.153906225140649,0.0427465700603451,-0.0117251994773513
"ZNF507","grey","grey",0.12398754189052,-0.0550441052085109,0.0805015943137464,0.0579791998260265
"DPY19L3","turquoise","turquoise",0.144507214971824,-0.0809109451162592,0.0727944416338927,0.0456999874950917
"PDCD5","grey","grey",-0.0259539523961575,0.103121317417086,0.0751404593669279,0.0473296580363346
"ANKRD27","grey","grey",0.128062738225221,-0.0254905477016132,0.135799985127951,0.10448739688377
"CEP89","turquoise","turquoise",0.176217332481237,-0.071685496089497,0.118364967114762,0.0610232674505891
"LRP3","grey","grey",0.047588949204012,0.027163316143905,0.110301889992969,0.108484575360751
"CEBPG","grey","grey",-0.00869452775824128,0.0790841714368571,0.084086733359708,0.0739102138605847
"PEPD","grey","grey",0.0287054504135893,0.0793612671397792,0.11322113422877,0.0460141827091605
"CHST8","grey","grey",0.0961609623359089,0.00177714172729117,0.122360490945278,0.0735036372664215
"LSM14A","turquoise","turquoise",0.185628262492901,-0.0774226051001538,0.120149318948618,0.0620151616212926
"KIAA0355","turquoise","turquoise",0.291613523898092,-0.189312734037718,0.106827055325324,0.0513886151782906
"GPI","turquoise","turquoise",0.482118951745263,-0.276607553094202,0.195736752877281,0.0651562522675793
"UBA2","blue","blue",-0.091549660153133,0.225837714140363,0.155412363110938,0.103483630571609
"SCGB2B2","turquoise","turquoise",0.305515911255572,-0.196524835242111,0.105502010764625,0.0435950532846809
"ZNF302","grey","grey",0.0123918938382877,0.0834649084827659,0.120478809876057,0.088062678605847
"ZNF181","grey","grey",-0.0285165117783139,0.0723737173162714,0.0590391615438399,0.0538328764067875
"GRAMD1A","grey","grey",0.0107629657051883,0.0963796154886513,0.114447751554068,0.0650689136483272
"SCN1B","grey","grey",-0.00350163251418579,0.0451039264614703,0.0464447303107725,0.0422733193242734
"FXYD7","blue","blue",-0.0788426818347849,0.189874275626952,0.106818025471175,0.0737498413259298
"USF2","blue","blue",-0.0513768582252416,0.1380353706043,0.105876025810192,0.117936962831034
"MAG","turquoise","turquoise",0.0268950465331898,-0.0518473057675742,-0.0258467093754316,-0.0219626282303387
"TMEM147","blue","blue",-0.125817925476021,0.222575666717112,0.0900828963850726,0.0612372490659926
"RBM42","blue","blue",-0.074695092113175,0.144622048743829,0.0786936903040429,0.0352048990393442
"COX6B1","blue","blue",-0.128996620656037,0.234363139710159,0.0903002432076219,0.0672854635910871
"APLP1","blue","blue",-0.138040181076622,0.206164006414846,0.0653280099074704,0.00833054872683138
"LRFN3","grey","grey",-0.0577641480572378,0.0994406236234334,0.0642202115795284,0.0579791998647214
"SDHAF1","blue","blue",-0.0581083867781004,0.122010577719988,0.0657022230023423,0.067574950075658
"ALKBH6","grey","grey",-0.0189895678980938,0.113241297001125,0.0971476689225037,0.0581952854447793
"AC002116.2","blue","blue",-0.0579870628574733,0.121552911945401,0.0579413880354057,0.0484713528070202
"CLIP3","blue","blue",-0.293573902342598,0.415457875554991,0.115178571830662,0.0948467530721285
"POLR2I","blue","blue",-0.0482132543871625,0.107326175552404,0.0544942019462087,0.0408288783554027
"TBCB","blue","blue",-0.183608455575732,0.30898797448255,0.109572309429109,0.0554703372667873
"CAPNS1","blue","blue",-0.209381093534694,0.350286003694376,0.13239540469594,0.0917382646658574
"ZNF565","turquoise","turquoise",0.253037766676846,-0.145116729171389,0.114182262962491,0.0520573517869595
"ZNF146","grey","grey",0.124319184923066,-0.0570375906587593,0.0860031948886457,0.058183734750796
"LINC00665","grey","grey",0.0772079657171446,0.00623911762890925,0.0915157033012022,0.0671614694010347
"ZFP14","turquoise","turquoise",0.205976571813193,-0.0928982998968766,0.118976816750082,0.0767039480669048
"ZFP82","grey","grey",0.108822236294741,-0.0587144060231438,0.0678039378906338,0.04687101175451
"ZNF566","turquoise","turquoise",0.169960847740445,-0.0803679892777462,0.094307596769943,0.0743809957172619
"ZNF260","grey","grey",0.0329579091593009,0.0104577062989396,0.0571319470311778,0.0517861523289157
"ZNF529","turquoise","turquoise",0.183584216288776,-0.0746415445756875,0.122673691738955,0.091260842967762
"ZNF382","turquoise","turquoise",0.162453853827237,-0.096495054992782,0.0758672163435007,0.0526768173754706
"ZNF345","turquoise","turquoise",0.220902750968752,-0.119633259753272,0.0868764498860993,0.0402055711330799
"ZNF568","turquoise","turquoise",0.189552153617582,-0.083211231556878,0.111567689180436,0.078785281905154
"ZNF420","turquoise","turquoise",0.268154637701812,-0.124274854309712,0.150569404694633,0.089192088289789
"HKR1","turquoise","turquoise",0.21830565706756,-0.102471768660933,0.128221547242572,0.0804235148629448
"ZNF569","grey","grey",0.0941653912573727,-0.00934644410103559,0.0986372791629615,0.0714366926598455
"ZNF793","grey","grey",0.13165346075532,-0.039920444687534,0.108813321475811,0.0791935419871017
"ZNF540","turquoise","turquoise",0.151633920956309,-0.0654795459569772,0.0882081319634858,0.0527629456370567
"ZFP30","turquoise","turquoise",0.16307566497821,-0.0778036583648157,0.0937255808982594,0.0659473387758084
"SIPA1L3","turquoise","turquoise",0.364351920344902,-0.196464348374228,0.169607810541626,0.0836497342219803
"DPF1","grey","grey",-0.00822851332258687,0.0734746333262849,0.0865750577496976,0.0879107970543312
"PPP1R14A","grey","grey",0.00250494247773296,-0.0395808899320952,-0.0399688351905162,-0.0403152640110288
"YIF1B","blue","blue",-0.0633329825326201,0.134774408575843,0.0720735581823692,0.0320715335367403
"CATSPERG","turquoise","turquoise",0.291915961226973,-0.151787951391692,0.155577719578814,0.0846809508738164
"PSMD8","blue","blue",-0.239830665928413,0.374593529160685,0.119131745257818,0.0864664600051569
"SPRED3","grey","grey",0.038701956137228,0.0155731582885113,0.0696689897234867,0.0685517766498646
"RYR1","turquoise","turquoise",0.221284346267912,-0.132065403939779,0.0885506005424678,0.0281179405721537
"EIF3K","blue","blue",-0.0352616445904864,0.175508657340827,0.120687055470448,0.0712206786851075
"ACTN4","grey","grey",0.0566359998005605,0.03198306832663,0.113492264309416,0.0574898996350649
"ECH1","blue","blue",-0.102573755152465,0.191870348389849,0.08707123852678,0.0557684399787735
"HNRNPL","turquoise","turquoise",0.26670534416506,-0.153005956398796,0.11505592837765,0.0497586311882572
"SIRT2","grey","grey",0.0816746105134339,0.0161996661228758,0.109768613555373,0.0582692522216277
"NFKBIB","grey","grey",-0.0403508403661614,0.0897323017051066,0.0624428912749375,0.0528817033523706
"MRPS12","blue","blue",-0.101647206705685,0.177653241168926,0.0700988959398394,0.0573803132920934
"FBXO27","grey","grey",0.0508781591448058,0.02052111900159,0.0914037911610853,0.0788184574381543
"LRFN1","grey","grey",-0.0438115179565332,0.0919123214997958,0.0627905510768993,0.0530580462410657
"SAMD4B","grey","grey",0.134129191140778,-0.0257102416836561,0.143173195762281,0.115523138285148
"PAF1","blue","blue",-0.086609588031492,0.160958206367791,0.0812592127001431,0.0405017720163678
"MED29","blue","blue",-0.11863181364976,0.213426799036311,0.0932789476592454,0.0821214480586455
"RPS16","grey","grey",-0.0506899313822453,0.0779833154974256,0.0159606717348201,0.00140818561236325
"SUPT5H","blue","blue",-0.0513738250718265,0.148363251794065,0.12106804834505,0.106613498754635
"TIMM50","blue","blue",-0.0669422690975463,0.149199567194958,0.0875942488022414,0.0708758746165636
"EID2B","grey","grey",-0.0328878151433102,0.118394508284814,0.0912460054486209,0.0573400823985606
"EID2","blue","blue",-0.0979595019699042,0.188643092229844,0.0988990233428166,0.062663679586526
"DYRK1B","grey","grey",-0.0258294732759996,0.0783661241754263,0.0681022154480279,0.0522186367761032
"PSMC4","blue","blue",-0.147635531809904,0.252264832394997,0.0988219927550572,0.0354258191808016
"ZNF780B","turquoise","turquoise",0.35871906825091,-0.211159328001304,0.15922981186824,0.0896009345513486
"MAP3K10","grey","grey",0.096560183431367,-0.0273887796959945,0.0894139193651538,0.0832159284895231
"TTC9B","blue","blue",-0.0758500187488032,0.166733983744175,0.0866866368627739,0.0877794967054426
"AKT2","turquoise","turquoise",0.274907803716464,-0.165363802080467,0.109226902570938,0.0527039471203188
"PLD3","blue","blue",-0.477736313493421,0.56669674761765,0.0705891938146263,-0.000862840176992508
"BLVRB","blue","blue",-0.075265946529216,0.192825449945735,0.105123082690546,0.0552673609045045
"SPTBN4","turquoise","turquoise",0.295133929789316,-0.0879613884481927,0.229865052938333,0.144498034888477
"NUMBL","blue","blue",-0.0397750485991483,0.154200643286622,0.133765599253532,0.0819384045495341
"COQ8B","grey","grey",0.0674413858213888,0.00363425405949489,0.0786941469805783,0.0525799070115439
"SNRPA","grey","grey",-0.0227363858881266,0.0674095847092751,0.0487728403095663,0.0217629779025641
"AC008537.1","turquoise","turquoise",0.471074997394977,-0.310678497510086,0.153879480195357,0.0702970427946848
"CYP2S1","blue","blue",-0.077610851613424,0.140840548181753,0.0731276890952997,0.0348742083602275
"HNRNPUL1","grey","grey",0.0849972047236462,-0.00300362014693166,0.103841129355758,0.0603358185140348
"DMAC2","blue","blue",-0.059790975504832,0.146038631329957,0.0880639085914982,0.0704651773262438
"CEACAM21","grey","grey",-0.0188056789643063,0.079824362176495,0.068258497809272,0.0558753265884055
"RPS19","blue","blue",-0.10680763785705,0.150135710158721,0.0418729290430052,0.0401743913096463
"RABAC1","blue","blue",-0.250736097185013,0.370057059378208,0.0918949229968154,0.047795975992868
"AC010616.2","blue","blue",-0.103916263853759,0.190759922796759,0.0969998515327025,0.0188741004514438
"GRIK5","turquoise","turquoise",0.187540643297835,-0.0567488610568149,0.155160822157158,0.107243891570959
"DEDD2","blue","blue",-0.0829534998070574,0.169604899796388,0.0999382342727596,0.0738005372169789
"GSK3A","blue","blue",-0.110906566320976,0.195602316989647,0.102707293027155,0.114536875551561
"CIC","grey","grey",7.19367552130775e-05,0.0658852755204162,0.0892900518874504,0.0751128242593978
"PAFAH1B3","blue","blue",-0.0726363009431291,0.138010089622705,0.0636539441574603,0.0398057718202222
"TMEM145","grey","grey",0.00324264374045177,0.0745483077608523,0.079748133239251,0.0341253668097815
"MEGF8","blue","blue",-0.126877006507916,0.243726401527855,0.130722424117486,0.0731509582442072
"LIPE-AS1","turquoise","turquoise",0.235749259920919,-0.147367340427932,0.0951055886689209,0.0301485369843014
"LIPE","grey","grey",0.0241141520471167,0.0162346807746153,0.0410153193295375,0.00110815738940621
"ZNF428","blue","blue",-0.0515370450751048,0.135205674161671,0.0868210358503517,0.0844612865504554
"CADM4","grey","grey",-0.035048207533543,0.0695766582787433,0.0412144552123218,0.024529836374148
"SMG9","blue","blue",-0.0212465347108439,0.120588510212234,0.108566811488467,0.0643598355165403
"ZNF283","grey","grey",0.132398057131289,-0.0486471257752357,0.096941857467202,0.0629541402085758
"ZNF155","turquoise","turquoise",0.154033347031897,-0.075398355973409,0.0952453650469451,0.0753497326155626
"ZNF226","grey","grey",0.0156581474043719,0.0815464524143335,0.100756323673033,0.0589385822933202
"ZNF235","turquoise","turquoise",0.360739904270835,-0.211177978409563,0.143532355100321,0.0650472071962688
"PVR","grey","grey",-0.00979873074917999,0.0697595338734191,0.0661408565804312,0.0406416209872979
"NECTIN2","grey","grey",-0.0248170434380618,0.0989150587373281,0.0927135160489427,0.0517902411058237
"TOMM40","blue","blue",-0.131056674715193,0.255799653091519,0.130807427983433,0.076780528975086
"APOE","grey","grey",-0.0819705901004566,-0.0511091904725959,-0.134325191122881,-0.105751088338461
"CLPTM1","blue","blue",-0.179721220421079,0.293729662701747,0.1275074748003,0.0785491369810168
"CLASRP","turquoise","turquoise",0.297440102940091,-0.174116045214403,0.130175789820219,0.0516468769519771
"MARK4","turquoise","turquoise",0.194608385327798,-0.0552869701106846,0.157904770077024,0.112505928113018
"ERCC2","grey","grey",-0.0133785527139076,0.0862683431408012,0.0831337129180171,0.0499872942685037
"CD3EAP","grey","grey",-0.0434754051909744,0.0980824443323252,0.0634103480134346,0.0549905553572104
"ERCC1","grey","grey",-0.0102252237128124,0.0859228107281395,0.0856975849316941,0.0597237375906437
"RTN2","grey","grey",-0.00949945804543745,0.121731309916304,0.134105181216821,0.101860547300442
"OPA3","grey","grey",0.0469549406481197,0.0471421047958564,0.116591763779164,0.104161391649797
"EML2","blue","blue",-0.0106922491392282,0.181047186209891,0.193735743523964,0.15015831962149
"SNRPD2","blue","blue",-0.0720419814759453,0.148452374040597,0.0662731189568086,0.0391129882982411
"SYMPK","grey","grey",0.0715155391342139,0.0159410114985202,0.114106948653313,0.0780136456355973
"IRF2BP1","grey","grey",-0.0550931393018679,0.111195696734531,0.0742481652565703,0.047261379966731
"MYPOP","grey","grey",0.00989934439166642,0.0530957087532973,0.084390875179888,0.069374704894147
"NOVA2","blue","blue",-0.0824147881681471,0.210068427191675,0.155400435744543,0.143277042751095
"PPP5C","blue","blue",-0.100264335646073,0.238094506387548,0.138911675952317,0.089234924221175
"PNMA8C","blue","blue",-0.0946772394399433,0.171967720875199,0.0966886648574532,0.101820687403592
"PNMA8A","blue","blue",-0.313513910303222,0.459414850566333,0.138744102790186,0.0814268601552216
"CALM3","blue","blue",-0.412845254978314,0.496169149439063,0.0941243516008756,0.178269103668931
"AC093503.2","blue","blue",-0.117646428716828,0.210353302033474,0.0962103347310678,0.115999844287489
"DACT3","blue","blue",-0.0357640984475768,0.104988510652685,0.0903549663242047,0.0922954867023113
"FKRP","grey","grey",-0.0137585367474669,0.0776058437602064,0.0741683953472489,0.0469175447358258
"AP2S1","blue","blue",-0.162400074468909,0.292033620056191,0.117213858788609,0.0922968931985775
"ARHGAP35","brown","brown",0.000104057972623328,0.124046979005957,0.178684612407625,0.252194256080967
"TMEM160","blue","blue",-0.151822508793056,0.263983253794886,0.112914745801427,0.106173084181619
"ZC3H4","grey","grey",0.0430013317737673,0.00455197663320723,0.0602927872590191,0.0356460688632794
"SAE1","grey","grey",-0.012622320492083,0.10143175236862,0.109535862001632,0.0958988107619
"INAFM1","blue","blue",-0.0628122058725945,0.121952675924172,0.0599483822627503,0.0402534049966607
"SLC8A2","blue","blue",-0.027303900809771,0.114673082728526,0.102704289294184,0.0612673278249861
"NAPA","blue","blue",-0.122657067496062,0.251493236242457,0.127142466699868,0.0584341608443425
"NOP53","grey","grey",-0.0368665419192122,0.0827096295026759,0.056787931021589,0.0380619770987005
"SELENOW","blue","blue",-0.338774362628661,0.43819684321459,0.0983756216026359,0.128171831521696
"PLA2G4C","grey","grey",0.183155537823897,-0.0642416432736129,0.122124662688669,0.0560701226764272
"LIG1","grey","grey",0.111467157654052,-0.0317807769585879,0.0894259318451315,0.0436843412695433
"ZSWIM9","grey","grey",-0.0143120048385564,0.0761944577231812,0.0844223146386365,0.0993273146056005
"KDELR1","blue","blue",-0.0708824566279964,0.149134840674395,0.101533980912485,0.0643373477965216
"GRIN2D","turquoise","turquoise",0.280943582585869,-0.143554399232651,0.158097682351736,0.0780643287855617
"GRWD1","blue","blue",-0.0598463431839949,0.122261061316168,0.0696246498899894,0.0480926186577109
"CYTH2","grey","grey",-0.0156073258424671,0.0659760993810273,0.0655106636357888,0.0282418524040373
"LMTK3","grey","grey",0.145209610456485,-0.0293335340551585,0.155363513150024,0.065206948846935
"RPL18","blue","blue",-0.125925215995893,0.21434850194379,0.0845049391614641,0.0692709118310873
"SPHK2","grey","grey",-0.00353941416540054,0.106112927377424,0.126308816414797,0.10644233084057
"DBP","blue","blue",-0.073984654227353,0.167176426594004,0.099317113958385,0.0736289401739227
"CA11","grey","grey",-0.0295201830389015,0.0776729818973674,0.0700349935347399,0.0800652731000998
"PPP1R15A","grey","grey",-0.0411726570715915,0.075729757765678,0.0426418296577067,0.046439619276379
"NUCB1","blue","blue",-0.155820432534873,0.27553044027117,0.113600927547712,0.0451195882024728
"FTL","blue","blue",-0.259777372363377,0.264702614275447,0.00869007457503338,0.0475131760038596
"GYS1","grey","grey",0.197782257917815,-0.0986423891988317,0.118362423280823,0.0505749708724504
"RUVBL2","blue","blue",-0.0804882012676356,0.174275881093843,0.09605939903577,0.0540865692889134
"SNRNP70","turquoise","turquoise",0.270635433281233,-0.107701345000477,0.170694413980297,0.073424446334066
"LIN7B","blue","blue",-0.068506057715739,0.156491800725304,0.0910295228769913,0.0701589889114688
"PPFIA3","grey","grey",-0.000159470322568868,0.117902306001191,0.145891672976551,0.118286736827759
"PIH1D1","grey","grey",0.061126456759863,0.0174322485129771,0.0844002129188496,0.0522643810693158
"RPL13A","blue","blue",-0.105954086571309,0.13273712763126,0.0283207544736674,0.040172659516308
"RPS11","blue","blue",-0.0997722129057978,0.117672739857111,0.0199851495426625,0.0252287551836688
"NOSIP","blue","blue",-0.0166899293732811,0.0939365304261521,0.0822874255566833,0.0648399404238447
"PRR12","grey","grey",0.10027913187811,-0.0254145184376518,0.0953152724928675,0.0568310019161625
"SCAF1","blue","blue",-0.115880844329428,0.217195083754386,0.114119716593028,0.091002805459794
"IRF3","grey","grey",-0.0198707659115622,0.0551430012753689,0.0373909573237586,0.0217254335145019
"PRMT1","blue","blue",-0.131268622593041,0.241560540410751,0.120242415455417,0.0876948859187068
"CPT1C","blue","blue",-0.00765319709860112,0.136075478800195,0.146615171171265,0.0923560705139047
"AP2A1","blue","blue",-0.209079476028362,0.37391723242208,0.15840847280939,0.0803017301078968
"MED25","grey","grey",0.0554007700583904,0.0437266401580124,0.101881815427535,0.0534519816380442
"PTOV1","blue","blue",-0.0785857203775019,0.197555410514278,0.114561640961187,0.0505144615841917
"TBC1D17","blue","blue",-0.0596865327829021,0.119621043206336,0.0707540728884084,0.0499570338730795
"VRK3","grey","grey",0.0504199081799204,0.0428599762818611,0.119082078992828,0.101056129533278
"MYH14","grey","grey",0.0602912244838509,0.0887293875439158,0.159980404026858,0.0932599444168058
"NR1H2","grey","grey",-0.00798616925150573,0.0721596628022524,0.0770513726356584,0.0605157247544401
"FAM71E1","blue","blue",-0.0633991490929563,0.123617288162869,0.0583115489161251,0.0533197580513289
"EMC10","grey","grey",-0.0280760660522236,0.0843985665228914,0.0640396942043316,0.0392941132847202
"JOSD2","blue","blue",-0.0572031865082833,0.128413093822787,0.0674850328494585,0.0521121803301807
"LRRC4B","grey","grey",0.00926744579972816,0.109683017563679,0.160366549995713,0.139738902353711
"SYT3","blue","blue",-0.0209697837183849,0.0896815214806441,0.0782047920566772,0.0668186873844857
"SHANK1","turquoise","turquoise",0.276639684819435,-0.158955669713593,0.136645541168538,0.0777144565270539
"CTU1","grey","grey",-0.0459493550051366,0.0932277752699942,0.052235463025326,0.0403600701751057
"IGLON5","blue","blue",-0.0258998851883952,0.112319800449034,0.107137289967913,0.0943552934875135
"ETFB","blue","blue",-0.149528031554146,0.257777575674718,0.108178619456021,0.0836690894030155
"SPACA6","turquoise","turquoise",0.183048276685407,-0.0957838384088798,0.0859701852494488,0.0350546395968674
"ZNF577","turquoise","turquoise",0.261145474462206,-0.17436169933814,0.0911248782832826,0.0495619425123179
"ZNF432","turquoise","turquoise",0.211307117775221,-0.125605532155678,0.0930263495201758,0.0378425176750999
"PPP2R1A","blue","blue",-0.340479333386171,0.469645763675377,0.10555600297456,0.0438073594583325
"ZNF528","grey","grey",0.119272867596861,-0.0503192519989827,0.0814567025623063,0.068055162610403
"ZNF83","turquoise","turquoise",0.260295690620994,-0.135798981693202,0.132589938496329,0.0674570713599518
"ZNF611","grey","grey",0.162553939356337,-0.0740537892459102,0.103211032829975,0.0752342624999733
"ZNF160","turquoise","turquoise",0.162738255163236,-0.0700187232459485,0.103228535057709,0.0759996074156425
"ZNF761","grey","grey",0.135280740417904,-0.0600168494902895,0.0848801265910822,0.0590221932337676
"ZNF331","turquoise","turquoise",0.115687196599962,-0.0123816477135202,0.125778470359763,0.095209403292145
"MYADM","blue","blue",-0.117368494617173,0.187341214817086,0.0792076906594039,0.0366663198563765
"AC008440.2","blue","blue",-0.0692728678457909,0.122906889220778,0.0635380143856648,0.0449855545360968
"PRKCG","grey","grey",0.0227553891060259,0.073566555803685,0.0969848528163645,0.037198920823795
"CACNG7","turquoise","turquoise",0.249334627185578,-0.118240159946791,0.146937107892985,0.0857902074224455
"CACNG8","brown","brown",0.0505760063056117,0.0647894515074486,0.150677619527464,0.191172185436788
"NDUFA3","grey","grey",-0.0626972785242828,0.1313971236052,0.0611306621387432,0.0445724102366002
"TFPT","blue","blue",-0.0581611490587349,0.115472182759067,0.0626005890881824,0.0635426497564762
"PRPF31","blue","blue",-0.0293328730022811,0.106032350935684,0.0831493757588465,0.0389163661428773
"CNOT3","grey","grey",-0.0250533753153087,0.0689332367577683,0.0498844373379872,0.0111018278985421
"MBOAT7","blue","blue",-0.145803596541152,0.272522391008732,0.125250621135303,0.0567735416740236
"TSEN34","grey","grey",-0.0423826999821516,0.0884764947224331,0.0552848498791254,0.0345625131461195
"RPS9","blue","blue",-0.115354408742497,0.172394910363192,0.0531390441705716,0.0515582546425354
"TTYH1","grey","grey",0.0378230069486168,-0.0630486416199866,-0.0261033320045493,-0.0194616703072398
"LENG8","turquoise","turquoise",0.250146491712321,-0.142617380510235,0.114151890667764,0.0300850735193114
"RDH13","grey","grey",0.0609689165163659,0.0372555303569473,0.118129307202572,0.0852167944861105
"PPP1R12C","blue","blue",-0.0421759632576779,0.154190275240389,0.141596031222671,0.145054299220776
"SYT5","blue","blue",-0.0750113209933398,0.182903218480112,0.110202849553788,0.0666099520194405
"PPP6R1","grey","grey",-0.0108357479312961,0.0848617393389611,0.107561255480289,0.109276419280256
"HSPBP1","blue","blue",-0.0725751056614181,0.172717382071782,0.0983467561760815,0.0559804835386126
"BRSK1","grey","grey",0.00889191944585607,0.087021670546751,0.137761658580714,0.145749194459806
"RPL28","blue","blue",-0.115789923910854,0.206734287802548,0.0837815239514687,0.0580130634835672
"UBE2S","blue","blue",-0.0986840512908277,0.17782333475259,0.0782346539009048,0.0695625295110842
"ISOC2","blue","blue",-0.121116800826853,0.22733390991642,0.0994566727792502,0.0838468658241487
"NAT14","blue","blue",-0.0677232099247847,0.151686131457132,0.0942187724056369,0.0793654200942773
"ZNF579","grey","grey",-0.0427216445792876,0.069127501755759,0.0384121111416877,0.0162732168890662
"CCDC106","blue","blue",-0.0724816981496345,0.136423853434295,0.074859470611015,0.0676225559414034
"U2AF2","blue","blue",-0.0504800104898304,0.122847860054459,0.0809322507319383,0.0416874184349924
"EPN1","blue","blue",-0.0992281969853294,0.207779057404145,0.11893907563509,0.103061877615996
"ZNF787","grey","grey",0.0174030125471898,0.0503276690578735,0.0771477487966294,0.0644379165741458
"ZNF444","grey","grey",0.06627513937041,0.00586986711878242,0.0807840619048786,0.0575662919894442
"ZSCAN5A","turquoise","turquoise",0.288019420362142,-0.166130690307527,0.12200042253231,0.0523415439191888
"ZNF583","grey","grey",0.073064873073063,-0.0026773688344719,0.0907836798200951,0.0778194932946965
"ZNF667","grey","grey",0.0487337535453905,0.050303681704732,0.121254581766194,0.0959145064666541
"ZNF667-AS1","grey","grey",-0.0112279372445698,0.120327541238915,0.115057326569593,0.0989681207456662
"ZNF471","turquoise","turquoise",0.162480910538383,-0.0830927042020545,0.0930949384280856,0.0671086530718188
"ZFP28","grey","grey",0.0188853519738999,0.0530566071388507,0.0878615195398873,0.0784444995791045
"ZNF470","grey","grey",0.0554175100399897,0.0122351826029897,0.0813138130517638,0.0832347275308249
"ZNF264","grey","grey",0.128259469383479,-0.0504915100290385,0.10242357563612,0.0853552154208066
"AC005261.1","turquoise","turquoise",0.0867116527345894,-0.0142726951241907,0.0956557665311029,0.0890201431671026
"AC004076.1","turquoise","turquoise",0.196505816367466,-0.0838262849808441,0.12715159496687,0.088985747141986
"ZNF549","turquoise","turquoise",0.169154656689883,-0.0841686174070813,0.0977014422692159,0.060910367499548
"ZNF586","turquoise","turquoise",0.411155503923115,-0.275330786722456,0.140440929565063,0.050981670777782
"ZNF814","turquoise","turquoise",0.257936892542398,-0.1375602842597,0.133371382493921,0.0764931425674845
"ZNF135","turquoise","turquoise",0.162276549865199,-0.0906036390079977,0.0654979348702361,0.0159519542396448
"ZSCAN18","blue","blue",-0.113609187446187,0.261434191906851,0.149415246705968,0.0703946987295681
"ZNF329","grey","grey",0.0883554043469256,-0.0268289315159465,0.0788670724225514,0.056123791218271
"ERVK3-1","blue","blue",-0.0580314296199634,0.120455460257105,0.0661690985388872,0.0577941244446633
"AC010642.2","grey","grey",-0.0305079337419209,0.0835830818644459,0.0552732436750799,0.0434598621999516
"RPS5","blue","blue",-0.10208230486373,0.175784680923825,0.0743766847962617,0.0798480182563854
"SLC27A5","grey","grey",0.0235148829740384,0.0233290734973273,0.0508311874576828,0.040700387548466
"TRIM28","grey","grey",-0.0313859252088516,0.0853787017143522,0.067930734984989,0.0170184731991454
"CHMP2A","blue","blue",-0.086787605239531,0.148172124843618,0.0567680817306341,0.0381550870380387
"UBE2M","blue","blue",-0.153661526367148,0.259847519847662,0.112774159480198,0.125706109646891
"MZF1","grey","grey",0.115554003014273,-0.0151442999032327,0.108740433345766,0.0764536614277695
"RPS4Y1","grey","grey",-0.0222622440949069,0.104975619337302,0.0764341959193127,0.0576167287874226
"TTTY15","grey","grey",0.080834246807914,0.00823271778339507,0.0970072964241708,0.0880379024401808
"USP9Y","turquoise","turquoise",0.205448951269918,-0.0608963855428077,0.148341995179987,0.123436332679842
"UTY","turquoise","turquoise",0.338323809048667,-0.218176660284163,0.0988855552983564,0.0190071908120769
"NLGN4Y","turquoise","turquoise",0.238541450241906,-0.115163675891935,0.113512789440575,0.0488573354578966
"TTTY14","turquoise","turquoise",0.437443586014384,-0.27341741750477,0.135499791774456,0.0383073269005404
"HDHD5","grey","grey",0.063450154556042,0.00780078505522735,0.0716943012664609,0.0414928956187322
"ATP6V1E1","blue","blue",-0.35850013990429,0.495848188666386,0.104028235400163,0.0586800076493952
"BCL2L13","grey","grey",0.0358299666291008,0.0946390046461009,0.164354891501543,0.157037183055985
"MICAL3","turquoise","turquoise",0.403763732752861,-0.212888106681486,0.192078851692838,0.0983309891246747
"PEX26","grey","grey",0.0053021322157128,0.0665304347790517,0.096233168477248,0.109721404928599
"DGCR2","blue","blue",-0.0486309621758166,0.165495790421514,0.143025328329475,0.0784489491929652
"ESS2","grey","grey",-0.0434897244671814,0.0974831556189086,0.0642814829011724,0.0288041618913973
"SLC25A1","blue","blue",-0.0997034648521458,0.185264865468701,0.0862335783676528,0.049945774719852
"CLTCL1","grey","grey",0.218962990577846,-0.0450021952302303,0.175037537829198,0.0647640638688508
"HIRA","grey","grey",0.102822178030176,-0.0213691994460881,0.095735474137099,0.0707351779282991
"MRPL40","blue","blue",-0.0657518293143938,0.125853290960686,0.0551206460006432,0.0368908040073967
"UFD1","grey","grey",0.00833923430581177,0.0829963038613355,0.08675649338186,0.0427728711030161
"TXNRD2","grey","grey",0.00022489530731894,0.074595896343023,0.0845622306725016,0.0556945597040757
"COMT","grey","grey",0.0220404927351539,0.0662098448772813,0.0945167240092325,0.0345160020793447
"ARVCF","grey","grey",0.000516458308271267,0.0600139821275806,0.0752236818546921,0.0306946440895779
"TANGO2","grey","grey",0.106325133098478,0.0341573068632763,0.167286238126184,0.109658593166483
"DGCR8","grey","grey",0.125338637786506,-0.0539043590152256,0.08283253108065,0.0306776170843927
"TRMT2A","grey","grey",-0.0275828951830803,0.0860289227169729,0.0709862147772713,0.0478321355763992
"RANBP1","blue","blue",-0.100520916255075,0.180695541724388,0.0707438590650171,0.0504143928432897
"ZDHHC8","grey","grey",-0.00134375028114567,0.045036460321199,0.065767093575535,0.0432860344056052
"DGCR6L","blue","blue",-0.0661817621623957,0.139749814478009,0.0729209743425795,0.0661772721857996
"KLHL22","turquoise","turquoise",0.442129164388152,-0.278076311346745,0.172985989599476,0.0730341141942859
"MED15","grey","grey",0.140299379702347,-0.0163682705971129,0.150231632463004,0.0867999589085192
"PI4KA","grey","grey",0.119888673443614,0.105071540952729,0.228261287841395,0.136324250965879
"SNAP29","grey","grey",-0.0243577942735635,0.111701999477758,0.0967821961207779,0.0710703912602178
"CRKL","blue","blue",-0.0515574259294616,0.150200627381143,0.123229315290309,0.103439140603765
"LZTR1","grey","grey",-0.0262300054565419,0.0920137900168098,0.0714814984419256,0.0506895902575433
"THAP7","grey","grey",-0.0635193975990955,0.114358259454394,0.0620737265345376,0.0505119082743319
"P2RX6","grey","grey",-0.00830928396682448,0.0657715074677225,0.0601487770983599,0.0362282955026467
"SLC7A4","blue","blue",-0.0922512406784523,0.164605241634515,0.078451714735602,0.0326026138904935
"HIC2","turquoise","turquoise",0.420150929640487,-0.275214958337047,0.148258731188188,0.0608512912955135
"UBE2L3","blue","blue",-0.078145086236127,0.202406796973631,0.142840763491924,0.128350100882577
"YDJC","grey","grey",-0.0399006039393699,0.0969696067809661,0.0599088029579131,0.0443729770586794
"SDF2L1","blue","blue",-0.0758450556689573,0.136748332880386,0.0647896757538135,0.0628262817686896
"PPIL2","grey","grey",0.113802236074316,-0.0306721460857829,0.0946215549314601,0.0385665778310898
"MAPK1","blue","blue",-0.101442262996455,0.236020983144309,0.161993668723527,0.160947414679328
"PPM1F","grey","grey",0.0133790449516563,0.055224468950688,0.0923548978725766,0.0724837089303887
"AC245060.5","turquoise","turquoise",0.369818536350973,-0.252846690046847,0.124557170762121,0.0465014268144804
"ZNF280B","grey","grey",0.0270570394722867,0.0494364331768463,0.0984505571458356,0.0899946284879031
"GNAZ","blue","blue",-0.0927100584159542,0.196786520188986,0.144303638751526,0.150928898854589
"BCR","grey","grey",0.127119175380442,0.0070186399303941,0.158774511000173,0.125584111883349
"CHCHD10","blue","blue",-0.128515838683449,0.23773465940839,0.090517133319373,0.0558118816074664
"SMARCB1","grey","grey",0.0209309265535965,0.0874927989598957,0.120590203981836,0.0644197356362733
"DDT","blue","blue",-0.104161768630631,0.195883469116518,0.0712222971858979,0.04269287971157
"CABIN1","turquoise","turquoise",0.217478622130508,-0.0967872677841626,0.132491732794588,0.0772931385689343
"SNRPD3","blue","blue",-0.0449830615217042,0.136851742666824,0.105942253646412,0.0990071545403187
"LRRC75B","grey","grey",-0.0173160454505964,0.0787357622974151,0.0749570238596431,0.0637329439881529
"SGSM1","grey","grey",0.0967680777853269,0.0843547503777074,0.204069944384504,0.105855234568793
"KIAA1671","turquoise","turquoise",0.234232278314441,-0.127221529752747,0.128761737311529,0.085153168943251
"GRK3","brown","brown",0.0980742945874318,0.0259905995441781,0.166823837005285,0.236974304288545
"SEZ6L","grey","grey",0.155482647142209,0.027787501881128,0.209540825856685,0.0588100183801279
"ASPHD2","blue","blue",-0.0453361052412781,0.120080456024222,0.096326623380504,0.0757750089331448
"HPS4","grey","grey",0.0674991368286006,0.0030714970021035,0.0874358840466781,0.06706086829834
"SRRD","grey","grey",-0.043831166306111,0.0920038427270991,0.0566845776138692,0.0594575257152404
"TFIP11","grey","grey",-0.037675827880522,0.0847101082996752,0.0698100755710544,0.0350691335109143
"MIAT","turquoise","turquoise",0.677494238858935,-0.478634158384955,0.197766862120159,0.0611820420797085
"MN1","grey","grey",0.0201960969198685,0.0444567077325846,0.0863548174970986,0.066989302641276
"PITPNB","blue","blue",-0.014192625482352,0.149085548195558,0.167659396309228,0.198574123800817
"TTC28","turquoise","turquoise",0.538205483530021,-0.354882045661015,0.174344293675424,0.0660711824257355
"XBP1","blue","blue",-0.0757903877867062,0.160081496742332,0.0957709122796292,0.0580896964359536
"RHBDD3","grey","grey",0.0941610671360451,-0.006735259016717,0.09961796137064,0.0659530177212647
"EWSR1","grey","grey",0.0931442763579221,0.0289306130739625,0.141976615314919,0.0858025860060547
"GAS2L1","blue","blue",-0.0524156230498886,0.124310097188879,0.0919747055586962,0.080036212964081
"AP1B1","blue","blue",-0.154941837202648,0.293945604867258,0.118837624161432,0.0321266771798843
"RFPL1S","brown","brown",0.0686404696814494,0.0530305483828091,0.166211495681671,0.238788169002417
"NEFH","blue","blue",-0.518739760345775,0.590590321939479,0.0399975538989822,-0.0114733131466023
"THOC5","grey","grey",0.0832767092696755,0.00824598044407353,0.104074199454957,0.0660060819122118
"NIPSNAP1","grey","grey",-0.00120901518934697,0.0857364489215692,0.0941358103078874,0.0963732261982381
"NF2","grey","grey",0.113987290492971,-0.0180518041447348,0.12527442607211,0.111926997299727
"UQCR10","blue","blue",-0.189631350200839,0.29404067301098,0.0891786682555284,0.0700694576080416
"ASCC2","turquoise","turquoise",0.198976544036433,-0.116135843920836,0.0927089594923171,0.0427539927732175
"MTMR3","turquoise","turquoise",0.266511053600388,-0.127969760874911,0.149546379778268,0.089800540975222
"SF3A1","blue","blue",-0.0831286269808361,0.142067560393995,0.0687642809024589,0.0407642418744918
"RNF215","grey","grey",0.079673147894629,-0.0121429477127178,0.0765227604877815,0.0355836571284753
"PES1","blue","blue",-0.0484573152295635,0.131875199848247,0.0888152726284989,0.0413088904240528
"SLC35E4","grey","grey",0.0680874639486742,-0.00179045145280149,0.0906522690374557,0.0540744893012609
"OSBP2","turquoise","turquoise",0.39700603407294,-0.22795610262986,0.18266888733651,0.0942202323347216
"MORC2","grey","grey",0.0154821456475454,0.0350319179132633,0.0695022403285719,0.0420758552053047
"SELENOM","blue","blue",-0.167514202004868,0.285623981477557,0.108577487576085,0.0928213445764188
"RNF185","grey","grey",0.06885279443127,0.0231182052262575,0.104210567585424,0.0659689168069962
"LIMK2","turquoise","turquoise",0.191657033823248,-0.0714813556267172,0.126701651989511,0.0768939822225035
"PIK3IP1","grey","grey",-0.0294833942312972,0.0783216471457361,0.0651639734219557,0.034015041763294
"DRG1","blue","blue",-0.0543398389055842,0.161393208921796,0.114421214472638,0.0601211841860212
"EIF4ENIF1","grey","grey",0.0477166282783373,0.0482245621327794,0.123852199865587,0.117773191178961
"SFI1","turquoise","turquoise",0.239316250413435,-0.145897458325737,0.103603905531404,0.0424462653289747
"PISD","grey","grey",0.102869914196376,0.0126764523778304,0.134902464703729,0.070374978826129
"PRR14L","grey","grey",0.141468920964734,-0.0272776146593999,0.138505950006621,0.105377837927442
"YWHAH","blue","blue",-0.325168696613451,0.441814393522937,0.10443582038696,0.109809323413344
"RTCB","blue","blue",-0.0895495641303325,0.231422282967224,0.135047968005636,0.0548003376024291
"FBXO7","grey","grey",-0.0343932837204112,0.145606836882277,0.118065881519066,0.0718102468987035
"SYN3","turquoise","turquoise",0.378064444051491,-0.241345670629599,0.129187044777418,0.0439535471324795
"TIMP3","grey","grey",0.0419333034786294,-0.0569096021058541,-0.0221768524960572,-0.0185348852778768
"LARGE1","turquoise","turquoise",0.404831920568718,-0.208977651815631,0.198247767730076,0.110645655179368
"HMGXB4","grey","grey",0.120753588599107,-0.0564328809735732,0.0862588796803045,0.060883080596409
"TOM1","blue","blue",-0.0508966650853412,0.175057612110028,0.129112087847573,0.0592191195062084
"RBFOX2","turquoise","turquoise",0.161148930913431,0.034880071958819,0.210329482890915,0.214774988542316
"APOL2","blue","blue",-0.137371958221452,0.236837260816504,0.118560877434456,0.0965104416109968
"MYH9","grey","grey",0.0482092015354068,0.0022259133093299,0.0643342743827328,0.0337713316482474
"TXN2","blue","blue",-0.128453232999559,0.222532979840615,0.0865234891944541,0.0759219233051341
"EIF3D","blue","blue",-0.0752057465706835,0.150415504902717,0.0745901921208681,0.033363105894558
"CACNG2","turquoise","turquoise",0.231880058775992,-0.0841441941571578,0.177439500729556,0.136985304101728
"IFT27","grey","grey",0.041154495933439,0.0385280751182531,0.086014616688573,0.0557231958787826
"KCTD17","blue","blue",-0.0917435339657253,0.176135591546966,0.0935094376595151,0.0966628472187936
"ELFN2","grey","grey",0.0536128495258658,0.0280771312849853,0.110772600959849,0.0823979259851832
"GGA1","grey","grey",0.0186882210520613,0.0798118770489001,0.110227931371269,0.0593763625682668
"LGALS1","blue","blue",-0.17287246513669,0.257653919647394,0.0723333485836748,0.0527688720682244
"H1F0","grey","grey",-0.0453167526641638,0.0761491297623789,0.0451600034880749,0.0522989272629092
"GCAT","blue","blue",-0.0959228178534777,0.220736761287122,0.132258294988685,0.105394014680551
"ANKRD54","grey","grey",0.0183243930630634,0.0417420424599221,0.0709353566283173,0.0647291157721893
"EIF3L","blue","blue",-0.068006517901395,0.172414825320296,0.103596422138737,0.0657542525361667
"POLR2F","turquoise","turquoise",0.130420949288798,-0.0373389665188509,0.0889048544392856,0.0470207091633581
"PICK1","blue","blue",-0.0670580896099823,0.175432549024728,0.106125013223373,0.0528438349483208
"PLA2G6","grey","grey",0.0153543541540487,0.0470375131287441,0.0668317042431452,0.0428137811303509
"TMEM184B","grey","grey",0.109203639503382,0.020320903553796,0.15392582841367,0.0975437998229299
"CSNK1E","grey","grey",-0.010994549175097,0.0763183735438838,0.0868988134656336,0.0784441986235694
"DDX17","grey","grey",0.136523133807154,0.00459067382333087,0.150983579220809,0.0447469375328101
"TOMM22","blue","blue",-0.0959317374242681,0.160522199300262,0.067125023968999,0.0556797537275955
"JOSD1","grey","grey",0.108002881090553,-0.0245056557662179,0.0976147761393131,0.0906394405720849
"GTPBP1","grey","grey",-0.0151644445441031,0.054372892037505,0.0470004998990742,0.0283149312930356
"SUN2","grey","grey",0.00264550687239958,0.0452579110545259,0.0602499385411989,0.0174216955287347
"NPTXR","blue","blue",-0.0606036029023045,0.137222643623339,0.0900862456368984,0.063574318225593
"CBX6","blue","blue",-0.126053611691294,0.213338653630202,0.130284093403991,0.158071912271597
"CBX7","blue","blue",-0.0318173245343941,0.114746288813258,0.110971413076225,0.127904641520043
"RPL3","blue","blue",-0.137112625704457,0.20022795534255,0.0650603779373788,0.0708954535138298
"SYNGR1","blue","blue",-0.147532474241934,0.272915591228749,0.148271797723166,0.120422366176784
"TAB1","grey","grey",0.0841793075077583,-0.0118525252690167,0.0896209886716747,0.0342132223665538
"MGAT3","grey","grey",0.0562251923711307,0.0590244844376185,0.15909406805612,0.139638400318699
"MIEF1","blue","blue",-0.0804212493520051,0.151335068107842,0.0973933488969253,0.119682003909754
"ATF4","blue","blue",-0.131608756804855,0.23680272867197,0.111360314034986,0.108040020582812
"RPS19BP1","blue","blue",-0.129283142322344,0.20301689939101,0.0695170509687756,0.0705357842089027
"TNRC6B","turquoise","turquoise",0.358797386203068,-0.16516828634648,0.216492905266972,0.160734712884824
"MKL1","turquoise","turquoise",0.30858017283876,-0.155054950793187,0.170630402748217,0.0733041896857712
"MCHR1","blue","blue",-0.0532984965238595,0.110483185673258,0.0675113662321766,0.0559378335645767
"SLC25A17","grey","grey",0.0873794245726298,0.032585391641111,0.126665496105422,0.0615133576712493
"ST13","blue","blue",-0.233398364327772,0.378159291908454,0.140297123333854,0.079713170287472
"XPNPEP3","grey","grey",0.1401299170273,-0.0471293173833879,0.105806328144948,0.067292708355352
"RBX1","blue","blue",-0.0529091372459799,0.16060450807333,0.102882832114002,0.0726825679538
"EP300","turquoise","turquoise",0.239734879063132,-0.130137066668151,0.126846135132183,0.073036369708519
"L3MBTL2","blue","blue",-0.0507511370683112,0.124978405185075,0.079741479303498,0.0525508879507719
"RANGAP1","blue","blue",-0.144062609183125,0.282145552477356,0.140369042842181,0.0894000864668489
"ZC3H7B","grey","grey",0.111299760278682,-0.0141488754022396,0.121711202593569,0.109141655678412
"TEF","grey","grey",-0.0223763056150524,0.0895059562656979,0.0827495968551542,0.0851820561085809
"TOB2","turquoise","turquoise",0.126757276565384,-0.0771463221128406,0.0488105677130279,0.0169945406498454
"ACO2","blue","blue",-0.158249834045336,0.327848752073256,0.157462172772148,0.0736961022846465
"POLR3H","blue","blue",-0.087191728090589,0.158013559959515,0.0811203202687444,0.0870945654396168
"CSDC2","grey","grey",-0.0194732059866935,0.127829832037643,0.12976662289255,0.105048154605065
"PMM1","blue","blue",-0.0596558060501212,0.151637568784969,0.0884600054007574,0.0548277927720118
"DESI1","grey","grey",-0.0109769922852014,0.0813381769658422,0.0891890737857122,0.0870650365794481
"XRCC6","blue","blue",-0.230864971469129,0.37926527923445,0.139590261207943,0.0623520780158036
"SNU13","blue","blue",-0.225435710951628,0.350387761637432,0.117336405149515,0.119203516945459
"SREBF2","turquoise","turquoise",0.197415392625393,-0.0548495370844635,0.160039087968943,0.0998494268462748
"SEPT3","blue","blue",-0.136181420162779,0.246193198497503,0.150364173488593,0.217786053909496
"SMDT1","blue","blue",-0.0829245923398815,0.156940665872379,0.070121443893447,0.0686243142005945
"NDUFA6","blue","blue",-0.0910812414581613,0.171176942299518,0.0718974992634145,0.0528284533508707
"TCF20","turquoise","turquoise",0.33430524148613,-0.176100674428067,0.181214430400812,0.10070452908723
"RRP7A","blue","blue",-0.0688648877401322,0.150096236957834,0.0877841559934362,0.0810078694525671
"POLDIP3","grey","grey",-0.0124431620318763,0.0683281041021849,0.059947200467456,0.0350174050390552
"CYB5R3","blue","blue",-0.15482093210256,0.279082274350869,0.120302203785946,0.0777945154300559
"ARFGAP3","grey","grey",0.0566427304704135,0.023486031950678,0.10412175386299,0.0507180892329025
"PACSIN2","grey","grey",0.00712946894052971,0.131555170165266,0.168686305320886,0.12325805720539
"TTLL1","grey","grey",0.0704525676800659,0.0152856672493106,0.0914803355286672,0.0450831278648557
"MCAT","blue","blue",-0.0774609108247976,0.146563550359053,0.0715536912103105,0.0640134694695862
"TTLL12","grey","grey",-0.0138336884075377,0.0829567063908808,0.0861927650107587,0.0684253343373471
"SCUBE1","blue","blue",-0.062080783607628,0.150941509205495,0.0989026961887031,0.0301095670462869
"MPPED1","grey","grey",-0.00174041162498443,0.0662773771909181,0.083660097188152,0.066892814190472
"EFCAB6","turquoise","turquoise",0.313740214305195,-0.187903055218637,0.129678541004108,0.0557828786347436
"SULT4A1","blue","blue",-0.301962702255865,0.450202731276657,0.157496863296884,0.171120475224209
"SAMM50","blue","blue",-0.0566638026716008,0.15746437264345,0.0964710422296768,0.0322819978248568
"PARVB","grey","grey",0.0167048754307154,0.0982792672776732,0.139236325495334,0.122915655056944
"SHISAL1","brown","brown",0.00100318412049509,0.0583881380501134,0.091204332843762,0.17023315898085
"RTL6","blue","blue",-0.0847630984303759,0.154850141479052,0.0985749307338862,0.101804579436355
"NUP50-DT","turquoise","turquoise",0.372905929609661,-0.22847093882285,0.147180396721578,0.0611888191095399
"NUP50","grey","grey",-0.0375431695866465,0.112832101480201,0.0962009118468835,0.0746945880804403
"KIAA0930","turquoise","turquoise",0.302110275342709,-0.171722457014294,0.140766096804242,0.0556211948127394
"FAM118A","grey","grey",0.141060825019977,-0.0730427410099875,0.0816906466327355,0.036871420429683
"ATXN10","blue","blue",-0.139262015616512,0.358087807626617,0.197012624058699,0.0986544133951141
"TRMU","grey","grey",0.038045981725304,0.0553231176784135,0.0978032785547907,0.0698062510416054
"GRAMD4","grey","grey",0.103495182359922,-0.0162510371287603,0.102141096379756,0.0801393008657328
"CERK","blue","blue",-0.152606505289793,0.289133187292819,0.166554738830028,0.186249787965288
"TBC1D22A","turquoise","turquoise",0.283440807223565,-0.143399492725949,0.138963567661166,0.0596464490184863
"FAM19A5","grey","grey",0.12289517664696,0.000774890991068396,0.156310472017145,0.13393230850279
"BRD1","turquoise","turquoise",0.185008995177462,-0.088824049192468,0.103286002961301,0.0492808716046854
"CRELD2","grey","grey",0.00403870169685519,0.0630833929781096,0.0827802813123124,0.0577041386021172
"PIM3","blue","blue",-0.0676442984873209,0.126672256662945,0.081333504459368,0.0624827286427615
"PANX2","grey","grey",0.0161756294625706,0.0379375667526952,0.0697837215827643,0.0544971187219741
"SELENOO","turquoise","turquoise",0.184309109986504,-0.0792881619629329,0.117586725305955,0.0541311940478764
"MAPK12","grey","grey",-0.00149717395994649,0.0603068045617969,0.0742406854099515,0.0621252069365011
"MAPK11","grey","grey",0.0244131623763317,0.0047435055664336,0.0386140914926393,0.0243886175244545
"DENND6B","grey","grey",0.0403070018073998,0.062960659755437,0.119025693781261,0.0633685712332527
"PPP6R2","turquoise","turquoise",0.246074742682789,-0.0710473117975459,0.184706331752118,0.113550067653492
"SBF1","grey","grey",-0.0273681642496881,0.0961652572901355,0.100648228194728,0.130998449695034
"LMF2","grey","grey",-0.0180783102325237,0.0541682937564145,0.0448092015073218,0.0142777618753181
"NCAPH2","grey","grey",-0.0217202612377597,0.0810584766355551,0.0634521358795425,0.0469186872975272
"MAPK8IP2","blue","blue",-0.125282377603277,0.23247720250334,0.144308156401569,0.217302485205912
"ARSA","grey","grey",-0.0356027867093252,0.0916664719724255,0.0518408216401497,0.0206734886535175
"RABL2B","grey","grey",0.0611920933874422,0.00310980162127987,0.0729607988891079,0.0555313904856399
"FP671120.1","grey","grey",-0.228141484815372,0.0940767165044467,-0.123122698372906,-0.100438248923101
"FP236383.1","grey","grey",-0.196450468077215,0.0923617747872973,-0.0954591149947381,-0.0654423777891703
"RBM11","grey","grey",0.0102531249063338,0.0593459601339265,0.0843871181387521,0.0721769097246634
"HSPA13","blue","blue",-0.199072979204451,0.303420571043071,0.129463728794625,0.0539159880448831
"USP25","turquoise","turquoise",0.212778856066147,-0.0896469728869343,0.121609577134777,0.0674564827786637
"MIR99AHG","turquoise","turquoise",0.593359418853944,-0.419752940755603,0.142554197392269,0.0352322158595851
"CXADR","grey","grey",0.105595275029991,-0.0327420510090725,0.0945563600736099,0.0792476154698149
"NCAM2","turquoise","turquoise",0.287719432077191,-0.194682745173647,0.0755390249572735,0.0111900530140675
"ATP5PF","blue","blue",-0.162094732296565,0.272996114269873,0.103374519286946,0.0898671057313465
"GABPA","grey","grey",0.100490904943762,-0.0459912782063673,0.0581298858384372,0.0163003412597815
"APP","blue","blue",-0.279908519428925,0.426980642338196,0.135490971743756,0.0498990301526033
"N6AMT1","grey","grey",-0.0329521041730022,0.103600488730021,0.0745220382362803,0.0720750468949803
"LTN1","grey","grey",-0.0410153354413159,0.121249094693727,0.0974999546322421,0.0405751459031224
"RWDD2B","grey","grey",-0.0292183078661313,0.10200140251981,0.0908297519472484,0.0846008317497166
"USP16","grey","grey",-0.00836557056222747,0.0925556954021033,0.0938909265170287,0.0799475043221091
"CCT8","blue","blue",-0.208443401918162,0.346465941122362,0.139452348319566,0.0732435002000013
"BACH1","turquoise","turquoise",0.279377044834712,-0.152666761777937,0.124929311087762,0.0831200984018049
"GRIK1","turquoise","turquoise",0.334404392292535,-0.218095718148278,0.0903446770714211,0.0210359187841505
"TIAM1","turquoise","turquoise",0.191390741776574,-0.122735862530473,0.0619741968430419,0.0248473612626599
"SOD1","blue","blue",-0.409809877363909,0.509099145890514,0.0778522837676309,0.0719228041440543
"SCAF4","turquoise","turquoise",0.125307520717827,-0.0344639069610286,0.0939680737074883,0.0567341386877037
"URB1","grey","grey",0.0934546443493828,-0.00631420981646948,0.0986746030144502,0.0539033189851376
"EVA1C","turquoise","turquoise",0.240476763019983,-0.150355657802532,0.0726531538996879,0.0196357365023289
"SYNJ1","blue","blue",-0.206413808291332,0.368792716515501,0.183162767295902,0.225716480874837
"PAXBP1","turquoise","turquoise",0.217775133813906,-0.116596982835349,0.0997425293201658,0.0325066079495218
"IFNAR1","blue","blue",-0.0655498898165727,0.156589127204871,0.121144150402618,0.124811394711169
"IFNGR2","grey","grey",0.0562676539318418,0.00579914800971013,0.060851576685483,0.0361709570633177
"TMEM50B","blue","blue",-0.00777044090096441,0.127240455857858,0.133569681733912,0.109350174253686
"GART","grey","grey",0.0189689147879353,0.0706680204724835,0.0928968652369525,0.0559030628140218
"SON","blue","blue",-0.104705510279794,0.243548510972786,0.168433784501878,0.132775997462739
"ITSN1","turquoise","turquoise",0.152916705658753,0.000674116432539447,0.191570293929438,0.197368958706264
"MRPS6","grey","grey",0.0555298303841972,0.0615169040302377,0.12202115010264,0.0717186476977108
"RCAN1","grey","grey",0.0203306798372521,0.105016612467504,0.144474020557199,0.121866166405459
"SETD4","grey","grey",0.0901736598735397,-0.0113486823385047,0.0869666721620581,0.0539684131104898
"CBR1","blue","blue",-0.073506010579296,0.148387080574605,0.0744820643737651,0.0322209315294817
"MORC3","grey","grey",0.129351037495496,-0.0524954520304666,0.0921127871177147,0.04950297570422
"HLCS","turquoise","turquoise",0.30832796993349,-0.13157925502558,0.181602356069265,0.11018671537248
"PIGP","grey","grey",-0.0384989705366087,0.0936079760834371,0.0512123780547009,0.0390256880204897
"TTC3","brown","brown",0.173170278035568,0.0213859759889416,0.236073023409805,0.325591338435809
"VPS26C","grey","grey",0.149494593482665,-0.0449347320410023,0.116343396126569,0.084629721563396
"DYRK1A","turquoise","turquoise",0.228876072106231,-0.0705393533642756,0.171284584118737,0.143576528574107
"KCNJ6","turquoise","turquoise",0.193723309877907,-0.033991652534356,0.232964581766342,0.322173749989312
"ETS2","grey","grey",-0.0175833369963604,0.0751000196748852,0.0732037223478717,0.0630460421935984
"PSMG1","blue","blue",-0.0354699908640557,0.104035700100674,0.0652827572574755,0.0379908770955835
"BRWD1","turquoise","turquoise",0.174189448026842,-0.0188663956259318,0.169907697311732,0.146697128975297
"HMGN1","grey","grey",0.0352908987450267,0.0174957962101444,0.0555818567519583,0.0281079023962112
"WRB","blue","blue",-0.123977392288863,0.236032755428719,0.12502372184427,0.106327795231376
"PCP4","grey","grey",-0.0830925336555805,0.0824282543500917,0.00202679429455727,0.031121295186802
"DSCAM","turquoise","turquoise",0.69833155110627,-0.498117200619908,0.180656031666936,0.0515466771522118
"MX1","blue","blue",-0.140784303798457,0.247557161935612,0.110996612295171,0.0384296575748559
"C2CD2","grey","grey",0.0772760225918781,0.0173093370188733,0.112343591266901,0.0865709112669124
"ABCG1","grey","grey",0.0999433808015232,0.0102111343444681,0.129595627605995,0.0743693508742831
"SLC37A1","turquoise","turquoise",0.230480944965355,-0.132653742797388,0.0997571465854325,0.0462373790777538
"PDE9A","turquoise","turquoise",0.28470851137495,-0.147465022332169,0.146203214131842,0.0790547015656569
"NDUFV3","grey","grey",0.0539354332463313,0.0528635933811887,0.106755139172361,0.0531234712853107
"PKNOX1","turquoise","turquoise",0.362336633740347,-0.211155552885565,0.152291621937278,0.0658563936241475
"RRP1B","turquoise","turquoise",0.160596184821859,-0.0846434876129323,0.0834933836045497,0.0395299537917021
"PDXK","blue","blue",-0.0689382476107151,0.241841421416222,0.202326747592014,0.202428368813194
"CSTB","blue","blue",-0.158843093873848,0.251983660060369,0.0945884861376544,0.0764895172357245
"RRP1","grey","grey",-0.0493902145808021,0.106869675764201,0.0756877693295897,0.0601820495418476
"AGPAT3","grey","grey",0.063608405512991,0.0202252893486748,0.123360767450215,0.126347488591417
"TRAPPC10","turquoise","turquoise",0.175027087771454,-0.0778797849444183,0.100611379581678,0.0497638294408295
"PFKL","grey","grey",-0.0507515502561574,0.149310453057005,0.0986735528109107,0.0476975390471654
"C21orf2","blue","blue",-0.0610155817764207,0.144302151626524,0.0915257060999775,0.0869719647816585
"TRPM2","turquoise","turquoise",0.218524837975091,-0.0930577502415143,0.132467637364689,0.0813668142390743
"UBE2G2","turquoise","turquoise",0.176169592707606,-0.0642046941434734,0.127735331841231,0.0905046777064854
"SUMO3","blue","blue",-0.178872100824458,0.285685822595951,0.129514313170116,0.171595886172669
"PTTG1IP","grey","grey",0.0583993490018072,-0.0163447057856312,0.0607258937303411,0.0293094929674216
"FAM207A","blue","blue",-0.0431259218509463,0.136711683822743,0.103278144440666,0.0734359316569118
"ADARB1","turquoise","turquoise",0.169633386465055,-0.0209810731170805,0.170186806961433,0.136571463818803
"POFUT2","grey","grey",-0.00323358049833509,0.0486394863608195,0.0628240262897265,0.0333307450925923
"PCBP3","turquoise","turquoise",0.21002997148386,-0.0976028814242572,0.111984402388246,0.0544714427560381
"COL6A1","grey","grey",0.0533476622309636,0.0196423914068318,0.0912400811519533,0.0252011170439422
"SPATC1L","grey","grey",-0.0265645765585215,0.0729551065787096,0.0573360626858974,0.0471914244506592
"LSS","grey","grey",0.126459161618398,-0.0131606826915961,0.128139364858513,0.0394891626960813
"MCM3AP","grey","grey",0.0990937915282675,-0.00773490980359301,0.106591686290117,0.0558707113939252
"PCNT","turquoise","turquoise",0.197952756658027,-0.103640545511611,0.122498972435004,0.0903969415511834
"DIP2A","turquoise","turquoise",0.214180065575465,-0.1092345466726,0.111646324708227,0.0441929944889377
"S100B","grey","grey",-0.0556553772159478,-0.0132874468368155,-0.076850265197178,-0.0447363318471064
"PRMT2","grey","grey",0.015222279784088,0.0909261765826377,0.120557889020636,0.108542929969004
"MT-ND1","grey","grey",-0.199644568892228,0.099485738431667,-0.0639613864671406,0.123577367290647
"MT-ND2","grey","grey",-0.166269365754716,0.114248011470306,-0.0118865771500368,0.14131506203381
"MT-CO1","blue","blue",-0.262606441677427,0.207551730236336,0.00794836391492097,0.229183274937338
"MT-CO2","grey","grey",-0.26002006821764,0.133331658206892,-0.0905655989889068,0.106296785180843
"MT-ATP8","grey","grey",-0.0107864640752929,0.0716753817015993,0.0863681159829784,0.121392047010386
"MT-ATP6","grey","grey",-0.141365667493379,0.0675674938457178,-0.0437956692850595,0.0888146425278796
"MT-CO3","grey","grey",-0.212559515690671,0.15544091174791,-0.00781712138391636,0.181220813266336
"MT-ND3","grey","grey",-0.147372739233546,0.0940116046621685,-0.0469944883034519,0.0391534124964247
"MT-ND4L","brown","brown",-0.0241121022307241,0.0791138757928323,0.0852692225908308,0.170622000792267
"MT-ND4","grey","grey",-0.114121947844258,0.0978988366052146,0.0226131510474342,0.162910205516182
"MT-ND5","grey","grey",-0.075278963955223,0.1190501424132,0.085979864046494,0.179837263079167
"MT-ND6","grey","grey",-0.0522919511505813,0.0863158224967004,0.0565995229648274,0.118165506143508
"MT-CYB","grey","grey",-0.197367198611145,0.159086143500497,-0.000256563431194565,0.138888190702029
"AL592183.1","turquoise","turquoise",0.142139300988269,-0.0748266645969859,0.0806171366182842,0.0585976456173889
"AC007325.4","blue","blue",-0.0556337996646216,0.110605475235925,0.0486499766857815,0.0479577136526157
"DDX3Y","grey","grey",0.00577732382379078,0.0566193342138916,0.0792117095988059,0.0632676536626233
"KDM5D","turquoise","turquoise",0.103657414191525,-0.0325987014273114,0.0719956426263329,0.0481298827693912
"EIF1AY","grey","grey",-0.0480269353216002,0.119383808300226,0.0629419603925421,0.0453563111536682
