"Term","Overlap","P.value","Adjusted.P.value","Old.P.value","Old.Adjusted.P.value","Odds.Ratio","Combined.Score","Genes","db","module"
"Actin Filament Organization (GO:0007015)","6/144",8.58029327018653e-05,0.0277674154010083,0,0,9.14061054579093,85.5877171939006,"MYO1D;MYO1E;DLG1;HIP1;ELMO1;SHROOM4","GO_Biological_Process_2023","turquoise"
"Supramolecular Fiber Organization (GO:0097435)","8/316",0.000187680895436919,0.0277674154010083,0,0,5.5313382269904,47.4631267475247,"MYO1D;MYO1E;DLG1;HIP1;ELMO1;SLAIN1;NCKAP5;SHROOM4","GO_Biological_Process_2023","turquoise"
"Galactolipid Biosynthetic Process (GO:0019375)","2/5",0.000245087170998512,0.0277674154010083,0,0,135.353741496599,1125.31701267514,"FA2H;UGT8","GO_Biological_Process_2023","turquoise"
"Galactosylceramide Biosynthetic Process (GO:0006682)","2/5",0.000245087170998512,0.0277674154010083,0,0,135.353741496599,1125.31701267514,"FA2H;UGT8","GO_Biological_Process_2023","turquoise"
"Establishment Or Maintenance Of Apical/Basal Cell Polarity (GO:0035088)","3/26",0.000290049387363004,0.0277674154010083,0,0,26.7283729269386,217.714875120753,"DLG1;DLG2;ERBIN","GO_Biological_Process_2023","turquoise"
"Regulation Of Cardiac Muscle Cell Contraction (GO:0086004)","3/26",0.000290049387363004,0.0277674154010083,0,0,26.7283729269386,217.714875120753,"DLG1;PDE4B;CTNNA3","GO_Biological_Process_2023","turquoise"
"Glomerular Epithelial Cell Development (GO:0072310)","2/6",0.000366432168048497,0.0277674154010083,0,0,101.510204081633,803.117990717184,"MYO1E;MAGI2","GO_Biological_Process_2023","turquoise"
"Glycosylceramide Biosynthetic Process (GO:0046476)","2/6",0.000366432168048497,0.0277674154010083,0,0,101.510204081633,803.117990717184,"FA2H;UGT8","GO_Biological_Process_2023","turquoise"
"Podocyte Development (GO:0072015)","2/6",0.000366432168048497,0.0277674154010083,0,0,101.510204081633,803.117990717184,"MYO1E;MAGI2","GO_Biological_Process_2023","turquoise"
"Positive Regulation Of Cell Migration (GO:0030335)","7/272",0.000434464924952784,0.0290607462865014,0,0,5.57699330493001,43.1737099909038,"TJP1;DOCK5;DAAM2;ENPP2;GAB1;DOCK1;MAP4K4","GO_Biological_Process_2023","turquoise"
"Negative Regulation Of Keratinocyte Proliferation (GO:0010839)","2/7",0.00051133277923463,0.0290607462865014,0,0,81.2040816326531,615.404316417306,"PTPRK;FGFR2","GO_Biological_Process_2023","turquoise"
"Galactosylceramide Metabolic Process (GO:0006681)","2/7",0.00051133277923463,0.0290607462865014,0,0,81.2040816326531,615.404316417306,"FA2H;UGT8","GO_Biological_Process_2023","turquoise"
"Presynaptic Membrane Organization (GO:0097090)","2/9",0.000870867194754317,0.0425565642038748,0,0,57.997084548105,408.648679561366,"PTPRD;IL1RAPL1","GO_Biological_Process_2023","turquoise"
"Positive Regulation Of Canonical Wnt Signaling Pathway (GO:0090263)","4/85",0.000873595159610332,0.0425565642038748,0,0,10.1949588477366,71.8020093375497,"ZEB2;DAAM2;FGFR2;RNF220","GO_Biological_Process_2023","turquoise"
"Establishment Or Maintenance Of Epithelial Cell Apical/Basal Polarity (GO:0045197)","3/40",0.00104769503107265,0.0449280316567746,0,0,16.6032320980775,113.917477373754,"DLG1;DLG2;ERBIN","GO_Biological_Process_2023","turquoise"
"Sphingolipid Metabolic Process (GO:0006665)","4/94",0.00127139771341329,0.0449280316567746,0,0,9.1712962962963,61.1508875642086,"UGT8;FA2H;ENPP2;ST6GALNAC3","GO_Biological_Process_2023","turquoise"
"Skeletal System Morphogenesis (GO:0048705)","3/43",0.00129454713089392,0.0449280316567746,0,0,15.3556701030928,102.108977171279,"WWOX;DSCAML1;FGFR2","GO_Biological_Process_2023","turquoise"
"Podocyte Differentiation (GO:0072112)","2/11",0.0013218400851343,0.0449280316567746,0,0,45.1043083900227,298.984305122014,"MYO1E;MAGI2","GO_Biological_Process_2023","turquoise"
"Regulation Of Ventricular Cardiac Muscle Cell Action Potential (GO:0098911)","2/11",0.0013218400851343,0.0449280316567746,0,0,45.1043083900227,298.984305122014,"DLG1;CTNNA3","GO_Biological_Process_2023","turquoise"
"Positive Regulation Of Epithelial Cell Migration (GO:0010634)","4/95",0.00132224387153876,0.0449280316567746,0,0,9.07005494505495,60.1201797011037,"DOCK5;ENPP2;DOCK1;MAP4K4","GO_Biological_Process_2023","turquoise"
"Organic Hydroxy Compound Transport (GO:0015850)","3/45",0.00147778509269015,0.0449280316567746,0,0,14.6229749631811,95.3010113987768,"SLC44A1;SLCO1A2;SLC5A11","GO_Biological_Process_2023","turquoise"
"Regulation Of Cell Migration (GO:0030334)","8/434",0.00150510824278451,0.0449280316567746,0,0,3.97509695856297,25.8337197065552,"DOCK10;TJP1;FRMD5;DAAM2;MAGI2;ENPP2;PTPRK;MAP4K4","GO_Biological_Process_2023","turquoise"
"Organophosphate Catabolic Process (GO:0046434)","2/12",0.00158104510229119,0.0449280316567746,0,0,40.5918367346939,261.803918893847,"ENPP2;PLD1","GO_Biological_Process_2023","turquoise"
"Positive Regulation Of Cell Morphogenesis Involved In Differentiation (GO:0010770)","2/12",0.00158104510229119,0.0449280316567746,0,0,40.5918367346939,261.803918893847,"PTPRD;IL1RAPL1","GO_Biological_Process_2023","turquoise"
"Sodium-Independent Organic Anion Transport (GO:0043252)","2/13",0.00186242805035638,0.0508070372137219,0,0,36.899814471243,231.947593213754,"SLCO3A1;SLCO1A2","GO_Biological_Process_2023","turquoise"
"Regulation Of Epithelial Cell Migration (GO:0010632)","3/50",0.00200467613787586,0.0525841971550513,0,0,13.0640491335819,81.1574365484459,"DOCK5;ENPP2;DOCK1","GO_Biological_Process_2023","turquoise"
"Positive Regulation Of Wnt Signaling Pathway (GO:0030177)","4/109",0.00219090583353209,0.0553406584618107,0,0,7.85515873015873,48.1005947303534,"ZEB2;DAAM2;FGFR2;RNF220","GO_Biological_Process_2023","turquoise"
"Glycoprotein Metabolic Process (GO:0009100)","3/53",0.00237020480089914,0.0577314169361863,0,0,12.2783505154639,74.219914290735,"MAN2A1;PCSK6;ST6GALNAC3","GO_Biological_Process_2023","turquoise"
"Presynapse Assembly (GO:0099054)","2/15",0.00249083430520832,0.0585775515914508,0,0,31.2197802197802,187.166877082159,"PTPRD;IL1RAPL1","GO_Biological_Process_2023","turquoise"
"Positive Regulation Of Dendrite Morphogenesis (GO:0050775)","2/17",0.00320528834894988,0.0728668884661273,0,0,27.0544217687075,155.372278725068,"PTPRD;IL1RAPL1","GO_Biological_Process_2023","turquoise"
"Positive Regulation Of Cell Junction Assembly (GO:1901890)","3/61",0.00353793656963806,0.074280900425731,0,0,10.5805190188411,59.7186883041205,"PTPRD;IL1RAPL1;MAP4K4","GO_Biological_Process_2023","turquoise"
"Vesicle Transport Along Actin Filament (GO:0030050)","2/18",0.00359423711737408,0.074280900425731,0,0,25.3622448979592,142.749455625051,"MYO1D;MYO1E","GO_Biological_Process_2023","turquoise"
"Myoblast Fusion (GO:0007520)","2/18",0.00359423711737408,0.074280900425731,0,0,25.3622448979592,142.749455625051,"DOCK5;DOCK1","GO_Biological_Process_2023","turquoise"
"Cortical Actin Cytoskeleton Organization (GO:0030866)","2/19",0.00400404563880334,0.0803164448724669,0,0,23.8691476590636,131.768436654952,"DLG1;FMNL2","GO_Biological_Process_2023","turquoise"
"Actin Filament-Based Transport (GO:0099515)","2/20",0.00443449984753605,0.086409397029131,0,0,22.5419501133787,122.139959975335,"MYO1D;MYO1E","GO_Biological_Process_2023","turquoise"
"Cellular Lipid Catabolic Process (GO:0044242)","2/23",0.00584761959206228,0.110779904494069,0,0,19.3187560738581,99.3316462237063,"ENPP2;PLD1","GO_Biological_Process_2023","turquoise"
"Neuron Projection Morphogenesis (GO:0048812)","4/146",0.00621806957426721,0.114614147287844,0,0,5.79753521126761,29.4531936579824,"DOCK10;DSCAML1;FGFR2;MAP4K4","GO_Biological_Process_2023","turquoise"
"Regulation Of Keratinocyte Proliferation (GO:0010837)","2/25",0.00688907400282997,0.12047047358795,0,0,17.6370896184561,87.7942327571282,"PTPRK;FGFR2","GO_Biological_Process_2023","turquoise"
"Myotube Differentiation (GO:0014902)","2/25",0.00688907400282997,0.12047047358795,0,0,17.6370896184561,87.7942327571282,"DOCK5;DOCK1","GO_Biological_Process_2023","turquoise"
"Plasma Membrane Invagination (GO:0099024)","2/26",0.0074389947886241,0.126834861146041,0,0,16.9013605442177,82.8338984204336,"ELMO1;DOCK1","GO_Biological_Process_2023","turquoise"
"Cortical Cytoskeleton Organization (GO:0030865)","2/27",0.00800810651058956,0.133208015615173,0,0,16.2244897959184,78.3204947866311,"DLG1;FMNL2","GO_Biological_Process_2023","turquoise"
"Phospholipid Catabolic Process (GO:0009395)","2/28",0.00859620747114401,0.136339848728377,0,0,15.5996860282575,74.1988795836398,"ENPP2;PLD1","GO_Biological_Process_2023","turquoise"
"Regulation Of Cardiac Muscle Cell Action Potential (GO:0098901)","2/28",0.00859620747114401,0.136339848728377,0,0,15.5996860282575,74.1988795836398,"DLG1;CTNNA3","GO_Biological_Process_2023","turquoise"
"Phagocytosis, Engulfment (GO:0006911)","2/30",0.00982857782071015,0.148957557193874,0,0,14.4839650145773,66.9515638793864,"ELMO1;DOCK1","GO_Biological_Process_2023","turquoise"
"Embryonic Skeletal System Morphogenesis (GO:0048704)","2/30",0.00982857782071015,0.148957557193874,0,0,14.4839650145773,66.9515638793864,"DSCAML1;FGFR2","GO_Biological_Process_2023","turquoise"
"Regulation Of Dendrite Morphogenesis (GO:0048814)","2/31",0.0104724512850622,0.154974369129742,0,0,13.9838142153413,63.7523090878691,"PTPRD;IL1RAPL1","GO_Biological_Process_2023","turquoise"
"Cell-Cell Adhesion Via Plasma-Membrane Adhesion Molecules (GO:0098742)","4/172",0.0109278197077072,0.154974369129742,0,0,4.89384920634921,22.1027933131365,"KIRREL3;PTPRD;IL1RAPL1;DSCAML1","GO_Biological_Process_2023","turquoise"
"Glycosphingolipid Metabolic Process (GO:0006687)","2/32",0.0111345221222249,0.154974369129742,0,0,13.5170068027211,60.795507674817,"UGT8;ST6GALNAC3","GO_Biological_Process_2023","turquoise"
"Positive Regulation Of Synapse Assembly (GO:0051965)","2/32",0.0111345221222249,0.154974369129742,0,0,13.5170068027211,60.795507674817,"PTPRD;IL1RAPL1","GO_Biological_Process_2023","turquoise"
"Glycolipid Metabolic Process (GO:0006664)","2/33",0.0118145960439168,0.161151090039025,0,0,13.0803159973667,58.0559303610333,"UGT8;ST6GALNAC3","GO_Biological_Process_2023","turquoise"
"Positive Regulation Of Substrate Adhesion-Dependent Cell Spreading (GO:1900026)","2/35",0.0132279832722483,0.173490088301411,0,0,12.2863327149041,53.1435584472206,"DOCK5;DOCK1","GO_Biological_Process_2023","turquoise"
"Regulation Of Sodium Ion Transport (GO:0002028)","2/35",0.0132279832722483,0.173490088301411,0,0,12.2863327149041,53.1435584472206,"NKAIN2;DLG1","GO_Biological_Process_2023","turquoise"
"Central Nervous System Development (GO:0007417)","5/283",0.0138594399495077,0.17632118872739,0,0,3.71488072699735,15.8951896531954,"UGT8;MOG;SYNJ2;DSCAML1;SHROOM4","GO_Biological_Process_2023","turquoise"
"Negative Regulation Of Protein Kinase B Signaling (GO:0051898)","2/36",0.0139609152364796,0.17632118872739,0,0,11.9243697478992,50.9348693298221,"PHLPP1;MAGI2","GO_Biological_Process_2023","turquoise"
"Regulation Of p38MAPK Cascade (GO:1900744)","2/37",0.0147110875878219,0.179408914568906,0,0,11.5830903790087,48.8708399253876,"DLG1;PHLPP1","GO_Biological_Process_2023","turquoise"
"Axonogenesis (GO:0007409)","4/188",0.0147315237769189,0.179408914568906,0,0,4.46467391304348,18.8309480754796,"KIAA1755;UNC5C;DSCAML1;FGFR2","GO_Biological_Process_2023","turquoise"
"Membrane Assembly (GO:0071709)","2/38",0.0154783132235365,0.185183133501439,0,0,11.2607709750567,46.9384448645158,"PTPRD;IL1RAPL1","GO_Biological_Process_2023","turquoise"
"Vesicle Cytoskeletal Trafficking (GO:0099518)","2/39",0.0162624064321538,0.185183133501439,0,0,10.9558742415885,45.1261415257865,"MYO1D;MYO1E","GO_Biological_Process_2023","turquoise"
"Glycerophospholipid Biosynthetic Process (GO:0046474)","3/108",0.0169600753440739,0.185183133501439,0,0,5.83063328424153,23.7708692241991,"SLC44A1;SYNJ2;PLD1","GO_Biological_Process_2023","turquoise"
"Regulation Of Wnt Signaling Pathway (GO:0030111)","3/109",0.0173780716412014,0.185183133501439,0,0,5.77533553783311,23.4048136142864,"WWOX;DAAM2;FGFR2","GO_Biological_Process_2023","turquoise"
"Ceramide Biosynthetic Process (GO:0046513)","2/42",0.0187140554000923,0.185183133501439,0,0,10.1326530612245,40.3125617234172,"FA2H;ST6GALNAC3","GO_Biological_Process_2023","turquoise"
"Regulation Of Cytoskeleton Organization (GO:0051493)","3/114",0.0195542061325189,0.185183133501439,0,0,5.51379214265812,21.6943728553258,"TJP1;PHLDB1;DAAM2","GO_Biological_Process_2023","turquoise"
"Positive Regulation Of Receptor-Mediated Endocytosis (GO:0048260)","2/43",0.0195637897091909,0.185183133501439,0,0,9.88501742160279,38.888398778374,"HIP1;MAGI2","GO_Biological_Process_2023","turquoise"
"Regulation Of Canonical Wnt Signaling Pathway (GO:0060828)","4/207",0.0202238448517037,0.185183133501439,0,0,4.04289819376026,15.770912991023,"ZEB2;DAAM2;FGFR2;RNF220","GO_Biological_Process_2023","turquoise"
"Embryonic Organ Morphogenesis (GO:0048562)","2/44",0.0204294838615153,0.185183133501439,0,0,9.6491739552964,37.5427757402553,"DSCAML1;FGFR2","GO_Biological_Process_2023","turquoise"
"Epidermal Growth Factor Receptor Signaling Pathway (GO:0007173)","2/45",0.0213109604144822,0.185183133501439,0,0,9.42429995253915,36.2697365803843,"ERBIN;GAB1","GO_Biological_Process_2023","turquoise"
"Positive Regulation Of Cell Projection Organization (GO:0031346)","3/118",0.0213987474323764,0.185183133501439,0,0,5.32093231734648,20.4559139962277,"PTPRD;MAGI2;IL1RAPL1","GO_Biological_Process_2023","turquoise"
"Nervous System Development (GO:0007399)","6/433",0.0215728628240907,0.185183133501439,0,0,2.91090736957497,11.1671695544911,"KIRREL3;UGT8;ZEB2;MOBP;MOG;DSCAML1","GO_Biological_Process_2023","turquoise"
"Epithelial Cell Migration (GO:0010631)","2/46",0.0222080432575084,0.185183133501439,0,0,9.20964749536178,35.0638977870873,"ZEB2;DAAM2","GO_Biological_Process_2023","turquoise"
"Regulation Of Cell Motility (GO:2000145)","3/123",0.0238342004694833,0.185183133501439,0,0,5.0979381443299,19.0491276504594,"DOCK10;FRMD5;ENPP2","GO_Biological_Process_2023","turquoise"
"Cytoplasmic Microtubule Organization (GO:0031122)","2/48",0.0240483300532172,0.185183133501439,0,0,8.80834072759539,32.8347611919466,"DLG1;SLAIN1","GO_Biological_Process_2023","turquoise"
"Neuron Projection Guidance (GO:0097485)","3/124",0.0243385983169026,0.185183133501439,0,0,5.05555082218625,18.7848686370022,"KIAA1755;UNC5C;DSCAML1","GO_Biological_Process_2023","turquoise"
"Positive Regulation Of Focal Adhesion Disassembly (GO:0120183)","1/5",0.0247535287182936,0.185183133501439,0,0,50.2424242424242,185.836036973753,"MAP4K4","GO_Biological_Process_2023","turquoise"
"Epithelial Tube Branching Involved In Lung Morphogenesis (GO:0060441)","1/5",0.0247535287182936,0.185183133501439,0,0,50.2424242424242,185.836036973753,"FGFR2","GO_Biological_Process_2023","turquoise"
"Epithelial Tube Formation (GO:0072175)","1/5",0.0247535287182936,0.185183133501439,0,0,50.2424242424242,185.836036973753,"FGFR2","GO_Biological_Process_2023","turquoise"
"C-terminal Protein Deglutamylation (GO:0035609)","1/5",0.0247535287182936,0.185183133501439,0,0,50.2424242424242,185.836036973753,"FOLH1","GO_Biological_Process_2023","turquoise"
"Regulation Of Focal Adhesion Disassembly (GO:0120182)","1/5",0.0247535287182936,0.185183133501439,0,0,50.2424242424242,185.836036973753,"MAP4K4","GO_Biological_Process_2023","turquoise"
"Transmembrane Receptor Protein Tyrosine Phosphatase Signaling Pathway (GO:0007185)","1/5",0.0247535287182936,0.185183133501439,0,0,50.2424242424242,185.836036973753,"PTPRD","GO_Biological_Process_2023","turquoise"
"Glycosylceramide Metabolic Process (GO:0006677)","1/5",0.0247535287182936,0.185183133501439,0,0,50.2424242424242,185.836036973753,"ST6GALNAC3","GO_Biological_Process_2023","turquoise"
"Negative Regulation Of Relaxation Of Muscle (GO:1901078)","1/5",0.0247535287182936,0.185183133501439,0,0,50.2424242424242,185.836036973753,"PDE4B","GO_Biological_Process_2023","turquoise"
"Regulation Of Morphogenesis Of A Branching Structure (GO:0060688)","1/5",0.0247535287182936,0.185183133501439,0,0,50.2424242424242,185.836036973753,"FGFR2","GO_Biological_Process_2023","turquoise"
"Regulation Of Relaxation Of Cardiac Muscle (GO:1901897)","1/5",0.0247535287182936,0.185183133501439,0,0,50.2424242424242,185.836036973753,"PDE4B","GO_Biological_Process_2023","turquoise"
"Plasma Membrane Raft Organization (GO:0044857)","1/5",0.0247535287182936,0.185183133501439,0,0,50.2424242424242,185.836036973753,"FA2H","GO_Biological_Process_2023","turquoise"
"Podocyte Cell Migration (GO:0090521)","1/5",0.0247535287182936,0.185183133501439,0,0,50.2424242424242,185.836036973753,"DAAM2","GO_Biological_Process_2023","turquoise"
"Purine-Containing Compound Catabolic Process (GO:0072523)","1/5",0.0247535287182936,0.185183133501439,0,0,50.2424242424242,185.836036973753,"DPYD","GO_Biological_Process_2023","turquoise"
"Choline Metabolic Process (GO:0019695)","1/5",0.0247535287182936,0.185183133501439,0,0,50.2424242424242,185.836036973753,"SLC44A1","GO_Biological_Process_2023","turquoise"
"Positive Regulation Of Nervous System Development (GO:0051962)","2/49",0.0249911884332231,0.185183133501439,0,0,8.62049500651324,31.8030058521021,"PTPRD;IL1RAPL1","GO_Biological_Process_2023","turquoise"
"Heterophilic Cell-Cell Adhesion Via Plasma Membrane Cell Adhesion Molecules (GO:0007157)","2/49",0.0249911884332231,0.185183133501439,0,0,8.62049500651324,31.8030058521021,"PTPRD;IL1RAPL1","GO_Biological_Process_2023","turquoise"
"Regulation Of Anatomical Structure Morphogenesis (GO:0022603)","3/127",0.0258863853847271,0.185183133501439,0,0,4.93249085467243,18.0235095567768,"PHLDB1;FMNL2;FGFR2","GO_Biological_Process_2023","turquoise"
"Regulation Of Stress-Activated MAPK Cascade (GO:0032872)","2/51",0.0269214810715392,0.185183133501439,0,0,8.26780508121616,29.8867161104048,"PHLPP1;MAP4K4","GO_Biological_Process_2023","turquoise"
"Regulation Of Substrate Adhesion-Dependent Cell Spreading (GO:1900024)","2/51",0.0269214810715392,0.185183133501439,0,0,8.26780508121616,29.8867161104048,"DOCK5;DOCK1","GO_Biological_Process_2023","turquoise"
"Regulation Of Synapse Assembly (GO:0051963)","2/51",0.0269214810715392,0.185183133501439,0,0,8.26780508121616,29.8867161104048,"PTPRD;IL1RAPL1","GO_Biological_Process_2023","turquoise"
"Negative Regulation Of Cell Motility (GO:2000146)","3/133",0.0291373737153464,0.185183133501439,0,0,4.70340999206979,16.6300047845661,"FRMD5;MAGI2;PTPRK","GO_Biological_Process_2023","turquoise"
"Exocrine System Development (GO:0035272)","1/6",0.0296309633944118,0.185183133501439,0,0,40.1919191919192,141.432767389918,"FGFR2","GO_Biological_Process_2023","turquoise"
"Positive Regulation Of Lamellipodium Morphogenesis (GO:2000394)","1/6",0.0296309633944118,0.185183133501439,0,0,40.1919191919192,141.432767389918,"ENPP2","GO_Biological_Process_2023","turquoise"
"Forebrain Neuron Development (GO:0021884)","1/6",0.0296309633944118,0.185183133501439,0,0,40.1919191919192,141.432767389918,"FGFR2","GO_Biological_Process_2023","turquoise"
"Gland Morphogenesis (GO:0022612)","1/6",0.0296309633944118,0.185183133501439,0,0,40.1919191919192,141.432767389918,"FGFR2","GO_Biological_Process_2023","turquoise"
"Negative Regulation Of p38MAPK Cascade (GO:1903753)","1/6",0.0296309633944118,0.185183133501439,0,0,40.1919191919192,141.432767389918,"DLG1","GO_Biological_Process_2023","turquoise"
"Adherens Junction Maintenance (GO:0034334)","1/6",0.0296309633944118,0.185183133501439,0,0,40.1919191919192,141.432767389918,"TJP1","GO_Biological_Process_2023","turquoise"
"Nucleobase Catabolic Process (GO:0046113)","1/6",0.0296309633944118,0.185183133501439,0,0,40.1919191919192,141.432767389918,"DPYD","GO_Biological_Process_2023","turquoise"
"Long-Term Synaptic Depression (GO:0060292)","1/6",0.0296309633944118,0.185183133501439,0,0,40.1919191919192,141.432767389918,"SLC24A2","GO_Biological_Process_2023","turquoise"
"Regulation Of Potassium Ion Export Across Plasma Membrane (GO:1903764)","1/6",0.0296309633944118,0.185183133501439,0,0,40.1919191919192,141.432767389918,"DLG1","GO_Biological_Process_2023","turquoise"
"Protein Deglutamylation (GO:0035608)","1/6",0.0296309633944118,0.185183133501439,0,0,40.1919191919192,141.432767389918,"FOLH1","GO_Biological_Process_2023","turquoise"
"Marginal Zone B Cell Differentiation (GO:0002315)","1/6",0.0296309633944118,0.185183133501439,0,0,40.1919191919192,141.432767389918,"DOCK10","GO_Biological_Process_2023","turquoise"
"Regulation Of Smooth Muscle Cell Differentiation (GO:0051150)","1/6",0.0296309633944118,0.185183133501439,0,0,40.1919191919192,141.432767389918,"FGFR2","GO_Biological_Process_2023","turquoise"
"Choline Transport (GO:0015871)","1/6",0.0296309633944118,0.185183133501439,0,0,40.1919191919192,141.432767389918,"SLC44A1","GO_Biological_Process_2023","turquoise"
"Regulation Of Blood-Brain Barrier Permeability (GO:1905603)","1/6",0.0296309633944118,0.185183133501439,0,0,40.1919191919192,141.432767389918,"TJP1","GO_Biological_Process_2023","turquoise"
"Positive Regulation Of Cysteine-Type Endopeptidase Activity Involved In Apoptotic Signaling Pathway (GO:2001269)","1/6",0.0296309633944118,0.185183133501439,0,0,40.1919191919192,141.432767389918,"ST18","GO_Biological_Process_2023","turquoise"
"ERBB Signaling Pathway (GO:0038127)","2/54",0.029925836282038,0.185183133501439,0,0,7.78963893249608,27.3341007109313,"GAB1;ERBIN","GO_Biological_Process_2023","turquoise"
"Regulation Of Protein Kinase B Signaling (GO:0051896)","3/136",0.0308403457982155,0.185183133501439,0,0,4.59662041702194,15.991327643667,"HIP1;PHLPP1;MAGI2","GO_Biological_Process_2023","turquoise"
"Phosphatidylcholine Metabolic Process (GO:0046470)","2/55",0.030955668405524,0.185183133501439,0,0,7.64227955333077,26.5584434034501,"SLC44A1;ENPP2","GO_Biological_Process_2023","turquoise"
"Ceramide Metabolic Process (GO:0006672)","2/55",0.030955668405524,0.185183133501439,0,0,7.64227955333077,26.5584434034501,"FA2H;ST6GALNAC3","GO_Biological_Process_2023","turquoise"
"Establishment Of Centrosome Localization (GO:0051660)","1/7",0.0344842492004147,0.185183133501439,0,0,33.4915824915825,112.774618360503,"DLG1","GO_Biological_Process_2023","turquoise"
"Negative Regulation Of Lipid Kinase Activity (GO:0090219)","1/7",0.0344842492004147,0.185183133501439,0,0,33.4915824915825,112.774618360503,"PIP4K2A","GO_Biological_Process_2023","turquoise"
"Positive Regulation Of Melanin Biosynthetic Process (GO:0048023)","1/7",0.0344842492004147,0.185183133501439,0,0,33.4915824915825,112.774618360503,"ZEB2","GO_Biological_Process_2023","turquoise"
"Regulation Of Lipase Activity (GO:0060191)","1/7",0.0344842492004147,0.185183133501439,0,0,33.4915824915825,112.774618360503,"PCSK6","GO_Biological_Process_2023","turquoise"
"Amine Transport (GO:0015837)","1/7",0.0344842492004147,0.185183133501439,0,0,33.4915824915825,112.774618360503,"SLC44A1","GO_Biological_Process_2023","turquoise"
"Positive Regulation Of Secondary Metabolite Biosynthetic Process (GO:1900378)","1/7",0.0344842492004147,0.185183133501439,0,0,33.4915824915825,112.774618360503,"ZEB2","GO_Biological_Process_2023","turquoise"
"Regulation Of Microvillus Organization (GO:0032530)","1/7",0.0344842492004147,0.185183133501439,0,0,33.4915824915825,112.774618360503,"PLD1","GO_Biological_Process_2023","turquoise"
"Positive Regulation Of Vascular Associated Smooth Muscle Cell Migration (GO:1904754)","1/7",0.0344842492004147,0.185183133501439,0,0,33.4915824915825,112.774618360503,"DOCK5","GO_Biological_Process_2023","turquoise"
"Protein Deglycosylation (GO:0006517)","1/7",0.0344842492004147,0.185183133501439,0,0,33.4915824915825,112.774618360503,"MAN2A1","GO_Biological_Process_2023","turquoise"
"Cellular Biogenic Amine Catabolic Process (GO:0042402)","1/7",0.0344842492004147,0.185183133501439,0,0,33.4915824915825,112.774618360503,"SLC44A1","GO_Biological_Process_2023","turquoise"
"Cellular Response To Epinephrine Stimulus (GO:0071872)","1/7",0.0344842492004147,0.185183133501439,0,0,33.4915824915825,112.774618360503,"PDE4B","GO_Biological_Process_2023","turquoise"
"Pyrimidine Nucleobase Catabolic Process (GO:0006208)","1/7",0.0344842492004147,0.185183133501439,0,0,33.4915824915825,112.774618360503,"DPYD","GO_Biological_Process_2023","turquoise"
"Cellular Response To Potassium Ion (GO:0035865)","1/7",0.0344842492004147,0.185183133501439,0,0,33.4915824915825,112.774618360503,"DLG2","GO_Biological_Process_2023","turquoise"
"Response To Epinephrine (GO:0071871)","1/7",0.0344842492004147,0.185183133501439,0,0,33.4915824915825,112.774618360503,"PDE4B","GO_Biological_Process_2023","turquoise"
"Response To Potassium Ion (GO:0035864)","1/7",0.0344842492004147,0.185183133501439,0,0,33.4915824915825,112.774618360503,"DLG2","GO_Biological_Process_2023","turquoise"
"Homophilic Cell Adhesion Via Plasma Membrane Adhesion Molecules (GO:0007156)","2/60",0.0363103684614095,0.193466181958448,0,0,6.981703026038,23.1488972243337,"KIRREL3;DSCAML1","GO_Biological_Process_2023","turquoise"
"Axon Guidance (GO:0007411)","3/149",0.038811618827442,0.197145660527225,0,0,4.18457844937156,13.5958444486809,"KIAA1755;UNC5C;DSCAML1","GO_Biological_Process_2023","turquoise"
"Astral Microtubule Organization (GO:0030953)","1/8",0.0393135041520565,0.197145660527225,0,0,28.7056277056277,92.8967850071638,"DLG1","GO_Biological_Process_2023","turquoise"
"Autophagosome-Lysosome Fusion (GO:0061909)","1/8",0.0393135041520565,0.197145660527225,0,0,28.7056277056277,92.8967850071638,"PIP4K2A","GO_Biological_Process_2023","turquoise"
"Presynaptic Membrane Assembly (GO:0097105)","1/8",0.0393135041520565,0.197145660527225,0,0,28.7056277056277,92.8967850071638,"PTPRD","GO_Biological_Process_2023","turquoise"
"Membrane Lipid Catabolic Process (GO:0046466)","1/8",0.0393135041520565,0.197145660527225,0,0,28.7056277056277,92.8967850071638,"ENPP2","GO_Biological_Process_2023","turquoise"
"Pyrimidine-Containing Compound Catabolic Process (GO:0072529)","1/8",0.0393135041520565,0.197145660527225,0,0,28.7056277056277,92.8967850071638,"DPYD","GO_Biological_Process_2023","turquoise"
"Positive Regulation Of Cell-Cell Adhesion Mediated By Cadherin (GO:2000049)","1/8",0.0393135041520565,0.197145660527225,0,0,28.7056277056277,92.8967850071638,"TJP1","GO_Biological_Process_2023","turquoise"
"Positive Regulation Of Extracellular Matrix Assembly (GO:1901203)","1/8",0.0393135041520565,0.197145660527225,0,0,28.7056277056277,92.8967850071638,"PHLDB1","GO_Biological_Process_2023","turquoise"
"Cellular Response To Growth Factor Stimulus (GO:0071363)","3/155",0.0428110923844909,0.206089402901475,0,0,4.01817688551275,12.6611067720295,"WWOX;MAGI2;PDE8A","GO_Biological_Process_2023","turquoise"
"B Cell Homeostasis (GO:0001782)","1/9",0.0441188457824273,0.206089402901475,0,0,25.1161616161616,78.3842312444799,"DOCK10","GO_Biological_Process_2023","turquoise"
"Positive Regulation Of Keratinocyte Migration (GO:0051549)","1/9",0.0441188457824273,0.206089402901475,0,0,25.1161616161616,78.3842312444799,"MAP4K4","GO_Biological_Process_2023","turquoise"
"Positive Regulation Of Lipase Activity (GO:0060193)","1/9",0.0441188457824273,0.206089402901475,0,0,25.1161616161616,78.3842312444799,"FGFR2","GO_Biological_Process_2023","turquoise"
"Positive Regulation Of Mesenchymal Cell Proliferation (GO:0002053)","1/9",0.0441188457824273,0.206089402901475,0,0,25.1161616161616,78.3842312444799,"FGFR2","GO_Biological_Process_2023","turquoise"
"Regulation Of High Voltage-Gated Calcium Channel Activity (GO:1901841)","1/9",0.0441188457824273,0.206089402901475,0,0,25.1161616161616,78.3842312444799,"PDE4B","GO_Biological_Process_2023","turquoise"
"Nerve Growth Factor Signaling Pathway (GO:0038180)","1/9",0.0441188457824273,0.206089402901475,0,0,25.1161616161616,78.3842312444799,"MAGI2","GO_Biological_Process_2023","turquoise"
"Protein K11-linked Deubiquitination (GO:0035871)","1/9",0.0441188457824273,0.206089402901475,0,0,25.1161616161616,78.3842312444799,"OTUD7A","GO_Biological_Process_2023","turquoise"
"Purine Nucleobase Metabolic Process (GO:0006144)","1/9",0.0441188457824273,0.206089402901475,0,0,25.1161616161616,78.3842312444799,"DPYD","GO_Biological_Process_2023","turquoise"
"Regulation Of Actin Filament-Based Movement (GO:1903115)","1/9",0.0441188457824273,0.206089402901475,0,0,25.1161616161616,78.3842312444799,"PDE4B","GO_Biological_Process_2023","turquoise"
"Phagocytosis (GO:0006909)","2/69",0.0467626402187707,0.20979406517115,0,0,6.04112092598233,18.5019639390654,"ELMO1;DOCK1","GO_Biological_Process_2023","turquoise"
"Phospholipid Metabolic Process (GO:0006644)","2/69",0.0467626402187707,0.20979406517115,0,0,6.04112092598233,18.5019639390654,"ENPP2;PLD1","GO_Biological_Process_2023","turquoise"
"Negative Regulation Of Epithelial Cell Proliferation (GO:0050680)","2/70",0.0479847867745848,0.20979406517115,0,0,5.95198079231693,18.0753994112781,"PTPRK;FGFR2","GO_Biological_Process_2023","turquoise"
"Negative Regulation Of Exocytosis (GO:0045920)","1/10",0.0489003911418305,0.20979406517115,0,0,22.324354657688,67.3742300304506,"IL1RAPL1","GO_Biological_Process_2023","turquoise"
"Establishment Of Endothelial Intestinal Barrier (GO:0090557)","1/10",0.0489003911418305,0.20979406517115,0,0,22.324354657688,67.3742300304506,"TJP1","GO_Biological_Process_2023","turquoise"
"Regulation Of Cysteine-Type Endopeptidase Activity Involved In Apoptotic Signaling Pathway (GO:2001267)","1/10",0.0489003911418305,0.20979406517115,0,0,22.324354657688,67.3742300304506,"ST18","GO_Biological_Process_2023","turquoise"
"Regulation Of Lamellipodium Morphogenesis (GO:2000392)","1/10",0.0489003911418305,0.20979406517115,0,0,22.324354657688,67.3742300304506,"ENPP2","GO_Biological_Process_2023","turquoise"
"Regulation Of Melanin Biosynthetic Process (GO:0048021)","1/10",0.0489003911418305,0.20979406517115,0,0,22.324354657688,67.3742300304506,"ZEB2","GO_Biological_Process_2023","turquoise"
"Regulation Of Phospholipase Activity (GO:0010517)","1/10",0.0489003911418305,0.20979406517115,0,0,22.324354657688,67.3742300304506,"FGFR2","GO_Biological_Process_2023","turquoise"
"Prostaglandin Transport (GO:0015732)","1/10",0.0489003911418305,0.20979406517115,0,0,22.324354657688,67.3742300304506,"SLCO3A1","GO_Biological_Process_2023","turquoise"
"Negative Regulation Of Activin Receptor Signaling Pathway (GO:0032926)","1/10",0.0489003911418305,0.20979406517115,0,0,22.324354657688,67.3742300304506,"MAGI2","GO_Biological_Process_2023","turquoise"
"Negative Regulation Of Adenylate Cyclase Activity (GO:0007194)","1/10",0.0489003911418305,0.20979406517115,0,0,22.324354657688,67.3742300304506,"GRM3","GO_Biological_Process_2023","turquoise"
"Synapse Assembly (GO:0007416)","2/71",0.0492185490137595,0.20979406517115,0,0,5.86542443064182,17.6636360143545,"KIRREL3;PTPRD","GO_Biological_Process_2023","turquoise"
"Positive Regulation Of Cell-Substrate Adhesion (GO:0010811)","2/71",0.0492185490137595,0.20979406517115,0,0,5.86542443064182,17.6636360143545,"DOCK5;DOCK1","GO_Biological_Process_2023","turquoise"
"Brain Development (GO:0007420)","3/169",0.0529113924234195,0.216432858460214,0,0,3.67668612594709,10.8062827800118,"SYNJ2;DSCAML1;SHROOM4","GO_Biological_Process_2023","turquoise"
"Ganglion Development (GO:0061548)","1/11",0.0536582567508638,0.216432858460214,0,0,20.0909090909091,58.7683184218827,"UNC5C","GO_Biological_Process_2023","turquoise"
"Regulation Of Keratinocyte Migration (GO:0051547)","1/11",0.0536582567508638,0.216432858460214,0,0,20.0909090909091,58.7683184218827,"MAP4K4","GO_Biological_Process_2023","turquoise"
"Regulation Of Mesenchymal Cell Proliferation (GO:0010464)","1/11",0.0536582567508638,0.216432858460214,0,0,20.0909090909091,58.7683184218827,"FGFR2","GO_Biological_Process_2023","turquoise"
"Positive Regulation Of Vascular Permeability (GO:0043117)","1/11",0.0536582567508638,0.216432858460214,0,0,20.0909090909091,58.7683184218827,"TJP1","GO_Biological_Process_2023","turquoise"
"Presynapse Organization (GO:0099172)","1/11",0.0536582567508638,0.216432858460214,0,0,20.0909090909091,58.7683184218827,"PTPRD","GO_Biological_Process_2023","turquoise"
"Pyrimidine Nucleobase Metabolic Process (GO:0006206)","1/11",0.0536582567508638,0.216432858460214,0,0,20.0909090909091,58.7683184218827,"DPYD","GO_Biological_Process_2023","turquoise"
"Digestive System Development (GO:0055123)","1/11",0.0536582567508638,0.216432858460214,0,0,20.0909090909091,58.7683184218827,"FGFR2","GO_Biological_Process_2023","turquoise"
"Negative Regulation Of Cyclase Activity (GO:0031280)","1/11",0.0536582567508638,0.216432858460214,0,0,20.0909090909091,58.7683184218827,"GRM3","GO_Biological_Process_2023","turquoise"
"Positive Regulation Of Neurogenesis (GO:0050769)","2/75",0.0542668897312266,0.216432858460214,0,0,5.54291305563321,16.1511673406941,"PTPRD;IL1RAPL1","GO_Biological_Process_2023","turquoise"
"Regulation Of Plasma Membrane Bounded Cell Projection Assembly (GO:0120032)","2/75",0.0542668897312266,0.216432858460214,0,0,5.54291305563321,16.1511673406941,"DAAM2;PLD1","GO_Biological_Process_2023","turquoise"
"Actomyosin Structure Organization (GO:0031032)","2/77",0.0568570608364097,0.217615983342153,0,0,5.39455782312925,15.4673563823572,"TJP1;FRMD5","GO_Biological_Process_2023","turquoise"
"Cell Morphogenesis Involved In Neuron Differentiation (GO:0048667)","2/77",0.0568570608364097,0.217615983342153,0,0,5.39455782312925,15.4673563823572,"DSCAML1;FGFR2","GO_Biological_Process_2023","turquoise"
"C-terminal Protein Amino Acid Modification (GO:0018410)","1/12",0.0583925585800791,0.217615983342153,0,0,18.2635445362718,51.8788186041542,"FOLH1","GO_Biological_Process_2023","turquoise"
"Synaptic Membrane Adhesion (GO:0099560)","1/12",0.0583925585800791,0.217615983342153,0,0,18.2635445362718,51.8788186041542,"PTPRD","GO_Biological_Process_2023","turquoise"
"G Protein-Coupled Glutamate Receptor Signaling Pathway (GO:0007216)","1/12",0.0583925585800791,0.217615983342153,0,0,18.2635445362718,51.8788186041542,"GRM3","GO_Biological_Process_2023","turquoise"
"Negative Regulation Of Locomotion (GO:0040013)","1/12",0.0583925585800791,0.217615983342153,0,0,18.2635445362718,51.8788186041542,"FRMD5","GO_Biological_Process_2023","turquoise"
"Calcium Ion Import (GO:0070509)","1/12",0.0583925585800791,0.217615983342153,0,0,18.2635445362718,51.8788186041542,"SLC24A2","GO_Biological_Process_2023","turquoise"
"Cell-Cell Junction Maintenance (GO:0045217)","1/12",0.0583925585800791,0.217615983342153,0,0,18.2635445362718,51.8788186041542,"TJP1","GO_Biological_Process_2023","turquoise"
"Quaternary Ammonium Group Transport (GO:0015697)","1/12",0.0583925585800791,0.217615983342153,0,0,18.2635445362718,51.8788186041542,"SLC44A1","GO_Biological_Process_2023","turquoise"
"Regulation Of Vascular Associated Smooth Muscle Cell Migration (GO:1904752)","1/12",0.0583925585800791,0.217615983342153,0,0,18.2635445362718,51.8788186041542,"DOCK5","GO_Biological_Process_2023","turquoise"
"Dendrite Self-Avoidance (GO:0070593)","1/12",0.0583925585800791,0.217615983342153,0,0,18.2635445362718,51.8788186041542,"DSCAML1","GO_Biological_Process_2023","turquoise"
"Response To Muramyl Dipeptide (GO:0032495)","1/12",0.0583925585800791,0.217615983342153,0,0,18.2635445362718,51.8788186041542,"ERBIN","GO_Biological_Process_2023","turquoise"
"Negative Regulation Of Lyase Activity (GO:0051350)","1/13",0.0631034120924419,0.224148578370028,0,0,16.7407407407407,46.2543391597171,"GRM3","GO_Biological_Process_2023","turquoise"
"Glomerular Filtration (GO:0003094)","1/13",0.0631034120924419,0.224148578370028,0,0,16.7407407407407,46.2543391597171,"MYO1E","GO_Biological_Process_2023","turquoise"
"Regulation Of Gastrulation (GO:0010470)","1/13",0.0631034120924419,0.224148578370028,0,0,16.7407407407407,46.2543391597171,"PHLDB1","GO_Biological_Process_2023","turquoise"
"Interleukin-6-Mediated Signaling Pathway (GO:0070102)","1/13",0.0631034120924419,0.224148578370028,0,0,16.7407407407407,46.2543391597171,"ST18","GO_Biological_Process_2023","turquoise"
"Mature B Cell Differentiation Involved In Immune Response (GO:0002313)","1/13",0.0631034120924419,0.224148578370028,0,0,16.7407407407407,46.2543391597171,"DOCK10","GO_Biological_Process_2023","turquoise"
"Microvillus Organization (GO:0032528)","1/13",0.0631034120924419,0.224148578370028,0,0,16.7407407407407,46.2543391597171,"MAP4K4","GO_Biological_Process_2023","turquoise"
"Clathrin Coat Assembly (GO:0048268)","1/13",0.0631034120924419,0.224148578370028,0,0,16.7407407407407,46.2543391597171,"HIP1","GO_Biological_Process_2023","turquoise"
"Positive Regulation Of Cardiac Muscle Cell Proliferation (GO:0060045)","1/13",0.0631034120924419,0.224148578370028,0,0,16.7407407407407,46.2543391597171,"FGFR2","GO_Biological_Process_2023","turquoise"
"Response To Nerve Growth Factor (GO:1990089)","1/13",0.0631034120924419,0.224148578370028,0,0,16.7407407407407,46.2543391597171,"MAGI2","GO_Biological_Process_2023","turquoise"
"Vascular Transport (GO:0010232)","2/83",0.0648783802345316,0.22663691608044,0,0,4.99344923154447,13.6582862458477,"SLC44A1;SLCO3A1","GO_Biological_Process_2023","turquoise"
"Transport Across Blood-Brain Barrier (GO:0150104)","2/85",0.067632189652766,0.22663691608044,0,0,4.87263339070568,13.1252723836309,"SLC44A1;SLCO3A1","GO_Biological_Process_2023","turquoise"
"Integrin-Mediated Signaling Pathway (GO:0007229)","2/85",0.067632189652766,0.22663691608044,0,0,4.87263339070568,13.1252723836309,"ERBIN;DOCK1","GO_Biological_Process_2023","turquoise"
"Vascular Endothelial Growth Factor Signaling Pathway (GO:0038084)","1/14",0.0677909321684321,0.22663691608044,0,0,15.4522144522145,41.5869594433684,"GAB1","GO_Biological_Process_2023","turquoise"
"Icosanoid Transport (GO:0071715)","1/14",0.0677909321684321,0.22663691608044,0,0,15.4522144522145,41.5869594433684,"SLCO3A1","GO_Biological_Process_2023","turquoise"
"Regulation Of Non-Canonical Wnt Signaling Pathway (GO:2000050)","1/14",0.0677909321684321,0.22663691608044,0,0,15.4522144522145,41.5869594433684,"DAAM2","GO_Biological_Process_2023","turquoise"
"Bone Morphogenesis (GO:0060349)","1/14",0.0677909321684321,0.22663691608044,0,0,15.4522144522145,41.5869594433684,"FGFR2","GO_Biological_Process_2023","turquoise"
"Membrane Raft Organization (GO:0031579)","1/14",0.0677909321684321,0.22663691608044,0,0,15.4522144522145,41.5869594433684,"FA2H","GO_Biological_Process_2023","turquoise"
"Microvillus Assembly (GO:0030033)","1/14",0.0677909321684321,0.22663691608044,0,0,15.4522144522145,41.5869594433684,"MAP4K4","GO_Biological_Process_2023","turquoise"
"Embryonic Cranial Skeleton Morphogenesis (GO:0048701)","1/14",0.0677909321684321,0.22663691608044,0,0,15.4522144522145,41.5869594433684,"FGFR2","GO_Biological_Process_2023","turquoise"
"Neuron Projection Development (GO:0031175)","3/192",0.0717418991703997,0.22663691608044,0,0,3.22549500900016,8.49814826848241,"DOCK10;FRYL;MAP4K4","GO_Biological_Process_2023","turquoise"
"Protein Localization To Membrane (GO:0072657)","3/192",0.0717418991703997,0.22663691608044,0,0,3.22549500900016,8.49814826848241,"DLG1;MAGI2;MAP7","GO_Biological_Process_2023","turquoise"
"Sphingolipid Catabolic Process (GO:0030149)","1/15",0.0724552331756038,0.22663691608044,0,0,14.3477633477633,37.6598138369901,"ENPP2","GO_Biological_Process_2023","turquoise"
"Ganglioside Biosynthetic Process (GO:0001574)","1/15",0.0724552331756038,0.22663691608044,0,0,14.3477633477633,37.6598138369901,"ST6GALNAC3","GO_Biological_Process_2023","turquoise"
"Positive Regulation Of Potassium Ion Transport (GO:0043268)","1/15",0.0724552331756038,0.22663691608044,0,0,14.3477633477633,37.6598138369901,"DLG1","GO_Biological_Process_2023","turquoise"
"Regulation Of Lipoprotein Lipase Activity (GO:0051004)","1/15",0.0724552331756038,0.22663691608044,0,0,14.3477633477633,37.6598138369901,"PCSK6","GO_Biological_Process_2023","turquoise"
"Negative Regulation Of Synaptic Transmission (GO:0050805)","1/15",0.0724552331756038,0.22663691608044,0,0,14.3477633477633,37.6598138369901,"SLC24A2","GO_Biological_Process_2023","turquoise"
"Positive Regulation Of Sprouting Angiogenesis (GO:1903672)","1/15",0.0724552331756038,0.22663691608044,0,0,14.3477633477633,37.6598138369901,"TJP1","GO_Biological_Process_2023","turquoise"
"Neurotrophin Signaling Pathway (GO:0038179)","1/15",0.0724552331756038,0.22663691608044,0,0,14.3477633477633,37.6598138369901,"MAGI2","GO_Biological_Process_2023","turquoise"
"Protein Localization To Cell-Cell Junction (GO:0150105)","1/15",0.0724552331756038,0.22663691608044,0,0,14.3477633477633,37.6598138369901,"TJP1","GO_Biological_Process_2023","turquoise"
"Renal Filtration (GO:0097205)","1/15",0.0724552331756038,0.22663691608044,0,0,14.3477633477633,37.6598138369901,"MYO1E","GO_Biological_Process_2023","turquoise"
"Regulation Of Activin Receptor Signaling Pathway (GO:0032925)","1/15",0.0724552331756038,0.22663691608044,0,0,14.3477633477633,37.6598138369901,"MAGI2","GO_Biological_Process_2023","turquoise"
"Dendritic Spine Morphogenesis (GO:0060997)","1/15",0.0724552331756038,0.22663691608044,0,0,14.3477633477633,37.6598138369901,"DOCK10","GO_Biological_Process_2023","turquoise"
"Retrograde Axonal Transport (GO:0008090)","1/15",0.0724552331756038,0.22663691608044,0,0,14.3477633477633,37.6598138369901,"DLG2","GO_Biological_Process_2023","turquoise"
"Digestive Tract Morphogenesis (GO:0048546)","1/15",0.0724552331756038,0.22663691608044,0,0,14.3477633477633,37.6598138369901,"FGFR2","GO_Biological_Process_2023","turquoise"
"Regulation Of Bicellular Tight Junction Assembly (GO:2000810)","1/15",0.0724552331756038,0.22663691608044,0,0,14.3477633477633,37.6598138369901,"TJP1","GO_Biological_Process_2023","turquoise"
"Organic Anion Transport (GO:0015711)","2/89",0.0732536203857354,0.22663691608044,0,0,4.6476659629369,12.1481976031779,"SLCO3A1;SLCO1A2","GO_Biological_Process_2023","turquoise"
"Regulation Of Vesicle-Mediated Transport (GO:0060627)","2/89",0.0732536203857354,0.22663691608044,0,0,4.6476659629369,12.1481976031779,"HIP1;PLD1","GO_Biological_Process_2023","turquoise"
"Positive Regulation Of Smooth Muscle Cell Migration (GO:0014911)","1/16",0.0770964289305897,0.22663691608044,0,0,13.3905723905724,34.3159973270839,"DOCK5","GO_Biological_Process_2023","turquoise"
"Intracellular Cholesterol Transport (GO:0032367)","1/16",0.0770964289305897,0.22663691608044,0,0,13.3905723905724,34.3159973270839,"PIP4K2A","GO_Biological_Process_2023","turquoise"
"Regulation Of Osteoblast Proliferation (GO:0033688)","1/16",0.0770964289305897,0.22663691608044,0,0,13.3905723905724,34.3159973270839,"FGFR2","GO_Biological_Process_2023","turquoise"
"Nuclear Migration (GO:0007097)","1/16",0.0770964289305897,0.22663691608044,0,0,13.3905723905724,34.3159973270839,"CLMN","GO_Biological_Process_2023","turquoise"
"Regulation Of Presynapse Assembly (GO:1905606)","1/16",0.0770964289305897,0.22663691608044,0,0,13.3905723905724,34.3159973270839,"IL1RAPL1","GO_Biological_Process_2023","turquoise"
"Regulation Of Presynapse Organization (GO:0099174)","1/16",0.0770964289305897,0.22663691608044,0,0,13.3905723905724,34.3159973270839,"IL1RAPL1","GO_Biological_Process_2023","turquoise"
"Protein O-linked Mannosylation (GO:0035269)","1/16",0.0770964289305897,0.22663691608044,0,0,13.3905723905724,34.3159973270839,"TMTC2","GO_Biological_Process_2023","turquoise"
"Mesonephric Tubule Development (GO:0072164)","1/16",0.0770964289305897,0.22663691608044,0,0,13.3905723905724,34.3159973270839,"FGFR2","GO_Biological_Process_2023","turquoise"
"Phosphatidylinositol Dephosphorylation (GO:0046856)","1/16",0.0770964289305897,0.22663691608044,0,0,13.3905723905724,34.3159973270839,"SYNJ2","GO_Biological_Process_2023","turquoise"
"Regulation Of Synaptic Transmission, GABAergic (GO:0032228)","1/16",0.0770964289305897,0.22663691608044,0,0,13.3905723905724,34.3159973270839,"CNTNAP4","GO_Biological_Process_2023","turquoise"
"Positive Regulation Of Autophagosome Assembly (GO:2000786)","1/16",0.0770964289305897,0.22663691608044,0,0,13.3905723905724,34.3159973270839,"PIP4K2A","GO_Biological_Process_2023","turquoise"
"Positive Regulation Of Cardiac Muscle Tissue Growth (GO:0055023)","1/16",0.0770964289305897,0.22663691608044,0,0,13.3905723905724,34.3159973270839,"FGFR2","GO_Biological_Process_2023","turquoise"
"Anterograde Trans-Synaptic Signaling (GO:0098916)","3/199",0.0779961129096355,0.228297635211895,0,0,3.10919419314117,7.93185376487499,"GRM3;DLG1;DLG2","GO_Biological_Process_2023","turquoise"
"Rac Protein Signal Transduction (GO:0016601)","1/17",0.0817146326715557,0.233863907287579,0,0,12.5530303030303,31.4393429542943,"ELMO1","GO_Biological_Process_2023","turquoise"
"Mesenchyme Development (GO:0060485)","1/17",0.0817146326715557,0.233863907287579,0,0,12.5530303030303,31.4393429542943,"FGFR2","GO_Biological_Process_2023","turquoise"
"Microtubule Depolymerization (GO:0007019)","1/17",0.0817146326715557,0.233863907287579,0,0,12.5530303030303,31.4393429542943,"NCKAP5","GO_Biological_Process_2023","turquoise"
"Regulation Of Adenylate Cyclase Activity (GO:0045761)","1/17",0.0817146326715557,0.233863907287579,0,0,12.5530303030303,31.4393429542943,"GRM3","GO_Biological_Process_2023","turquoise"
"T Cell Receptor Signaling Pathway (GO:0050852)","2/95",0.0819552402371427,0.233863907287579,0,0,4.34649989027869,10.873126025504,"MOG;PDE4B","GO_Biological_Process_2023","turquoise"
"Cell Junction Assembly (GO:0034329)","2/95",0.0819552402371427,0.233863907287579,0,0,4.34649989027869,10.873126025504,"KIRREL3;TJP1","GO_Biological_Process_2023","turquoise"
"Regulation Of MAPK Cascade (GO:0043408)","3/204",0.0826055607007255,0.234737468324562,0,0,3.03108170487767,7.55854261202274,"PHLPP1;FGFR2;MAP4K4","GO_Biological_Process_2023","turquoise"
"Cellular Response To Transforming Growth Factor Beta Stimulus (GO:0071560)","2/96",0.0834353800745876,0.234972227774536,0,0,4.30004342162397,10.6799440491835,"WWOX;PTPRK","GO_Biological_Process_2023","turquoise"
"Positive Regulation Of Glycolytic Process (GO:0045821)","1/18",0.0863099571505928,0.234972227774536,0,0,11.8140225787285,28.9421143066093,"ZBTB20","GO_Biological_Process_2023","turquoise"
"Ureteric Bud Development (GO:0001657)","1/18",0.0863099571505928,0.234972227774536,0,0,11.8140225787285,28.9421143066093,"FGFR2","GO_Biological_Process_2023","turquoise"
"Positive Regulation Of Phosphoprotein Phosphatase Activity (GO:0032516)","1/18",0.0863099571505928,0.234972227774536,0,0,11.8140225787285,28.9421143066093,"MAGI2","GO_Biological_Process_2023","turquoise"
"Regulation Of Oligodendrocyte Differentiation (GO:0048713)","1/18",0.0863099571505928,0.234972227774536,0,0,11.8140225787285,28.9421143066093,"DAAM2","GO_Biological_Process_2023","turquoise"
"Endothelial Cell Proliferation (GO:0001935)","1/18",0.0863099571505928,0.234972227774536,0,0,11.8140225787285,28.9421143066093,"DLG1","GO_Biological_Process_2023","turquoise"
"Regulation Of Cell-Cell Adhesion Mediated By Cadherin (GO:2000047)","1/18",0.0863099571505928,0.234972227774536,0,0,11.8140225787285,28.9421143066093,"TJP1","GO_Biological_Process_2023","turquoise"
"Positive Regulation Of Focal Adhesion Assembly (GO:0051894)","1/18",0.0863099571505928,0.234972227774536,0,0,11.8140225787285,28.9421143066093,"MAP4K4","GO_Biological_Process_2023","turquoise"
"Axon Development (GO:0061564)","2/99",0.0879246283814667,0.234972227774536,0,0,4.16642120765832,10.129717084782,"DSCAML1;FGFR2","GO_Biological_Process_2023","turquoise"
"Regulation Of Organelle Organization (GO:0033043)","2/100",0.0894369333512962,0.234972227774536,0,0,4.12369845897543,9.95552171579456,"TJP1;ZEB2","GO_Biological_Process_2023","turquoise"
"Regulation Of Cellular Response To Growth Factor Stimulus (GO:0090287)","1/19",0.0908825145361798,0.234972227774536,0,0,11.1571268237935,26.7568838212325,"PCSK6","GO_Biological_Process_2023","turquoise"
"Regulation Of Centriole Replication (GO:0046599)","1/19",0.0908825145361798,0.234972227774536,0,0,11.1571268237935,26.7568838212325,"C10ORF90","GO_Biological_Process_2023","turquoise"
"Establishment Of Skin Barrier (GO:0061436)","1/19",0.0908825145361798,0.234972227774536,0,0,11.1571268237935,26.7568838212325,"FA2H","GO_Biological_Process_2023","turquoise"
"Ganglioside Metabolic Process (GO:0001573)","1/19",0.0908825145361798,0.234972227774536,0,0,11.1571268237935,26.7568838212325,"ST6GALNAC3","GO_Biological_Process_2023","turquoise"
"N-glycan Processing (GO:0006491)","1/19",0.0908825145361798,0.234972227774536,0,0,11.1571268237935,26.7568838212325,"MAN2A1","GO_Biological_Process_2023","turquoise"
"Glycosphingolipid Biosynthetic Process (GO:0006688)","1/19",0.0908825145361798,0.234972227774536,0,0,11.1571268237935,26.7568838212325,"ST6GALNAC3","GO_Biological_Process_2023","turquoise"
"Interleukin-1-Mediated Signaling Pathway (GO:0070498)","1/19",0.0908825145361798,0.234972227774536,0,0,11.1571268237935,26.7568838212325,"ST18","GO_Biological_Process_2023","turquoise"
"Phosphatidylcholine Biosynthetic Process (GO:0006656)","1/19",0.0908825145361798,0.234972227774536,0,0,11.1571268237935,26.7568838212325,"SLC44A1","GO_Biological_Process_2023","turquoise"
"Cellular Response To Catecholamine Stimulus (GO:0071870)","1/19",0.0908825145361798,0.234972227774536,0,0,11.1571268237935,26.7568838212325,"PDE4B","GO_Biological_Process_2023","turquoise"
"Regulation Of Transcription Involved In G1/S Transition Of Mitotic Cell Cycle (GO:0000083)","1/19",0.0908825145361798,0.234972227774536,0,0,11.1571268237935,26.7568838212325,"CDK18","GO_Biological_Process_2023","turquoise"
"Receptor Clustering (GO:0043113)","1/19",0.0908825145361798,0.234972227774536,0,0,11.1571268237935,26.7568838212325,"MAGI2","GO_Biological_Process_2023","turquoise"
"Regulation Of Behavior (GO:0050795)","1/19",0.0908825145361798,0.234972227774536,0,0,11.1571268237935,26.7568838212325,"CNTNAP4","GO_Biological_Process_2023","turquoise"
"Embryonic Digestive Tract Development (GO:0048566)","1/19",0.0908825145361798,0.234972227774536,0,0,11.1571268237935,26.7568838212325,"FGFR2","GO_Biological_Process_2023","turquoise"
"Hemopoiesis (GO:0030097)","2/101",0.0909569913965944,0.234972227774536,0,0,4.08183879612451,9.78567177722125,"KIRREL3;FGFR2","GO_Biological_Process_2023","turquoise"
"Calcium Ion Homeostasis (GO:0055074)","2/102",0.0924846891098034,0.238017199897683,0,0,4.04081632653061,9.62002061056518,"SLC24A2;TMTC2","GO_Biological_Process_2023","turquoise"
"Positive Regulation Of Phospholipase Activity (GO:0010518)","1/20",0.0954324164624815,0.241951330956923,0,0,10.5693779904306,24.8310303892707,"FGFR2","GO_Biological_Process_2023","turquoise"
"Long-Term Synaptic Potentiation (GO:0060291)","1/20",0.0954324164624815,0.241951330956923,0,0,10.5693779904306,24.8310303892707,"SLC24A2","GO_Biological_Process_2023","turquoise"
"Peripheral Nervous System Development (GO:0007422)","1/20",0.0954324164624815,0.241951330956923,0,0,10.5693779904306,24.8310303892707,"UGT8","GO_Biological_Process_2023","turquoise"
"Regulation Of Cardiac Muscle Cell Proliferation (GO:0060043)","1/20",0.0954324164624815,0.241951330956923,0,0,10.5693779904306,24.8310303892707,"FGFR2","GO_Biological_Process_2023","turquoise"
"Positive Regulation Of Cell Motility (GO:2000147)","3/221",0.0991226873008845,0.247900239600599,0,0,2.79230114442448,6.45411629408102,"TJP1;DAAM2;MAP4K4","GO_Biological_Process_2023","turquoise"
"Focal Adhesion Assembly (GO:0048041)","1/21",0.0999597740324998,0.247900239600599,0,0,10.040404040404,23.1229243332888,"PTPRK","GO_Biological_Process_2023","turquoise"
"Positive Regulation Of Vacuole Organization (GO:0044090)","1/21",0.0999597740324998,0.247900239600599,0,0,10.040404040404,23.1229243332888,"PIP4K2A","GO_Biological_Process_2023","turquoise"
"Protein Mannosylation (GO:0035268)","1/21",0.0999597740324998,0.247900239600599,0,0,10.040404040404,23.1229243332888,"TMTC2","GO_Biological_Process_2023","turquoise"
"Cellular Response To Nerve Growth Factor Stimulus (GO:1990090)","1/21",0.0999597740324998,0.247900239600599,0,0,10.040404040404,23.1229243332888,"MAGI2","GO_Biological_Process_2023","turquoise"
"Skin Epidermis Development (GO:0098773)","1/21",0.0999597740324998,0.247900239600599,0,0,10.040404040404,23.1229243332888,"FA2H","GO_Biological_Process_2023","turquoise"
"Positive Regulation Of Cysteine-Type Endopeptidase Activity Involved In Apoptotic Process (GO:0043280)","2/109",0.1033831480897,0.255461257236142,0,0,3.77512874308602,8.56694989627224,"HIP1;ST18","GO_Biological_Process_2023","turquoise"
"Positive Regulation Of Phosphatase Activity (GO:0010922)","1/22",0.104464697819105,0.256276704721689,0,0,9.56180856180856,21.5992275397069,"MAGI2","GO_Biological_Process_2023","turquoise"
"Positive Regulation Of Receptor Internalization (GO:0002092)","1/22",0.104464697819105,0.256276704721689,0,0,9.56180856180856,21.5992275397069,"MAGI2","GO_Biological_Process_2023","turquoise"
"Regulation Of JNK Cascade (GO:0046328)","2/110",0.10496798910782,0.256588417819117,0,0,3.73998488284203,8.4302993295524,"PHLPP1;MAP4K4","GO_Biological_Process_2023","turquoise"
"Bile Acid And Bile Salt Transport (GO:0015721)","1/23",0.108947297836033,0.260708972365524,0,0,9.1267217630854,20.2329475165344,"SLCO1A2","GO_Biological_Process_2023","turquoise"
"Protein Localization To Cell Junction (GO:1902414)","1/23",0.108947297836033,0.260708972365524,0,0,9.1267217630854,20.2329475165344,"TJP1","GO_Biological_Process_2023","turquoise"
"Microtubule Nucleation (GO:0007020)","1/23",0.108947297836033,0.260708972365524,0,0,9.1267217630854,20.2329475165344,"SLAIN1","GO_Biological_Process_2023","turquoise"
"Cellular Response To Interleukin-6 (GO:0071354)","1/23",0.108947297836033,0.260708972365524,0,0,9.1267217630854,20.2329475165344,"ST18","GO_Biological_Process_2023","turquoise"
"Positive Regulation Of Cell-Substrate Junction Organization (GO:0150117)","1/23",0.108947297836033,0.260708972365524,0,0,9.1267217630854,20.2329475165344,"MAP4K4","GO_Biological_Process_2023","turquoise"
"Regulation Of Cell Junction Assembly (GO:1901888)","1/23",0.108947297836033,0.260708972365524,0,0,9.1267217630854,20.2329475165344,"TJP1","GO_Biological_Process_2023","turquoise"
"Positive Regulation Of Lipid Metabolic Process (GO:0045834)","1/24",0.113407683581024,0.263074966674348,0,0,8.72946859903382,19.0020116101552,"ZBTB20","GO_Biological_Process_2023","turquoise"
"Regulation Of Muscle Cell Differentiation (GO:0051147)","1/24",0.113407683581024,0.263074966674348,0,0,8.72946859903382,19.0020116101552,"FGFR2","GO_Biological_Process_2023","turquoise"
"Positive Regulation Of Transforming Growth Factor Beta Receptor Signaling Pathway (GO:0030511)","1/24",0.113407683581024,0.263074966674348,0,0,8.72946859903382,19.0020116101552,"ZEB2","GO_Biological_Process_2023","turquoise"
"Lipid Translocation (GO:0034204)","1/24",0.113407683581024,0.263074966674348,0,0,8.72946859903382,19.0020116101552,"ATP10B","GO_Biological_Process_2023","turquoise"
"Protein K48-linked Deubiquitination (GO:0071108)","1/24",0.113407683581024,0.263074966674348,0,0,8.72946859903382,19.0020116101552,"OTUD7A","GO_Biological_Process_2023","turquoise"
"Outflow Tract Septum Morphogenesis (GO:0003148)","1/24",0.113407683581024,0.263074966674348,0,0,8.72946859903382,19.0020116101552,"FGFR2","GO_Biological_Process_2023","turquoise"
"Positive Regulation Of ERBB Signaling Pathway (GO:1901186)","1/24",0.113407683581024,0.263074966674348,0,0,8.72946859903382,19.0020116101552,"HIP1","GO_Biological_Process_2023","turquoise"
"Positive Regulation Of Cellular Response To Transforming Growth Factor Beta Stimulus (GO:1903846)","1/24",0.113407683581024,0.263074966674348,0,0,8.72946859903382,19.0020116101552,"ZEB2","GO_Biological_Process_2023","turquoise"
"Ear Morphogenesis (GO:0042471)","1/24",0.113407683581024,0.263074966674348,0,0,8.72946859903382,19.0020116101552,"FGFR2","GO_Biological_Process_2023","turquoise"
"Positive Regulation Of Interleukin-2 Production (GO:0032743)","1/25",0.117845964040422,0.264968803835975,0,0,8.36531986531987,17.8882067340701,"PDE4B","GO_Biological_Process_2023","turquoise"
"Ventricular Cardiac Muscle Tissue Development (GO:0003229)","1/25",0.117845964040422,0.264968803835975,0,0,8.36531986531987,17.8882067340701,"FGFR2","GO_Biological_Process_2023","turquoise"
"Vesicle-Mediated Transport Between Endosomal Compartments (GO:0098927)","1/25",0.117845964040422,0.264968803835975,0,0,8.36531986531987,17.8882067340701,"MYO1D","GO_Biological_Process_2023","turquoise"
"Negative Regulation Of Stress Fiber Assembly (GO:0051497)","1/25",0.117845964040422,0.264968803835975,0,0,8.36531986531987,17.8882067340701,"TJP1","GO_Biological_Process_2023","turquoise"
"Inner Ear Morphogenesis (GO:0042472)","1/25",0.117845964040422,0.264968803835975,0,0,8.36531986531987,17.8882067340701,"FGFR2","GO_Biological_Process_2023","turquoise"
"Regulation Of Postsynapse Organization (GO:0099175)","1/25",0.117845964040422,0.264968803835975,0,0,8.36531986531987,17.8882067340701,"IL1RAPL1","GO_Biological_Process_2023","turquoise"
"Regulation Of Synapse Organization (GO:0050807)","1/25",0.117845964040422,0.264968803835975,0,0,8.36531986531987,17.8882067340701,"IL1RAPL1","GO_Biological_Process_2023","turquoise"
"Cellular Response To Hexose Stimulus (GO:0071331)","1/25",0.117845964040422,0.264968803835975,0,0,8.36531986531987,17.8882067340701,"ZBTB20","GO_Biological_Process_2023","turquoise"
"Cellular Response To Tumor Necrosis Factor (GO:0071356)","2/119",0.119518877292295,0.264968803835975,0,0,3.45072387929531,7.33030700433838,"ERBIN;ST18","GO_Biological_Process_2023","turquoise"
"Positive Regulation Of Angiogenesis (GO:0045766)","2/119",0.119518877292295,0.264968803835975,0,0,3.45072387929531,7.33030700433838,"TJP1;GAB1","GO_Biological_Process_2023","turquoise"
"Negative Regulation Of Cell Population Proliferation (GO:0008285)","4/379",0.122148541014797,0.264968803835975,0,0,2.16944444444444,4.56129474822731,"CLMN;MAGI2;PTPRK;ST18","GO_Biological_Process_2023","turquoise"
"Negative Regulation Of Insulin Receptor Signaling Pathway (GO:0046627)","1/26",0.122262247628669,0.264968803835975,0,0,8.03030303030303,16.8763802180029,"PIP4K2A","GO_Biological_Process_2023","turquoise"
"Positive Regulation Of Microtubule Polymerization Or Depolymerization (GO:0031112)","1/26",0.122262247628669,0.264968803835975,0,0,8.03030303030303,16.8763802180029,"SLAIN1","GO_Biological_Process_2023","turquoise"
"Wnt Signaling Pathway, Planar Cell Polarity Pathway (GO:0060071)","1/26",0.122262247628669,0.264968803835975,0,0,8.03030303030303,16.8763802180029,"MAGI2","GO_Biological_Process_2023","turquoise"
"Regulation Of Potassium Ion Transmembrane Transporter Activity (GO:1901016)","1/26",0.122262247628669,0.264968803835975,0,0,8.03030303030303,16.8763802180029,"DLG1","GO_Biological_Process_2023","turquoise"
"Protein Localization To Cell Surface (GO:0034394)","1/26",0.122262247628669,0.264968803835975,0,0,8.03030303030303,16.8763802180029,"PTPRK","GO_Biological_Process_2023","turquoise"
"Cellular Response To Xenobiotic Stimulus (GO:0071466)","1/26",0.122262247628669,0.264968803835975,0,0,8.03030303030303,16.8763802180029,"PDE4B","GO_Biological_Process_2023","turquoise"
"Dendritic Spine Organization (GO:0097061)","1/26",0.122262247628669,0.264968803835975,0,0,8.03030303030303,16.8763802180029,"DOCK10","GO_Biological_Process_2023","turquoise"
"Regulation Of ERK1 And ERK2 Cascade (GO:0070372)","3/244",0.123382641518997,0.264968803835975,0,0,2.52286435385208,5.27900497118053,"DLG1;PDE8A;FGFR2","GO_Biological_Process_2023","turquoise"
"Potassium Ion Transport (GO:0006813)","2/122",0.124476246905678,0.264968803835975,0,0,3.36394557823129,7.00925280654715,"SLC24A2;KCNH8","GO_Biological_Process_2023","turquoise"
"Organonitrogen Compound Biosynthetic Process (GO:1901566)","2/123",0.126139752927233,0.264968803835975,0,0,3.33597571259909,6.90668681067367,"FA2H;SLC44A1","GO_Biological_Process_2023","turquoise"
"Modulation Of Chemical Synaptic Transmission (GO:0050804)","2/123",0.126139752927233,0.264968803835975,0,0,3.33597571259909,6.90668681067367,"GRM3;CNTNAP4","GO_Biological_Process_2023","turquoise"
"Glycerophospholipid Catabolic Process (GO:0046475)","1/27",0.126656642302827,0.264968803835975,0,0,7.72105672105672,15.9538300108164,"ENPP2","GO_Biological_Process_2023","turquoise"
"In Utero Embryonic Development (GO:0001701)","1/27",0.126656642302827,0.264968803835975,0,0,7.72105672105672,15.9538300108164,"FGFR2","GO_Biological_Process_2023","turquoise"
"Cellular Response To Epidermal Growth Factor Stimulus (GO:0071364)","1/27",0.126656642302827,0.264968803835975,0,0,7.72105672105672,15.9538300108164,"PDE8A","GO_Biological_Process_2023","turquoise"
"Microtubule Polymerization Or Depolymerization (GO:0031109)","1/27",0.126656642302827,0.264968803835975,0,0,7.72105672105672,15.9538300108164,"NCKAP5","GO_Biological_Process_2023","turquoise"
"Regulation Of Transcription Regulatory Region DNA Binding (GO:2000677)","1/27",0.126656642302827,0.264968803835975,0,0,7.72105672105672,15.9538300108164,"RNF220","GO_Biological_Process_2023","turquoise"
"Respiratory Tube Development (GO:0030323)","1/27",0.126656642302827,0.264968803835975,0,0,7.72105672105672,15.9538300108164,"FGFR2","GO_Biological_Process_2023","turquoise"
"Clathrin-Dependent Endocytosis (GO:0072583)","1/27",0.126656642302827,0.264968803835975,0,0,7.72105672105672,15.9538300108164,"MAGI2","GO_Biological_Process_2023","turquoise"
"Regulation Of Actin Polymerization Or Depolymerization (GO:0008064)","1/27",0.126656642302827,0.264968803835975,0,0,7.72105672105672,15.9538300108164,"DAAM2","GO_Biological_Process_2023","turquoise"
"Dorsal/Ventral Pattern Formation (GO:0009953)","1/27",0.126656642302827,0.264968803835975,0,0,7.72105672105672,15.9538300108164,"DSCAML1","GO_Biological_Process_2023","turquoise"
"Negative Regulation Of Cellular Response To Insulin Stimulus (GO:1900077)","1/27",0.126656642302827,0.264968803835975,0,0,7.72105672105672,15.9538300108164,"PIP4K2A","GO_Biological_Process_2023","turquoise"
"Protein Dephosphorylation (GO:0006470)","2/124",0.127808625420924,0.265748422369116,0,0,3.3084643693543,6.80624319809133,"PTPRD;PTPRK","GO_Biological_Process_2023","turquoise"
"Enzyme-Linked Receptor Protein Signaling Pathway (GO:0007167)","2/124",0.127808625420924,0.265748422369116,0,0,3.3084643693543,6.80624319809133,"PTPRD;FGFR2","GO_Biological_Process_2023","turquoise"
"Establishment Of Endothelial Barrier (GO:0061028)","1/28",0.131029255394866,0.266752096057607,0,0,7.43471754582866,15.1098341340557,"TJP1","GO_Biological_Process_2023","turquoise"
"Regulation Of Lipid Biosynthetic Process (GO:0046890)","1/28",0.131029255394866,0.266752096057607,0,0,7.43471754582866,15.1098341340557,"ZBTB20","GO_Biological_Process_2023","turquoise"
"Regulation Of Plasma Membrane Bounded Cell Projection Organization (GO:0120035)","1/28",0.131029255394866,0.266752096057607,0,0,7.43471754582866,15.1098341340557,"IL1RAPL1","GO_Biological_Process_2023","turquoise"
"Protein Depolymerization (GO:0051261)","1/28",0.131029255394866,0.266752096057607,0,0,7.43471754582866,15.1098341340557,"NCKAP5","GO_Biological_Process_2023","turquoise"
"Cell-Substrate Junction Assembly (GO:0007044)","1/28",0.131029255394866,0.266752096057607,0,0,7.43471754582866,15.1098341340557,"PTPRK","GO_Biological_Process_2023","turquoise"
"Regulation Of Sodium Ion Transmembrane Transport (GO:1902305)","1/28",0.131029255394866,0.266752096057607,0,0,7.43471754582866,15.1098341340557,"DLG1","GO_Biological_Process_2023","turquoise"
"Negative Regulation Of Actin Filament Bundle Assembly (GO:0032232)","1/28",0.131029255394866,0.266752096057607,0,0,7.43471754582866,15.1098341340557,"TJP1","GO_Biological_Process_2023","turquoise"
"Negative Regulation Of Cellular Process (GO:0048523)","5/537",0.131704249576411,0.267328268485453,0,0,1.91610605461021,3.88432330293405,"FRMD5;CLMN;MAGI2;PTPRK;ST18","GO_Biological_Process_2023","turquoise"
"Cytosolic Transport (GO:0016482)","2/127",0.132846507942149,0.268846642185595,0,0,3.22857142857143,6.5170680254594,"MYO1D;PIP4K2A","GO_Biological_Process_2023","turquoise"
"Positive Regulation Of Microtubule Polymerization (GO:0031116)","1/29",0.13538019382269,0.269181609874853,0,0,7.16883116883117,14.3352837783296,"SLAIN1","GO_Biological_Process_2023","turquoise"
"Heterotypic Cell-Cell Adhesion (GO:0034113)","1/29",0.13538019382269,0.269181609874853,0,0,7.16883116883117,14.3352837783296,"CTNNA3","GO_Biological_Process_2023","turquoise"
"Maintenance Of Blood-Brain Barrier (GO:0035633)","1/29",0.13538019382269,0.269181609874853,0,0,7.16883116883117,14.3352837783296,"TJP1","GO_Biological_Process_2023","turquoise"
"Phosphatidic Acid Biosynthetic Process (GO:0006654)","1/29",0.13538019382269,0.269181609874853,0,0,7.16883116883117,14.3352837783296,"PLD1","GO_Biological_Process_2023","turquoise"
"Regulation Of Voltage-Gated Calcium Channel Activity (GO:1901385)","1/29",0.13538019382269,0.269181609874853,0,0,7.16883116883117,14.3352837783296,"PDE4B","GO_Biological_Process_2023","turquoise"
"Morphogenesis Of An Epithelium (GO:0002009)","1/29",0.13538019382269,0.269181609874853,0,0,7.16883116883117,14.3352837783296,"FGFR2","GO_Biological_Process_2023","turquoise"
"Transmembrane Receptor Protein Serine/Threonine Kinase Signaling Pathway (GO:0007178)","2/130",0.137929359831855,0.27345297501548,0,0,3.15242346938776,6.24499379784287,"MAGI2;PTPRK","GO_Biological_Process_2023","turquoise"
"Synapse Organization (GO:0050808)","2/131",0.139633215691308,0.273593079565165,0,0,3.12782787533618,6.15786790988172,"KIRREL3;PTPRD","GO_Biological_Process_2023","turquoise"
"Regulation Of Potassium Ion Transport (GO:0043266)","1/30",0.139709563918842,0.273593079565165,0,0,6.92128178335075,13.6223945108193,"DLG1","GO_Biological_Process_2023","turquoise"
"Phospholipid Dephosphorylation (GO:0046839)","1/30",0.139709563918842,0.273593079565165,0,0,6.92128178335075,13.6223945108193,"SYNJ2","GO_Biological_Process_2023","turquoise"
"Response To Epidermal Growth Factor (GO:0070849)","1/30",0.139709563918842,0.273593079565165,0,0,6.92128178335075,13.6223945108193,"PDE8A","GO_Biological_Process_2023","turquoise"
"Regulation Of Centrosome Duplication (GO:0010824)","1/31",0.144017471501311,0.273593079565165,0,0,6.69023569023569,12.9644769200402,"C10ORF90","GO_Biological_Process_2023","turquoise"
"Positive Regulation Of Lamellipodium Organization (GO:1902745)","1/31",0.144017471501311,0.273593079565165,0,0,6.69023569023569,12.9644769200402,"ENPP2","GO_Biological_Process_2023","turquoise"
"Presynaptic Endocytosis (GO:0140238)","1/31",0.144017471501311,0.273593079565165,0,0,6.69023569023569,12.9644769200402,"SYNJ2","GO_Biological_Process_2023","turquoise"
"Organic Cation Transport (GO:0015695)","1/31",0.144017471501311,0.273593079565165,0,0,6.69023569023569,12.9644769200402,"SLC44A1","GO_Biological_Process_2023","turquoise"
"Cardiac Muscle Tissue Morphogenesis (GO:0055008)","1/31",0.144017471501311,0.273593079565165,0,0,6.69023569023569,12.9644769200402,"FGFR2","GO_Biological_Process_2023","turquoise"
"Phospholipid Translocation (GO:0045332)","1/31",0.144017471501311,0.273593079565165,0,0,6.69023569023569,12.9644769200402,"ATP10B","GO_Biological_Process_2023","turquoise"
"Regulation Of Transmembrane Receptor Protein Serine/Threonine Kinase Signaling Pathway (GO:0090092)","1/31",0.144017471501311,0.273593079565165,0,0,6.69023569023569,12.9644769200402,"PCSK6","GO_Biological_Process_2023","turquoise"
"Negative Chemotaxis (GO:0050919)","1/31",0.144017471501311,0.273593079565165,0,0,6.69023569023569,12.9644769200402,"UNC5C","GO_Biological_Process_2023","turquoise"
"Negative Regulation Of Cell-Matrix Adhesion (GO:0001953)","1/31",0.144017471501311,0.273593079565165,0,0,6.69023569023569,12.9644769200402,"MAP4K4","GO_Biological_Process_2023","turquoise"
"Regulation Of Cell Morphogenesis (GO:0022604)","1/31",0.144017471501311,0.273593079565165,0,0,6.69023569023569,12.9644769200402,"FMNL2","GO_Biological_Process_2023","turquoise"
"Positive Regulation Of Extrinsic Apoptotic Signaling Pathway (GO:2001238)","1/31",0.144017471501311,0.273593079565165,0,0,6.69023569023569,12.9644769200402,"WWOX","GO_Biological_Process_2023","turquoise"
"Antigen Receptor-Mediated Signaling Pathway (GO:0050851)","2/134",0.144772261600204,0.274263006698165,0,0,3.05627705627706,5.90654080920543,"MOG;PDE4B","GO_Biological_Process_2023","turquoise"
"Protein Modification Process (GO:0036211)","6/711",0.145662570142567,0.275185243316428,0,0,1.73789044816659,3.34798076975219,"PTPRD;CDK18;CDK19;MAN2A1;PTPRK;MAP4K4","GO_Biological_Process_2023","turquoise"
"Respiratory System Development (GO:0060541)","1/32",0.148304021933978,0.277472736634879,0,0,6.47409579667644,12.3557529781019,"FGFR2","GO_Biological_Process_2023","turquoise"
"Negative Regulation Of G1/S Transition Of Mitotic Cell Cycle (GO:2000134)","1/32",0.148304021933978,0.277472736634879,0,0,6.47409579667644,12.3557529781019,"DLG1","GO_Biological_Process_2023","turquoise"
"Potassium Ion Transmembrane Transport (GO:0071805)","2/137",0.149950708084332,0.277472736634879,0,0,2.98790627362056,5.66939873017379,"SLC24A2;KCNH8","GO_Biological_Process_2023","turquoise"
"Protein Localization To Plasma Membrane (GO:0072659)","2/137",0.149950708084332,0.277472736634879,0,0,2.98790627362056,5.66939873017379,"DLG1;MAP7","GO_Biological_Process_2023","turquoise"
"Ventricular Cardiac Muscle Tissue Morphogenesis (GO:0055010)","1/33",0.152569319997184,0.277472736634879,0,0,6.27146464646465,11.7912078898077,"FGFR2","GO_Biological_Process_2023","turquoise"
"Positive Regulation Of Protein Dephosphorylation (GO:0035307)","1/33",0.152569319997184,0.277472736634879,0,0,6.27146464646465,11.7912078898077,"MAGI2","GO_Biological_Process_2023","turquoise"
"Positive Regulation Of Small Molecule Metabolic Process (GO:0062013)","1/33",0.152569319997184,0.277472736634879,0,0,6.27146464646465,11.7912078898077,"ZBTB20","GO_Biological_Process_2023","turquoise"
"Lung Development (GO:0030324)","1/33",0.152569319997184,0.277472736634879,0,0,6.27146464646465,11.7912078898077,"FGFR2","GO_Biological_Process_2023","turquoise"
"Regulation Of Potassium Ion Transmembrane Transport (GO:1901379)","1/33",0.152569319997184,0.277472736634879,0,0,6.27146464646465,11.7912078898077,"DLG1","GO_Biological_Process_2023","turquoise"
"Protein K63-linked Deubiquitination (GO:0070536)","1/33",0.152569319997184,0.277472736634879,0,0,6.27146464646465,11.7912078898077,"OTUD7A","GO_Biological_Process_2023","turquoise"
"Regulation Of Protein Polymerization (GO:0032271)","1/33",0.152569319997184,0.277472736634879,0,0,6.27146464646465,11.7912078898077,"DAAM2","GO_Biological_Process_2023","turquoise"
"Phosphatidic Acid Metabolic Process (GO:0046473)","1/33",0.152569319997184,0.277472736634879,0,0,6.27146464646465,11.7912078898077,"PLD1","GO_Biological_Process_2023","turquoise"
"Regulation Of Sprouting Angiogenesis (GO:1903670)","1/33",0.152569319997184,0.277472736634879,0,0,6.27146464646465,11.7912078898077,"TJP1","GO_Biological_Process_2023","turquoise"
"Positive Regulation Of Epidermal Growth Factor Receptor Signaling Pathway (GO:0045742)","1/33",0.152569319997184,0.277472736634879,0,0,6.27146464646465,11.7912078898077,"HIP1","GO_Biological_Process_2023","turquoise"
"Chemical Synaptic Transmission (GO:0007268)","3/273",0.156673007718011,0.279965409836917,0,0,2.24856815578465,4.16793333926341,"GRM3;DLG1;DLG2","GO_Biological_Process_2023","turquoise"
"Regulation Of Metal Ion Transport (GO:0010959)","1/34",0.156813470025957,0.279965409836917,0,0,6.08111417202326,11.2664696999635,"NKAIN2","GO_Biological_Process_2023","turquoise"
"Microtubule Polymerization (GO:0046785)","1/34",0.156813470025957,0.279965409836917,0,0,6.08111417202326,11.2664696999635,"SLAIN1","GO_Biological_Process_2023","turquoise"
"Cellular Response To Glucose Stimulus (GO:0071333)","1/34",0.156813470025957,0.279965409836917,0,0,6.08111417202326,11.2664696999635,"ZBTB20","GO_Biological_Process_2023","turquoise"
"Cellular Response To Vascular Endothelial Growth Factor Stimulus (GO:0035924)","1/34",0.156813470025957,0.279965409836917,0,0,6.08111417202326,11.2664696999635,"GAB1","GO_Biological_Process_2023","turquoise"
"Positive Regulation Of Carbohydrate Metabolic Process (GO:0045913)","1/34",0.156813470025957,0.279965409836917,0,0,6.08111417202326,11.2664696999635,"ZBTB20","GO_Biological_Process_2023","turquoise"
"Embryonic Skeletal System Development (GO:0048706)","1/34",0.156813470025957,0.279965409836917,0,0,6.08111417202326,11.2664696999635,"DSCAML1","GO_Biological_Process_2023","turquoise"
"Protein Localization To Cell Periphery (GO:1990778)","2/142",0.158662824856746,0.282331477321339,0,0,2.88046647230321,5.30286367253092,"DLG1;MAP7","GO_Biological_Process_2023","turquoise"
"Glutamate Receptor Signaling Pathway (GO:0007215)","1/35",0.161036575774195,0.282331477321339,0,0,5.90196078431373,10.7777108251808,"GRM3","GO_Biological_Process_2023","turquoise"
"Adherens Junction Organization (GO:0034332)","1/35",0.161036575774195,0.282331477321339,0,0,5.90196078431373,10.7777108251808,"TJP1","GO_Biological_Process_2023","turquoise"
"Regulation Of mRNA Processing (GO:0050684)","1/35",0.161036575774195,0.282331477321339,0,0,5.90196078431373,10.7777108251808,"QKI","GO_Biological_Process_2023","turquoise"
"Dendrite Morphogenesis (GO:0048813)","1/35",0.161036575774195,0.282331477321339,0,0,5.90196078431373,10.7777108251808,"DOCK10","GO_Biological_Process_2023","turquoise"
"Negative Regulation Of Cell Cycle G1/S Phase Transition (GO:1902807)","1/35",0.161036575774195,0.282331477321339,0,0,5.90196078431373,10.7777108251808,"DLG1","GO_Biological_Process_2023","turquoise"
"Regulation Of Cardiac Muscle Contraction (GO:0055117)","1/35",0.161036575774195,0.282331477321339,0,0,5.90196078431373,10.7777108251808,"PDE4B","GO_Biological_Process_2023","turquoise"
"Ras Protein Signal Transduction (GO:0007265)","2/144",0.162174238541576,0.283597001757321,0,0,2.83960908306985,5.16548737879535,"ELMO1;PLD1","GO_Biological_Process_2023","turquoise"
"Regulation Of Receptor Internalization (GO:0002090)","1/36",0.165238740567014,0.288216933674434,0,0,5.73304473304473,10.3215669941692,"MAGI2","GO_Biological_Process_2023","turquoise"
"Dephosphorylation (GO:0016311)","2/147",0.167467830513668,0.291359847985515,0,0,2.78043631245602,4.96853960242873,"PTPRD;PTPRK","GO_Biological_Process_2023","turquoise"
"Negative Regulation Of Stress-Activated MAPK Cascade (GO:0032873)","1/37",0.169420067180126,0.291779004587994,0,0,5.57351290684624,9.89507014564132,"DLG1","GO_Biological_Process_2023","turquoise"
"Regulation Of Phosphoprotein Phosphatase Activity (GO:0043666)","1/37",0.169420067180126,0.291779004587994,0,0,5.57351290684624,9.89507014564132,"MAGI2","GO_Biological_Process_2023","turquoise"
"Calcium Ion Import Across Plasma Membrane (GO:0098703)","1/37",0.169420067180126,0.291779004587994,0,0,5.57351290684624,9.89507014564132,"SLC24A2","GO_Biological_Process_2023","turquoise"
"Regulation Of Cellular Component Biogenesis (GO:0044087)","1/37",0.169420067180126,0.291779004587994,0,0,5.57351290684624,9.89507014564132,"TJP1","GO_Biological_Process_2023","turquoise"
"Skeletal System Development (GO:0001501)","2/149",0.171013633267106,0.2937816067712,0,0,2.74232958489518,4.84298695199844,"WWOX;FGFR2","GO_Biological_Process_2023","turquoise"
"Fatty Acid Transport (GO:0015908)","1/38",0.173580657931626,0.294482608729773,0,0,5.42260442260442,9.49559255823113,"SLCO3A1","GO_Biological_Process_2023","turquoise"
"G2/M Transition Of Mitotic Cell Cycle (GO:0000086)","1/38",0.173580657931626,0.294482608729773,0,0,5.42260442260442,9.49559255823113,"FBXL7","GO_Biological_Process_2023","turquoise"
"Tumor Necrosis Factor-Mediated Signaling Pathway (GO:0033209)","1/38",0.173580657931626,0.294482608729773,0,0,5.42260442260442,9.49559255823113,"ST18","GO_Biological_Process_2023","turquoise"
"Response To Peptide (GO:1901652)","1/38",0.173580657931626,0.294482608729773,0,0,5.42260442260442,9.49559255823113,"ERBIN","GO_Biological_Process_2023","turquoise"
"Response To Transforming Growth Factor Beta (GO:0071559)","1/38",0.173580657931626,0.294482608729773,0,0,5.42260442260442,9.49559255823113,"WWOX","GO_Biological_Process_2023","turquoise"
"Positive Regulation Of Lipid Biosynthetic Process (GO:0046889)","1/39",0.17772061456847,0.295273586237921,0,0,5.27963849016481,9.12080010262218,"ZBTB20","GO_Biological_Process_2023","turquoise"
"Fibroblast Growth Factor Receptor Signaling Pathway (GO:0008543)","1/39",0.17772061456847,0.295273586237921,0,0,5.27963849016481,9.12080010262218,"FGFR2","GO_Biological_Process_2023","turquoise"
"Anterograde Axonal Transport (GO:0008089)","1/39",0.17772061456847,0.295273586237921,0,0,5.27963849016481,9.12080010262218,"DLG2","GO_Biological_Process_2023","turquoise"
"Regulation Of Monoatomic Cation Transmembrane Transport (GO:1904062)","1/39",0.17772061456847,0.295273586237921,0,0,5.27963849016481,9.12080010262218,"DLG1","GO_Biological_Process_2023","turquoise"
"Odontogenesis (GO:0042476)","1/39",0.17772061456847,0.295273586237921,0,0,5.27963849016481,9.12080010262218,"FGFR2","GO_Biological_Process_2023","turquoise"
"Regulation Of Receptor-Mediated Endocytosis (GO:0048259)","1/39",0.17772061456847,0.295273586237921,0,0,5.27963849016481,9.12080010262218,"HIP1","GO_Biological_Process_2023","turquoise"
"Digestive Tract Development (GO:0048565)","1/39",0.17772061456847,0.295273586237921,0,0,5.27963849016481,9.12080010262218,"FGFR2","GO_Biological_Process_2023","turquoise"
"Negative Regulation Of Cell-Substrate Adhesion (GO:0010812)","1/39",0.17772061456847,0.295273586237921,0,0,5.27963849016481,9.12080010262218,"MAP4K4","GO_Biological_Process_2023","turquoise"
"Regulation Of Cellular Component Organization (GO:0051128)","2/153",0.178142688387259,0.295273586237921,0,0,2.66914447898365,4.60472912764016,"TJP1;HIP1","GO_Biological_Process_2023","turquoise"
"Synaptic Vesicle Endocytosis (GO:0048488)","1/40",0.181840038445641,0.295273586237921,0,0,5.14400414400414,8.76861291991989,"SYNJ2","GO_Biological_Process_2023","turquoise"
"Negative Regulation Of Mitotic Cell Cycle Phase Transition (GO:1901991)","1/40",0.181840038445641,0.295273586237921,0,0,5.14400414400414,8.76861291991989,"DLG1","GO_Biological_Process_2023","turquoise"
"Positive Regulation Of Monoatomic Ion Transport (GO:0043270)","1/40",0.181840038445641,0.295273586237921,0,0,5.14400414400414,8.76861291991989,"DLG1","GO_Biological_Process_2023","turquoise"
"Regulation Of Glycolytic Process (GO:0006110)","1/40",0.181840038445641,0.295273586237921,0,0,5.14400414400414,8.76861291991989,"ZBTB20","GO_Biological_Process_2023","turquoise"
"Negative Regulation Of Secretion By Cell (GO:1903531)","1/40",0.181840038445641,0.295273586237921,0,0,5.14400414400414,8.76861291991989,"IL1RAPL1","GO_Biological_Process_2023","turquoise"
"Regulation Of Microtubule Cytoskeleton Organization (GO:0070507)","1/40",0.181840038445641,0.295273586237921,0,0,5.14400414400414,8.76861291991989,"PHLDB1","GO_Biological_Process_2023","turquoise"
"Regulation Of Microtubule Polymerization (GO:0031113)","1/40",0.181840038445641,0.295273586237921,0,0,5.14400414400414,8.76861291991989,"SLAIN1","GO_Biological_Process_2023","turquoise"
"Cell Cycle G2/M Phase Transition (GO:0044839)","1/40",0.181840038445641,0.295273586237921,0,0,5.14400414400414,8.76861291991989,"FBXL7","GO_Biological_Process_2023","turquoise"
"Regulation Of Autophagosome Assembly (GO:2000785)","1/40",0.181840038445641,0.295273586237921,0,0,5.14400414400414,8.76861291991989,"PIP4K2A","GO_Biological_Process_2023","turquoise"
"Regulation Of Cell Population Proliferation (GO:0042127)","6/766",0.184984317445594,0.298621371260358,0,0,1.60750279955207,2.71263562080866,"TJP1;CLMN;MAGI2;PTPRK;ST18;FGFR2","GO_Biological_Process_2023","turquoise"
"Stem Cell Differentiation (GO:0048863)","1/41",0.185939030336605,0.298621371260358,0,0,5.01515151515152,8.43717221072756,"FGFR2","GO_Biological_Process_2023","turquoise"
"Regulation Of Heart Rate By Cardiac Conduction (GO:0086091)","1/41",0.185939030336605,0.298621371260358,0,0,5.01515151515152,8.43717221072756,"CTNNA3","GO_Biological_Process_2023","turquoise"
"Regulation Of Microtubule-Based Process (GO:0032886)","1/41",0.185939030336605,0.298621371260358,0,0,5.01515151515152,8.43717221072756,"PHLDB1","GO_Biological_Process_2023","turquoise"
"Regulation Of Intracellular Signal Transduction (GO:1902531)","3/297",0.186091030477496,0.298621371260358,0,0,2.06248685041027,3.46811147346916,"DLG1;PHLPP1;MAP4K4","GO_Biological_Process_2023","turquoise"
"Response To Lipopolysaccharide (GO:0032496)","2/159",0.188921090423562,0.302451135372933,0,0,2.56635902768751,4.27664705514897,"PDE4B;ERBIN","GO_Biological_Process_2023","turquoise"
"Cardiac Ventricle Morphogenesis (GO:0003208)","1/42",0.190017690585897,0.30349429737607,0,0,4.89258438038926,8.12481204328322,"FGFR2","GO_Biological_Process_2023","turquoise"
"Regulation Of Filopodium Assembly (GO:0051489)","1/43",0.19407611900782,0.305681092755966,0,0,4.77585377585378,7.83003533696715,"DAAM2","GO_Biological_Process_2023","turquoise"
"SCF-dependent Proteasomal Ubiquitin-Dependent Protein Catabolic Process (GO:0031146)","1/43",0.19407611900782,0.305681092755966,0,0,4.77585377585378,7.83003533696715,"FBXL7","GO_Biological_Process_2023","turquoise"
"Intracellular Glucose Homeostasis (GO:0001678)","1/43",0.19407611900782,0.305681092755966,0,0,4.77585377585378,7.83003533696715,"ZBTB20","GO_Biological_Process_2023","turquoise"
"Lysosome Organization (GO:0007040)","1/43",0.19407611900782,0.305681092755966,0,0,4.77585377585378,7.83003533696715,"ATP10B","GO_Biological_Process_2023","turquoise"
"Positive Regulation Of Cell Division (GO:0051781)","1/43",0.19407611900782,0.305681092755966,0,0,4.77585377585378,7.83003533696715,"FGFR2","GO_Biological_Process_2023","turquoise"
"Positive Regulation Of Cell-Matrix Adhesion (GO:0001954)","1/43",0.19407611900782,0.305681092755966,0,0,4.77585377585378,7.83003533696715,"MAP4K4","GO_Biological_Process_2023","turquoise"
"Negative Regulation Of Cell Migration (GO:0030336)","2/163",0.196156627809209,0.307077343196525,0,0,2.50209151983775,4.07551129848272,"MAGI2;PTPRK","GO_Biological_Process_2023","turquoise"
"Synaptic Vesicle Recycling (GO:0036465)","1/44",0.1981144149655,0.307077343196525,0,0,4.6645525017618,7.55149331126355,"SYNJ2","GO_Biological_Process_2023","turquoise"
"Regulation Of Insulin Receptor Signaling Pathway (GO:0046626)","1/44",0.1981144149655,0.307077343196525,0,0,4.6645525017618,7.55149331126355,"PIP4K2A","GO_Biological_Process_2023","turquoise"
"Bone Development (GO:0060348)","1/44",0.1981144149655,0.307077343196525,0,0,4.6645525017618,7.55149331126355,"FGFR2","GO_Biological_Process_2023","turquoise"
"Phosphatidylinositol Phosphate Biosynthetic Process (GO:0046854)","1/44",0.1981144149655,0.307077343196525,0,0,4.6645525017618,7.55149331126355,"PIP4K2A","GO_Biological_Process_2023","turquoise"
"Regulation Of Transport (GO:0051049)","1/44",0.1981144149655,0.307077343196525,0,0,4.6645525017618,7.55149331126355,"PLD1","GO_Biological_Process_2023","turquoise"
"Positive Regulation Of Biosynthetic Process (GO:0009891)","1/44",0.1981144149655,0.307077343196525,0,0,4.6645525017618,7.55149331126355,"ZBTB20","GO_Biological_Process_2023","turquoise"
"Regulation Of Cytokine Production (GO:0001817)","2/167",0.203427034299401,0.313885152471022,0,0,2.44094001236858,3.88706977769903,"MOG;ZBTB20","GO_Biological_Process_2023","turquoise"
"Membrane Organization (GO:0061024)","2/167",0.203427034299401,0.313885152471022,0,0,2.44094001236858,3.88706977769903,"ATP10B;SYNJ2","GO_Biological_Process_2023","turquoise"
"Regulation Of Epidermal Growth Factor Receptor Signaling Pathway (GO:0042058)","1/46",0.206131004383124,0.314499653219889,0,0,4.45679012345679,7.03835624820852,"HIP1","GO_Biological_Process_2023","turquoise"
"Cardiac Conduction (GO:0061337)","1/46",0.206131004383124,0.314499653219889,0,0,4.45679012345679,7.03835624820852,"CTNNA3","GO_Biological_Process_2023","turquoise"
"Response To Glucose (GO:0009749)","1/46",0.206131004383124,0.314499653219889,0,0,4.45679012345679,7.03835624820852,"ZBTB20","GO_Biological_Process_2023","turquoise"
"Positive Regulation Of Cell-Cell Adhesion (GO:0022409)","1/46",0.206131004383124,0.314499653219889,0,0,4.45679012345679,7.03835624820852,"TJP1","GO_Biological_Process_2023","turquoise"
"Negative Regulation Of Cold-Induced Thermogenesis (GO:0120163)","1/46",0.206131004383124,0.314499653219889,0,0,4.45679012345679,7.03835624820852,"PLCL1","GO_Biological_Process_2023","turquoise"
"Regulation Of Interleukin-2 Production (GO:0032663)","1/47",0.210109494168341,0.317023617307099,0,0,4.3596837944664,6.80165814675797,"PDE4B","GO_Biological_Process_2023","turquoise"
"Insulin Receptor Signaling Pathway (GO:0008286)","1/47",0.210109494168341,0.317023617307099,0,0,4.3596837944664,6.80165814675797,"GAB1","GO_Biological_Process_2023","turquoise"
"Bicellular Tight Junction Assembly (GO:0070830)","1/47",0.210109494168341,0.317023617307099,0,0,4.3596837944664,6.80165814675797,"DLG1","GO_Biological_Process_2023","turquoise"
"Protein Monoubiquitination (GO:0006513)","1/47",0.210109494168341,0.317023617307099,0,0,4.3596837944664,6.80165814675797,"RNF220","GO_Biological_Process_2023","turquoise"
"Cognition (GO:0050890)","1/47",0.210109494168341,0.317023617307099,0,0,4.3596837944664,6.80165814675797,"SHROOM4","GO_Biological_Process_2023","turquoise"
"Generation Of Neurons (GO:0048699)","2/172",0.212557721644281,0.318547368787196,0,0,2.36854741896759,3.66779443778241,"PTPRD;IL1RAPL1","GO_Biological_Process_2023","turquoise"
"Oligosaccharide Metabolic Process (GO:0009311)","1/48",0.214068244088033,0.318547368787196,0,0,4.26670964968837,6.57696403663591,"ST6GALNAC3","GO_Biological_Process_2023","turquoise"
"Regulation Of DNA Binding (GO:0051101)","1/48",0.214068244088033,0.318547368787196,0,0,4.26670964968837,6.57696403663591,"RNF220","GO_Biological_Process_2023","turquoise"
"Chloride Transmembrane Transport (GO:1902476)","1/48",0.214068244088033,0.318547368787196,0,0,4.26670964968837,6.57696403663591,"ANO4","GO_Biological_Process_2023","turquoise"
"Myelination (GO:0042552)","1/48",0.214068244088033,0.318547368787196,0,0,4.26670964968837,6.57696403663591,"BCAS1","GO_Biological_Process_2023","turquoise"
"Negative Regulation Of ERK1 And ERK2 Cascade (GO:0070373)","1/48",0.214068244088033,0.318547368787196,0,0,4.26670964968837,6.57696403663591,"DLG1","GO_Biological_Process_2023","turquoise"
"Neuron Differentiation (GO:0030182)","2/173",0.21438891828933,0.318547368787196,0,0,2.35457691848669,3.6259626023678,"PTPRD;IL1RAPL1","GO_Biological_Process_2023","turquoise"
"Regulation Of Neuron Projection Development (GO:0010975)","2/174",0.216221657628596,0.319876725602391,0,0,2.34076886568581,3.58477329939303,"MAGI2;IL1RAPL1","GO_Biological_Process_2023","turquoise"
"Positive Regulation Of Cellular Biosynthetic Process (GO:0031328)","2/174",0.216221657628596,0.319876725602391,0,0,2.34076886568581,3.58477329939303,"ZEB2;PLD1","GO_Biological_Process_2023","turquoise"
"Positive Regulation Of Hydrolase Activity (GO:0051345)","2/176",0.219891523272346,0.324601772449654,0,0,2.3136288998358,3.50427075656082,"DOCK10;MAP4K4","GO_Biological_Process_2023","turquoise"
"Plasma Membrane Bounded Cell Projection Morphogenesis (GO:0120039)","1/50",0.221926911560385,0.32689882005223,0,0,4.09214594928881,6.16034588762116,"MAP4K4","GO_Biological_Process_2023","turquoise"
"Positive Regulation Of ERK1 And ERK2 Cascade (GO:0070374)","2/179",0.225406398880642,0.326993691655434,0,0,2.27406894961374,3.38802228128593,"PDE8A;FGFR2","GO_Biological_Process_2023","turquoise"
"SMAD Protein Signal Transduction (GO:0060395)","1/51",0.225827021656465,0.326993691655434,0,0,4.01010101010101,5.96697401593565,"MAGI2","GO_Biological_Process_2023","turquoise"
"Positive Regulation Of Protein Localization To Cell Periphery (GO:1904377)","1/51",0.225827021656465,0.326993691655434,0,0,4.01010101010101,5.96697401593565,"DLG1","GO_Biological_Process_2023","turquoise"
"Positive Regulation Of Protein Localization To Plasma Membrane (GO:1903078)","1/51",0.225827021656465,0.326993691655434,0,0,4.01010101010101,5.96697401593565,"DLG1","GO_Biological_Process_2023","turquoise"
"Amide Biosynthetic Process (GO:0043604)","1/51",0.225827021656465,0.326993691655434,0,0,4.01010101010101,5.96697401593565,"FA2H","GO_Biological_Process_2023","turquoise"
"Regulation Of Smoothened Signaling Pathway (GO:0008589)","1/51",0.225827021656465,0.326993691655434,0,0,4.01010101010101,5.96697401593565,"FGFR2","GO_Biological_Process_2023","turquoise"
"Microtubule Bundle Formation (GO:0001578)","1/51",0.225827021656465,0.326993691655434,0,0,4.01010101010101,5.96697401593565,"NCKAP5","GO_Biological_Process_2023","turquoise"
"Positive Regulation Of Ras Protein Signal Transduction (GO:0046579)","1/51",0.225827021656465,0.326993691655434,0,0,4.01010101010101,5.96697401593565,"MAP4K4","GO_Biological_Process_2023","turquoise"
"Tight Junction Assembly (GO:0120192)","1/53",0.233569272224541,0.336774299486548,0,0,3.85547785547786,5.60693113764998,"DLG1","GO_Biological_Process_2023","turquoise"
"Negative Regulation Of Metabolic Process (GO:0009892)","1/53",0.233569272224541,0.336774299486548,0,0,3.85547785547786,5.60693113764998,"PLCL1","GO_Biological_Process_2023","turquoise"
"Regulation Of Exocytosis (GO:0017157)","1/54",0.237411602446854,0.338026540435813,0,0,3.78254240518391,5.43914439332398,"IL1RAPL1","GO_Biological_Process_2023","turquoise"
"Regulation Of Focal Adhesion Assembly (GO:0051893)","1/54",0.237411602446854,0.338026540435813,0,0,3.78254240518391,5.43914439332398,"MAP4K4","GO_Biological_Process_2023","turquoise"
"Apical Junction Assembly (GO:0043297)","1/54",0.237411602446854,0.338026540435813,0,0,3.78254240518391,5.43914439332398,"DLG1","GO_Biological_Process_2023","turquoise"
"Peptidyl-Tyrosine Modification (GO:0018212)","1/54",0.237411602446854,0.338026540435813,0,0,3.78254240518391,5.43914439332398,"FGFR2","GO_Biological_Process_2023","turquoise"
"Mesenchymal Cell Differentiation (GO:0048762)","1/54",0.237411602446854,0.338026540435813,0,0,3.78254240518391,5.43914439332398,"FGFR2","GO_Biological_Process_2023","turquoise"
"Monoatomic Anion Transmembrane Transport (GO:0098656)","1/54",0.237411602446854,0.338026540435813,0,0,3.78254240518391,5.43914439332398,"ANO4","GO_Biological_Process_2023","turquoise"
"Protein Phosphorylation (GO:0006468)","4/500",0.240763407916619,0.340625622461523,0,0,1.63004032258065,2.32108049320244,"CDK18;CDK19;FGFR2;MAP4K4","GO_Biological_Process_2023","turquoise"
"Cellular Response To Fibroblast Growth Factor Stimulus (GO:0044344)","1/55",0.241234861655302,0.340625622461523,0,0,3.71230826786382,5.27884403782842,"FGFR2","GO_Biological_Process_2023","turquoise"
"Regulation Of Synaptic Transmission, Glutamatergic (GO:0051966)","1/55",0.241234861655302,0.340625622461523,0,0,3.71230826786382,5.27884403782842,"GRM3","GO_Biological_Process_2023","turquoise"
"Response To Peptide Hormone (GO:0043434)","1/55",0.241234861655302,0.340625622461523,0,0,3.71230826786382,5.27884403782842,"TCF12","GO_Biological_Process_2023","turquoise"
"Endocytosis (GO:0006897)","2/189",0.243858065056649,0.343618182579824,0,0,2.1513696387646,3.03594597725027,"MYO1E;HIP1","GO_Biological_Process_2023","turquoise"
"Regulation Of Cation Channel Activity (GO:2001257)","1/56",0.245039143568043,0.344570507037949,0,0,3.64462809917355,5.12557648253206,"DLG1","GO_Biological_Process_2023","turquoise"
"Membrane Lipid Biosynthetic Process (GO:0046467)","1/57",0.248824541413001,0.348456544648186,0,0,3.57936507936508,4.97892289699759,"FA2H","GO_Biological_Process_2023","turquoise"
"Monoatomic Anion Transport (GO:0006820)","1/57",0.248824541413001,0.348456544648186,0,0,3.57936507936508,4.97892289699759,"ANO4","GO_Biological_Process_2023","turquoise"
"Regulation Of Cell Differentiation (GO:0045595)","2/193",0.251259665145857,0.35084961895963,0,0,2.10588738113046,2.90879559265599,"PHLDB1;FGFR2","GO_Biological_Process_2023","turquoise"
"Inorganic Anion Transport (GO:0015698)","1/58",0.252591147960672,0.35084961895963,0,0,3.5163919900762,4.83849599837867,"ANO4","GO_Biological_Process_2023","turquoise"
"Positive Regulation Of Type II Interferon Production (GO:0032729)","1/58",0.252591147960672,0.35084961895963,0,0,3.5163919900762,4.83849599837867,"PDE4B","GO_Biological_Process_2023","turquoise"
"Muscle Organ Development (GO:0007517)","1/58",0.252591147960672,0.35084961895963,0,0,3.5163919900762,4.83849599837867,"TCF12","GO_Biological_Process_2023","turquoise"
"Regulation Of Programmed Cell Death (GO:0043067)","2/195",0.254963277350062,0.353424705595005,0,0,2.08385323041134,2.84786833198991,"HIP1;PHLPP1","GO_Biological_Process_2023","turquoise"
"Phospholipid Transport (GO:0015914)","1/59",0.256339055642632,0.353893190178694,0,0,3.45559038662487,4.70393718537215,"ATP10B","GO_Biological_Process_2023","turquoise"
"Chordate Embryonic Development (GO:0043009)","1/59",0.256339055642632,0.353893190178694,0,0,3.45559038662487,4.70393718537215,"FGFR2","GO_Biological_Process_2023","turquoise"
"Regulation Of Extrinsic Apoptotic Signaling Pathway (GO:2001236)","1/60",0.260068356267662,0.358316401968779,0,0,3.39684985447697,4.57491398098809,"WWOX","GO_Biological_Process_2023","turquoise"
"Positive Regulation Of Organelle Assembly (GO:1902117)","1/61",0.263779141308675,0.362696319299428,0,0,3.34006734006734,4.45111773409346,"PIP4K2A","GO_Biological_Process_2023","turquoise"
"Regulation Of Embryonic Development (GO:0045995)","1/62",0.267471501800711,0.365562252962094,0,0,3.28514654744163,4.33226156152993,"PHLDB1","GO_Biological_Process_2023","turquoise"
"Cell Junction Organization (GO:0034330)","1/62",0.267471501800711,0.365562252962094,0,0,3.28514654744163,4.33226156152993,"TJP1","GO_Biological_Process_2023","turquoise"
"Positive Regulation Of Apoptotic Signaling Pathway (GO:2001235)","1/62",0.267471501800711,0.365562252962094,0,0,3.28514654744163,4.33226156152993,"WWOX","GO_Biological_Process_2023","turquoise"
"G1/S Transition Of Mitotic Cell Cycle (GO:0000082)","1/63",0.271145528260931,0.367636680465119,0,0,3.23199739328772,4.21807849737542,"CDK18","GO_Biological_Process_2023","turquoise"
"Inorganic Anion Transmembrane Transport (GO:0098661)","1/63",0.271145528260931,0.367636680465119,0,0,3.23199739328772,4.21807849737542,"ANO4","GO_Biological_Process_2023","turquoise"
"Phosphatidylinositol Metabolic Process (GO:0046488)","1/63",0.271145528260931,0.367636680465119,0,0,3.23199739328772,4.21807849737542,"SYNJ2","GO_Biological_Process_2023","turquoise"
"Regulation Of Cellular Catabolic Process (GO:0031329)","1/63",0.271145528260931,0.367636680465119,0,0,3.23199739328772,4.21807849737542,"PIP4K2A","GO_Biological_Process_2023","turquoise"
"Protein Modification By Small Protein Conjugation (GO:0032446)","3/364",0.274150414132869,0.370973377854398,0,0,1.67395836308079,2.16623330412874,"C10ORF90;FBXL7;RNF220","GO_Biological_Process_2023","turquoise"
"Positive Regulation Of Macroautophagy (GO:0016239)","1/64",0.274801310842782,0.371117809890648,0,0,3.18053551386885,4.10831982313615,"PIP4K2A","GO_Biological_Process_2023","turquoise"
"Cellular Response To Light Stimulus (GO:0071482)","1/65",0.278438939213788,0.373809756975992,0,0,3.13068181818182,4.00275356439037,"PTPRK","GO_Biological_Process_2023","turquoise"
"Positive Regulation Of Cell Cycle (GO:0045787)","1/65",0.278438939213788,0.373809756975992,0,0,3.13068181818182,4.00275356439037,"FGFR2","GO_Biological_Process_2023","turquoise"
"Regulation Of Cell-Matrix Adhesion (GO:0001952)","1/65",0.278438939213788,0.373809756975992,0,0,3.13068181818182,4.00275356439037,"MAP4K4","GO_Biological_Process_2023","turquoise"
"Protein Stabilization (GO:0050821)","2/208",0.279052326989714,0.373897223982288,0,0,1.95106003566475,2.49024711032486,"C10ORF90;HIP1","GO_Biological_Process_2023","turquoise"
"Regulation Of Endocytosis (GO:0030100)","1/66",0.282058502576368,0.376445985825995,0,0,3.08236208236208,3.90116313048372,"HIP1","GO_Biological_Process_2023","turquoise"
"Response To Reactive Oxygen Species (GO:0000302)","1/66",0.282058502576368,0.376445985825995,0,0,3.08236208236208,3.90116313048372,"PTPRK","GO_Biological_Process_2023","turquoise"
"Activation Of Cysteine-Type Endopeptidase Activity Involved In Apoptotic Process (GO:0006919)","1/67",0.285660089808726,0.37976643518431,0,0,3.03550658096113,3.80334608196671,"HIP1","GO_Biological_Process_2023","turquoise"
"Peptidyl-Tyrosine Phosphorylation (GO:0018108)","1/67",0.285660089808726,0.37976643518431,0,0,3.03550658096113,3.80334608196671,"FGFR2","GO_Biological_Process_2023","turquoise"
"Cell-Cell Junction Organization (GO:0045216)","1/68",0.289243789255229,0.383782615315303,0,0,2.99004975124378,3.70911301693322,"TJP1","GO_Biological_Process_2023","turquoise"
"Regulation Of GTPase Activity (GO:0043087)","2/214",0.290161134004554,0.384252220176905,0,0,1.89526376588371,2.34504563216826,"DOCK10;MAP4K4","GO_Biological_Process_2023","turquoise"
"Response To Molecule Of Bacterial Origin (GO:0002237)","1/69",0.29280968888067,0.387008154683366,0,0,2.94592988710636,3.61828655610275,"ERBIN","GO_Biological_Process_2023","turquoise"
"Positive Regulation Of Protein Polymerization (GO:0032273)","1/70",0.296357876203525,0.388684753020777,0,0,2.9030888596106,3.53070042231205,"SLAIN1","GO_Biological_Process_2023","turquoise"
"Neutrophil Chemotaxis (GO:0030593)","1/70",0.296357876203525,0.388684753020777,0,0,2.9030888596106,3.53070042231205,"PDE4B","GO_Biological_Process_2023","turquoise"
"Regulation Of Actin Filament Polymerization (GO:0030833)","1/70",0.296357876203525,0.388684753020777,0,0,2.9030888596106,3.53070042231205,"DAAM2","GO_Biological_Process_2023","turquoise"
"Regulation Of Actin Filament-Based Process (GO:0032970)","1/70",0.296357876203525,0.388684753020777,0,0,2.9030888596106,3.53070042231205,"DAAM2","GO_Biological_Process_2023","turquoise"
"Protein Autoubiquitination (GO:0051865)","1/71",0.299888438313403,0.391808266148928,0,0,2.86147186147186,3.44619860155019,"RNF220","GO_Biological_Process_2023","turquoise"
"Cell-Cell Junction Assembly (GO:0007043)","1/71",0.299888438313403,0.391808266148928,0,0,2.86147186147186,3.44619860155019,"TJP1","GO_Biological_Process_2023","turquoise"
"Transforming Growth Factor Beta Receptor Signaling Pathway (GO:0007179)","1/72",0.303401461859655,0.394885108756268,0,0,2.82102717313985,3.36463457832852,"PTPRK","GO_Biological_Process_2023","turquoise"
"Plasma Membrane Organization (GO:0007009)","1/72",0.303401461859655,0.394885108756268,0,0,2.82102717313985,3.36463457832852,"FA2H","GO_Biological_Process_2023","turquoise"
"Granulocyte Chemotaxis (GO:0071621)","1/73",0.306897033111884,0.397160866380085,0,0,2.78170594837262,3.28587063696556,"PDE4B","GO_Biological_Process_2023","turquoise"
"Cellular Response To Reactive Oxygen Species (GO:0034614)","1/73",0.306897033111884,0.397160866380085,0,0,2.78170594837262,3.28587063696556,"PTPRK","GO_Biological_Process_2023","turquoise"
"Monocarboxylic Acid Transport (GO:0015718)","1/73",0.306897033111884,0.397160866380085,0,0,2.78170594837262,3.28587063696556,"SLCO1A2","GO_Biological_Process_2023","turquoise"
"Gland Development (GO:0048732)","1/74",0.310375237892897,0.400901348944992,0,0,2.74346201743462,3.20977722405069,"FGFR2","GO_Biological_Process_2023","turquoise"
"Protein Polyubiquitination (GO:0000209)","2/226",0.312314066814125,0.402643088028797,0,0,1.79263848396501,2.08617581689357,"C10ORF90;FBXL7","GO_Biological_Process_2023","turquoise"
"Regulation Of Stress Fiber Assembly (GO:0051492)","1/75",0.313836161648445,0.403081473152994,0,0,2.70625170625171,3.13623236372496,"TJP1","GO_Biological_Process_2023","turquoise"
"Regulation Of BMP Signaling Pathway (GO:0030510)","1/75",0.313836161648445,0.403081473152994,0,0,2.70625170625171,3.13623236372496,"PCSK6","GO_Biological_Process_2023","turquoise"
"Apoptotic Process (GO:0006915)","2/228",0.315994207705089,0.405090318900133,0,0,1.77659382337006,2.04669186176984,"HIP1;ELMO1","GO_Biological_Process_2023","turquoise"
"Sphingolipid Biosynthetic Process (GO:0030148)","1/77",0.320706505558706,0.406050708080945,0,0,2.6347687400319,2.99633512170869,"FA2H","GO_Biological_Process_2023","turquoise"
"Positive Regulation Of Synaptic Transmission (GO:0050806)","1/77",0.320706505558706,0.406050708080945,0,0,2.6347687400319,2.99633512170869,"SLC24A2","GO_Biological_Process_2023","turquoise"
"Neutrophil Migration (GO:1990266)","1/77",0.320706505558706,0.406050708080945,0,0,2.6347687400319,2.99633512170869,"PDE4B","GO_Biological_Process_2023","turquoise"
"Monoatomic Cation Homeostasis (GO:0055080)","1/77",0.320706505558706,0.406050708080945,0,0,2.6347687400319,2.99633512170869,"TMTC2","GO_Biological_Process_2023","turquoise"
"Chloride Transport (GO:0006821)","1/77",0.320706505558706,0.406050708080945,0,0,2.6347687400319,2.99633512170869,"ANO4","GO_Biological_Process_2023","turquoise"
"Embryonic Organ Development (GO:0048568)","1/77",0.320706505558706,0.406050708080945,0,0,2.6347687400319,2.99633512170869,"FGFR2","GO_Biological_Process_2023","turquoise"
"Negative Regulation Of Intracellular Signal Transduction (GO:1902532)","2/231",0.321506425753241,0.406050708080945,0,0,1.75305231262811,1.98925463460844,"PHLPP1;MAGI2","GO_Biological_Process_2023","turquoise"
"Positive Regulation Of Phosphorylation (GO:0042327)","2/231",0.321506425753241,0.406050708080945,0,0,1.75305231262811,1.98925463460844,"SLCO3A1;FGFR2","GO_Biological_Process_2023","turquoise"
"Organonitrogen Compound Catabolic Process (GO:1901565)","1/78",0.324116094429913,0.407592993694605,0,0,2.60041978223796,2.92977207832515,"ENPP2","GO_Biological_Process_2023","turquoise"
"Proteolysis Involved In Protein Catabolic Process (GO:0051603)","1/78",0.324116094429913,0.407592993694605,0,0,2.60041978223796,2.92977207832515,"OTUD7A","GO_Biological_Process_2023","turquoise"
"Positive Regulation Of Developmental Process (GO:0051094)","2/233",0.325175502475933,0.407592993694605,0,0,1.73769767647319,1.95211260075993,"PHLDB1;ENPP2","GO_Biological_Process_2023","turquoise"
"Positive Regulation Of GTPase Activity (GO:0043547)","2/234",0.327008217981485,0.407592993694605,0,0,1.73011963406052,1.93387578349984,"DOCK10;MAP4K4","GO_Biological_Process_2023","turquoise"
"Vesicle Fusion (GO:0006906)","1/79",0.32750873980153,0.407592993694605,0,0,2.56695156695157,2.86533539771871,"PIP4K2A","GO_Biological_Process_2023","turquoise"
"Positive Regulation Of Protein Localization To Membrane (GO:1905477)","1/79",0.32750873980153,0.407592993694605,0,0,2.56695156695157,2.86533539771871,"DLG1","GO_Biological_Process_2023","turquoise"
"Cellular Response To UV (GO:0034644)","1/79",0.32750873980153,0.407592993694605,0,0,2.56695156695157,2.86533539771871,"PTPRK","GO_Biological_Process_2023","turquoise"
"Positive Regulation Of Endocytosis (GO:0045807)","1/79",0.32750873980153,0.407592993694605,0,0,2.56695156695157,2.86533539771871,"HIP1","GO_Biological_Process_2023","turquoise"
"Regulation Of Organelle Assembly (GO:1902115)","1/80",0.330884524972772,0.409552170655954,0,0,2.5343306482547,2.80293378962301,"C10ORF90","GO_Biological_Process_2023","turquoise"
"Calcium Ion Transmembrane Transport (GO:0070588)","1/80",0.330884524972772,0.409552170655954,0,0,2.5343306482547,2.80293378962301,"SLC24A2","GO_Biological_Process_2023","turquoise"
"Regulation Of Protein Localization To Plasma Membrane (GO:1903076)","1/80",0.330884524972772,0.409552170655954,0,0,2.5343306482547,2.80293378962301,"DLG1","GO_Biological_Process_2023","turquoise"
"Cellular Response To Oxygen-Containing Compound (GO:1901701)","3/406",0.331522659119937,0.409598647680791,0,0,1.49627791563275,1.65197927639876,"DLG2;PDE4B;PTPRK","GO_Biological_Process_2023","turquoise"
"Negative Regulation Of Transcription By RNA Polymerase II (GO:0000122)","5/763",0.334228048537189,0.410728089021024,0,0,1.32912095542286,1.45662583994112,"DLG1;ZEB2;ZBTB20;ZNF536;FGFR2","GO_Biological_Process_2023","turquoise"
"Cellular Response To Interleukin-1 (GO:0071347)","1/81",0.334243532854352,0.410728089021024,0,0,2.50252525252525,2.74248091594401,"ST18","GO_Biological_Process_2023","turquoise"
"Negative Regulation Of NF-kappaB Transcription Factor Activity (GO:0032088)","1/81",0.334243532854352,0.410728089021024,0,0,2.50252525252525,2.74248091594401,"ERBIN","GO_Biological_Process_2023","turquoise"
"Sodium Ion Transmembrane Transport (GO:0035725)","1/82",0.337585846063778,0.414089113337225,0,0,2.47150517520888,2.68389506560141,"SLC24A2","GO_Biological_Process_2023","turquoise"
"Vesicle-Mediated Transport (GO:0016192)","3/411",0.338374750640599,0.414311633638938,0,0,1.47756215888417,1.60108822888623,"MYO1E;HIP1;PIP4K2A","GO_Biological_Process_2023","turquoise"
"Regulation Of Epithelial To Mesenchymal Transition (GO:0010717)","1/83",0.340911546721369,0.414441488171076,0,0,2.44124168514412,2.62709885646942,"PHLDB1","GO_Biological_Process_2023","turquoise"
"Calcium Ion Transmembrane Import Into Cytosol (GO:0097553)","1/83",0.340911546721369,0.414441488171076,0,0,2.44124168514412,2.62709885646942,"SLC24A2","GO_Biological_Process_2023","turquoise"
"Regulation Of NIK/NF-kappaB Signaling (GO:1901222)","1/83",0.340911546721369,0.414441488171076,0,0,2.44124168514412,2.62709885646942,"DLG1","GO_Biological_Process_2023","turquoise"
"Regulation Of Cell Division (GO:0051302)","1/83",0.340911546721369,0.414441488171076,0,0,2.44124168514412,2.62709885646942,"FGFR2","GO_Biological_Process_2023","turquoise"
"Epidermis Development (GO:0008544)","1/85",0.347513436866072,0.4187352719835,0,0,2.38287638287638,2.51858583349566,"FGFR2","GO_Biological_Process_2023","turquoise"
"Regulation Of Kinase Activity (GO:0043549)","1/85",0.347513436866072,0.4187352719835,0,0,2.38287638287638,2.51858583349566,"FGFR2","GO_Biological_Process_2023","turquoise"
"Regulation Of Osteoblast Differentiation (GO:0045667)","1/85",0.347513436866072,0.4187352719835,0,0,2.38287638287638,2.51858583349566,"FGFR2","GO_Biological_Process_2023","turquoise"
"Positive Regulation Of Amide Metabolic Process (GO:0034250)","1/85",0.347513436866072,0.4187352719835,0,0,2.38287638287638,2.51858583349566,"PLD1","GO_Biological_Process_2023","turquoise"
"Negative Regulation Of Cell Cycle (GO:0045786)","1/85",0.347513436866072,0.4187352719835,0,0,2.38287638287638,2.51858583349566,"PTPRK","GO_Biological_Process_2023","turquoise"
"Positive Regulation Of DNA-binding Transcription Factor Activity (GO:0051091)","2/246",0.348893339322039,0.419656538655433,0,0,1.6440281030445,1.73114354350853,"SLCO3A1;RNF220","GO_Biological_Process_2023","turquoise"
"Regulation Of Type II Interferon Production (GO:0032649)","1/87",0.354049852499014,0.425109153880858,0,0,2.3272257458304,2.41639933353241,"PDE4B","GO_Biological_Process_2023","turquoise"
"Positive Regulation Of Cell Adhesion (GO:0045785)","1/88",0.357293708483398,0.428250104017008,0,0,2.30035992104958,2.36752381170365,"FRMD5","GO_Biological_Process_2023","turquoise"
"Sodium Ion Transport (GO:0006814)","1/89",0.360521436424534,0.431360736213215,0,0,2.27410468319559,2.32005037808893,"SLC24A2","GO_Biological_Process_2023","turquoise"
"Phosphorylation (GO:0016310)","3/429",0.363003334608488,0.433569657098054,0,0,1.4138231450559,1.43268815276809,"CDK18;CDK19;MAP4K4","GO_Biological_Process_2023","turquoise"
"Regulation Of Peptidyl-Tyrosine Phosphorylation (GO:0050730)","1/90",0.363733115678147,0.433681791770099,0,0,2.24843945068664,2.27392523969427,"ENPP2","GO_Biological_Process_2023","turquoise"
"Regulation Of Epithelial Cell Proliferation (GO:0050678)","1/91",0.366928825262423,0.435967698308315,0,0,2.22334455667789,2.22909720803597,"FGFR2","GO_Biological_Process_2023","turquoise"
"Regulation Of Actin Cytoskeleton Organization (GO:0032956)","1/91",0.366928825262423,0.435967698308315,0,0,2.22334455667789,2.22909720803597,"DAAM2","GO_Biological_Process_2023","turquoise"
"Protein Ubiquitination (GO:0016567)","3/434",0.369825263536433,0.43821891503923,0,0,1.39706269285048,1.38969269203565,"C10ORF90;FBXL7;RNF220","GO_Biological_Process_2023","turquoise"
"Positive Regulation Of Neuron Projection Development (GO:0010976)","1/92",0.370108643786799,0.43821891503923,0,0,2.1988011988012,2.18551754723327,"MAGI2","GO_Biological_Process_2023","turquoise"
"Positive Regulation Of Protein Kinase B Signaling (GO:0051897)","1/93",0.373272649434986,0.440435894316021,0,0,2.1747913921827,2.14313983216348,"HIP1","GO_Biological_Process_2023","turquoise"
"Protein O-linked Glycosylation (GO:0006493)","1/93",0.373272649434986,0.440435894316021,0,0,2.1747913921827,2.14313983216348,"TMTC2","GO_Biological_Process_2023","turquoise"
"Regulation Of mRNA Splicing, Via Spliceosome (GO:0048024)","1/94",0.376420920115876,0.443383536302293,0,0,2.15129792549147,2.10191981526176,"QKI","GO_Biological_Process_2023","turquoise"
"Positive Regulation Of Transmembrane Receptor Protein Serine/Threonine Kinase Signaling Pathway (GO:0090100)","1/95",0.379553533216983,0.446302602851693,0,0,2.12830431979368,2.06181530451832,"ZEB2","GO_Biological_Process_2023","turquoise"
"Positive Regulation Of Supramolecular Fiber Organization (GO:1902905)","1/96",0.382670565880735,0.449193332066543,0,0,2.10579479000532,2.02278604662789,"SLAIN1","GO_Biological_Process_2023","turquoise"
"Regulation Of Protein Localization (GO:0032880)","1/97",0.385772094842852,0.451280563778431,0,0,2.08375420875421,1.98479362024731,"DLG1","GO_Biological_Process_2023","turquoise"
"Monocarboxylic Acid Metabolic Process (GO:0032787)","1/97",0.385772094842852,0.451280563778431,0,0,2.08375420875421,1.98479362024731,"FA2H","GO_Biological_Process_2023","turquoise"
"Negative Regulation Of Signal Transduction (GO:0009968)","2/267",0.386599178140438,0.451473697759894,0,0,1.51212938005391,1.43707761768299,"WWOX;PIP4K2A","GO_Biological_Process_2023","turquoise"
"MAPK Cascade (GO:0000165)","1/98",0.388858196397513,0.452561928230553,0,0,2.06216807247735,1.94780133547852,"MAP4K4","GO_Biological_Process_2023","turquoise"
"Phosphatidylinositol Biosynthetic Process (GO:0006661)","1/98",0.388858196397513,0.452561928230553,0,0,2.06216807247735,1.94780133547852,"SYNJ2","GO_Biological_Process_2023","turquoise"
"Cellular Response To Insulin Stimulus (GO:0032869)","1/99",0.391928946523868,0.455358673814784,0,0,2.0410224695939,1.91177413897195,"GAB1","GO_Biological_Process_2023","turquoise"
"Response To UV (GO:0009411)","1/100",0.394984420817951,0.458128188771841,0,0,2.02030405060708,1.87667852610055,"PTPRK","GO_Biological_Process_2023","turquoise"
"Regulation Of RNA Splicing (GO:0043484)","1/102",0.401049842395342,0.464373501720923,0,0,1.98009800980098,1.80915528558786,"QKI","GO_Biological_Process_2023","turquoise"
"Inorganic Cation Import Across Plasma Membrane (GO:0098659)","1/103",0.404059939073185,0.467065895674428,0,0,1.9605862547039,1.77666767339805,"SLC24A2","GO_Biological_Process_2023","turquoise"
"Negative Regulation Of DNA-templated Transcription (GO:0045892)","6/1025",0.406537420738528,0.467359511767893,0,0,1.18269893303823,1.0645228257419,"DLG1;ZEB2;ZBTB20;ZNF536;PTPRK;FGFR2","GO_Biological_Process_2023","turquoise"
"Positive Regulation Of Kinase Activity (GO:0033674)","1/104",0.407055058636552,0.467359511767893,0,0,1.94145336863783,1.74499153520703,"FGFR2","GO_Biological_Process_2023","turquoise"
"Positive Regulation Of Vasculature Development (GO:1904018)","1/104",0.407055058636552,0.467359511767893,0,0,1.94145336863783,1.74499153520703,"GAB1","GO_Biological_Process_2023","turquoise"
"Macroautophagy (GO:0016236)","1/104",0.407055058636552,0.467359511767893,0,0,1.94145336863783,1.74499153520703,"PIP4K2A","GO_Biological_Process_2023","turquoise"
"Negative Regulation Of MAPK Cascade (GO:0043409)","1/105",0.410035274847405,0.469990012514169,0,0,1.92268842268842,1.71409996792236,"DLG1","GO_Biological_Process_2023","turquoise"
"Monoatomic Cation Transmembrane Transport (GO:0098655)","2/281",0.411218266413723,0.470555130359328,0,0,1.43522785458269,1.27538816976658,"SLC24A2;KCNH8","GO_Biological_Process_2023","turquoise"
"Regulation Of G1/S Transition Of Mitotic Cell Cycle (GO:2000045)","1/106",0.413000661133786,0.471803100323688,0,0,1.9042809042809,1.68396719161278,"DLG1","GO_Biological_Process_2023","turquoise"
"Monoatomic Ion Transport (GO:0006811)","1/107",0.41595129052059,0.47334518064156,0,0,1.88622069754145,1.65456849319568,"SLC24A2","GO_Biological_Process_2023","turquoise"
"Transmembrane Receptor Protein Tyrosine Kinase Signaling Pathway (GO:0007169)","2/284",0.416432710241842,0.47334518064156,0,0,1.41974236503112,1.24373745840653,"GAB1;FGFR2","GO_Biological_Process_2023","turquoise"
"Inorganic Cation Transmembrane Transport (GO:0098662)","2/284",0.416432710241842,0.47334518064156,0,0,1.41974236503112,1.24373745840653,"SLC24A2;KCNH8","GO_Biological_Process_2023","turquoise"
"Positive Regulation Of Translation (GO:0045727)","1/108",0.41888723576301,0.473766326352194,0,0,1.86849806475975,1.62588017253325,"PLD1","GO_Biological_Process_2023","turquoise"
"Lipid Transport (GO:0006869)","1/108",0.41888723576301,0.473766326352194,0,0,1.86849806475975,1.62588017253325,"SLCO1A2","GO_Biological_Process_2023","turquoise"
"Response To Tumor Necrosis Factor (GO:0034612)","1/108",0.41888723576301,0.473766326352194,0,0,1.86849806475975,1.62588017253325,"ERBIN","GO_Biological_Process_2023","turquoise"
"Cell-Matrix Adhesion (GO:0007160)","1/109",0.421808569139365,0.475493296120739,0,0,1.85110362888141,1.59787949320038,"PTPRK","GO_Biological_Process_2023","turquoise"
"Cellular Response To Salt (GO:1902075)","1/109",0.421808569139365,0.475493296120739,0,0,1.85110362888141,1.59787949320038,"DLG2","GO_Biological_Process_2023","turquoise"
"Response To Lipid (GO:0033993)","1/110",0.424715362613925,0.477979995549005,0,0,1.83402835696414,1.57054463447437,"ERBIN","GO_Biological_Process_2023","turquoise"
"Negative Regulation Of Transmembrane Receptor Protein Serine/Threonine Kinase Signaling Pathway (GO:0090101)","1/111",0.427607687964041,0.478079415067993,0,0,1.81726354453627,1.54385464626272,"MAGI2","GO_Biological_Process_2023","turquoise"
"Regulation Of Transforming Growth Factor Beta Receptor Signaling Pathway (GO:0017015)","1/111",0.427607687964041,0.478079415067993,0,0,1.81726354453627,1.54385464626272,"ZEB2","GO_Biological_Process_2023","turquoise"
"Mitotic Cell Cycle Phase Transition (GO:0044772)","1/111",0.427607687964041,0.478079415067993,0,0,1.81726354453627,1.54385464626272,"FBXL7","GO_Biological_Process_2023","turquoise"
"Cytoskeleton Organization (GO:0007010)","1/111",0.427607687964041,0.478079415067993,0,0,1.81726354453627,1.54385464626272,"FMNL2","GO_Biological_Process_2023","turquoise"
"Positive Regulation Of DNA-templated Transcription (GO:0045893)","7/1243",0.429317819062255,0.47816154783651,0,0,1.13658349862547,0.961047039617359,"WWOX;ZEB2;TCF12;ST18;FGFR2;NPAS3;CREB5","GO_Biological_Process_2023","turquoise"
"Calcium Ion Transport (GO:0006816)","1/112",0.43048561638067,0.47816154783651,0,0,1.8008008008008,1.51778940882089,"SLC24A2","GO_Biological_Process_2023","turquoise"
"Protein Deubiquitination (GO:0016579)","1/112",0.43048561638067,0.47816154783651,0,0,1.8008008008008,1.51778940882089,"OTUD7A","GO_Biological_Process_2023","turquoise"
"Small GTPase Mediated Signal Transduction (GO:0007264)","1/112",0.43048561638067,0.47816154783651,0,0,1.8008008008008,1.51778940882089,"PLD1","GO_Biological_Process_2023","turquoise"
"Protein Modification By Small Protein Removal (GO:0070646)","1/114",0.436198565833718,0.483719385200969,0,0,1.76874944131581,1.46745661650072,"OTUD7A","GO_Biological_Process_2023","turquoise"
"Regulation Of Cell Cycle (GO:0051726)","2/298",0.440458727702992,0.487650734242599,0,0,1.35162713734142,1.10825117107316,"PTPRK;FGFR2","GO_Biological_Process_2023","turquoise"
"Protein Maturation (GO:0051604)","1/117",0.444661775482094,0.489127953030303,0,0,1.72274468826193,1.39618351518444,"PCSK6","GO_Biological_Process_2023","turquoise"
"Protein Processing (GO:0016485)","1/117",0.444661775482094,0.489127953030303,0,0,1.72274468826193,1.39618351518444,"PCSK6","GO_Biological_Process_2023","turquoise"
"Cellular Response To Molecule Of Bacterial Origin (GO:0071219)","1/117",0.444661775482094,0.489127953030303,0,0,1.72274468826193,1.39618351518444,"PDE4B","GO_Biological_Process_2023","turquoise"
"Cellular Response To Oxidative Stress (GO:0034599)","1/117",0.444661775482094,0.489127953030303,0,0,1.72274468826193,1.39618351518444,"PTPRK","GO_Biological_Process_2023","turquoise"
"Fatty Acid Metabolic Process (GO:0006631)","1/122",0.458488507016457,0.501908766910471,0,0,1.6511394941147,1.28759168960267,"FA2H","GO_Biological_Process_2023","turquoise"
"Positive Regulation Of Macromolecule Biosynthetic Process (GO:0010557)","1/122",0.458488507016457,0.501908766910471,0,0,1.6511394941147,1.28759168960267,"PLD1","GO_Biological_Process_2023","turquoise"
"Receptor-Mediated Endocytosis (GO:0006898)","1/122",0.458488507016457,0.501908766910471,0,0,1.6511394941147,1.28759168960267,"MAGI2","GO_Biological_Process_2023","turquoise"
"Positive Regulation Of MAPK Cascade (GO:0043410)","2/310",0.460624189973071,0.503275272258937,0,0,1.29817121653856,1.00630698380262,"PDE8A;FGFR2","GO_Biological_Process_2023","turquoise"
"Positive Regulation Of Epithelial Cell Proliferation (GO:0050679)","1/123",0.461212676190375,0.503275272258937,0,0,1.63752276867031,1.26727232996582,"FGFR2","GO_Biological_Process_2023","turquoise"
"Cellular Response To Lipopolysaccharide (GO:0071222)","1/124",0.463923277206856,0.505424401046447,0,0,1.62412745339575,1.2473885010387,"PDE4B","GO_Biological_Process_2023","turquoise"
"Regulation Of Apoptotic Process (GO:0042981)","4/705",0.471041616454249,0.512361056494096,0,0,1.14116737993343,0.8590808815103,"TJP1;HIP1;PHLPP1;MAP4K4","GO_Biological_Process_2023","turquoise"
"Positive Regulation Of Peptidyl-Tyrosine Phosphorylation (GO:0050731)","1/130",0.479905677193982,0.521171451984548,0,0,1.54811682718659,1.13657427447839,"ENPP2","GO_Biological_Process_2023","turquoise"
"Epithelial Cell Differentiation (GO:0030855)","1/132",0.485127594032975,0.525169871635697,0,0,1.52432724188449,1.1026119616962,"FGFR2","GO_Biological_Process_2023","turquoise"
"Plasma Membrane Bounded Cell Projection Organization (GO:0120036)","1/132",0.485127594032975,0.525169871635697,0,0,1.52432724188449,1.1026119616962,"FRYL","GO_Biological_Process_2023","turquoise"
"Cellular Response To Metal Ion (GO:0071248)","1/135",0.492863296366116,0.532314061586174,0,0,1.48997437057139,1.05419178131578,"DLG2","GO_Biological_Process_2023","turquoise"
"Proteolysis (GO:0006508)","2/330",0.493288103991879,0.532314061586174,0,0,1.21777003484321,0.860551669771124,"FOLH1;PCSK6","GO_Biological_Process_2023","turquoise"
"Intracellular Calcium Ion Homeostasis (GO:0006874)","1/139",0.502998845735877,0.541935565232019,0,0,1.44649392475479,0.993983474661611,"SLC24A2","GO_Biological_Process_2023","turquoise"
"Negative Regulation Of Wnt Signaling Pathway (GO:0030178)","1/140",0.505501237241334,0.543772624287997,0,0,1.43601482450403,0.979656196045578,"WWOX","GO_Biological_Process_2023","turquoise"
"Positive Regulation Of Transcription By RNA Polymerase II (GO:0045944)","5/938",0.506915707278799,0.544435452541954,0,0,1.0699497940994,0.726935174920894,"WWOX;ZEB2;TCF12;ST18;FGFR2","GO_Biological_Process_2023","turquoise"
"Positive Regulation Of Transferase Activity (GO:0051347)","1/143",0.512933812590885,0.550032799036138,0,0,1.40546308151942,0.938299046849509,"FGFR2","GO_Biological_Process_2023","turquoise"
"Regulation Of Cell Adhesion (GO:0030155)","1/144",0.515386675547343,0.551795467383497,0,0,1.39556403192767,0.925032639771104,"FRMD5","GO_Biological_Process_2023","turquoise"
"Regulation Of Cold-Induced Thermogenesis (GO:0120161)","1/146",0.520255772624573,0.555265159514803,0,0,1.37617554858934,0.899240881378034,"PLCL1","GO_Biological_Process_2023","turquoise"
"Positive Regulation Of Cellular Catabolic Process (GO:0031331)","1/146",0.520255772624573,0.555265159514803,0,0,1.37617554858934,0.899240881378034,"ZBTB20","GO_Biological_Process_2023","turquoise"
"Protein Localization (GO:0008104)","2/351",0.526234479058159,0.560768616746351,0,0,1.1432664756447,0.73398666696496,"ERBIN;PTPRK","GO_Biological_Process_2023","turquoise"
"Negative Regulation Of DNA-binding Transcription Factor Activity (GO:0043433)","1/149",0.527468747150282,0.561206997748038,0,0,1.34807534807535,0.862317510620557,"ERBIN","GO_Biological_Process_2023","turquoise"
"Neuron Development (GO:0048666)","1/150",0.529849131261317,0.562861538193486,0,0,1.33896007050369,0.850457856372934,"FRYL","GO_Biological_Process_2023","turquoise"
"Positive Regulation Of NF-kappaB Transcription Factor Activity (GO:0051092)","1/152",0.534574342306715,0.56699798048706,0,0,1.32109171182019,0.827379223374853,"SLCO3A1","GO_Biological_Process_2023","turquoise"
"Epithelium Development (GO:0060429)","1/154",0.539252532966754,0.571071781806407,0,0,1.30369049976893,0.805121832204194,"FGFR2","GO_Biological_Process_2023","turquoise"
"Ubiquitin-Dependent Protein Catabolic Process (GO:0006511)","2/367",0.550365270449262,0.581936611544801,0,0,1.0922560805144,0.652265942059725,"OTUD7A;FBXL7","GO_Biological_Process_2023","turquoise"
"Regulation Of Macromolecule Metabolic Process (GO:0060255)","1/162",0.557504289374834,0.587662944905157,0,0,1.23840893406111,0.723583865255002,"ST18","GO_Biological_Process_2023","turquoise"
"Protein Autophosphorylation (GO:0046777)","1/162",0.557504289374834,0.587662944905157,0,0,1.23840893406111,0.723583865255002,"FGFR2","GO_Biological_Process_2023","turquoise"
"Positive Regulation Of Protein Phosphorylation (GO:0001934)","2/377",0.565010014162091,0.594655601324917,0,0,1.06258503401361,0.606642359724123,"SLCO3A1;ENPP2","GO_Biological_Process_2023","turquoise"
"Regulation Of Transcription By RNA Polymerase II (GO:0006357)","10/2028",0.567372806355863,0.596222271085822,0,0,0.984583195683295,0.558001385118912,"WWOX;DLG1;ZEB2;TCF12;ZBTB20;ZNF536;ST18;FGFR2;NPAS3;CREB5","GO_Biological_Process_2023","turquoise"
"Negative Regulation Of Programmed Cell Death (GO:0043069)","2/381",0.570772805092844,0.598872389343569,0,0,1.05115502665446,0.589449937321065,"TJP1;MAP4K4","GO_Biological_Process_2023","turquoise"
"Positive Regulation Of Cellular Process (GO:0048522)","3/594",0.573906946992501,0.601235849230239,0,0,1.01046627243707,0.561099804641665,"TJP1;FRMD5;FGFR2","GO_Biological_Process_2023","turquoise"
"Phosphate-Containing Compound Metabolic Process (GO:0006796)","1/184",0.604087456347206,0.631882891455206,0,0,1.0883148424132,0.548550182326374,"PTPRD","GO_Biological_Process_2023","turquoise"
"Intracellular Monoatomic Cation Homeostasis (GO:0030003)","1/190",0.615926332366024,0.643279875457318,0,0,1.05344449788894,0.510528608383714,"SLC24A2","GO_Biological_Process_2023","turquoise"
"Modification-Dependent Protein Catabolic Process (GO:0019941)","1/192",0.619794203522166,0.646329735171433,0,0,1.04230789571104,0.498606520241977,"FBXL7","GO_Biological_Process_2023","turquoise"
"Regulation Of Signal Transduction (GO:0009966)","1/193",0.621713652685644,0.64734154371238,0,0,1.0368265993266,0.492778443916668,"FGFR2","GO_Biological_Process_2023","turquoise"
"Positive Regulation Of Protein Metabolic Process (GO:0051247)","1/196",0.627414626895937,0.652281670035105,0,0,1.02072002072002,0.475806259368427,"PLD1","GO_Biological_Process_2023","turquoise"
"Organic Substance Transport (GO:0071702)","1/201",0.636727825797518,0.660956434085095,0,0,0.994949494949495,0.449133126176455,"SLCO1A2","GO_Biological_Process_2023","turquoise"
"Regulation Of Translation (GO:0006417)","1/202",0.638562619762378,0.661853657565261,0,0,0.989949243680587,0.44402741371685,"PLD1","GO_Biological_Process_2023","turquoise"
"Regulation Of Angiogenesis (GO:0045765)","1/205",0.644012133765147,0.666489036764537,0,0,0.975242622301446,0.429143531972285,"GAB1","GO_Biological_Process_2023","turquoise"
"Positive Regulation Of Protein Modification Process (GO:0031401)","1/225",0.678320213394343,0.700930887174154,0,0,0.887265512265512,0.344379519525088,"SLCO3A1","GO_Biological_Process_2023","turquoise"
"Cellular Response To Lipid (GO:0071396)","1/228",0.683175898430978,0.7048804277306,0,0,0.875406042806924,0.333532253769872,"PDE4B","GO_Biological_Process_2023","turquoise"
"Negative Regulation Of Multicellular Organismal Process (GO:0051241)","1/231",0.687959009576293,0.708743269684338,0,0,0.863855950812473,0.323104604801154,"PLCL1","GO_Biological_Process_2023","turquoise"
"Negative Regulation Of Apoptotic Process (GO:0043066)","2/482",0.698204949654375,0.718213839614304,0,0,0.825680272108844,0.296619523734893,"TJP1;MAP4K4","GO_Biological_Process_2023","turquoise"
"Positive Regulation Of Cell Population Proliferation (GO:0008284)","2/483",0.699296107703482,0.718252929900263,0,0,0.823921252492681,0.294700985980597,"TJP1;FGFR2","GO_Biological_Process_2023","turquoise"
"Regulation Of Autophagy (GO:0010506)","1/241",0.703392239478639,0.721373695224709,0,0,0.827441077441077,0.291127358427709,"PIP4K2A","GO_Biological_Process_2023","turquoise"
"Cytokine-Mediated Signaling Pathway (GO:0019221)","1/257",0.726528139341902,0.743982268815581,0,0,0.775094696969697,0.247625753183798,"ST18","GO_Biological_Process_2023","turquoise"
"Cellular Component Assembly (GO:0022607)","1/260",0.730662789373251,0.747094486285693,0,0,0.765999765999766,0.240373197771099,"PTPRD","GO_Biological_Process_2023","turquoise"
"Regulation Of Protein Phosphorylation (GO:0001932)","1/265",0.737416777697141,0.752871620343489,0,0,0.751300887664524,0.228847783739634,"SLCO3A1","GO_Biological_Process_2023","turquoise"
"Positive Regulation Of Signal Transduction (GO:0009967)","1/266",0.738747316125365,0.753102645138264,0,0,0.748427672955975,0.226623407850818,"FGFR2","GO_Biological_Process_2023","turquoise"
"Positive Regulation Of Intracellular Signal Transduction (GO:1902533)","2/525",0.742271938061471,0.755566360832721,0,0,0.75611659577789,0.225352695027355,"HIP1;FGFR2","GO_Biological_Process_2023","turquoise"
"Plasma Membrane Bounded Cell Projection Assembly (GO:0120031)","1/275",0.750425733287746,0.762727794489184,0,0,0.723512497235125,0.207730993364859,"MAP4K4","GO_Biological_Process_2023","turquoise"
"Positive Regulation Of Nucleic Acid-Templated Transcription (GO:1903508)","2/557",0.77143447732575,0.782914157047859,0,0,0.711343997058283,0.184596285196443,"NPAS3;CREB5","GO_Biological_Process_2023","turquoise"
"Cellular Response To Cytokine Stimulus (GO:0071345)","1/308",0.788992179375311,0.79954333779192,0,0,0.644655019247853,0.152782511267399,"ERBIN","GO_Biological_Process_2023","turquoise"
"Proteasome-Mediated Ubiquitin-Dependent Protein Catabolic Process (GO:0043161)","1/319",0.800487119011081,0.809812705040348,0,0,0.622006225779811,0.138418054598085,"FBXL7","GO_Biological_Process_2023","turquoise"
"Positive Regulation Of Cytokine Production (GO:0001819)","1/320",0.801500844431429,0.809812705040348,0,0,0.620024698394604,0.137192402084256,"PDE4B","GO_Biological_Process_2023","turquoise"
"Protein-Containing Complex Assembly (GO:0065003)","1/328",0.809429181545872,0.816613464222315,0,0,0.604608778920706,0.127830011994472,"HIP1","GO_Biological_Process_2023","turquoise"
"Regulation Of Gene Expression (GO:0010468)","4/1127",0.821898962128064,0.827969116944371,0,0,0.696682991985752,0.136645875336997,"MOG;ZBTB20;ZNF536;ST18","GO_Biological_Process_2023","turquoise"
"Regulation Of DNA-templated Transcription (GO:0006355)","7/1922",0.85709775408759,0.862154378005511,0,0,0.706898003874337,0.109006005980816,"CDK18;ZEB2;TCF12;ZNF536;PTPRK;NPAS3;CREB5","GO_Biological_Process_2023","turquoise"
"Organelle Organization (GO:0006996)","1/418",0.879660621460093,0.88354719268893,0,0,0.471937601434004,0.0605114160819506,"FMNL2","GO_Biological_Process_2023","turquoise"
"Regulation Of Nucleic Acid-Templated Transcription (GO:1903506)","1/452",0.898901236208478,0.901545063373797,0,0,0.435597661761742,0.0464269179704126,"ZNF536","GO_Biological_Process_2023","turquoise"
"Negative Regulation Of Nucleic Acid-Templated Transcription (GO:1903507)","1/456",0.900954262775652,0.902277249945661,0,0,0.431679431679432,0.0450245037640661,"PTPRK","GO_Biological_Process_2023","turquoise"
"Positive Regulation Of Gene Expression (GO:0010628)","1/480",0.912433675715768,0.912433675715768,0,0,0.409544294721748,0.0375305901516706,"PLD1","GO_Biological_Process_2023","turquoise"
"Bacterial invasion of epithelial cells","4/77",0.000601946318497709,0.0650102023977525,0,0,11.3167808219178,83.9178033991571,"GAB1;ELMO1;CTNNA3;DOCK1","KEGG_2021_Human","turquoise"
"Ether lipid metabolism","3/49",0.00189120911437294,0.102125292176139,0,0,13.3487225459435,83.703684141881,"UGT8;ENPP2;PLD1","KEGG_2021_Human","turquoise"
"Hippo signaling pathway","4/163",0.00909989691744385,0.23162915624813,0,0,5.1732180293501,24.3114977430502,"DLG1;DLG2;PPP2R2B;CTNNA3","KEGG_2021_Human","turquoise"
"Tight junction","4/169",0.0102942937098222,0.23162915624813,0,0,4.98358585858586,22.8057139016992,"TJP1;DLG1;DLG2;PPP2R2B","KEGG_2021_Human","turquoise"
"Morphine addiction","3/91",0.0107235720485245,0.23162915624813,0,0,6.96298031865042,31.5792809907681,"PDE1C;PDE4B;PDE8A","KEGG_2021_Human","turquoise"
"Parathyroid hormone synthesis, secretion and action","3/106",0.0161412670571554,0.290542807028797,0,0,5.9444500050045,24.5290365178238,"PDE4B;PLD1;CREB5","KEGG_2021_Human","turquoise"
"Cocaine addiction","2/49",0.0249911884332231,0.36378513735352,0,0,8.62049500651324,31.8030058521021,"GRM3;CREB5","KEGG_2021_Human","turquoise"
"Purine metabolism","3/129",0.0269470472113718,0.36378513735352,0,0,4.85370643102602,17.5407201351051,"PDE1C;PDE4B;PDE8A","KEGG_2021_Human","turquoise"
"PI3K-Akt signaling pathway","5/354",0.0325133728601452,0.377938191696912,0,0,2.94842406876791,10.1016069109064,"PHLPP1;PPP2R2B;MAGI2;FGFR2;CREB5","KEGG_2021_Human","turquoise"
"Phospholipase D signaling pathway","3/148",0.0381645668105914,0.377938191696912,0,0,4.21365090650551,13.7611423922677,"GRM3;GAB1;PLD1","KEGG_2021_Human","turquoise"
"Gastric cancer","3/149",0.038811618827442,0.377938191696912,0,0,4.18457844937156,13.5958444486809,"GAB1;CTNNA3;FGFR2","KEGG_2021_Human","turquoise"
"Cortisol synthesis and secretion","2/65",0.041993132410768,0.377938191696912,0,0,6.42597991577583,20.3719576107223,"PDE8A;CREB5","KEGG_2021_Human","turquoise"
"Adherens junction","2/71",0.0492185490137595,0.398985520778293,0,0,5.86542443064182,17.6636360143545,"TJP1;CTNNA3","KEGG_2021_Human","turquoise"
"Inositol phosphate metabolism","2/73",0.051720345286075,0.398985520778293,0,0,5.699626329405,16.8817463030563,"PIP4K2A;SYNJ2","KEGG_2021_Human","turquoise"
"Pathogenic Escherichia coli infection","3/197",0.076185245944446,0.466669030546555,0,0,3.1415665851844,8.08823792810062,"MYO1D;TJP1;MYO1E","KEGG_2021_Human","turquoise"
"Human papillomavirus infection","4/331",0.0844574160858519,0.466669030546555,0,0,2.49401121304791,6.16396822442599,"DLG1;DLG2;PPP2R2B;CREB5","KEGG_2021_Human","turquoise"
"Fc gamma R-mediated phagocytosis","2/97",0.0849237360045433,0.466669030546555,0,0,4.25456498388829,10.491764264828,"PLD1;DOCK1","KEGG_2021_Human","turquoise"
"Phosphatidylinositol signaling system","2/97",0.0849237360045433,0.466669030546555,0,0,4.25456498388829,10.491764264828,"PIP4K2A;SYNJ2","KEGG_2021_Human","turquoise"
"Prostate cancer","2/97",0.0849237360045433,0.466669030546555,0,0,4.25456498388829,10.491764264828,"FGFR2;CREB5","KEGG_2021_Human","turquoise"
"Choline metabolism in cancer","2/98",0.0864201908419546,0.466669030546555,0,0,4.21003401360544,10.3084111715959,"SLC44A1;PLD1","KEGG_2021_Human","turquoise"
"cAMP signaling pathway","3/216",0.0941331217907138,0.467353465684521,0,0,2.85857412516335,6.7549401777521,"PDE4B;PLD1;CREB5","KEGG_2021_Human","turquoise"
"Regulation of actin cytoskeleton","3/218",0.0961161230181165,0.467353465684521,0,0,2.83169503716135,6.63239102956968,"PIP4K2A;DOCK1;FGFR2","KEGG_2021_Human","turquoise"
"Pantothenate and CoA biosynthesis","1/21",0.0999597740324998,0.467353465684521,0,0,10.040404040404,23.1229243332888,"DPYD","KEGG_2021_Human","turquoise"
"Ras signaling pathway","3/232",0.110465912159545,0.467353465684521,0,0,2.65668752532301,5.85281091732596,"GAB1;PLD1;FGFR2","KEGG_2021_Human","turquoise"
"Glutamatergic synapse","2/114",0.111372908000063,0.467353465684521,0,0,3.60568513119534,7.91401436691998,"GRM3;PLD1","KEGG_2021_Human","turquoise"
"Vitamin digestion and absorption","1/24",0.113407683581024,0.467353465684521,0,0,8.72946859903382,19.0020116101552,"FOLH1","KEGG_2021_Human","turquoise"
"Sphingolipid signaling pathway","2/119",0.119518877292295,0.467353465684521,0,0,3.45072387929531,7.33030700433838,"PPP2R2B;PLD1","KEGG_2021_Human","turquoise"
"AMPK signaling pathway","2/120",0.121165713325617,0.467353465684521,0,0,3.42130750605327,7.22099841165592,"PPP2R2B;CREB5","KEGG_2021_Human","turquoise"
"Endocytosis","3/252",0.132287323844681,0.492416278518026,0,0,2.44081480561421,4.93722899556867,"ARAP2;PLD1;FGFR2","KEGG_2021_Human","turquoise"
"beta-Alanine metabolism","1/30",0.139709563918842,0.492416278518026,0,0,6.92128178335075,13.6223945108193,"DPYD","KEGG_2021_Human","turquoise"
"Dopaminergic synapse","2/132",0.141341709574619,0.492416278518026,0,0,3.10361067503925,6.07244658574773,"PPP2R2B;CREB5","KEGG_2021_Human","turquoise"
"Yersinia infection","2/137",0.149950708084332,0.50608363978462,0,0,2.98790627362056,5.66939873017379,"ELMO1;DOCK1","KEGG_2021_Human","turquoise"
"Mucin type O-glycan biosynthesis","1/36",0.165238740567014,0.52845829674614,0,0,5.73304473304473,10.3215669941692,"ST6GALNAC3","KEGG_2021_Human","turquoise"
"Alanine, aspartate and glutamate metabolism","1/37",0.169420067180126,0.52845829674614,0,0,5.57351290684624,9.89507014564132,"FOLH1","KEGG_2021_Human","turquoise"
"Adrenergic signaling in cardiomyocytes","2/150",0.172791328093857,0.52845829674614,0,0,2.72366243794815,4.7818540898178,"PPP2R2B;CREB5","KEGG_2021_Human","turquoise"
"Various types of N-glycan biosynthesis","1/39",0.17772061456847,0.52845829674614,0,0,5.27963849016481,9.12080010262218,"MAN2A1","KEGG_2021_Human","turquoise"
"Cushing syndrome","2/155",0.181724756491973,0.52845829674614,0,0,2.63398692810458,4.49163798449718,"PDE8A;CREB5","KEGG_2021_Human","turquoise"
"Ferroptosis","1/41",0.185939030336605,0.52845829674614,0,0,5.01515151515152,8.43717221072756,"TF","KEGG_2021_Human","turquoise"
"Vasopressin-regulated water reabsorption","1/44",0.1981144149655,0.545758228653771,0,0,4.6645525017618,7.55149331126355,"CREB5","KEGG_2021_Human","turquoise"
"Glycosphingolipid biosynthesis","1/45",0.202132677279174,0.545758228653771,0,0,4.55831037649219,7.28796784173202,"ST6GALNAC3","KEGG_2021_Human","turquoise"
"Sphingolipid metabolism","1/49",0.21800735103248,0.557397824384223,0,0,4.17760942760943,6.36344537186664,"UGT8","KEGG_2021_Human","turquoise"
"Vibrio cholerae infection","1/50",0.221926911560385,0.557397824384223,0,0,4.09214594928881,6.16034588762116,"TJP1","KEGG_2021_Human","turquoise"
"N-Glycan biosynthesis","1/50",0.221926911560385,0.557397824384223,0,0,4.09214594928881,6.16034588762116,"MAN2A1","KEGG_2021_Human","turquoise"
"Pyrimidine metabolism","1/56",0.245039143568043,0.581598087778291,0,0,3.64462809917355,5.12557648253206,"DPYD","KEGG_2021_Human","turquoise"
"Endometrial cancer","1/58",0.252591147960672,0.581598087778291,0,0,3.5163919900762,4.83849599837867,"CTNNA3","KEGG_2021_Human","turquoise"
"Mineral absorption","1/60",0.260068356267662,0.581598087778291,0,0,3.39684985447697,4.57491398098809,"TF","KEGG_2021_Human","turquoise"
"Viral carcinogenesis","2/203",0.269787257396922,0.581598087778291,0,0,2.00010153315057,2.62037615304045,"DLG1;CREB5","KEGG_2021_Human","turquoise"
"Rap1 signaling pathway","2/210",0.282756789644993,0.581598087778291,0,0,1.93210361067504,2.44057174617679,"MAGI2;FGFR2","KEGG_2021_Human","turquoise"
"Amphetamine addiction","1/69",0.29280968888067,0.581598087778291,0,0,2.94592988710636,3.61828655610275,"CREB5","KEGG_2021_Human","turquoise"
"Renal cell carcinoma","1/69",0.29280968888067,0.581598087778291,0,0,2.94592988710636,3.61828655610275,"GAB1","KEGG_2021_Human","turquoise"
"Renin secretion","1/69",0.29280968888067,0.581598087778291,0,0,2.94592988710636,3.61828655610275,"PDE1C","KEGG_2021_Human","turquoise"
"Central carbon metabolism in cancer","1/70",0.296357876203525,0.581598087778291,0,0,2.9030888596106,3.53070042231205,"FGFR2","KEGG_2021_Human","turquoise"
"Epithelial cell signaling in Helicobacter pylori infection","1/70",0.296357876203525,0.581598087778291,0,0,2.9030888596106,3.53070042231205,"TJP1","KEGG_2021_Human","turquoise"
"Human T-cell leukemia virus 1 infection","2/219",0.299404556751811,0.581598087778291,0,0,1.85112385968212,2.23238056623459,"DLG1;CREB5","KEGG_2021_Human","turquoise"
"Thyroid hormone synthesis","1/75",0.313836161648445,0.581598087778291,0,0,2.70625170625171,3.13623236372496,"CREB5","KEGG_2021_Human","turquoise"
"Pancreatic cancer","1/76",0.317279889350664,0.581598087778291,0,0,2.67003367003367,3.0651211233087,"PLD1","KEGG_2021_Human","turquoise"
"Arrhythmogenic right ventricular cardiomyopathy","1/77",0.320706505558706,0.581598087778291,0,0,2.6347687400319,2.99633512170869,"CTNNA3","KEGG_2021_Human","turquoise"
"Calcium signaling pathway","2/240",0.337976909955364,0.581598087778291,0,0,1.68598868118676,1.8289229230858,"PDE1C;FGFR2","KEGG_2021_Human","turquoise"
"ErbB signaling pathway","1/85",0.347513436866072,0.581598087778291,0,0,2.38287638287638,2.51858583349566,"GAB1","KEGG_2021_Human","turquoise"
"Shigellosis","2/246",0.348893339322039,0.581598087778291,0,0,1.6440281030445,1.73114354350853,"ELMO1;DOCK1","KEGG_2021_Human","turquoise"
"Taste transduction","1/86",0.350789788685405,0.581598087778291,0,0,2.35472370766488,2.46673350535558,"PDE1C","KEGG_2021_Human","turquoise"
"Insulin secretion","1/86",0.350789788685405,0.581598087778291,0,0,2.35472370766488,2.46673350535558,"CREB5","KEGG_2021_Human","turquoise"
"Gap junction","1/88",0.357293708483398,0.581598087778291,0,0,2.30035992104958,2.36752381170365,"TJP1","KEGG_2021_Human","turquoise"
"GABAergic synapse","1/89",0.360521436424534,0.581598087778291,0,0,2.27410468319559,2.32005037808893,"PLCL1","KEGG_2021_Human","turquoise"
"Bile secretion","1/90",0.363733115678147,0.581598087778291,0,0,2.24843945068664,2.27392523969427,"SLCO1A2","KEGG_2021_Human","turquoise"
"GnRH signaling pathway","1/93",0.373272649434986,0.581598087778291,0,0,2.1747913921827,2.14313983216348,"PLD1","KEGG_2021_Human","turquoise"
"Aldosterone synthesis and secretion","1/98",0.388858196397513,0.581598087778291,0,0,2.06216807247735,1.94780133547852,"CREB5","KEGG_2021_Human","turquoise"
"mRNA surveillance pathway","1/98",0.388858196397513,0.581598087778291,0,0,2.06216807247735,1.94780133547852,"PPP2R2B","KEGG_2021_Human","turquoise"
"Glycerophospholipid metabolism","1/98",0.388858196397513,0.581598087778291,0,0,2.06216807247735,1.94780133547852,"PLD1","KEGG_2021_Human","turquoise"
"Prion disease","2/273",0.397205912414823,0.581598087778291,0,0,1.47819865953762,1.36482150481797,"NCAM2;CREB5","KEGG_2021_Human","turquoise"
"Chagas disease","1/102",0.401049842395342,0.581598087778291,0,0,1.98009800980098,1.80915528558786,"PPP2R2B","KEGG_2021_Human","turquoise"
"Longevity regulating pathway","1/102",0.401049842395342,0.581598087778291,0,0,1.98009800980098,1.80915528558786,"CREB5","KEGG_2021_Human","turquoise"
"T cell receptor signaling pathway","1/104",0.407055058636552,0.581598087778291,0,0,1.94145336863783,1.74499153520703,"DLG1","KEGG_2021_Human","turquoise"
"Glucagon signaling pathway","1/107",0.41595129052059,0.581598087778291,0,0,1.88622069754145,1.65456849319568,"CREB5","KEGG_2021_Human","turquoise"
"Drug metabolism","1/108",0.41888723576301,0.581598087778291,0,0,1.86849806475975,1.62588017253325,"DPYD","KEGG_2021_Human","turquoise"
"Insulin resistance","1/108",0.41888723576301,0.581598087778291,0,0,1.86849806475975,1.62588017253325,"CREB5","KEGG_2021_Human","turquoise"
"HIF-1 signaling pathway","1/109",0.421808569139365,0.581598087778291,0,0,1.85110362888141,1.59787949320038,"TF","KEGG_2021_Human","turquoise"
"TNF signaling pathway","1/112",0.43048561638067,0.581598087778291,0,0,1.8008008008008,1.51778940882089,"CREB5","KEGG_2021_Human","turquoise"
"Cholinergic synapse","1/113",0.433349218837219,0.581598087778291,0,0,1.78463203463203,1.4923295915181,"CREB5","KEGG_2021_Human","turquoise"
"MAPK signaling pathway","2/294",0.433647407322141,0.581598087778291,0,0,1.37042214145932,1.14501990493626,"FGFR2;MAP4K4","KEGG_2021_Human","turquoise"
"Leukocyte transendothelial migration","1/114",0.436198565833718,0.581598087778291,0,0,1.76874944131581,1.46745661650072,"CTNNA3","KEGG_2021_Human","turquoise"
"Growth hormone synthesis, secretion and action","1/119",0.450233917137087,0.583647470668419,0,0,1.69337442218798,1.35129249451638,"CREB5","KEGG_2021_Human","turquoise"
"Neurotrophin signaling pathway","1/119",0.450233917137087,0.583647470668419,0,0,1.69337442218798,1.35129249451638,"GAB1","KEGG_2021_Human","turquoise"
"Huntington disease","2/306",0.453948032742103,0.583647470668419,0,0,1.31552094522019,1.03896233519237,"HIP1;CREB5","KEGG_2021_Human","turquoise"
"Relaxin signaling pathway","1/129",0.477275091201804,0.606420115879939,0,0,1.5602904040404,1.15408790031601,"CREB5","KEGG_2021_Human","turquoise"
"Pathways in cancer","3/531",0.497866879989961,0.618152763134852,0,0,1.13472352389878,0.791381770119386,"CTNNA3;PLD1;FGFR2","KEGG_2021_Human","turquoise"
"Estrogen signaling pathway","1/137",0.497956392525298,0.618152763134852,0,0,1.46791443850267,1.02349273069514,"CREB5","KEGG_2021_Human","turquoise"
"Signaling pathways regulating pluripotency of stem cells","1/143",0.512933812590885,0.629509679088814,0,0,1.40546308151942,0.938299046849509,"FGFR2","KEGG_2021_Human","turquoise"
"Cell adhesion molecules","1/148",0.525076432202193,0.637171400874571,0,0,1.35731464302893,0.874397623216168,"NCAM2","KEGG_2021_Human","turquoise"
"Hepatitis C","1/157",0.546182667977324,0.655419201572789,0,0,1.27842527842528,0.77319391269415,"PPP2R2B","KEGG_2021_Human","turquoise"
"Hepatitis B","1/162",0.557504289374834,0.655722741584552,0,0,1.23840893406111,0.723583865255002,"CREB5","KEGG_2021_Human","turquoise"
"Wnt signaling pathway","1/166",0.566359876814798,0.655722741584552,0,0,1.20814202632384,0.686859643904913,"DAAM2","KEGG_2021_Human","turquoise"
"cGMP-PKG signaling pathway","1/167",0.568546217907677,0.655722741584552,0,0,1.20080321285141,0.678060757672765,"CREB5","KEGG_2021_Human","turquoise"
"Hepatocellular carcinoma","1/168",0.570721645453221,0.655722741584552,0,0,1.19355228936067,0.669408186906394,"GAB1","KEGG_2021_Human","turquoise"
"NOD-like receptor signaling pathway","1/181",0.598033254092167,0.675069116088525,0,0,1.10662177328844,0.568924122199385,"ERBIN","KEGG_2021_Human","turquoise"
"Axon guidance","1/182",0.600061436523133,0.675069116088525,0,0,1.10045203415369,0.562026422628181,"UNC5C","KEGG_2021_Human","turquoise"
"Alcoholism","1/186",0.60807334897308,0.677030120506109,0,0,1.07644007644008,0.535485626960847,"CREB5","KEGG_2021_Human","turquoise"
"Chemokine signaling pathway","1/192",0.619794203522166,0.683038510004019,0,0,1.04230789571104,0.498606520241977,"ELMO1","KEGG_2021_Human","turquoise"
"Focal adhesion","1/201",0.636727825797518,0.694612173597293,0,0,0.994949494949495,0.449133126176455,"DOCK1","KEGG_2021_Human","turquoise"
"Proteoglycans in cancer","1/205",0.644012133765147,0.695533104466358,0,0,0.975242622301446,0.429143531972285,"GAB1","KEGG_2021_Human","turquoise"
"Human cytomegalovirus infection","1/225",0.678320213394343,0.725332505411773,0,0,0.887265512265512,0.344379519525088,"CREB5","KEGG_2021_Human","turquoise"
"Thermogenesis","1/232",0.689537438477132,0.730098464269905,0,0,0.860072587345315,0.319718468488941,"CREB5","KEGG_2021_Human","turquoise"
"Chemical carcinogenesis","1/239",0.700367283968666,0.734365695811805,0,0,0.834479246243952,0.297200109127968,"CREB5","KEGG_2021_Human","turquoise"
"Salmonella infection","1/249",0.715192674376682,0.742700084929631,0,0,0.800423590746171,0.268304627364853,"ELMO1","KEGG_2021_Human","turquoise"
"MicroRNAs in cancer","1/310",0.791129857891819,0.813733568117299,0,0,0.640417116145272,0.150045346926481,"ZEB2","KEGG_2021_Human","turquoise"
"Neuroactive ligand-receptor interaction","1/341",0.821649292098758,0.83715210893081,0,0,0.581105169340463,0.11415324487441,"GRM3","KEGG_2021_Human","turquoise"
"Olfactory transduction","1/440",0.892485986178482,0.900826976703514,0,0,0.447780768965279,0.0509325849939241,"PDE1C","KEGG_2021_Human","turquoise"
"Pathways of neurodegeneration","1/475",0.910156202909001,0.910156202909001,0,0,0.413970932958275,0.0389708273149979,"HIP1","KEGG_2021_Human","turquoise"
"Pyruvate Metabolic Process (GO:0006090)","9/50",2.85871062715154e-12,3.04452681791639e-09,0,0,47.9043151969981,1273.32785597675,"LDHB;LDHA;PKM;PGAM1;PGK1;VDAC1;ENO1;ENO2;GAPDH","GO_Biological_Process_2023","blue"
"Glycolytic Process (GO:0006096)","7/29",9.0006264881039e-11,4.79283360491533e-08,0,0,68.008797653959,1573.12114478132,"LDHA;PKM;PGAM1;PGK1;ENO1;ENO2;GAPDH","GO_Biological_Process_2023","blue"
"Regulation Of Macroautophagy (GO:0016241)","9/96",1.22491252211802e-09,3.28726873469901e-07,0,0,22.523304281925,462.187132238406,"ATP6V1A;UCHL1;ATP6V0B;PINK1;ATP6V1B2;VPS35;ATP6V1E1;ATP6V0E2;GAPDH","GO_Biological_Process_2023","blue"
"Carbohydrate Catabolic Process (GO:0016052)","7/41",1.23465492383062e-09,3.28726873469901e-07,0,0,43.9791271347249,902.120715958797,"LDHA;PKM;PGAM1;PGK1;ENO1;ENO2;GAPDH","GO_Biological_Process_2023","blue"
"Regulation Of Autophagy (GO:0010506)","12/241",2.93570791004777e-09,6.25305784840176e-07,0,0,11.7135768161969,230.128645874613,"ATP6V1A;UCHL1;ATP6V0B;PINK1;EEF1A2;PSAP;ATP6V1B2;VPS35;VDAC1;ATP6V1E1;ATP6V0E2;GAPDH","GO_Biological_Process_2023","blue"
"Proton Transmembrane Transport (GO:1902600)","7/49",4.56625259075402e-09,8.10509834858838e-07,0,0,35.5878136200717,683.448763525407,"ATP6V1A;ATP6V0B;ATP5F1B;ATP6V1B2;ATP6V1E1;ATP1B1;ATP6V0E2","GO_Biological_Process_2023","blue"
"Gluconeogenesis (GO:0006094)","5/32",5.1104532419394e-07,7.77518957523637e-05,0,0,38.7387914230019,561.201416204984,"MDH1;PGAM1;PGK1;ENO1;ENO2","GO_Biological_Process_2023","blue"
"Hexose Biosynthetic Process (GO:0019319)","5/35",8.14118175338075e-07,0.000108379482091881,0,0,34.859649122807,488.772728454884,"MDH1;PGAM1;PGK1;ENO1;ENO2","GO_Biological_Process_2023","blue"
"Intermediate Filament Bundle Assembly (GO:0045110)","3/7",4.18353114554638e-06,0.000495051185556322,0,0,153.835051546392,1905.14787385413,"NEFL;NEFM;NEFH","GO_Biological_Process_2023","blue"
"Glucose Metabolic Process (GO:0006006)","5/59",1.14185144773996e-05,0.00121607179184306,0,0,19.3430799220273,220.129558085278,"MDH1;PGAM1;PGK1;ENO1;ENO2","GO_Biological_Process_2023","blue"
"Vacuolar Acidification (GO:0007035)","4/29",1.26933951089874e-05,0.00122895143555196,0,0,33.125,373.465453004315,"ATP6V1A;ATP6V0B;ATP6V1B2;ATP6V0E2","GO_Biological_Process_2023","blue"
"Intracellular pH Reduction (GO:0051452)","4/32",1.89985082322592e-05,0.001686117605613,0,0,29.5714285714286,321.47543855231,"ATP6V1A;ATP6V0B;ATP6V1B2;ATP6V0E2","GO_Biological_Process_2023","blue"
"ATP Metabolic Process (GO:0046034)","4/34",2.43143847923326e-05,0.00199190921567956,0,0,27.5972222222222,293.205098341509,"HSPA8;ATP5F1A;ATP5F1B;ATP1B1","GO_Biological_Process_2023","blue"
"Regulation Of Protein Catabolic Process (GO:0042176)","6/122",3.39975406001356e-05,0.00258624148136746,0,0,10.8862802641233,112.011358433364,"NSF;HSP90AA1;PINK1;UBB;EEF1A2;VPS35","GO_Biological_Process_2023","blue"
"Negative Regulation Of Amyloid-Beta Formation (GO:1902430)","3/16",6.4781775896681e-05,0.00459950608866435,0,0,47.3124504361618,456.304276754387,"PRNP;RTN3;RTN4","GO_Biological_Process_2023","blue"
"Monoatomic Cation Transmembrane Transport (GO:0098655)","8/281",8.37074530849154e-05,0.00525285546606589,0,0,6.25163242554547,58.6914663790845,"ATP6V1A;ATP6V0B;ATP5F1B;ATP6V1B2;ATP6V1E1;ATP1B1;ATP6V0E2;SLC6A3","GO_Biological_Process_2023","blue"
"Inorganic Cation Transmembrane Transport (GO:0098662)","8/284",9.0116451939069e-05,0.00525285546606589,0,0,6.18273471959672,57.5885125815079,"ATP6V1A;ATP6V0B;ATP5F1B;ATP6V1B2;ATP6V1E1;ATP1B1;ATP6V0E2;SLC6A3","GO_Biological_Process_2023","blue"
"Positive Regulation Of Phosphoprotein Phosphatase Activity (GO:0032516)","3/18",9.37129144180769e-05,0.00525285546606589,0,0,41,380.286256587576,"HSP90AB1;CALM3;CALM1","GO_Biological_Process_2023","blue"
"Negative Regulation Of Amyloid Precursor Protein Catabolic Process (GO:1902992)","3/18",9.37129144180769e-05,0.00525285546606589,0,0,41,380.286256587576,"PRNP;RTN3;RTN4","GO_Biological_Process_2023","blue"
"Negative Regulation Of Protein Phosphorylation (GO:0001933)","6/149",0.000103583694241939,0.00536763073858945,0,0,8.81877696771314,80.9134306933582,"PRNP;TERF2IP;CALM3;THY1;CALM1;YWHAG","GO_Biological_Process_2023","blue"
"RNA-templated DNA Biosynthetic Process (GO:0006278)","3/19",0.000110880634975557,0.00536763073858945,0,0,38.4355670103093,350.034872525707,"HSP90AA1;HSP90AB1;TERF2IP","GO_Biological_Process_2023","blue"
"Telomere Maintenance Via Telomerase (GO:0007004)","3/19",0.000110880634975557,0.00536763073858945,0,0,38.4355670103093,350.034872525707,"HSP90AA1;HSP90AB1;TERF2IP","GO_Biological_Process_2023","blue"
"Regulation Of Cardiac Muscle Contraction By Calcium Ion Signaling (GO:0010882)","3/20",0.00012997496316054,0.00587899310791683,0,0,36.1728320194057,323.680603886026,"CALM3;ATP1B1;CALM1","GO_Biological_Process_2023","blue"
"Neurotransmitter Transport (GO:0006836)","4/52",0.000132484351727703,0.00587899310791683,0,0,17.2326388888889,153.871025679427,"SNAP25;STXBP1;SLC6A3;SLC18A2","GO_Biological_Process_2023","blue"
"Cytoskeleton-Dependent Intracellular Transport (GO:0030705)","3/22",0.000174309995477304,0.00693756853900941,0,0,32.3619099294628,280.081821254999,"TUBA1B;TUBA1A;TUBB2A","GO_Biological_Process_2023","blue"
"Positive Regulation Of Phosphatase Activity (GO:0010922)","3/22",0.000174309995477304,0.00693756853900941,0,0,32.3619099294628,280.081821254999,"HSP90AB1;CALM3;CALM1","GO_Biological_Process_2023","blue"
"Protein Transport (GO:0015031)","8/313",0.00017588201929883,0.00693756853900941,0,0,5.58660014255168,48.3000528334459,"NSF;PREPL;KIF3A;STXBP1;CLTC;CANX;SCG5;VPS35","GO_Biological_Process_2023","blue"
"Regulation Of Neuron Apoptotic Process (GO:0043523)","5/105",0.000183695697699385,0.00697112719875881,0,0,10.4210526315789,89.6442914358789,"PRNP;PINK1;UBB;FAIM2;SOD1","GO_Biological_Process_2023","blue"
"Axon Extension (GO:0048675)","3/23",0.000199730291389037,0.00697112719875881,0,0,30.7422680412371,261.879321300189,"HSP90AA1;HSP90AB1;MAP1B","GO_Biological_Process_2023","blue"
"Regulation Of Neuron Death (GO:1901214)","4/58",0.000202915439588285,0.00697112719875881,0,0,15.3132716049383,130.204479414623,"PRNP;UBB;FAIM2;VPS35","GO_Biological_Process_2023","blue"
"Memory (GO:0007613)","4/58",0.000202915439588285,0.00697112719875881,0,0,15.3132716049383,130.204479414623,"PRNP;TH;SYT11;PJA2","GO_Biological_Process_2023","blue"
"Positive Regulation Of Tau-Protein Kinase Activity (GO:1902949)","2/5",0.000245087170998512,0.00815680740979423,0,0,135.353741496599,1125.31701267514,"HSP90AA1;HSP90AB1","GO_Biological_Process_2023","blue"
"Telomere Maintenance Via Telomere Lengthening (GO:0010833)","3/26",0.000290049387363004,0.00936068477398787,0,0,26.7283729269386,217.714875120753,"HSP90AA1;HSP90AB1;TERF2IP","GO_Biological_Process_2023","blue"
"Positive Regulation Of Calcium Ion Transmembrane Transporter Activity (GO:1901021)","3/27",0.000325124352919345,0.0101840422311501,0,0,25.6134020618557,205.708988323138,"CALM3;ATP1B1;CALM1","GO_Biological_Process_2023","blue"
"Synaptic Transmission, Dopaminergic (GO:0001963)","2/6",0.000366432168048497,0.01115000739919,0,0,101.510204081633,803.117990717184,"TH;SLC6A3","GO_Biological_Process_2023","blue"
"Regulation Of Protein Modification By Small Protein Conjugation Or Removal (GO:1903320)","3/29",0.000403221018968546,0.0119286218111528,0,0,23.6407613005551,184.776798180826,"HSP90AA1;PINK1;HSP90AB1","GO_Biological_Process_2023","blue"
"Neuroepithelial Cell Differentiation (GO:0060563)","2/7",0.00051133277923463,0.014330773944339,0,0,81.2040816326531,615.404316417306,"TUBB2A;MAP1B","GO_Biological_Process_2023","blue"
"Positive Regulation Of Ryanodine-Sensitive Calcium-Release Channel Activity (GO:0060316)","2/7",0.00051133277923463,0.014330773944339,0,0,81.2040816326531,615.404316417306,"CALM3;CALM1","GO_Biological_Process_2023","blue"
"Positive Regulation Of Protein Dephosphorylation (GO:0035307)","3/33",0.000593409864284098,0.0154141830600625,0,0,20.4845360824742,152.192426040013,"HSP90AB1;CALM3;CALM1","GO_Biological_Process_2023","blue"
"Positive Regulation Of Release Of Sequestered Calcium Ion Into Cytosol (GO:0051281)","3/33",0.000593409864284098,0.0154141830600625,0,0,20.4845360824742,152.192426040013,"CALM3;THY1;CALM1","GO_Biological_Process_2023","blue"
"Regulation Of Amyloid-Beta Formation (GO:1902003)","3/33",0.000593409864284098,0.0154141830600625,0,0,20.4845360824742,152.192426040013,"RTN3;PRNP;RTN4","GO_Biological_Process_2023","blue"
"Protein Stabilization (GO:0050821)","6/208",0.000623183995365501,0.0158021655967681,0,0,6.22435222245629,45.9398819068707,"HSP90AA1;PINK1;HSP90AB1;ATP1B1;GAPDH;RTN4","GO_Biological_Process_2023","blue"
"Regulation Of Dendritic Spine Maintenance (GO:1902950)","2/8",0.000679555166686154,0.0167256097394136,0,0,67.6666666666667,493.565548173325,"PRNP;VPS35","GO_Biological_Process_2023","blue"
"Platelet Aggregation (GO:0070527)","3/35",0.000706715904482267,0.0167256097394136,0,0,19.2023195876289,139.310558994682,"STXBP1;GNAS;ACTG1","GO_Biological_Process_2023","blue"
"Regulation Of Cardiac Muscle Contraction (GO:0055117)","3/35",0.000706715904482267,0.0167256097394136,0,0,19.2023195876289,139.310558994682,"CALM3;ATP1B1;CALM1","GO_Biological_Process_2023","blue"
"Positive Regulation Of Protein Kinase Activity (GO:0045860)","5/145",0.000809879310644904,0.0174995011776103,0,0,7.42857142857143,52.8812166673373,"PRNP;HSP90AA1;HSP90AB1;CALM3;CALM1","GO_Biological_Process_2023","blue"
"Regulation Of Phosphoprotein Phosphatase Activity (GO:0043666)","3/37",0.000832937363224714,0.0174995011776103,0,0,18.0709520921771,128.133027538084,"HSP90AB1;CALM3;CALM1","GO_Biological_Process_2023","blue"
"Regulation Of Cellular Component Biogenesis (GO:0044087)","3/37",0.000832937363224714,0.0174995011776103,0,0,18.0709520921771,128.133027538084,"HSPA8;HSP90AA1;PINK1","GO_Biological_Process_2023","blue"
"Golgi Lumen Acidification (GO:0061795)","2/9",0.000870867194754317,0.0174995011776103,0,0,57.997084548105,408.648679561366,"ATP6V1A;ATP6V0B","GO_Biological_Process_2023","blue"
"Regulation Of High Voltage-Gated Calcium Channel Activity (GO:1901841)","2/9",0.000870867194754317,0.0174995011776103,0,0,57.997084548105,408.648679561366,"CALM3;CALM1","GO_Biological_Process_2023","blue"
"Regulation Of Tau-Protein Kinase Activity (GO:1902947)","2/9",0.000870867194754317,0.0174995011776103,0,0,57.997084548105,408.648679561366,"HSP90AA1;HSP90AB1","GO_Biological_Process_2023","blue"
"Positive Regulation Of ATP Metabolic Process (GO:1903580)","2/9",0.000870867194754317,0.0174995011776103,0,0,57.997084548105,408.648679561366,"PINK1;ENO1","GO_Biological_Process_2023","blue"
"Dopamine Transport (GO:0015872)","2/9",0.000870867194754317,0.0174995011776103,0,0,57.997084548105,408.648679561366,"SLC18A2;SLC6A3","GO_Biological_Process_2023","blue"
"Regulation Of Mitochondrial Membrane Potential (GO:0051881)","3/39",0.000972629455166433,0.0181728135044255,0,0,17.0652920962199,118.356459198027,"PINK1;UBB;SOD1","GO_Biological_Process_2023","blue"
"Anterograde Axonal Transport (GO:0008089)","3/39",0.000972629455166433,0.0181728135044255,0,0,17.0652920962199,118.356459198027,"KIF3A;NEFL;SOD1","GO_Biological_Process_2023","blue"
"Neuron Projection Extension (GO:1990138)","3/39",0.000972629455166433,0.0181728135044255,0,0,17.0652920962199,118.356459198027,"HSP90AA1;HSP90AB1;MAP1B","GO_Biological_Process_2023","blue"
"Axonal Transport (GO:0098930)","3/39",0.000972629455166433,0.0181728135044255,0,0,17.0652920962199,118.356459198027,"KIF3A;NEFL;SOD1","GO_Biological_Process_2023","blue"
"Regulation Of Protein Dephosphorylation (GO:0035304)","3/40",0.00104769503107265,0.0192378484153858,0,0,16.6032320980775,113.917477373754,"YWHAB;CALM3;CALM1","GO_Biological_Process_2023","blue"
"Purine Ribonucleoside Triphosphate Biosynthetic Process (GO:0009206)","2/10",0.00108503842061186,0.0192594319658605,0,0,50.7448979591837,346.391771762865,"ATP5F1A;ATP5F1B","GO_Biological_Process_2023","blue"
"Monoamine Transport (GO:0015844)","2/10",0.00108503842061186,0.0192594319658605,0,0,50.7448979591837,346.391771762865,"SLC18A2;SLC6A3","GO_Biological_Process_2023","blue"
"Regulation Of Release Of Cytochrome C From Mitochondria (GO:0090199)","3/41",0.00112632746020299,0.0196645695920687,0,0,16.1654910472056,109.744172047573,"MOAP1;PINK1;GHITM","GO_Biological_Process_2023","blue"
"Substantia Nigra Development (GO:0021762)","3/42",0.00120859060453896,0.0203337750344109,0,0,15.7501982553529,105.814563048524,"CALM3;CALM1;INA","GO_Biological_Process_2023","blue"
"Positive Regulation Of Protein Kinase B Signaling (GO:0051897)","4/93",0.00122193577671577,0.0203337750344109,0,0,9.2748127340824,62.2091274454542,"HSP90AA1;PINK1;HSP90AB1;RTN4","GO_Biological_Process_2023","blue"
"Negative Regulation Of Amide Metabolic Process (GO:0034249)","4/93",0.00122193577671577,0.0203337750344109,0,0,9.2748127340824,62.2091274454542,"RTN3;PRNP;GAPDH;RTN4","GO_Biological_Process_2023","blue"
"Negative Regulation Of Nitrogen Compound Metabolic Process (GO:0051172)","2/11",0.0013218400851343,0.020702348392177,0,0,45.1043083900227,298.984305122014,"HSP90AB1;CLTC","GO_Biological_Process_2023","blue"
"Neurotransmitter Uptake (GO:0001504)","2/11",0.0013218400851343,0.020702348392177,0,0,45.1043083900227,298.984305122014,"SNAP25;SLC18A2","GO_Biological_Process_2023","blue"
"Central Nervous System Neuron Axonogenesis (GO:0021955)","2/11",0.0013218400851343,0.020702348392177,0,0,45.1043083900227,298.984305122014,"HSP90AA1;HSP90AB1","GO_Biological_Process_2023","blue"
"Endosomal Lumen Acidification (GO:0048388)","2/11",0.0013218400851343,0.020702348392177,0,0,45.1043083900227,298.984305122014,"ATP6V1A;ATP6V0B","GO_Biological_Process_2023","blue"
"Response To Unfolded Protein (GO:0006986)","3/44",0.00138425852269568,0.0213657293720421,0,0,14.9803872265527,98.6097568216037,"HSPA8;HSP90AA1;HSP90AB1","GO_Biological_Process_2023","blue"
"Axon Development (GO:0061564)","4/99",0.001539882179182,0.0230659319717824,0,0,8.68640350877193,56.2535779923345,"APLP2;MAP1B;NEFH;RTN4","GO_Biological_Process_2023","blue"
"Homotypic Cell-Cell Adhesion (GO:0034109)","3/46",0.00157518599530849,0.0230659319717824,0,0,14.2821865260129,92.1684043252849,"STXBP1;GNAS;ACTG1","GO_Biological_Process_2023","blue"
"Negative Regulation Of Alcohol Biosynthetic Process (GO:1902931)","2/12",0.00158104510229119,0.0230659319717824,0,0,40.5918367346939,261.803918893847,"DKK3;SOD1","GO_Biological_Process_2023","blue"
"Regulation Of Cell Communication By Electrical Coupling (GO:0010649)","2/12",0.00158104510229119,0.0230659319717824,0,0,40.5918367346939,261.803918893847,"CALM3;CALM1","GO_Biological_Process_2023","blue"
"Clathrin Coat Assembly (GO:0048268)","2/13",0.00186242805035638,0.0264464783150605,0,0,36.899814471243,231.947593213754,"CALY;CLTC","GO_Biological_Process_2023","blue"
"Eye Photoreceptor Cell Development (GO:0042462)","2/13",0.00186242805035638,0.0264464783150605,0,0,36.899814471243,231.947593213754,"TH;THY1","GO_Biological_Process_2023","blue"
"Positive Regulation Of Hydrolase Activity (GO:0051345)","5/176",0.0019132618463391,0.0264845005158208,0,0,6.07232994767621,38.00638353982,"PINK1;PSAP;CALM3;THY1;CALM1","GO_Biological_Process_2023","blue"
"Protein Localization (GO:0008104)","7/351",0.00191484182133164,0.0264845005158208,0,0,4.27894473618405,26.7781507431704,"NSF;KIF3A;STXBP1;CLTC;SCG5;CPE;VPS35","GO_Biological_Process_2023","blue"
"Regulation Of Mitochondrion Organization (GO:0010821)","3/50",0.00200467613787586,0.0270250643903517,0,0,13.0640491335819,81.1574365484459,"PINK1;VPS35;VDAC1","GO_Biological_Process_2023","blue"
"Intracellular Iron Ion Homeostasis (GO:0006879)","3/50",0.00200467613787586,0.0270250643903517,0,0,13.0640491335819,81.1574365484459,"ATP6V1A;SLC22A17;SOD1","GO_Biological_Process_2023","blue"
"Regulation Of Release Of Sequestered Calcium Ion Into Cytosol (GO:0051279)","3/51",0.00212229630435684,0.0274588082791079,0,0,12.7912371134021,78.733346844315,"CALM3;THY1;CALM1","GO_Biological_Process_2023","blue"
"Regulated Exocytosis (GO:0045055)","3/51",0.00212229630435684,0.0274588082791079,0,0,12.7912371134021,78.733346844315,"SNAP25;SYT11;STXBP1","GO_Biological_Process_2023","blue"
"Negative Regulation Of Peptidyl-Threonine Phosphorylation (GO:0010801)","2/14",0.00216576516004231,0.0274588082791079,0,0,33.8231292517007,207.504274169846,"CALM3;CALM1","GO_Biological_Process_2023","blue"
"Mitochondrion Transport Along Microtubule (GO:0047497)","2/14",0.00216576516004231,0.0274588082791079,0,0,33.8231292517007,207.504274169846,"UBB;NEFL","GO_Biological_Process_2023","blue"
"Regulation Of ATP Biosynthetic Process (GO:2001169)","2/14",0.00216576516004231,0.0274588082791079,0,0,33.8231292517007,207.504274169846,"PINK1;ENO1","GO_Biological_Process_2023","blue"
"Regulation Of Proteasomal Protein Catabolic Process (GO:0061136)","3/53",0.00237020480089914,0.0293519548018324,0,0,12.2783505154639,74.219914290735,"PINK1;HSP90AB1;UBB","GO_Biological_Process_2023","blue"
"Mitochondrial Transport (GO:0006839)","3/53",0.00237020480089914,0.0293519548018324,0,0,12.2783505154639,74.219914290735,"HSP90AA1;PINK1;VPS35","GO_Biological_Process_2023","blue"
"Retrograde Axonal Transport (GO:0008090)","2/15",0.00249083430520832,0.0302252190384934,0,0,31.2197802197802,187.166877082159,"NEFL;SOD1","GO_Biological_Process_2023","blue"
"Regulation Of Protein Ubiquitination (GO:0031396)","4/113",0.00249748288768772,0.0302252190384934,0,0,7.56536697247706,45.3352489900203,"HSP90AA1;PINK1;HSP90AB1;UBB","GO_Biological_Process_2023","blue"
"Axonogenesis (GO:0007409)","5/188",0.00254814400163575,0.0304918355251919,0,0,5.67069312625827,33.8675910752203,"HSP90AA1;HSP90AB1;APLP2;MAP1B;NEFH","GO_Biological_Process_2023","blue"
"Purine Ribonucleotide Biosynthetic Process (GO:0009152)","3/55",0.0026353413771885,0.0311848729633973,0,0,11.8049167327518,70.1063613055492,"ATP5F1A;ACOT7;ATP5F1B","GO_Biological_Process_2023","blue"
"Intracellular Monoatomic Cation Homeostasis (GO:0030003)","5/190",0.00266720091817454,0.031215043712702,0,0,5.60881934566145,33.2419337722428,"ATP6V1A;PRNP;SLC22A17;ATP1B1;SOD1","GO_Biological_Process_2023","blue"
"Endoplasmic Reticulum Tubular Network Organization (GO:0071786)","2/16",0.00283741499181759,0.0324929781321047,0,0,28.9883381924198,170.012598917729,"RTN3;RTN4","GO_Biological_Process_2023","blue"
"Regulation Of Cardiac Muscle Contraction By Regulation Of The Release Of Sequestered Calcium Ion (GO:0010881)","2/16",0.00283741499181759,0.0324929781321047,0,0,28.9883381924198,170.012598917729,"CALM3;CALM1","GO_Biological_Process_2023","blue"
"Regulation Of Programmed Cell Death (GO:0043067)","5/195",0.00298245401819909,0.0334009115423709,0,0,5.45983379501385,31.7489816809012,"MOAP1;HSP90AA1;PINK1;BEX1;RTN4","GO_Biological_Process_2023","blue"
"Central Nervous System Development (GO:0007417)","6/283",0.00298857834730274,0.0334009115423709,0,0,4.52177586604194,26.2848908152681,"RTN3;NDRG4;APLP2;DNER;SERPINI1;RTN4","GO_Biological_Process_2023","blue"
"Regulation Of Protein-Containing Complex Assembly (GO:0043254)","4/119",0.00301078639255174,0.0334009115423709,0,0,7.16847826086957,41.6169874575034,"HSPA8;HSP90AA1;PINK1;STXBP1","GO_Biological_Process_2023","blue"
"Positive Regulation Of Mitochondrion Organization (GO:0010822)","3/58",0.00306619730639825,0.0336649498073623,0,0,11.1593252108716,64.5825541481917,"MOAP1;PINK1;VPS35","GO_Biological_Process_2023","blue"
"Central Nervous System Neuron Development (GO:0021954)","2/17",0.00320528834894988,0.0348329805268533,0,0,27.0544217687075,155.372278725068,"HSP90AA1;HSP90AB1","GO_Biological_Process_2023","blue"
"Response To Ethanol (GO:0045471)","2/18",0.00359423711737408,0.0378996290099346,0,0,25.3622448979592,142.749455625051,"TH;SOD1","GO_Biological_Process_2023","blue"
"Lysosomal Lumen Acidification (GO:0007042)","2/18",0.00359423711737408,0.0378996290099346,0,0,25.3622448979592,142.749455625051,"ATP6V1A;ATP6V0B","GO_Biological_Process_2023","blue"
"Negative Regulation Of T Cell Receptor Signaling Pathway (GO:0050860)","2/18",0.00359423711737408,0.0378996290099346,0,0,25.3622448979592,142.749455625051,"PRNP;THY1","GO_Biological_Process_2023","blue"
"Positive Regulation Of Mitochondrial Fission (GO:0090141)","2/19",0.00400404563880334,0.0414010544206365,0,0,23.8691476590636,131.768436654952,"PINK1;VPS35","GO_Biological_Process_2023","blue"
"Regulation Of Autophagy Of Mitochondrion (GO:1903146)","2/19",0.00400404563880334,0.0414010544206365,0,0,23.8691476590636,131.768436654952,"PINK1;VDAC1","GO_Biological_Process_2023","blue"
"Long-Term Memory (GO:0007616)","2/20",0.00443449984753605,0.0454109840156336,0,0,22.5419501133787,122.139959975335,"PRNP;PJA2","GO_Biological_Process_2023","blue"
"Regulation Of Protein Kinase B Signaling (GO:0051896)","4/136",0.00484706655334842,0.0486255834589465,0,0,6.23989898989899,33.2548028088382,"HSP90AA1;PINK1;HSP90AB1;RTN4","GO_Biological_Process_2023","blue"
"Negative Regulation Of Reactive Oxygen Species Metabolic Process (GO:2000378)","2/21",0.00488538725831669,0.0486255834589465,0,0,21.3544575725027,113.63788950908,"PINK1;SLC18A2","GO_Biological_Process_2023","blue"
"Chaperone-Mediated Protein Complex Assembly (GO:0051131)","2/21",0.00488538725831669,0.0486255834589465,0,0,21.3544575725027,113.63788950908,"HSP90AA1;HSP90AB1","GO_Biological_Process_2023","blue"
"Regulation Of Heart Contraction (GO:0008016)","3/69",0.00500440096029744,0.0493489539140442,0,0,9.29428303655108,49.2358840662501,"TH;CALM3;CALM1","GO_Biological_Process_2023","blue"
"Regulation Of Release Of Sequestered Calcium Ion Into Cytosol By Sarcoplasmic Reticulum (GO:0010880)","2/22",0.00535649695773258,0.0509345469641536,0,0,20.2857142857143,106.083028567318,"CALM3;CALM1","GO_Biological_Process_2023","blue"
"Positive Regulation Of Protein Autophosphorylation (GO:0031954)","2/22",0.00535649695773258,0.0509345469641536,0,0,20.2857142857143,106.083028567318,"CALM3;CALM1","GO_Biological_Process_2023","blue"
"Natural Killer Cell Mediated Immunity (GO:0002228)","2/22",0.00535649695773258,0.0509345469641536,0,0,20.2857142857143,106.083028567318,"TUBB2A;TUBB4B","GO_Biological_Process_2023","blue"
"Negative Regulation Of Axonogenesis (GO:0050771)","2/22",0.00535649695773258,0.0509345469641536,0,0,20.2857142857143,106.083028567318,"THY1;RTN4","GO_Biological_Process_2023","blue"
"Plasma Membrane Organization (GO:0007009)","3/72",0.00563543249072426,0.0531127044479764,0,0,8.88883908561183,46.0324654948436,"NSF;SYT11;ANXA6","GO_Biological_Process_2023","blue"
"Positive Regulation Of Transferase Activity (GO:0051347)","4/143",0.00578268220405759,0.0536871971167786,0,0,5.92356115107914,30.523445127792,"HSP90AA1;PINK1;HSP90AB1;SERINC1","GO_Biological_Process_2023","blue"
"Intracellular Protein Transport (GO:0006886)","6/325",0.00584223860041872,0.0536871971167786,0,0,3.91802841325952,20.1490144724511,"NSF;APLP2;STXBP1;CLTC;SCG5;VPS35","GO_Biological_Process_2023","blue"
"Cell-Cell Signaling By Wnt (GO:0198738)","2/23",0.00584761959206228,0.0536871971167786,0,0,19.3187560738581,99.3316462237063,"CPE;VPS35","GO_Biological_Process_2023","blue"
"Neuron Projection Morphogenesis (GO:0048812)","4/146",0.00621806957426721,0.0546117172517183,0,0,5.79753521126761,29.4531936579824,"UBB;APLP2;MAP1B;NEFH","GO_Biological_Process_2023","blue"
"Regulation Of Microtubule Depolymerization (GO:0031114)","2/24",0.00635854736076345,0.0546117172517183,0,0,18.4397031539889,93.2671948534304,"MAP1B;STMN2","GO_Biological_Process_2023","blue"
"Regulation Of Proteolysis Involved In Protein Catabolic Process (GO:1903050)","2/24",0.00635854736076345,0.0546117172517183,0,0,18.4397031539889,93.2671948534304,"PINK1;UBB","GO_Biological_Process_2023","blue"
"Regulation Of Ryanodine-Sensitive Calcium-Release Channel Activity (GO:0060314)","2/24",0.00635854736076345,0.0546117172517183,0,0,18.4397031539889,93.2671948534304,"CALM3;CALM1","GO_Biological_Process_2023","blue"
"Regulation Of Supramolecular Fiber Organization (GO:1902903)","2/24",0.00635854736076345,0.0546117172517183,0,0,18.4397031539889,93.2671948534304,"HSPA8;MAP1B","GO_Biological_Process_2023","blue"
"Positive Regulation Of Peptidyl-Threonine Phosphorylation (GO:0010800)","2/24",0.00635854736076345,0.0546117172517183,0,0,18.4397031539889,93.2671948534304,"CALM3;CALM1","GO_Biological_Process_2023","blue"
"Natural Killer Cell Mediated Cytotoxicity (GO:0042267)","2/24",0.00635854736076345,0.0546117172517183,0,0,18.4397031539889,93.2671948534304,"TUBB2A;TUBB4B","GO_Biological_Process_2023","blue"
"Negative Regulation Of Antigen Receptor-Mediated Signaling Pathway (GO:0050858)","2/24",0.00635854736076345,0.0546117172517183,0,0,18.4397031539889,93.2671948534304,"PRNP;THY1","GO_Biological_Process_2023","blue"
"Cell Morphogenesis Involved In Neuron Differentiation (GO:0048667)","3/77",0.0067890554235684,0.0573192485391713,0,0,8.28615213151296,41.3681460172482,"APLP2;MAP1B;NEFH","GO_Biological_Process_2023","blue"
"ATP Biosynthetic Process (GO:0006754)","2/25",0.00688907400282997,0.0573192485391713,0,0,17.6370896184561,87.7942327571282,"ATP5F1A;ATP5F1B","GO_Biological_Process_2023","blue"
"Regulation Of Lysosomal Lumen pH (GO:0035751)","2/25",0.00688907400282997,0.0573192485391713,0,0,17.6370896184561,87.7942327571282,"ATP6V1A;ATP6V0B","GO_Biological_Process_2023","blue"
"Positive Regulation Of Release Of Cytochrome C From Mitochondria (GO:0090200)","2/25",0.00688907400282997,0.0573192485391713,0,0,17.6370896184561,87.7942327571282,"MOAP1;PINK1","GO_Biological_Process_2023","blue"
"Negative Regulation Of Protein Modification Process (GO:0031400)","3/78",0.00703533563956652,0.0580824221406073,0,0,8.17525773195876,40.5231982940018,"PRNP;YWHAB;TERF2IP","GO_Biological_Process_2023","blue"
"Positive Regulation Of Catabolic Process (GO:0009896)","3/79",0.0072868662544486,0.0596962504691366,0,0,8.06728160607705,39.7045922046513,"NSF;HSP90AA1;VPS35","GO_Biological_Process_2023","blue"
"Regulation Of Microtubule Polymerization Or Depolymerization (GO:0031110)","2/27",0.00800810651058956,0.0631750624724287,0,0,16.2244897959184,78.3204947866311,"MAP1B;STMN2","GO_Biological_Process_2023","blue"
"Regulation Of Mitochondrial Fission (GO:0090140)","2/27",0.00800810651058956,0.0631750624724287,0,0,16.2244897959184,78.3204947866311,"PINK1;VPS35","GO_Biological_Process_2023","blue"
"Cell Surface Receptor Signaling Pathway Involved In Cell-Cell Signaling (GO:1905114)","2/27",0.00800810651058956,0.0631750624724287,0,0,16.2244897959184,78.3204947866311,"CPE;VPS35","GO_Biological_Process_2023","blue"
"Clathrin-Dependent Endocytosis (GO:0072583)","2/27",0.00800810651058956,0.0631750624724287,0,0,16.2244897959184,78.3204947866311,"CLTC;CANX","GO_Biological_Process_2023","blue"
"Positive Regulation Of Nitric Oxide Biosynthetic Process (GO:0045429)","2/27",0.00800810651058956,0.0631750624724287,0,0,16.2244897959184,78.3204947866311,"HSP90AA1;HSP90AB1","GO_Biological_Process_2023","blue"
"Negative Regulation Of Apoptotic Signaling Pathway (GO:2001234)","3/82",0.00807321977106542,0.063220434236652,0,0,7.7597546652747,37.3958321548795,"PINK1;FAIM2;GHITM","GO_Biological_Process_2023","blue"
"Golgi To Plasma Membrane Protein Transport (GO:0043001)","2/28",0.00859620747114401,0.0642289517216093,0,0,15.5996860282575,74.1988795836398,"NSF;PREPL","GO_Biological_Process_2023","blue"
"Positive Regulation Of Nitric Oxide Metabolic Process (GO:1904407)","2/28",0.00859620747114401,0.0642289517216093,0,0,15.5996860282575,74.1988795836398,"HSP90AA1;HSP90AB1","GO_Biological_Process_2023","blue"
"Protein Depolymerization (GO:0051261)","2/28",0.00859620747114401,0.0642289517216093,0,0,15.5996860282575,74.1988795836398,"STMN2;DSTN","GO_Biological_Process_2023","blue"
"Protein Insertion Into Mitochondrial Membrane (GO:0051204)","2/28",0.00859620747114401,0.0642289517216093,0,0,15.5996860282575,74.1988795836398,"MOAP1;HSP90AA1","GO_Biological_Process_2023","blue"
"Regulation Of Calcium Ion-Dependent Exocytosis (GO:0017158)","2/28",0.00859620747114401,0.0642289517216093,0,0,15.5996860282575,74.1988795836398,"SYT11;STXBP1","GO_Biological_Process_2023","blue"
"Regulation Of Cardiac Muscle Cell Action Potential (GO:0098901)","2/28",0.00859620747114401,0.0642289517216093,0,0,15.5996860282575,74.1988795836398,"CALM3;CALM1","GO_Biological_Process_2023","blue"
"Purine Ribonucleotide Metabolic Process (GO:0009150)","3/84",0.00862416910440388,0.0642289517216093,0,0,7.56739213440244,35.9692273171892,"HSPA8;ACOT7;ATP1B1","GO_Biological_Process_2023","blue"
"Regulation Of Apoptotic Process (GO:0042981)","9/705",0.00877812501172556,0.0649215495658869,0,0,2.72887457370216,12.9225649307647,"MOAP1;HSP90AA1;PINK1;BEX1;UBB;FAIM2;VDAC1;RTN4;SOD1","GO_Biological_Process_2023","blue"
"Positive Regulation Of Protein Localization (GO:1903829)","3/85",0.00890772751370806,0.0654257227730971,0,0,7.47472969575057,35.2869739274349,"HSP90AB1;SYT11;RTN4","GO_Biological_Process_2023","blue"
"Regulation Of Striated Muscle Contraction (GO:0006942)","2/29",0.00920309747511436,0.0662249919661945,0,0,15.021164021164,70.4224490277819,"CALM3;CALM1","GO_Biological_Process_2023","blue"
"Response To Alcohol (GO:0097305)","2/29",0.00920309747511436,0.0662249919661945,0,0,15.021164021164,70.4224490277819,"TH;SOD1","GO_Biological_Process_2023","blue"
"Positive Regulation Of Dephosphorylation (GO:0035306)","2/29",0.00920309747511436,0.0662249919661945,0,0,15.021164021164,70.4224490277819,"CALM3;CALM1","GO_Biological_Process_2023","blue"
"Negative Regulation Of Neuron Death (GO:1901215)","3/88",0.00979099603066681,0.0697221388465826,0,0,7.2098241358399,33.3547523556272,"PINK1;VPS35;SOD1","GO_Biological_Process_2023","blue"
"Negative Regulation Of Calcium Ion Transmembrane Transporter Activity (GO:1901020)","2/30",0.00982857782071015,0.0697221388465826,0,0,14.4839650145773,66.9515638793864,"CALM3;CALM1","GO_Biological_Process_2023","blue"
"Regulation Of Cytokine Production (GO:0001817)","4/167",0.00988548635289574,0.0697221388465826,0,0,5.04524539877301,23.2923219848272,"SYT11;GAPDH;PLD3;SOD1","GO_Biological_Process_2023","blue"
"Positive Regulation Of Peptidyl-Serine Phosphorylation (GO:0033138)","3/89",0.0100963507773187,0.0707408788016082,0,0,7.1256293454807,32.7464084691722,"HSP90AA1;PINK1;HSP90AB1","GO_Biological_Process_2023","blue"
"Regulation Of Protein Autophosphorylation (GO:0031952)","2/31",0.0104724512850622,0.0728964746313156,0,0,13.9838142153413,63.7523090878691,"CALM3;CALM1","GO_Biological_Process_2023","blue"
"Regulation Of Protein Phosphorylation (GO:0001932)","5/265",0.0106727356246052,0.0738082041571726,0,0,3.97570850202429,18.0499665195535,"PRNP;HSP90AA1;PINK1;TERF2IP;SOD1","GO_Biological_Process_2023","blue"
"Generation Of Neurons (GO:0048699)","4/172",0.0109278197077072,0.0749263050774552,0,0,4.89384920634921,22.1027933131365,"RTN3;MAP1B;DNER;RTN4","GO_Biological_Process_2023","blue"
"Positive Regulation Of Neuron Projection Development (GO:0010976)","3/92",0.0110454740818408,0.0749263050774552,0,0,6.88439708096838,31.0192655790006,"NDRG4;STMN2;SERPINI1","GO_Biological_Process_2023","blue"
"Positive Regulation Of Protein Catabolic Process (GO:0045732)","3/92",0.0110454740818408,0.0749263050774552,0,0,6.88439708096838,31.0192655790006,"NSF;HSP90AA1;VPS35","GO_Biological_Process_2023","blue"
"Purine Ribonucleoside Triphosphate Metabolic Process (GO:0009205)","2/32",0.0111345221222249,0.0750523168365158,0,0,13.5170068027211,60.795507674817,"HSPA8;ATP1B1","GO_Biological_Process_2023","blue"
"Regulation Of Peptidyl-Serine Phosphorylation (GO:0033135)","3/93",0.0113729262286274,0.0761771473804289,0,0,6.80756013745704,30.4741766581,"HSP90AA1;PINK1;HSP90AB1","GO_Biological_Process_2023","blue"
"Positive Regulation Of Protein Phosphorylation (GO:0001934)","6/377",0.0116596853037354,0.0774337324369439,0,0,3.35992429890463,14.9570997826831,"PRNP;HSP90AA1;PINK1;HSP90AB1;CALM3;CALM1","GO_Biological_Process_2023","blue"
"Retrograde Transport, Endosome To Golgi (GO:0042147)","3/94",0.0117059445280263,0.0774337324369439,0,0,6.73241191797893,29.9434690042285,"PREPL;CLTC;VPS35","GO_Biological_Process_2023","blue"
"Positive Regulation Of Telomerase Activity (GO:0051973)","2/33",0.0118145960439168,0.0776700295479713,0,0,13.0803159973667,58.0559303610333,"HSP90AA1;HSP90AB1","GO_Biological_Process_2023","blue"
"Regulation Of T Cell Receptor Signaling Pathway (GO:0050856)","2/34",0.0125124802245356,0.0817533217124563,0,0,12.6709183673469,55.5116572102178,"PRNP;THY1","GO_Biological_Process_2023","blue"
"Monocarboxylic Acid Metabolic Process (GO:0032787)","3/97",0.0127385466637258,0.0822233026418739,0,0,6.51656064926519,28.4325537727779,"LDHB;LDHA;VDAC1","GO_Biological_Process_2023","blue"
"Endosomal Transport (GO:0016197)","4/180",0.012738821536065,0.0822233026418739,0,0,4.66950757575758,20.373533799992,"PREPL;CALY;CLTC;VPS35","GO_Biological_Process_2023","blue"
"Positive Regulation Of Multicellular Organismal Process (GO:0051240)","6/387",0.0131279386649067,0.0842244257718414,0,0,3.27006198693248,14.1692197832889,"APLP2;GNAS;ENO1;GAPDH;RTN4;SOD1","GO_Biological_Process_2023","blue"
"Regulation Of Regulated Secretory Pathway (GO:1903305)","2/35",0.0132279832722483,0.0843580969158352,0,0,12.2863327149041,53.1435584472206,"PREPL;SYT11","GO_Biological_Process_2023","blue"
"Regulation Of Organelle Organization (GO:0033043)","3/100",0.0138217578324638,0.0876200719736544,0,0,6.31406100542034,27.0337233788467,"PINK1;SYT11;VPS35","GO_Biological_Process_2023","blue"
"Regulation Of Peptidyl-Threonine Phosphorylation (GO:0010799)","2/36",0.0139609152364796,0.0879785486795902,0,0,11.9243697478992,50.9348693298221,"CALM3;CALM1","GO_Biological_Process_2023","blue"
"Protein Catabolic Process (GO:0030163)","3/102",0.0145721785315227,0.0912904125651276,0,0,6.18587941268354,26.1578642224501,"HSPA8;HSP90AA1;FBXO2","GO_Biological_Process_2023","blue"
"Synaptic Vesicle Cycle (GO:0099504)","2/37",0.0147110875878219,0.0916216858539785,0,0,11.5830903790087,48.8708399253876,"SNAP25;SLC18A2","GO_Biological_Process_2023","blue"
"Regulation Of Neurotransmitter Secretion (GO:0046928)","2/38",0.0154783132235365,0.0931255376224334,0,0,11.2607709750567,46.9384448645158,"PREPL;SYT11","GO_Biological_Process_2023","blue"
"Positive Regulation Of Cation Channel Activity (GO:2001259)","2/38",0.0154783132235365,0.0931255376224334,0,0,11.2607709750567,46.9384448645158,"CALM3;CALM1","GO_Biological_Process_2023","blue"
"Signal Release From Synapse (GO:0099643)","2/38",0.0154783132235365,0.0931255376224334,0,0,11.2607709750567,46.9384448645158,"SNAP25;STXBP1","GO_Biological_Process_2023","blue"
"Establishment Of Protein Localization To Plasma Membrane (GO:0061951)","2/38",0.0154783132235365,0.0931255376224334,0,0,11.2607709750567,46.9384448645158,"NSF;PREPL","GO_Biological_Process_2023","blue"
"Lysosomal Transport (GO:0007041)","3/105",0.0157404409875109,0.0931255376224334,0,0,6.00303214069133,24.9217201151844,"PINK1;PSAP;VPS35","GO_Biological_Process_2023","blue"
"Neuron Projection Development (GO:0031175)","4/192",0.0157977826439019,0.0931255376224334,0,0,4.36879432624113,18.121259458719,"UBB;MAP1B;STMN2;NEFH","GO_Biological_Process_2023","blue"
"Protein Localization To Membrane (GO:0072657)","4/192",0.0157977826439019,0.0931255376224334,0,0,4.36879432624113,18.121259458719,"STXBP1;CPE;THY1;ATP1B1","GO_Biological_Process_2023","blue"
"Response To Calcium Ion (GO:0051592)","3/106",0.0161412670571554,0.0931255376224334,0,0,5.9444500050045,24.5290365178238,"SYT11;CALM3;CALM1","GO_Biological_Process_2023","blue"
"Negative Regulation Of Mitochondrion Organization (GO:0010823)","2/39",0.0162624064321538,0.0931255376224334,0,0,10.9558742415885,45.1261415257865,"PINK1;GHITM","GO_Biological_Process_2023","blue"
"Regulation Of Nitric Oxide Biosynthetic Process (GO:0045428)","2/39",0.0162624064321538,0.0931255376224334,0,0,10.9558742415885,45.1261415257865,"HSP90AA1;HSP90AB1","GO_Biological_Process_2023","blue"
"Regulation Of Protein Tyrosine Kinase Activity (GO:0061097)","2/39",0.0162624064321538,0.0931255376224334,0,0,10.9558742415885,45.1261415257865,"PRNP;THY1","GO_Biological_Process_2023","blue"
"Retina Homeostasis (GO:0001895)","2/39",0.0162624064321538,0.0931255376224334,0,0,10.9558742415885,45.1261415257865,"ACTG1;SOD1","GO_Biological_Process_2023","blue"
"Positive Regulation Of Intrinsic Apoptotic Signaling Pathway (GO:2001244)","2/39",0.0162624064321538,0.0931255376224334,0,0,10.9558742415885,45.1261415257865,"UBB;SOD1","GO_Biological_Process_2023","blue"
"Positive Regulation Of Pattern Recognition Receptor Signaling Pathway (GO:0062208)","2/39",0.0162624064321538,0.0931255376224334,0,0,10.9558742415885,45.1261415257865,"RTN4;PJA2","GO_Biological_Process_2023","blue"
"Positive Regulation Of Intracellular Signal Transduction (GO:1902533)","7/525",0.0162641784016644,0.0931255376224334,0,0,2.81633246149375,11.5998826369784,"HSP90AA1;PINK1;HSP90AB1;TERF2IP;GAPDH;RTN4;SOD1","GO_Biological_Process_2023","blue"
"Cellular Response To Heat (GO:0034605)","2/40",0.0170631829128301,0.0961496814929318,0,0,10.6670247046187,43.4236674606069,"HSP90AA1;HSP90AB1","GO_Biological_Process_2023","blue"
"Positive Regulation Of Catalytic Activity (GO:0043085)","2/40",0.0170631829128301,0.0961496814929318,0,0,10.6670247046187,43.4236674606069,"YWHAB;SOD1","GO_Biological_Process_2023","blue"
"Regulation Of Autophagosome Assembly (GO:2000785)","2/40",0.0170631829128301,0.0961496814929318,0,0,10.6670247046187,43.4236674606069,"MOAP1;PINK1","GO_Biological_Process_2023","blue"
"Vesicle-Mediated Transport (GO:0016192)","6/411",0.0171730601944928,0.0962595216164991,0,0,3.07249802994484,12.487902136128,"NSF;SNAP25;CALY;SYT11;STXBP1;DNER","GO_Biological_Process_2023","blue"
"Synaptic Vesicle Exocytosis (GO:0016079)","2/41",0.0178804597481127,0.0991806751653129,0,0,10.3929879644165,41.8218699251635,"SNAP25;SYT11","GO_Biological_Process_2023","blue"
"Heart Contraction (GO:0060047)","2/41",0.0178804597481127,0.0991806751653129,0,0,10.3929879644165,41.8218699251635,"ATP1B1;SOD1","GO_Biological_Process_2023","blue"
"Regulation Of Transforming Growth Factor Beta Receptor Signaling Pathway (GO:0017015)","3/111",0.0182312795363318,0.100602656508774,0,0,5.66781214203895,22.6974140470314,"HSP90AB1;PEG10;DKK3","GO_Biological_Process_2023","blue"
"Regulation Of Protein Serine/Threonine Kinase Activity (GO:0071900)","3/112",0.0186665018739365,0.102473322143002,0,0,5.6155301239005,22.3555641556835,"CALM3;THY1;CALM1","GO_Biological_Process_2023","blue"
"Neurotransmitter Secretion (GO:0007269)","2/43",0.0195637897091909,0.105763634722276,0,0,9.88501742160279,38.888398778374,"SNAP25;STXBP1","GO_Biological_Process_2023","blue"
"Regulation Of Primary Metabolic Process (GO:0080090)","2/43",0.0195637897091909,0.105763634722276,0,0,9.88501742160279,38.888398778374,"PSAP;VPS35","GO_Biological_Process_2023","blue"
"Learning (GO:0007612)","2/43",0.0195637897091909,0.105763634722276,0,0,9.88501742160279,38.888398778374,"TH;SYT11","GO_Biological_Process_2023","blue"
"Regulation Of Transport (GO:0051049)","2/44",0.0204294838615153,0.109885860164211,0,0,9.6491739552964,37.5427757402553,"PINK1;ACTG1","GO_Biological_Process_2023","blue"
"Regulation Of Cellular Metabolic Process (GO:0031323)","2/45",0.0213109604144822,0.113143811523531,0,0,9.42429995253915,36.2697365803843,"PINK1;PGAM1","GO_Biological_Process_2023","blue"
"Regulation Of Telomerase Activity (GO:0051972)","2/45",0.0213109604144822,0.113143811523531,0,0,9.42429995253915,36.2697365803843,"HSP90AA1;HSP90AB1","GO_Biological_Process_2023","blue"
"Positive Regulation Of Cell Projection Organization (GO:0031346)","3/118",0.0213987474323764,0.113143811523531,0,0,5.32093231734648,20.4559139962277,"NDRG4;STMN2;SERPINI1","GO_Biological_Process_2023","blue"
"Regulation Of Protein Kinase Activity (GO:0045859)","3/119",0.0218742991047355,0.113143811523531,0,0,5.27479559189477,20.1626048968317,"THY1;YWHAG;SOD1","GO_Biological_Process_2023","blue"
"Regulation Of Cytokine Production Involved In Inflammatory Response (GO:1900015)","2/46",0.0222080432575084,0.113143811523531,0,0,9.20964749536178,35.0638977870873,"APLP2;PLD3","GO_Biological_Process_2023","blue"
"Positive Regulation Of Blood Vessel Endothelial Cell Migration (GO:0043536)","2/46",0.0222080432575084,0.113143811523531,0,0,9.20964749536178,35.0638977870873,"ATP5F1A;ATP5F1B","GO_Biological_Process_2023","blue"
"Golgi To Plasma Membrane Transport (GO:0006893)","2/47",0.0231205576171507,0.113143811523531,0,0,9.00453514739229,33.920382104137,"NSF;PREPL","GO_Biological_Process_2023","blue"
"Protein-Containing Complex Assembly (GO:0065003)","5/328",0.0244823709391477,0.113143811523531,0,0,3.18999511161805,11.8342501619348,"HSP90AA1;HSP90AB1;CALY;STXBP1;CLTC","GO_Biological_Process_2023","blue"
"Regulation Of Glutamate Receptor Signaling Pathway (GO:1900449)","1/5",0.0247535287182936,0.113143811523531,0,0,50.2424242424242,185.836036973753,"PRNP","GO_Biological_Process_2023","blue"
"Regulation Of Hyaluronan Biosynthetic Process (GO:1900125)","1/5",0.0247535287182936,0.113143811523531,0,0,50.2424242424242,185.836036973753,"CLTC","GO_Biological_Process_2023","blue"
"TORC2 Signaling (GO:0038203)","1/5",0.0247535287182936,0.113143811523531,0,0,50.2424242424242,185.836036973753,"PINK1","GO_Biological_Process_2023","blue"
"Adenylate Cyclase-Activating Dopamine Receptor Signaling Pathway (GO:0007191)","1/5",0.0247535287182936,0.113143811523531,0,0,50.2424242424242,185.836036973753,"GNAS","GO_Biological_Process_2023","blue"
"Adiponectin-Activated Signaling Pathway (GO:0033211)","1/5",0.0247535287182936,0.113143811523531,0,0,50.2424242424242,185.836036973753,"APLP2","GO_Biological_Process_2023","blue"
"Regulation Of Morphogenesis Of A Branching Structure (GO:0060688)","1/5",0.0247535287182936,0.113143811523531,0,0,50.2424242424242,185.836036973753,"RTN4","GO_Biological_Process_2023","blue"
"Aspartate Metabolic Process (GO:0006531)","1/5",0.0247535287182936,0.113143811523531,0,0,50.2424242424242,185.836036973753,"GOT1","GO_Biological_Process_2023","blue"
"Neurotransmitter Loading Into Synaptic Vesicle (GO:0098700)","1/5",0.0247535287182936,0.113143811523531,0,0,50.2424242424242,185.836036973753,"SLC18A2","GO_Biological_Process_2023","blue"
"Axo-Dendritic Transport (GO:0008088)","1/5",0.0247535287182936,0.113143811523531,0,0,50.2424242424242,185.836036973753,"HSPA8","GO_Biological_Process_2023","blue"
"Regulation Of Pentose-Phosphate Shunt (GO:0043456)","1/5",0.0247535287182936,0.113143811523531,0,0,50.2424242424242,185.836036973753,"PGAM1","GO_Biological_Process_2023","blue"
"Regulation Of Protein Depolymerization (GO:1901879)","1/5",0.0247535287182936,0.113143811523531,0,0,50.2424242424242,185.836036973753,"MAP1B","GO_Biological_Process_2023","blue"
"Regulation Of Protein Targeting (GO:1903533)","1/5",0.0247535287182936,0.113143811523531,0,0,50.2424242424242,185.836036973753,"PINK1","GO_Biological_Process_2023","blue"
"Plus-End-Directed Organelle Transport Along Microtubule (GO:0072386)","1/5",0.0247535287182936,0.113143811523531,0,0,50.2424242424242,185.836036973753,"KIF3A","GO_Biological_Process_2023","blue"
"Positive Regulation Of Autophagy Of Mitochondrion In Response To Mitochondrial Depolarization (GO:1904925)","1/5",0.0247535287182936,0.113143811523531,0,0,50.2424242424242,185.836036973753,"PINK1","GO_Biological_Process_2023","blue"
"Detection Of Virus (GO:0009597)","1/5",0.0247535287182936,0.113143811523531,0,0,50.2424242424242,185.836036973753,"SERINC3","GO_Biological_Process_2023","blue"
"Establishment Of Mitochondrion Localization, Microtubule-Mediated (GO:0034643)","1/5",0.0247535287182936,0.113143811523531,0,0,50.2424242424242,185.836036973753,"UBB","GO_Biological_Process_2023","blue"
"Positive Regulation Of Intrinsic Apoptotic Signaling Pathway By P53 Class Mediator (GO:1902255)","1/5",0.0247535287182936,0.113143811523531,0,0,50.2424242424242,185.836036973753,"UBB","GO_Biological_Process_2023","blue"
"fatty-acyl-CoA Catabolic Process (GO:0036115)","1/5",0.0247535287182936,0.113143811523531,0,0,50.2424242424242,185.836036973753,"ACOT7","GO_Biological_Process_2023","blue"
"Gamma-Aminobutyric Acid Metabolic Process (GO:0009448)","1/5",0.0247535287182936,0.113143811523531,0,0,50.2424242424242,185.836036973753,"ALDH1A1","GO_Biological_Process_2023","blue"
"Glycolipid Transport (GO:0046836)","1/5",0.0247535287182936,0.113143811523531,0,0,50.2424242424242,185.836036973753,"PSAP","GO_Biological_Process_2023","blue"
"Hydrogen Peroxide Biosynthetic Process (GO:0050665)","1/5",0.0247535287182936,0.113143811523531,0,0,50.2424242424242,185.836036973753,"SOD1","GO_Biological_Process_2023","blue"
"Positive Regulation Of Toll-Like Receptor 2 Signaling Pathway (GO:0034137)","1/5",0.0247535287182936,0.113143811523531,0,0,50.2424242424242,185.836036973753,"PJA2","GO_Biological_Process_2023","blue"
"Iron Coordination Entity Transport (GO:1901678)","1/5",0.0247535287182936,0.113143811523531,0,0,50.2424242424242,185.836036973753,"SLC22A17","GO_Biological_Process_2023","blue"
"Medium-Chain Fatty Acid Biosynthetic Process (GO:0051792)","1/5",0.0247535287182936,0.113143811523531,0,0,50.2424242424242,185.836036973753,"ACOT7","GO_Biological_Process_2023","blue"
"Protein Targeting To Vacuole Involved In Autophagy (GO:0071211)","1/5",0.0247535287182936,0.113143811523531,0,0,50.2424242424242,185.836036973753,"HSPA8","GO_Biological_Process_2023","blue"
"Negative Regulation Of Amyloid Precursor Protein Biosynthetic Process (GO:0042985)","1/5",0.0247535287182936,0.113143811523531,0,0,50.2424242424242,185.836036973753,"ITM2B","GO_Biological_Process_2023","blue"
"Negative Regulation Of Cellular Response To Hypoxia (GO:1900038)","1/5",0.0247535287182936,0.113143811523531,0,0,50.2424242424242,185.836036973753,"ENO1","GO_Biological_Process_2023","blue"
"Regulation Of Cell Communication (GO:0010646)","2/49",0.0249911884332231,0.113741947356336,0,0,8.62049500651324,31.8030058521021,"SCG5;YWHAG","GO_Biological_Process_2023","blue"
"Cytosolic Transport (GO:0016482)","3/127",0.0258863853847271,0.116606094820422,0,0,4.93249085467243,18.0235095567768,"PREPL;CLTC;VPS35","GO_Biological_Process_2023","blue"
"Dicarboxylic Acid Metabolic Process (GO:0043648)","2/50",0.0259489619459531,0.116606094820422,0,0,8.44047619047619,30.8214426622313,"GOT1;MDH1","GO_Biological_Process_2023","blue"
"Negative Regulation Of Cell Projection Organization (GO:0031345)","2/50",0.0259489619459531,0.116606094820422,0,0,8.44047619047619,30.8214426622313,"PRNP;STMN2","GO_Biological_Process_2023","blue"
"Positive Regulation Of Protein Modification Process (GO:0031401)","4/225",0.0264558956010553,0.118384574853462,0,0,3.71021870286576,13.4765392746671,"HSP90AA1;PINK1;CALM3;CALM1","GO_Biological_Process_2023","blue"
"Negative Regulation Of Response To Stimulus (GO:0048585)","2/52",0.0279085775805054,0.120723544092312,0,0,8.10204081632653,28.9957554144004,"APLP2;THY1","GO_Biological_Process_2023","blue"
"Endosome Organization (GO:0007032)","2/53",0.0289100845392209,0.120723544092312,0,0,7.94277711084434,28.1457453742055,"ATP6V1A;ATP6V0B","GO_Biological_Process_2023","blue"
"Positive Regulation Of Developmental Process (GO:0051094)","4/233",0.0295572342532096,0.120723544092312,0,0,3.57914847161572,12.6037091741373,"PINK1;HSP90AB1;VPS35;RTN4","GO_Biological_Process_2023","blue"
"Regulation Of Cortisol Biosynthetic Process (GO:2000064)","1/6",0.0296309633944118,0.120723544092312,0,0,40.1919191919192,141.432767389918,"DKK3","GO_Biological_Process_2023","blue"
"Negative Regulation Of Neuron Projection Regeneration (GO:0070571)","1/6",0.0296309633944118,0.120723544092312,0,0,40.1919191919192,141.432767389918,"THY1","GO_Biological_Process_2023","blue"
"Auditory Receptor Cell Morphogenesis (GO:0002093)","1/6",0.0296309633944118,0.120723544092312,0,0,40.1919191919192,141.432767389918,"SOD1","GO_Biological_Process_2023","blue"
"Auditory Receptor Cell Stereocilium Organization (GO:0060088)","1/6",0.0296309633944118,0.120723544092312,0,0,40.1919191919192,141.432767389918,"SOD1","GO_Biological_Process_2023","blue"
"Autophagosome Membrane Docking (GO:0016240)","1/6",0.0296309633944118,0.120723544092312,0,0,40.1919191919192,141.432767389918,"CALM1","GO_Biological_Process_2023","blue"
"Norepinephrine Biosynthetic Process (GO:0042421)","1/6",0.0296309633944118,0.120723544092312,0,0,40.1919191919192,141.432767389918,"TH","GO_Biological_Process_2023","blue"
"Norepinephrine Transport (GO:0015874)","1/6",0.0296309633944118,0.120723544092312,0,0,40.1919191919192,141.432767389918,"SLC6A3","GO_Biological_Process_2023","blue"
"Catecholamine Uptake (GO:0090493)","1/6",0.0296309633944118,0.120723544092312,0,0,40.1919191919192,141.432767389918,"SLC6A3","GO_Biological_Process_2023","blue"
"Clathrin Coat Disassembly (GO:0072318)","1/6",0.0296309633944118,0.120723544092312,0,0,40.1919191919192,141.432767389918,"HSPA8","GO_Biological_Process_2023","blue"
"Response To Increased Oxygen Levels (GO:0036296)","1/6",0.0296309633944118,0.120723544092312,0,0,40.1919191919192,141.432767389918,"ATP6V1A","GO_Biological_Process_2023","blue"
"Synaptic Vesicle Docking (GO:0016081)","1/6",0.0296309633944118,0.120723544092312,0,0,40.1919191919192,141.432767389918,"SNAP25","GO_Biological_Process_2023","blue"
"Positive Regulation Of Mitophagy (GO:1901526)","1/6",0.0296309633944118,0.120723544092312,0,0,40.1919191919192,141.432767389918,"VDAC1","GO_Biological_Process_2023","blue"
"Positive Regulation Of Mitophagy In Response To Mitochondrial Depolarization (GO:0098779)","1/6",0.0296309633944118,0.120723544092312,0,0,40.1919191919192,141.432767389918,"PINK1","GO_Biological_Process_2023","blue"
"Positive Regulation Of Pinocytosis (GO:0048549)","1/6",0.0296309633944118,0.120723544092312,0,0,40.1919191919192,141.432767389918,"APLP2","GO_Biological_Process_2023","blue"
"Membrane Biogenesis (GO:0044091)","1/6",0.0296309633944118,0.120723544092312,0,0,40.1919191919192,141.432767389918,"SERINC1","GO_Biological_Process_2023","blue"
"Mitochondrion-Endoplasmic Reticulum Membrane Tethering (GO:1990456)","1/6",0.0296309633944118,0.120723544092312,0,0,40.1919191919192,141.432767389918,"CALM1","GO_Biological_Process_2023","blue"
"Regulation Of Aldosterone Biosynthetic Process (GO:0032347)","1/6",0.0296309633944118,0.120723544092312,0,0,40.1919191919192,141.432767389918,"DKK3","GO_Biological_Process_2023","blue"
"Regulation Of Anion Channel Activity (GO:0010359)","1/6",0.0296309633944118,0.120723544092312,0,0,40.1919191919192,141.432767389918,"PRNP","GO_Biological_Process_2023","blue"
"Negative Regulation Of Catecholamine Secretion (GO:0033604)","1/6",0.0296309633944118,0.120723544092312,0,0,40.1919191919192,141.432767389918,"SYT11","GO_Biological_Process_2023","blue"
"Regulation Of Focal Adhesion Assembly (GO:0051893)","2/54",0.029925836282038,0.120723544092312,0,0,7.78963893249608,27.3341007109313,"THY1;ACTG1","GO_Biological_Process_2023","blue"
"Negative Regulation Of Neuron Projection Development (GO:0010977)","2/54",0.029925836282038,0.120723544092312,0,0,7.78963893249608,27.3341007109313,"STMN2;THY1","GO_Biological_Process_2023","blue"
"Endoplasmic Reticulum Organization (GO:0007029)","2/54",0.029925836282038,0.120723544092312,0,0,7.78963893249608,27.3341007109313,"RTN3;RTN4","GO_Biological_Process_2023","blue"
"Regulation Of Blood Vessel Endothelial Cell Migration (GO:0043535)","2/54",0.029925836282038,0.120723544092312,0,0,7.78963893249608,27.3341007109313,"ATP5F1A;ATP5F1B","GO_Biological_Process_2023","blue"
"Neuron Migration (GO:0001764)","2/55",0.030955668405524,0.124406742837294,0,0,7.64227955333077,26.5584434034501,"MAP1B;DNER","GO_Biological_Process_2023","blue"
"Regulation Of Chaperone-Mediated Autophagy (GO:1904714)","1/7",0.0344842492004147,0.127078634596684,0,0,33.4915824915825,112.774618360503,"EEF1A2","GO_Biological_Process_2023","blue"
"Negative Regulation Of Fatty Acid Oxidation (GO:0046322)","1/7",0.0344842492004147,0.127078634596684,0,0,33.4915824915825,112.774618360503,"APLP2","GO_Biological_Process_2023","blue"
"Regulation Of Cyclic-Nucleotide Phosphodiesterase Activity (GO:0051342)","1/7",0.0344842492004147,0.127078634596684,0,0,33.4915824915825,112.774618360503,"CALM3","GO_Biological_Process_2023","blue"
"Regulation Of Dopamine Receptor Signaling Pathway (GO:0060159)","1/7",0.0344842492004147,0.127078634596684,0,0,33.4915824915825,112.774618360503,"VPS35","GO_Biological_Process_2023","blue"
"Regulation Of Establishment Of Protein Localization To Mitochondrion (GO:1903747)","1/7",0.0344842492004147,0.127078634596684,0,0,33.4915824915825,112.774618360503,"PINK1","GO_Biological_Process_2023","blue"
"Negative Regulation Of Microglial Cell Activation (GO:1903979)","1/7",0.0344842492004147,0.127078634596684,0,0,33.4915824915825,112.774618360503,"SYT11","GO_Biological_Process_2023","blue"
"NADH Metabolic Process (GO:0006734)","1/7",0.0344842492004147,0.127078634596684,0,0,33.4915824915825,112.774618360503,"MDH1","GO_Biological_Process_2023","blue"
"Regulation Of Mammary Gland Epithelial Cell Proliferation (GO:0033599)","1/7",0.0344842492004147,0.127078634596684,0,0,33.4915824915825,112.774618360503,"RTN4","GO_Biological_Process_2023","blue"
"Amine Transport (GO:0015837)","1/7",0.0344842492004147,0.127078634596684,0,0,33.4915824915825,112.774618360503,"SLC18A2","GO_Biological_Process_2023","blue"
"Regulation Of Mitophagy (GO:1901524)","1/7",0.0344842492004147,0.127078634596684,0,0,33.4915824915825,112.774618360503,"PINK1","GO_Biological_Process_2023","blue"
"Aspartate Family Amino Acid Biosynthetic Process (GO:0009067)","1/7",0.0344842492004147,0.127078634596684,0,0,33.4915824915825,112.774618360503,"GOT1","GO_Biological_Process_2023","blue"
"Neurotransmitter Receptor Transport, Endosome To Plasma Membrane (GO:0099639)","1/7",0.0344842492004147,0.127078634596684,0,0,33.4915824915825,112.774618360503,"VPS35","GO_Biological_Process_2023","blue"
"Norepinephrine Metabolic Process (GO:0042415)","1/7",0.0344842492004147,0.127078634596684,0,0,33.4915824915825,112.774618360503,"TH","GO_Biological_Process_2023","blue"
"Regulation Of Oxidative Stress-Induced Cell Death (GO:1903201)","1/7",0.0344842492004147,0.127078634596684,0,0,33.4915824915825,112.774618360503,"PINK1","GO_Biological_Process_2023","blue"
"Catecholamine Transport (GO:0051937)","1/7",0.0344842492004147,0.127078634596684,0,0,33.4915824915825,112.774618360503,"SLC6A3","GO_Biological_Process_2023","blue"
"Peptidyl-Serine Autophosphorylation (GO:0036289)","1/7",0.0344842492004147,0.127078634596684,0,0,33.4915824915825,112.774618360503,"PINK1","GO_Biological_Process_2023","blue"
"Regulation Of Transforming Growth Factor Beta Activation (GO:1901388)","1/7",0.0344842492004147,0.127078634596684,0,0,33.4915824915825,112.774618360503,"HSP90AB1","GO_Biological_Process_2023","blue"
"Dendritic Spine Maintenance (GO:0097062)","1/7",0.0344842492004147,0.127078634596684,0,0,33.4915824915825,112.774618360503,"PRNP","GO_Biological_Process_2023","blue"
"Dopamine Uptake (GO:0090494)","1/7",0.0344842492004147,0.127078634596684,0,0,33.4915824915825,112.774618360503,"SLC6A3","GO_Biological_Process_2023","blue"
"Positive Regulation Of Plasminogen Activation (GO:0010756)","1/7",0.0344842492004147,0.127078634596684,0,0,33.4915824915825,112.774618360503,"ENO1","GO_Biological_Process_2023","blue"
"Lactate Metabolic Process (GO:0006089)","1/7",0.0344842492004147,0.127078634596684,0,0,33.4915824915825,112.774618360503,"LDHB","GO_Biological_Process_2023","blue"
"Malate Metabolic Process (GO:0006108)","1/7",0.0344842492004147,0.127078634596684,0,0,33.4915824915825,112.774618360503,"MDH1","GO_Biological_Process_2023","blue"
"protein-RNA Complex Disassembly (GO:0032988)","1/7",0.0344842492004147,0.127078634596684,0,0,33.4915824915825,112.774618360503,"KLC1","GO_Biological_Process_2023","blue"
"Mitochondrial Outer Membrane Permeabilization (GO:0097345)","1/7",0.0344842492004147,0.127078634596684,0,0,33.4915824915825,112.774618360503,"MOAP1","GO_Biological_Process_2023","blue"
"Negative Regulation Of Peptidase Activity (GO:0010466)","2/60",0.0363103684614095,0.133346697970349,0,0,6.981703026038,23.1488972243337,"SERPINI1;GAPDH","GO_Biological_Process_2023","blue"
"Regulation Of Cold-Induced Thermogenesis (GO:0120161)","3/146",0.0368873028923251,0.134999922956448,0,0,4.27301564414967,14.1004725446185,"APLP2;ALDH1A1;GNAS","GO_Biological_Process_2023","blue"
"Negative Regulation Of Intrinsic Apoptotic Signaling Pathway (GO:2001243)","2/61",0.0374213004237331,0.135497999747379,0,0,6.86302317537184,22.5485670061795,"PINK1;ENO1","GO_Biological_Process_2023","blue"
"Negative Regulation Of Protein Metabolic Process (GO:0051248)","3/147",0.0375231245710671,0.135497999747379,0,0,4.24312714776632,13.9293288087839,"PRNP;HSP90AB1;GAPDH","GO_Biological_Process_2023","blue"
"Negative Regulation Of Kinase Activity (GO:0033673)","2/62",0.0385451967593686,0.135497999747379,0,0,6.74829931972789,21.9719482594704,"THY1;YWHAG","GO_Biological_Process_2023","blue"
"Protein-Containing Complex Disassembly (GO:0032984)","2/62",0.0385451967593686,0.135497999747379,0,0,6.74829931972789,21.9719482594704,"NSF;HSPA8","GO_Biological_Process_2023","blue"
"Negative Regulation Of Glycoprotein Biosynthetic Process (GO:0010561)","1/8",0.0393135041520565,0.135497999747379,0,0,28.7056277056277,92.8967850071638,"ITM2B","GO_Biological_Process_2023","blue"
"Regulation Of Generation Of Precursor Metabolites And Energy (GO:0043467)","1/8",0.0393135041520565,0.135497999747379,0,0,28.7056277056277,92.8967850071638,"PGAM1","GO_Biological_Process_2023","blue"
"Negative Regulation Of Oxidative Stress-Induced Neuron Death (GO:1903204)","1/8",0.0393135041520565,0.135497999747379,0,0,28.7056277056277,92.8967850071638,"PINK1","GO_Biological_Process_2023","blue"
"Regulation Of Intrinsic Apoptotic Signaling Pathway By P53 Class Mediator (GO:1902253)","1/8",0.0393135041520565,0.135497999747379,0,0,28.7056277056277,92.8967850071638,"UBB","GO_Biological_Process_2023","blue"
"Neurotransmitter Reuptake (GO:0098810)","1/8",0.0393135041520565,0.135497999747379,0,0,28.7056277056277,92.8967850071638,"SLC18A2","GO_Biological_Process_2023","blue"
"Regulation Of Organ Growth (GO:0046620)","1/8",0.0393135041520565,0.135497999747379,0,0,28.7056277056277,92.8967850071638,"SOD1","GO_Biological_Process_2023","blue"
"Plasminogen Activation (GO:0031639)","1/8",0.0393135041520565,0.135497999747379,0,0,28.7056277056277,92.8967850071638,"PGK1","GO_Biological_Process_2023","blue"
"Positive Regulation Of ATP Biosynthetic Process (GO:2001171)","1/8",0.0393135041520565,0.135497999747379,0,0,28.7056277056277,92.8967850071638,"PINK1","GO_Biological_Process_2023","blue"
"Regulation Of Vesicle Fusion (GO:0031338)","1/8",0.0393135041520565,0.135497999747379,0,0,28.7056277056277,92.8967850071638,"STXBP1","GO_Biological_Process_2023","blue"
"Serotonin Uptake (GO:0051610)","1/8",0.0393135041520565,0.135497999747379,0,0,28.7056277056277,92.8967850071638,"SLC18A2","GO_Biological_Process_2023","blue"
"Positive Regulation Of Membrane Invagination (GO:1905155)","1/8",0.0393135041520565,0.135497999747379,0,0,28.7056277056277,92.8967850071638,"APLP2","GO_Biological_Process_2023","blue"
"Mitochondrial Fragmentation Involved In Apoptotic Process (GO:0043653)","1/8",0.0393135041520565,0.135497999747379,0,0,28.7056277056277,92.8967850071638,"VPS35","GO_Biological_Process_2023","blue"
"Modification-Dependent Macromolecule Catabolic Process (GO:0043632)","1/8",0.0393135041520565,0.135497999747379,0,0,28.7056277056277,92.8967850071638,"UBB","GO_Biological_Process_2023","blue"
"Negative Regulation Of Chromosome Organization (GO:2001251)","1/8",0.0393135041520565,0.135497999747379,0,0,28.7056277056277,92.8967850071638,"TERF2IP","GO_Biological_Process_2023","blue"
"Regulation Of Secretion By Cell (GO:1903530)","2/64",0.0408312655246501,0.138488209502396,0,0,6.52995391705069,20.8847984924896,"NSF;SCG5","GO_Biological_Process_2023","blue"
"Response To Metal Ion (GO:0010038)","2/64",0.0408312655246501,0.138488209502396,0,0,6.52995391705069,20.8847984924896,"CALM3;CALM1","GO_Biological_Process_2023","blue"
"Positive Regulation Of Macroautophagy (GO:0016239)","2/64",0.0408312655246501,0.138488209502396,0,0,6.52995391705069,20.8847984924896,"MOAP1;PINK1","GO_Biological_Process_2023","blue"
"Positive Regulation Of Type I Interferon Production (GO:0032481)","2/64",0.0408312655246501,0.138488209502396,0,0,6.52995391705069,20.8847984924896,"HSP90AA1;GAPDH","GO_Biological_Process_2023","blue"
"Negative Regulation Of Cell Death (GO:0060548)","2/64",0.0408312655246501,0.138488209502396,0,0,6.52995391705069,20.8847984924896,"PINK1;VPS35","GO_Biological_Process_2023","blue"
"Regulation Of Cellular Component Organization (GO:0051128)","3/153",0.0414556978663591,0.138603453564263,0,0,4.07216494845361,12.9622301812543,"HSPA8;HSP90AA1;PINK1","GO_Biological_Process_2023","blue"
"Positive Regulation Of DNA Biosynthetic Process (GO:2000573)","2/65",0.041993132410768,0.138603453564263,0,0,6.42597991577583,20.3719576107223,"HSP90AA1;HSP90AB1","GO_Biological_Process_2023","blue"
"Regulation Of Cell-Matrix Adhesion (GO:0001952)","2/65",0.041993132410768,0.138603453564263,0,0,6.42597991577583,20.3719576107223,"THY1;ACTG1","GO_Biological_Process_2023","blue"
"Epithelium Development (GO:0060429)","3/154",0.0421306259009563,0.138603453564263,0,0,4.04499214856285,12.8104106369815,"NDRG4;PGK1;VDAC1","GO_Biological_Process_2023","blue"
"Negative Regulation Of Endopeptidase Activity (GO:0010951)","2/66",0.043167352566795,0.138603453564263,0,0,6.32525510204082,19.8781944931298,"SERPINI1;GAPDH","GO_Biological_Process_2023","blue"
"Regulation Of Endocytosis (GO:0030100)","2/66",0.043167352566795,0.138603453564263,0,0,6.32525510204082,19.8781944931298,"CALY;SYT11","GO_Biological_Process_2023","blue"
"Cellular Response To Type II Interferon (GO:0071346)","2/66",0.043167352566795,0.138603453564263,0,0,6.32525510204082,19.8781944931298,"CALM1;GAPDH","GO_Biological_Process_2023","blue"
"Regulation Of Cellular Response To Oxidative Stress (GO:1900407)","1/9",0.0441188457824273,0.138603453564263,0,0,25.1161616161616,78.3842312444799,"PINK1","GO_Biological_Process_2023","blue"
"SNARE Complex Assembly (GO:0035493)","1/9",0.0441188457824273,0.138603453564263,0,0,25.1161616161616,78.3842312444799,"STXBP1","GO_Biological_Process_2023","blue"
"Negative Regulation Of Protein Maturation (GO:1903318)","1/9",0.0441188457824273,0.138603453564263,0,0,25.1161616161616,78.3842312444799,"PRNP","GO_Biological_Process_2023","blue"
"Negative Regulation Of Transforming Growth Factor Beta Production (GO:0071635)","1/9",0.0441188457824273,0.138603453564263,0,0,25.1161616161616,78.3842312444799,"HSP90AB1","GO_Biological_Process_2023","blue"
"Camera-Type Eye Morphogenesis (GO:0048593)","1/9",0.0441188457824273,0.138603453564263,0,0,25.1161616161616,78.3842312444799,"TH","GO_Biological_Process_2023","blue"
"Regulation Of Sequestering Of Calcium Ion (GO:0051282)","1/9",0.0441188457824273,0.138603453564263,0,0,25.1161616161616,78.3842312444799,"ANXA6","GO_Biological_Process_2023","blue"
"Regulation Of Store-Operated Calcium Entry (GO:2001256)","1/9",0.0441188457824273,0.138603453564263,0,0,25.1161616161616,78.3842312444799,"SARAF","GO_Biological_Process_2023","blue"
"Cellular Response To Oxygen Levels (GO:0071453)","1/9",0.0441188457824273,0.138603453564263,0,0,25.1161616161616,78.3842312444799,"ATP6V1A","GO_Biological_Process_2023","blue"
"Dicarboxylic Acid Biosynthetic Process (GO:0043650)","1/9",0.0441188457824273,0.138603453564263,0,0,25.1161616161616,78.3842312444799,"GOT1","GO_Biological_Process_2023","blue"
"Embryonic Eye Morphogenesis (GO:0048048)","1/9",0.0441188457824273,0.138603453564263,0,0,25.1161616161616,78.3842312444799,"TH","GO_Biological_Process_2023","blue"
"Serotonin Transport (GO:0006837)","1/9",0.0441188457824273,0.138603453564263,0,0,25.1161616161616,78.3842312444799,"SLC18A2","GO_Biological_Process_2023","blue"
"Synaptic Vesicle Fusion To Presynaptic Active Zone Membrane (GO:0031629)","1/9",0.0441188457824273,0.138603453564263,0,0,25.1161616161616,78.3842312444799,"SNAP25","GO_Biological_Process_2023","blue"
"Transferrin Transport (GO:0033572)","1/9",0.0441188457824273,0.138603453564263,0,0,25.1161616161616,78.3842312444799,"CLTC","GO_Biological_Process_2023","blue"
"Positive Regulation Of Phagocytosis, Engulfment (GO:0060100)","1/9",0.0441188457824273,0.138603453564263,0,0,25.1161616161616,78.3842312444799,"APLP2","GO_Biological_Process_2023","blue"
"Positive Regulation Of Receptor Recycling (GO:0001921)","1/9",0.0441188457824273,0.138603453564263,0,0,25.1161616161616,78.3842312444799,"NSF","GO_Biological_Process_2023","blue"
"Positive Regulation Of Sodium Ion Transmembrane Transport (GO:1902307)","1/9",0.0441188457824273,0.138603453564263,0,0,25.1161616161616,78.3842312444799,"ATP1B1","GO_Biological_Process_2023","blue"
"Myelin Maintenance (GO:0043217)","1/9",0.0441188457824273,0.138603453564263,0,0,25.1161616161616,78.3842312444799,"SOD1","GO_Biological_Process_2023","blue"
"Regulation Of Cellular Extravasation (GO:0002691)","1/9",0.0441188457824273,0.138603453564263,0,0,25.1161616161616,78.3842312444799,"THY1","GO_Biological_Process_2023","blue"
"Negative Regulation Of Signal Transduction (GO:0009968)","4/267",0.04506717027246,0.140374438183422,0,0,3.11105830164766,9.64304013658143,"NDRG4;YWHAB;FAIM2;DKK3","GO_Biological_Process_2023","blue"
"Intermediate Filament Organization (GO:0045109)","2/68",0.0455522545652316,0.140374438183422,0,0,6.13296227581942,18.9440774902941,"NEFL;INA","GO_Biological_Process_2023","blue"
"Regulation Of Endopeptidase Activity (GO:0052548)","2/69",0.0467626402187707,0.140374438183422,0,0,6.04112092598233,18.5019639390654,"SERPINI1;GAPDH","GO_Biological_Process_2023","blue"
"Positive Regulation Of Protein Polymerization (GO:0032273)","2/70",0.0479847867745848,0.140374438183422,0,0,5.95198079231693,18.0753994112781,"HSP90AA1;PINK1","GO_Biological_Process_2023","blue"
"Chemical Synaptic Transmission (GO:0007268)","4/273",0.0481984952597617,0.140374438183422,0,0,3.04073729863693,9.22081533499915,"SNAP25;TH;STXBP1;SLC18A2","GO_Biological_Process_2023","blue"
"Nitrogen Compound Transport (GO:0071705)","3/163",0.0484525934448119,0.140374438183422,0,0,3.81572164948454,11.5508358689141,"KIF3A;SLC6A3;SLC18A2","GO_Biological_Process_2023","blue"
"Negative Regulation Of Dephosphorylation (GO:0035305)","1/10",0.0489003911418305,0.140374438183422,0,0,22.324354657688,67.3742300304506,"YWHAB","GO_Biological_Process_2023","blue"
"Negative Regulation Of Interleukin-17 Production (GO:0032700)","1/10",0.0489003911418305,0.140374438183422,0,0,22.324354657688,67.3742300304506,"PRNP","GO_Biological_Process_2023","blue"
"L-serine Metabolic Process (GO:0006563)","1/10",0.0489003911418305,0.140374438183422,0,0,22.324354657688,67.3742300304506,"SERINC3","GO_Biological_Process_2023","blue"
"Actin Filament Depolymerization (GO:0030042)","1/10",0.0489003911418305,0.140374438183422,0,0,22.324354657688,67.3742300304506,"DSTN","GO_Biological_Process_2023","blue"
"Neuron Projection Fasciculation (GO:0106030)","1/10",0.0489003911418305,0.140374438183422,0,0,22.324354657688,67.3742300304506,"RTN4","GO_Biological_Process_2023","blue"
"Neuron Projection Maintenance (GO:1990535)","1/10",0.0489003911418305,0.140374438183422,0,0,22.324354657688,67.3742300304506,"PRNP","GO_Biological_Process_2023","blue"
"Nuclear Pore Complex Assembly (GO:0051292)","1/10",0.0489003911418305,0.140374438183422,0,0,22.324354657688,67.3742300304506,"RTN4","GO_Biological_Process_2023","blue"
"Regulation Of Phagocytosis, Engulfment (GO:0060099)","1/10",0.0489003911418305,0.140374438183422,0,0,22.324354657688,67.3742300304506,"APLP2","GO_Biological_Process_2023","blue"
"Cardiac Muscle Cell Membrane Repolarization (GO:0099622)","1/10",0.0489003911418305,0.140374438183422,0,0,22.324354657688,67.3742300304506,"ATP1B1","GO_Biological_Process_2023","blue"
"Cellular Response To Increased Oxygen Levels (GO:0036295)","1/10",0.0489003911418305,0.140374438183422,0,0,22.324354657688,67.3742300304506,"ATP6V1A","GO_Biological_Process_2023","blue"
"Regulation Of Toll-Like Receptor 2 Signaling Pathway (GO:0034135)","1/10",0.0489003911418305,0.140374438183422,0,0,22.324354657688,67.3742300304506,"PJA2","GO_Biological_Process_2023","blue"
"Regulation Of Toll-Like Receptor 9 Signaling Pathway (GO:0034163)","1/10",0.0489003911418305,0.140374438183422,0,0,22.324354657688,67.3742300304506,"RTN4","GO_Biological_Process_2023","blue"
"Removal Of Superoxide Radicals (GO:0019430)","1/10",0.0489003911418305,0.140374438183422,0,0,22.324354657688,67.3742300304506,"SOD1","GO_Biological_Process_2023","blue"
"Coenzyme A Biosynthetic Process (GO:0015937)","1/10",0.0489003911418305,0.140374438183422,0,0,22.324354657688,67.3742300304506,"ACOT7","GO_Biological_Process_2023","blue"
"Response To Corticosteroid (GO:0031960)","1/10",0.0489003911418305,0.140374438183422,0,0,22.324354657688,67.3742300304506,"GOT1","GO_Biological_Process_2023","blue"
"Positive Regulation Of Cellular Respiration (GO:1901857)","1/10",0.0489003911418305,0.140374438183422,0,0,22.324354657688,67.3742300304506,"PINK1","GO_Biological_Process_2023","blue"
"Ribonucleoside Bisphosphate Biosynthetic Process (GO:0034030)","1/10",0.0489003911418305,0.140374438183422,0,0,22.324354657688,67.3742300304506,"ACOT7","GO_Biological_Process_2023","blue"
"Serine Family Amino Acid Biosynthetic Process (GO:0009070)","1/10",0.0489003911418305,0.140374438183422,0,0,22.324354657688,67.3742300304506,"SERINC3","GO_Biological_Process_2023","blue"
"Positive Regulation Of Protein Depolymerization (GO:1901881)","1/10",0.0489003911418305,0.140374438183422,0,0,22.324354657688,67.3742300304506,"STMN2","GO_Biological_Process_2023","blue"
"Protein Localization To Endosome (GO:0036010)","1/10",0.0489003911418305,0.140374438183422,0,0,22.324354657688,67.3742300304506,"VPS35","GO_Biological_Process_2023","blue"
"Microtubule Anchoring At Centrosome (GO:0034454)","1/10",0.0489003911418305,0.140374438183422,0,0,22.324354657688,67.3742300304506,"KIF3A","GO_Biological_Process_2023","blue"
"Purine Nucleoside Bisphosphate Biosynthetic Process (GO:0034033)","1/10",0.0489003911418305,0.140374438183422,0,0,22.324354657688,67.3742300304506,"ACOT7","GO_Biological_Process_2023","blue"
"Negative Regulation Of Activated T Cell Proliferation (GO:0046007)","1/10",0.0489003911418305,0.140374438183422,0,0,22.324354657688,67.3742300304506,"PRNP","GO_Biological_Process_2023","blue"
"Regulation Of Amyloid Precursor Protein Biosynthetic Process (GO:0042984)","1/10",0.0489003911418305,0.140374438183422,0,0,22.324354657688,67.3742300304506,"ITM2B","GO_Biological_Process_2023","blue"
"Negative Regulation Of Autophagosome Assembly (GO:1902902)","1/10",0.0489003911418305,0.140374438183422,0,0,22.324354657688,67.3742300304506,"PINK1","GO_Biological_Process_2023","blue"
"Regulation Of Calcium Ion Import Across Plasma Membrane (GO:1905664)","1/10",0.0489003911418305,0.140374438183422,0,0,22.324354657688,67.3742300304506,"PRNP","GO_Biological_Process_2023","blue"
"Negative Regulation Of Supramolecular Fiber Organization (GO:1902904)","2/71",0.0492185490137595,0.140907942741005,0,0,5.86542443064182,17.6636360143545,"HSPA8;STMN2","GO_Biological_Process_2023","blue"
"Regulation Of Cellular Localization (GO:0060341)","2/72",0.0504637828415357,0.142154336914602,0,0,5.78134110787172,17.265971584774,"HSP90AA1;HSP90AB1","GO_Biological_Process_2023","blue"
"Cellular Response To Hypoxia (GO:0071456)","2/72",0.0504637828415357,0.142154336914602,0,0,5.78134110787172,17.265971584774,"PINK1;PGK1","GO_Biological_Process_2023","blue"
"Cellular Response To Decreased Oxygen Levels (GO:0036294)","2/73",0.051720345286075,0.142154336914602,0,0,5.699626329405,16.8817463030563,"PINK1;PGK1","GO_Biological_Process_2023","blue"
"Ubiquitin-Dependent ERAD Pathway (GO:0030433)","2/73",0.051720345286075,0.142154336914602,0,0,5.699626329405,16.8817463030563,"FBXO2;CANX","GO_Biological_Process_2023","blue"
"Brain Development (GO:0007420)","3/169",0.0529113924234195,0.142154336914602,0,0,3.67668612594709,10.8062827800118,"RTN3;NDRG4;RTN4","GO_Biological_Process_2023","blue"
"Negative Regulation Of Neuron Apoptotic Process (GO:0043524)","2/74",0.0529880944930012,0.142154336914602,0,0,5.62018140589569,16.5103396024628,"PINK1;SOD1","GO_Biological_Process_2023","blue"
"Gland Development (GO:0048732)","2/74",0.0529880944930012,0.142154336914602,0,0,5.62018140589569,16.5103396024628,"DKK3;SOD1","GO_Biological_Process_2023","blue"
"Negative Regulation Of Microtubule Polymerization (GO:0031115)","1/11",0.0536582567508638,0.142154336914602,0,0,20.0909090909091,58.7683184218827,"STMN2","GO_Biological_Process_2023","blue"
"Negative Regulation Of Platelet-Derived Growth Factor Receptor Signaling Pathway (GO:0010642)","1/11",0.0536582567508638,0.142154336914602,0,0,20.0909090909091,58.7683184218827,"NDRG4","GO_Biological_Process_2023","blue"
"Negative Regulation Of Reactive Oxygen Species Biosynthetic Process (GO:1903427)","1/11",0.0536582567508638,0.142154336914602,0,0,20.0909090909091,58.7683184218827,"SLC18A2","GO_Biological_Process_2023","blue"
"Negative Regulation Of Release Of Sequestered Calcium Ion Into Cytosol (GO:0051280)","1/11",0.0536582567508638,0.142154336914602,0,0,20.0909090909091,58.7683184218827,"CALM3","GO_Biological_Process_2023","blue"
"Regulation Of Lipid Kinase Activity (GO:0043550)","1/11",0.0536582567508638,0.142154336914602,0,0,20.0909090909091,58.7683184218827,"EEF1A2","GO_Biological_Process_2023","blue"
"Negative Regulation Of Ryanodine-Sensitive Calcium-Release Channel Activity (GO:0060315)","1/11",0.0536582567508638,0.142154336914602,0,0,20.0909090909091,58.7683184218827,"CALM3","GO_Biological_Process_2023","blue"
"Regulation Of Microtubule-Based Movement (GO:0060632)","1/11",0.0536582567508638,0.142154336914602,0,0,20.0909090909091,58.7683184218827,"NEFH","GO_Biological_Process_2023","blue"
"Aspartate Family Amino Acid Catabolic Process (GO:0009068)","1/11",0.0536582567508638,0.142154336914602,0,0,20.0909090909091,58.7683184218827,"GOT1","GO_Biological_Process_2023","blue"
"Catecholamine Biosynthetic Process (GO:0042423)","1/11",0.0536582567508638,0.142154336914602,0,0,20.0909090909091,58.7683184218827,"TH","GO_Biological_Process_2023","blue"
"Cell Differentiation In Hindbrain (GO:0021533)","1/11",0.0536582567508638,0.142154336914602,0,0,20.0909090909091,58.7683184218827,"FAIM2","GO_Biological_Process_2023","blue"
"Regulation Of Response To Oxidative Stress (GO:1902882)","1/11",0.0536582567508638,0.142154336914602,0,0,20.0909090909091,58.7683184218827,"PINK1","GO_Biological_Process_2023","blue"
"Cellular Response To Superoxide (GO:0071451)","1/11",0.0536582567508638,0.142154336914602,0,0,20.0909090909091,58.7683184218827,"SOD1","GO_Biological_Process_2023","blue"
"Endoplasmic Reticulum Membrane Organization (GO:0090158)","1/11",0.0536582567508638,0.142154336914602,0,0,20.0909090909091,58.7683184218827,"RTN4","GO_Biological_Process_2023","blue"
"Telomere Maintenance In Response To DNA Damage (GO:0043247)","1/11",0.0536582567508638,0.142154336914602,0,0,20.0909090909091,58.7683184218827,"TERF2IP","GO_Biological_Process_2023","blue"
"Positive Regulation Of Muscle Contraction (GO:0045933)","1/11",0.0536582567508638,0.142154336914602,0,0,20.0909090909091,58.7683184218827,"ENO1","GO_Biological_Process_2023","blue"
"Glycerol Metabolic Process (GO:0006071)","1/11",0.0536582567508638,0.142154336914602,0,0,20.0909090909091,58.7683184218827,"GOT1","GO_Biological_Process_2023","blue"
"Tyrosine Metabolic Process (GO:0006570)","1/11",0.0536582567508638,0.142154336914602,0,0,20.0909090909091,58.7683184218827,"TH","GO_Biological_Process_2023","blue"
"Inner Ear Receptor Cell Stereocilium Organization (GO:0060122)","1/11",0.0536582567508638,0.142154336914602,0,0,20.0909090909091,58.7683184218827,"SOD1","GO_Biological_Process_2023","blue"
"Intracellular Copper Ion Homeostasis (GO:0006878)","1/11",0.0536582567508638,0.142154336914602,0,0,20.0909090909091,58.7683184218827,"PRNP","GO_Biological_Process_2023","blue"
"Regulation Of Amyloid Precursor Protein Catabolic Process (GO:1902991)","1/11",0.0536582567508638,0.142154336914602,0,0,20.0909090909091,58.7683184218827,"PRNP","GO_Biological_Process_2023","blue"
"Negative Regulation Of calcineurin-NFAT Signaling Cascade (GO:0070885)","1/11",0.0536582567508638,0.142154336914602,0,0,20.0909090909091,58.7683184218827,"PRNP","GO_Biological_Process_2023","blue"
"Negative Regulation Of Calcineurin-Mediated Signaling (GO:0106057)","1/11",0.0536582567508638,0.142154336914602,0,0,20.0909090909091,58.7683184218827,"PRNP","GO_Biological_Process_2023","blue"
"Regulation Of Cell Communication By Electrical Coupling Involved In Cardiac Conduction (GO:1901844)","1/11",0.0536582567508638,0.142154336914602,0,0,20.0909090909091,58.7683184218827,"CALM3","GO_Biological_Process_2023","blue"
"Negative Regulation Of Phosphorylation (GO:0042326)","2/75",0.0542668897312266,0.143410018768626,0,0,5.54291305563321,16.1511673406941,"PRNP;TERF2IP","GO_Biological_Process_2023","blue"
"Wnt Signaling Pathway (GO:0016055)","2/76",0.0555565913641186,0.145981396450198,0,0,5.46773303916161,15.8036792136142,"CPE;VPS35","GO_Biological_Process_2023","blue"
"Regulation Of Neuron Projection Development (GO:0010975)","3/174",0.0567733697817361,0.145981396450198,0,0,3.56827636100561,10.2362712387518,"NDRG4;STMN2;SERPINI1","GO_Biological_Process_2023","blue"
"Positive Regulation Of I-kappaB kinase/NF-kappaB Signaling (GO:0043123)","3/175",0.0575615219120738,0.145981396450198,0,0,3.54735075521458,10.1273350654031,"PINK1;TERF2IP;GAPDH","GO_Biological_Process_2023","blue"
"Negative Regulation Of Voltage-Gated Calcium Channel Activity (GO:1901386)","1/12",0.0583925585800791,0.145981396450198,0,0,18.2635445362718,51.8788186041542,"CALM3","GO_Biological_Process_2023","blue"
"Aspartate Family Amino Acid Metabolic Process (GO:0009066)","1/12",0.0583925585800791,0.145981396450198,0,0,18.2635445362718,51.8788186041542,"GOT1","GO_Biological_Process_2023","blue"
"Axonal Fasciculation (GO:0007413)","1/12",0.0583925585800791,0.145981396450198,0,0,18.2635445362718,51.8788186041542,"RTN4","GO_Biological_Process_2023","blue"
"Axonal Transport Of Mitochondrion (GO:0019896)","1/12",0.0583925585800791,0.145981396450198,0,0,18.2635445362718,51.8788186041542,"NEFL","GO_Biological_Process_2023","blue"
"Regulation Of Platelet-Derived Growth Factor Receptor Signaling Pathway (GO:0010640)","1/12",0.0583925585800791,0.145981396450198,0,0,18.2635445362718,51.8788186041542,"NDRG4","GO_Biological_Process_2023","blue"
"Cell Projection Assembly (GO:0030031)","1/12",0.0583925585800791,0.145981396450198,0,0,18.2635445362718,51.8788186041542,"NEFH","GO_Biological_Process_2023","blue"
"Cellular Component Maintenance (GO:0043954)","1/12",0.0583925585800791,0.145981396450198,0,0,18.2635445362718,51.8788186041542,"PRNP","GO_Biological_Process_2023","blue"
"Relaxation Of Cardiac Muscle (GO:0055119)","1/12",0.0583925585800791,0.145981396450198,0,0,18.2635445362718,51.8788186041542,"ATP1B1","GO_Biological_Process_2023","blue"
"Detection Of Calcium Ion (GO:0005513)","1/12",0.0583925585800791,0.145981396450198,0,0,18.2635445362718,51.8788186041542,"CALM3","GO_Biological_Process_2023","blue"
"Positive Regulation Of Cellular Extravasation (GO:0002693)","1/12",0.0583925585800791,0.145981396450198,0,0,18.2635445362718,51.8788186041542,"THY1","GO_Biological_Process_2023","blue"
"Sodium Ion Export Across Plasma Membrane (GO:0036376)","1/12",0.0583925585800791,0.145981396450198,0,0,18.2635445362718,51.8788186041542,"ATP1B1","GO_Biological_Process_2023","blue"
"Eye Photoreceptor Cell Differentiation (GO:0001754)","1/12",0.0583925585800791,0.145981396450198,0,0,18.2635445362718,51.8788186041542,"TH","GO_Biological_Process_2023","blue"
"Positive Regulation Of Protein Localization To Cell Surface (GO:2000010)","1/12",0.0583925585800791,0.145981396450198,0,0,18.2635445362718,51.8788186041542,"HSP90AB1","GO_Biological_Process_2023","blue"
"Positive Regulation Of Purine Nucleotide Biosynthetic Process (GO:1900373)","1/12",0.0583925585800791,0.145981396450198,0,0,18.2635445362718,51.8788186041542,"PINK1","GO_Biological_Process_2023","blue"
"Positive Regulation Of Sodium Ion Transmembrane Transporter Activity (GO:2000651)","1/12",0.0583925585800791,0.145981396450198,0,0,18.2635445362718,51.8788186041542,"ATP1B1","GO_Biological_Process_2023","blue"
"Microtubule Anchoring At Microtubule Organizing Center (GO:0072393)","1/12",0.0583925585800791,0.145981396450198,0,0,18.2635445362718,51.8788186041542,"KIF3A","GO_Biological_Process_2023","blue"
"Morphogenesis Of A Polarized Epithelium (GO:0001738)","1/12",0.0583925585800791,0.145981396450198,0,0,18.2635445362718,51.8788186041542,"ACTG1","GO_Biological_Process_2023","blue"
"Myelination In Peripheral Nervous System (GO:0022011)","1/12",0.0583925585800791,0.145981396450198,0,0,18.2635445362718,51.8788186041542,"SOD1","GO_Biological_Process_2023","blue"
"Regulation Of SNARE Complex Assembly (GO:0035542)","1/12",0.0583925585800791,0.145981396450198,0,0,18.2635445362718,51.8788186041542,"STXBP1","GO_Biological_Process_2023","blue"
"Regulation Of T Cell Differentiation In Thymus (GO:0033081)","1/12",0.0583925585800791,0.145981396450198,0,0,18.2635445362718,51.8788186041542,"SOD1","GO_Biological_Process_2023","blue"
"Response To Insulin (GO:0032868)","2/79",0.0594897545967717,0.147340903826888,0,0,5.25390935595017,14.8262756693766,"PKM;GOT1","GO_Biological_Process_2023","blue"
"Vesicle Fusion (GO:0006906)","2/79",0.0594897545967717,0.147340903826888,0,0,5.25390935595017,14.8262756693766,"SYT11;STXBP1","GO_Biological_Process_2023","blue"
"Positive Regulation Of Protein Modification By Small Protein Conjugation Or Removal (GO:1903322)","2/79",0.0594897545967717,0.147340903826888,0,0,5.25390935595017,14.8262756693766,"PINK1;UBB","GO_Biological_Process_2023","blue"
"Negative Regulation Of Cellular Component Organization (GO:0051129)","2/79",0.0594897545967717,0.147340903826888,0,0,5.25390935595017,14.8262756693766,"HSPA8;SYT11","GO_Biological_Process_2023","blue"
"Negative Regulation Of Cytokine Production (GO:0001818)","3/178",0.059957169773651,0.148154027398929,0,0,3.4860088365243,9.81006395045055,"PRNP;SYT11;APLP2","GO_Biological_Process_2023","blue"
"Regulation Of Cytokinesis (GO:0032465)","2/80",0.0608217071927091,0.149251424332339,0,0,5.18628990057561,14.520618689889,"CALM3;CALM1","GO_Biological_Process_2023","blue"
"Response To Type II Interferon (GO:0034341)","2/80",0.0608217071927091,0.149251424332339,0,0,5.18628990057561,14.520618689889,"CALM1;GAPDH","GO_Biological_Process_2023","blue"
"Wound Healing (GO:0042060)","2/80",0.0608217071927091,0.149251424332339,0,0,5.18628990057561,14.520618689889,"SYT11;ANXA6","GO_Biological_Process_2023","blue"
"Macromolecule Modification (GO:0043412)","2/81",0.0621638842786596,0.150347055656489,0,0,5.12038233014725,14.2243252686936,"FBXO2;CPE","GO_Biological_Process_2023","blue"
"Negative Regulation Of Neuroinflammatory Response (GO:0150079)","1/13",0.0631034120924419,0.150347055656489,0,0,16.7407407407407,46.2543391597171,"SYT11","GO_Biological_Process_2023","blue"
"Regulation Of Nitrogen Compound Metabolic Process (GO:0051171)","1/13",0.0631034120924419,0.150347055656489,0,0,16.7407407407407,46.2543391597171,"VPS35","GO_Biological_Process_2023","blue"
"Relaxation Of Muscle (GO:0090075)","1/13",0.0631034120924419,0.150347055656489,0,0,16.7407407407407,46.2543391597171,"ATP1B1","GO_Biological_Process_2023","blue"
"Cotranslational Protein Targeting To Membrane (GO:0006613)","1/13",0.0631034120924419,0.150347055656489,0,0,16.7407407407407,46.2543391597171,"SRP14","GO_Biological_Process_2023","blue"
"Cytoplasmic Sequestering Of Protein (GO:0051220)","1/13",0.0631034120924419,0.150347055656489,0,0,16.7407407407407,46.2543391597171,"YWHAB","GO_Biological_Process_2023","blue"
"Response To Nerve Growth Factor (GO:1990089)","1/13",0.0631034120924419,0.150347055656489,0,0,16.7407407407407,46.2543391597171,"STMN2","GO_Biological_Process_2023","blue"
"Thymus Development (GO:0048538)","1/13",0.0631034120924419,0.150347055656489,0,0,16.7407407407407,46.2543391597171,"SOD1","GO_Biological_Process_2023","blue"
"Positive Regulation Of Potassium Ion Transmembrane Transporter Activity (GO:1901018)","1/13",0.0631034120924419,0.150347055656489,0,0,16.7407407407407,46.2543391597171,"ATP1B1","GO_Biological_Process_2023","blue"
"Positive Regulation Of Superoxide Anion Generation (GO:0032930)","1/13",0.0631034120924419,0.150347055656489,0,0,16.7407407407407,46.2543391597171,"SOD1","GO_Biological_Process_2023","blue"
"Intracellular Potassium Ion Homeostasis (GO:0030007)","1/13",0.0631034120924419,0.150347055656489,0,0,16.7407407407407,46.2543391597171,"ATP1B1","GO_Biological_Process_2023","blue"
"Killing By Host Of Symbiont Cells (GO:0051873)","1/13",0.0631034120924419,0.150347055656489,0,0,16.7407407407407,46.2543391597171,"GAPDH","GO_Biological_Process_2023","blue"
"Negative Regulation Of NLRP3 Inflammasome Complex Assembly (GO:1900226)","1/13",0.0631034120924419,0.150347055656489,0,0,16.7407407407407,46.2543391597171,"HSPA8","GO_Biological_Process_2023","blue"
"Sodium Ion Transmembrane Transport (GO:0035725)","2/82",0.0635161526621472,0.150992639699078,0,0,5.05612244897959,13.9370045076699,"ATP1B1;SLC6A3","GO_Biological_Process_2023","blue"
"Regulation Of Cell Division (GO:0051302)","2/83",0.0648783802345316,0.152960471947839,0,0,4.99344923154447,13.6582862458477,"CALM3;CALM1","GO_Biological_Process_2023","blue"
"Positive Regulation Of Protein Ubiquitination (GO:0031398)","2/84",0.0662504359060044,0.152960471947839,0,0,4.93230462916874,13.3878197311643,"PINK1;UBB","GO_Biological_Process_2023","blue"
"Calcium-Mediated Signaling (GO:0019722)","2/85",0.067632189652766,0.152960471947839,0,0,4.87263339070568,13.1252723836309,"PRNP;ATP1B1","GO_Biological_Process_2023","blue"
"Positive Regulation Of Endothelial Cell Migration (GO:0010595)","2/85",0.067632189652766,0.152960471947839,0,0,4.87263339070568,13.1252723836309,"ATP5F1A;ATP5F1B","GO_Biological_Process_2023","blue"
"Establishment Of Protein Localization To Organelle (GO:0072594)","2/85",0.067632189652766,0.152960471947839,0,0,4.87263339070568,13.1252723836309,"PINK1;APLP2","GO_Biological_Process_2023","blue"
"2-Oxoglutarate Metabolic Process (GO:0006103)","1/14",0.0677909321684321,0.152960471947839,0,0,15.4522144522145,41.5869594433684,"GOT1","GO_Biological_Process_2023","blue"
"Regulation Of Leukocyte Activation (GO:0002694)","1/14",0.0677909321684321,0.152960471947839,0,0,15.4522144522145,41.5869594433684,"PJA2","GO_Biological_Process_2023","blue"
"Negative Regulation Of Smooth Muscle Cell Migration (GO:0014912)","1/14",0.0677909321684321,0.152960471947839,0,0,15.4522144522145,41.5869594433684,"NDRG4","GO_Biological_Process_2023","blue"
"Regulation Of Microglial Cell Activation (GO:1903978)","1/14",0.0677909321684321,0.152960471947839,0,0,15.4522144522145,41.5869594433684,"SYT11","GO_Biological_Process_2023","blue"
"Nuclear Pore Organization (GO:0006999)","1/14",0.0677909321684321,0.152960471947839,0,0,15.4522144522145,41.5869594433684,"RTN4","GO_Biological_Process_2023","blue"
"Calcium Ion-Regulated Exocytosis Of Neurotransmitter (GO:0048791)","1/14",0.0677909321684321,0.152960471947839,0,0,15.4522144522145,41.5869594433684,"SYT11","GO_Biological_Process_2023","blue"
"Regulation Of Superoxide Anion Generation (GO:0032928)","1/14",0.0677909321684321,0.152960471947839,0,0,15.4522144522145,41.5869594433684,"SOD1","GO_Biological_Process_2023","blue"
"Photoreceptor Cell Development (GO:0042461)","1/14",0.0677909321684321,0.152960471947839,0,0,15.4522144522145,41.5869594433684,"TH","GO_Biological_Process_2023","blue"
"Ceramide Transport (GO:0035627)","1/14",0.0677909321684321,0.152960471947839,0,0,15.4522144522145,41.5869594433684,"PSAP","GO_Biological_Process_2023","blue"
"Copper Ion Homeostasis (GO:0055070)","1/14",0.0677909321684321,0.152960471947839,0,0,15.4522144522145,41.5869594433684,"PRNP","GO_Biological_Process_2023","blue"
"Positive Regulation Of Cytoplasmic Translation (GO:2000767)","1/14",0.0677909321684321,0.152960471947839,0,0,15.4522144522145,41.5869594433684,"PKM","GO_Biological_Process_2023","blue"
"Positive Regulation Of Heterotypic Cell-Cell Adhesion (GO:0034116)","1/14",0.0677909321684321,0.152960471947839,0,0,15.4522144522145,41.5869594433684,"THY1","GO_Biological_Process_2023","blue"
"Synaptic Vesicle Membrane Organization (GO:0048499)","1/14",0.0677909321684321,0.152960471947839,0,0,15.4522144522145,41.5869594433684,"SNAP25","GO_Biological_Process_2023","blue"
"Telomere Capping (GO:0016233)","1/14",0.0677909321684321,0.152960471947839,0,0,15.4522144522145,41.5869594433684,"TERF2IP","GO_Biological_Process_2023","blue"
"Medium-Chain Fatty Acid Metabolic Process (GO:0051791)","1/14",0.0677909321684321,0.152960471947839,0,0,15.4522144522145,41.5869594433684,"ACOT7","GO_Biological_Process_2023","blue"
"Membrane Repolarization During Cardiac Muscle Cell Action Potential (GO:0086013)","1/14",0.0677909321684321,0.152960471947839,0,0,15.4522144522145,41.5869594433684,"ATP1B1","GO_Biological_Process_2023","blue"
"Protein Localization To Vacuole (GO:0072665)","1/14",0.0677909321684321,0.152960471947839,0,0,15.4522144522145,41.5869594433684,"RTN4","GO_Biological_Process_2023","blue"
"Mitochondrial Calcium Ion Transmembrane Transport (GO:0006851)","1/14",0.0677909321684321,0.152960471947839,0,0,15.4522144522145,41.5869594433684,"GHITM","GO_Biological_Process_2023","blue"
"Regulation Of Carbohydrate Catabolic Process (GO:0043470)","1/14",0.0677909321684321,0.152960471947839,0,0,15.4522144522145,41.5869594433684,"PGAM1","GO_Biological_Process_2023","blue"
"Exocytosis (GO:0006887)","2/86",0.0690235124413976,0.155412348308855,0,0,4.81438289601555,12.8703286595916,"NSF;SNAP25","GO_Biological_Process_2023","blue"
"Negative Regulation Of Protein Kinase Activity (GO:0006469)","2/88",0.0718343542729081,0.158124637975447,0,0,4.70194589463692,12.3820687985171,"THY1;YWHAG","GO_Biological_Process_2023","blue"
"Regulation Of Cholesterol Biosynthetic Process (GO:0045540)","1/15",0.0724552331756038,0.158124637975447,0,0,14.3477633477633,37.6598138369901,"SOD1","GO_Biological_Process_2023","blue"
"Negative Regulation Of Macrophage Activation (GO:0043031)","1/15",0.0724552331756038,0.158124637975447,0,0,14.3477633477633,37.6598138369901,"SYT11","GO_Biological_Process_2023","blue"
"Regulation Of Hormone Secretion (GO:0046883)","1/15",0.0724552331756038,0.158124637975447,0,0,14.3477633477633,37.6598138369901,"SCG5","GO_Biological_Process_2023","blue"
"Negative Regulation Of Phagocytosis (GO:0050765)","1/15",0.0724552331756038,0.158124637975447,0,0,14.3477633477633,37.6598138369901,"SYT11","GO_Biological_Process_2023","blue"
"Negative Regulation Of Protein Processing (GO:0010955)","1/15",0.0724552331756038,0.158124637975447,0,0,14.3477633477633,37.6598138369901,"PRNP","GO_Biological_Process_2023","blue"
"Negative Regulation Of Synaptic Transmission (GO:0050805)","1/15",0.0724552331756038,0.158124637975447,0,0,14.3477633477633,37.6598138369901,"STXBP1","GO_Biological_Process_2023","blue"
"Negative Regulation Of Telomere Maintenance (GO:0032205)","1/15",0.0724552331756038,0.158124637975447,0,0,14.3477633477633,37.6598138369901,"TERF2IP","GO_Biological_Process_2023","blue"
"Regulation Of Multicellular Organism Growth (GO:0040014)","1/15",0.0724552331756038,0.158124637975447,0,0,14.3477633477633,37.6598138369901,"SOD1","GO_Biological_Process_2023","blue"
"Coenzyme A Metabolic Process (GO:0015936)","1/15",0.0724552331756038,0.158124637975447,0,0,14.3477633477633,37.6598138369901,"ACOT7","GO_Biological_Process_2023","blue"
"Vasodilation (GO:0042311)","1/15",0.0724552331756038,0.158124637975447,0,0,14.3477633477633,37.6598138369901,"SOD1","GO_Biological_Process_2023","blue"
"Positive Regulation Of Sprouting Angiogenesis (GO:1903672)","1/15",0.0724552331756038,0.158124637975447,0,0,14.3477633477633,37.6598138369901,"PKM","GO_Biological_Process_2023","blue"
"Protein Localization To Cell-Cell Junction (GO:0150105)","1/15",0.0724552331756038,0.158124637975447,0,0,14.3477633477633,37.6598138369901,"ACTG1","GO_Biological_Process_2023","blue"
"Protein Localization To Chromosome, Telomeric Region (GO:0070198)","1/15",0.0724552331756038,0.158124637975447,0,0,14.3477633477633,37.6598138369901,"TERF2IP","GO_Biological_Process_2023","blue"
"Membrane Repolarization During Action Potential (GO:0086011)","1/15",0.0724552331756038,0.158124637975447,0,0,14.3477633477633,37.6598138369901,"ATP1B1","GO_Biological_Process_2023","blue"
"ERAD Pathway (GO:0036503)","2/89",0.0732536203857354,0.158890235663561,0,0,4.6476659629369,12.1481976031779,"FBXO2;CANX","GO_Biological_Process_2023","blue"
"Cellular Response To Peptide Hormone Stimulus (GO:0071375)","2/89",0.0732536203857354,0.158890235663561,0,0,4.6476659629369,12.1481976031779,"PKM;GOT1","GO_Biological_Process_2023","blue"
"Sodium Ion Transport (GO:0006814)","2/89",0.0732536203857354,0.158890235663561,0,0,4.6476659629369,12.1481976031779,"ATP1B1;SLC6A3","GO_Biological_Process_2023","blue"
"Supramolecular Fiber Organization (GO:0097435)","4/316",0.0740609817272024,0.160314929958273,0,0,2.6159188034188,6.8088872834537,"HSP90AB1;STMN2;NEFL;INA","GO_Biological_Process_2023","blue"
"Positive Regulation Of Protein Metabolic Process (GO:0051247)","3/196",0.0752869536183819,0.160366595334137,0,0,3.1580043801079,8.16801543267454,"NSF;HSP90AA1;VPS35","GO_Biological_Process_2023","blue"
"Proteasome-Mediated Ubiquitin-Dependent Protein Catabolic Process (GO:0043161)","4/319",0.0760848763441237,0.160366595334137,0,0,2.59060846560847,6.67316328878813,"UCHL1;FBXO2;CANX;PJA2","GO_Biological_Process_2023","blue"
"Regulation Of Fatty Acid Oxidation (GO:0046320)","1/16",0.0770964289305897,0.160366595334137,0,0,13.3905723905724,34.3159973270839,"APLP2","GO_Biological_Process_2023","blue"
"Negative Regulation Of Release Of Cytochrome C From Mitochondria (GO:0090201)","1/16",0.0770964289305897,0.160366595334137,0,0,13.3905723905724,34.3159973270839,"GHITM","GO_Biological_Process_2023","blue"
"Neuron Projection Organization (GO:0106027)","1/16",0.0770964289305897,0.160366595334137,0,0,13.3905723905724,34.3159973270839,"PRNP","GO_Biological_Process_2023","blue"
"Regulation Of Plasminogen Activation (GO:0010755)","1/16",0.0770964289305897,0.160366595334137,0,0,13.3905723905724,34.3159973270839,"ENO1","GO_Biological_Process_2023","blue"
"Regulation Of Presynapse Assembly (GO:1905606)","1/16",0.0770964289305897,0.160366595334137,0,0,13.3905723905724,34.3159973270839,"VPS35","GO_Biological_Process_2023","blue"
"Regulation Of Presynapse Organization (GO:0099174)","1/16",0.0770964289305897,0.160366595334137,0,0,13.3905723905724,34.3159973270839,"VPS35","GO_Biological_Process_2023","blue"
"Regulation Of Protein Kinase A Signaling (GO:0010738)","1/16",0.0770964289305897,0.160366595334137,0,0,13.3905723905724,34.3159973270839,"PJA2","GO_Biological_Process_2023","blue"
"Cell Communication By Electrical Coupling Involved In Cardiac Conduction (GO:0086064)","1/16",0.0770964289305897,0.160366595334137,0,0,13.3905723905724,34.3159973270839,"ATP1B1","GO_Biological_Process_2023","blue"
"Regulation Of Synaptic Transmission, GABAergic (GO:0032228)","1/16",0.0770964289305897,0.160366595334137,0,0,13.3905723905724,34.3159973270839,"STXBP1","GO_Biological_Process_2023","blue"
"Positive Regulation Of Autophagosome Assembly (GO:2000786)","1/16",0.0770964289305897,0.160366595334137,0,0,13.3905723905724,34.3159973270839,"MOAP1","GO_Biological_Process_2023","blue"
"Dicarboxylic Acid Catabolic Process (GO:0043649)","1/16",0.0770964289305897,0.160366595334137,0,0,13.3905723905724,34.3159973270839,"GOT1","GO_Biological_Process_2023","blue"
"Establishment Of Protein Localization To Endoplasmic Reticulum (GO:0072599)","1/16",0.0770964289305897,0.160366595334137,0,0,13.3905723905724,34.3159973270839,"SRP14","GO_Biological_Process_2023","blue"
"Extrinsic Apoptotic Signaling Pathway In Absence Of Ligand (GO:0097192)","1/16",0.0770964289305897,0.160366595334137,0,0,13.3905723905724,34.3159973270839,"MOAP1","GO_Biological_Process_2023","blue"
"Glycoprotein Catabolic Process (GO:0006516)","1/16",0.0770964289305897,0.160366595334137,0,0,13.3905723905724,34.3159973270839,"FBXO2","GO_Biological_Process_2023","blue"
"Heart Process (GO:0003015)","1/16",0.0770964289305897,0.160366595334137,0,0,13.3905723905724,34.3159973270839,"SOD1","GO_Biological_Process_2023","blue"
"Protein Localization To Mitochondrion (GO:0070585)","1/16",0.0770964289305897,0.160366595334137,0,0,13.3905723905724,34.3159973270839,"PINK1","GO_Biological_Process_2023","blue"
"Mitophagy (GO:0000423)","1/16",0.0770964289305897,0.160366595334137,0,0,13.3905723905724,34.3159973270839,"PINK1","GO_Biological_Process_2023","blue"
"Negative Regulation Of Biosynthetic Process (GO:0009890)","1/16",0.0770964289305897,0.160366595334137,0,0,13.3905723905724,34.3159973270839,"SLC18A2","GO_Biological_Process_2023","blue"
"Organic Substance Transport (GO:0071702)","3/201",0.0798258760090027,0.165720385866643,0,0,3.07747578881599,7.77957433172407,"KIF3A;SLC6A3;SLC18A2","GO_Biological_Process_2023","blue"
"Negative Regulation Of Oxidative Stress-Induced Intrinsic Apoptotic Signaling Pathway (GO:1902176)","1/17",0.0817146326715557,0.166397865765214,0,0,12.5530303030303,31.4393429542943,"PINK1","GO_Biological_Process_2023","blue"
"Nicotinamide Nucleotide Metabolic Process (GO:0046496)","1/17",0.0817146326715557,0.166397865765214,0,0,12.5530303030303,31.4393429542943,"MDH1","GO_Biological_Process_2023","blue"
"Regulation Of Oxidative Phosphorylation (GO:0002082)","1/17",0.0817146326715557,0.166397865765214,0,0,12.5530303030303,31.4393429542943,"PINK1","GO_Biological_Process_2023","blue"
"Carbohydrate Derivative Catabolic Process (GO:1901136)","1/17",0.0817146326715557,0.166397865765214,0,0,12.5530303030303,31.4393429542943,"FBXO2","GO_Biological_Process_2023","blue"
"Regulation Of Receptor Recycling (GO:0001919)","1/17",0.0817146326715557,0.166397865765214,0,0,12.5530303030303,31.4393429542943,"NSF","GO_Biological_Process_2023","blue"
"Embryonic Heart Tube Development (GO:0035050)","1/17",0.0817146326715557,0.166397865765214,0,0,12.5530303030303,31.4393429542943,"NDRG4","GO_Biological_Process_2023","blue"
"Positive Regulation Of Potassium Ion Transmembrane Transport (GO:1901381)","1/17",0.0817146326715557,0.166397865765214,0,0,12.5530303030303,31.4393429542943,"ATP1B1","GO_Biological_Process_2023","blue"
"Membrane Lipid Metabolic Process (GO:0006643)","1/17",0.0817146326715557,0.166397865765214,0,0,12.5530303030303,31.4393429542943,"SERINC1","GO_Biological_Process_2023","blue"
"Microtubule Depolymerization (GO:0007019)","1/17",0.0817146326715557,0.166397865765214,0,0,12.5530303030303,31.4393429542943,"STMN2","GO_Biological_Process_2023","blue"
"Regulation Of Aerobic Respiration (GO:1903715)","1/17",0.0817146326715557,0.166397865765214,0,0,12.5530303030303,31.4393429542943,"PINK1","GO_Biological_Process_2023","blue"
"Regulation Of Protein Metabolic Process (GO:0051246)","2/96",0.0834353800745876,0.169577633166862,0,0,4.30004342162397,10.6799440491835,"HSP90AB1;VPS35","GO_Biological_Process_2023","blue"
"Regulation Of Protein Localization (GO:0032880)","2/97",0.0849237360045433,0.171391998597172,0,0,4.25456498388829,10.491764264828,"HSP90AA1;HSP90AB1","GO_Biological_Process_2023","blue"
"Regulation Of Oxidative Stress-Induced Intrinsic Apoptotic Signaling Pathway (GO:1902175)","1/18",0.0863099571505928,0.171391998597172,0,0,11.8140225787285,28.9421143066093,"SOD1","GO_Biological_Process_2023","blue"
"Regulation Of Synaptic Vesicle Exocytosis (GO:2000300)","1/18",0.0863099571505928,0.171391998597172,0,0,11.8140225787285,28.9421143066093,"PREPL","GO_Biological_Process_2023","blue"
"Response To Axon Injury (GO:0048678)","1/18",0.0863099571505928,0.171391998597172,0,0,11.8140225787285,28.9421143066093,"SOD1","GO_Biological_Process_2023","blue"
"Positive Regulation Of Cyclin-Dependent Protein Kinase Activity (GO:1904031)","1/18",0.0863099571505928,0.171391998597172,0,0,11.8140225787285,28.9421143066093,"HSP90AB1","GO_Biological_Process_2023","blue"
"Positive Regulation Of Focal Adhesion Assembly (GO:0051894)","1/18",0.0863099571505928,0.171391998597172,0,0,11.8140225787285,28.9421143066093,"THY1","GO_Biological_Process_2023","blue"
"Establishment Of Vesicle Localization (GO:0051650)","1/18",0.0863099571505928,0.171391998597172,0,0,11.8140225787285,28.9421143066093,"SYT11","GO_Biological_Process_2023","blue"
"Vesicle-Mediated Transport In Synapse (GO:0099003)","1/18",0.0863099571505928,0.171391998597172,0,0,11.8140225787285,28.9421143066093,"SNAP25","GO_Biological_Process_2023","blue"
"Intracellular Sodium Ion Homeostasis (GO:0006883)","1/18",0.0863099571505928,0.171391998597172,0,0,11.8140225787285,28.9421143066093,"ATP1B1","GO_Biological_Process_2023","blue"
"Maintenance Of Protein Localization In Organelle (GO:0072595)","1/18",0.0863099571505928,0.171391998597172,0,0,11.8140225787285,28.9421143066093,"PINK1","GO_Biological_Process_2023","blue"
"Membrane Repolarization (GO:0086009)","1/18",0.0863099571505928,0.171391998597172,0,0,11.8140225787285,28.9421143066093,"ATP1B1","GO_Biological_Process_2023","blue"
"Negative Regulation Of Macromolecule Biosynthetic Process (GO:0010558)","2/98",0.0864201908419546,0.171391998597172,0,0,4.21003401360544,10.3084111715959,"CLTC;GAPDH","GO_Biological_Process_2023","blue"
"Positive Regulation Of Cold-Induced Thermogenesis (GO:0120162)","2/98",0.0864201908419546,0.171391998597172,0,0,4.21003401360544,10.3084111715959,"APLP2;GNAS","GO_Biological_Process_2023","blue"
"Cellular Response To Insulin Stimulus (GO:0032869)","2/99",0.0879246283814667,0.174051541312755,0,0,4.16642120765832,10.129717084782,"PKM;GOT1","GO_Biological_Process_2023","blue"
"Negative Regulation Of Fatty Acid Metabolic Process (GO:0045922)","1/19",0.0908825145361798,0.17662386492889,0,0,11.1571268237935,26.7568838212325,"APLP2","GO_Biological_Process_2023","blue"
"NADP Metabolic Process (GO:0006739)","1/19",0.0908825145361798,0.17662386492889,0,0,11.1571268237935,26.7568838212325,"MDH1","GO_Biological_Process_2023","blue"
"Negative Regulation Of Protein Dephosphorylation (GO:0035308)","1/19",0.0908825145361798,0.17662386492889,0,0,11.1571268237935,26.7568838212325,"YWHAB","GO_Biological_Process_2023","blue"
"Neuron Apoptotic Process (GO:0051402)","1/19",0.0908825145361798,0.17662386492889,0,0,11.1571268237935,26.7568838212325,"GAPDH","GO_Biological_Process_2023","blue"
"Regulation Of Smooth Muscle Cell Migration (GO:0014910)","1/19",0.0908825145361798,0.17662386492889,0,0,11.1571268237935,26.7568838212325,"NDRG4","GO_Biological_Process_2023","blue"
"Pore Complex Assembly (GO:0046931)","1/19",0.0908825145361798,0.17662386492889,0,0,11.1571268237935,26.7568838212325,"RTN4","GO_Biological_Process_2023","blue"
"Dopamine Metabolic Process (GO:0042417)","1/19",0.0908825145361798,0.17662386492889,0,0,11.1571268237935,26.7568838212325,"TH","GO_Biological_Process_2023","blue"
"Heme Biosynthetic Process (GO:0006783)","1/19",0.0908825145361798,0.17662386492889,0,0,11.1571268237935,26.7568838212325,"PGRMC1","GO_Biological_Process_2023","blue"
"Receptor Clustering (GO:0043113)","1/19",0.0908825145361798,0.17662386492889,0,0,11.1571268237935,26.7568838212325,"THY1","GO_Biological_Process_2023","blue"
"Negative Regulation Of Calcium Ion Transmembrane Transport (GO:1903170)","1/19",0.0908825145361798,0.17662386492889,0,0,11.1571268237935,26.7568838212325,"VDAC1","GO_Biological_Process_2023","blue"
"Negative Regulation Of Microtubule Depolymerization (GO:0007026)","1/20",0.0954324164624815,0.180846127282105,0,0,10.5693779904306,24.8310303892707,"STMN2","GO_Biological_Process_2023","blue"
"Negative Regulation Of Protein Localization To Cell Periphery (GO:1904376)","1/20",0.0954324164624815,0.180846127282105,0,0,10.5693779904306,24.8310303892707,"CLTC","GO_Biological_Process_2023","blue"
"Negative Regulation Of Protein Localization To Plasma Membrane (GO:1903077)","1/20",0.0954324164624815,0.180846127282105,0,0,10.5693779904306,24.8310303892707,"CLTC","GO_Biological_Process_2023","blue"
"Calcium-Mediated Signaling Using Intracellular Calcium Source (GO:0035584)","1/20",0.0954324164624815,0.180846127282105,0,0,10.5693779904306,24.8310303892707,"PRNP","GO_Biological_Process_2023","blue"
"Cell Projection Organization (GO:0030030)","1/20",0.0954324164624815,0.180846127282105,0,0,10.5693779904306,24.8310303892707,"NEFH","GO_Biological_Process_2023","blue"
"Peripheral Nervous System Development (GO:0007422)","1/20",0.0954324164624815,0.180846127282105,0,0,10.5693779904306,24.8310303892707,"SERPINI1","GO_Biological_Process_2023","blue"
"Regulation Of Spindle Organization (GO:0090224)","1/20",0.0954324164624815,0.180846127282105,0,0,10.5693779904306,24.8310303892707,"CLTC","GO_Biological_Process_2023","blue"
"Cellular Response To Copper Ion (GO:0071280)","1/20",0.0954324164624815,0.180846127282105,0,0,10.5693779904306,24.8310303892707,"PRNP","GO_Biological_Process_2023","blue"
"Phosphatidylserine Metabolic Process (GO:0006658)","1/20",0.0954324164624815,0.180846127282105,0,0,10.5693779904306,24.8310303892707,"SERINC1","GO_Biological_Process_2023","blue"
"Striated Muscle Cell Differentiation (GO:0051146)","1/20",0.0954324164624815,0.180846127282105,0,0,10.5693779904306,24.8310303892707,"PLD3","GO_Biological_Process_2023","blue"
"Glutamate Metabolic Process (GO:0006536)","1/20",0.0954324164624815,0.180846127282105,0,0,10.5693779904306,24.8310303892707,"GOT1","GO_Biological_Process_2023","blue"
"Positive Regulation Of Protein Processing (GO:0010954)","1/20",0.0954324164624815,0.180846127282105,0,0,10.5693779904306,24.8310303892707,"ENO1","GO_Biological_Process_2023","blue"
"Regulation Of Calcium Ion Transmembrane Transport (GO:1903169)","1/20",0.0954324164624815,0.180846127282105,0,0,10.5693779904306,24.8310303892707,"PRNP","GO_Biological_Process_2023","blue"
"Negative Regulation Of Cytokine Production Involved In Inflammatory Response (GO:1900016)","1/20",0.0954324164624815,0.180846127282105,0,0,10.5693779904306,24.8310303892707,"APLP2","GO_Biological_Process_2023","blue"
"Negative Regulation Of MAPK Cascade (GO:0043409)","2/105",0.0971124998083677,0.183703041378173,0,0,3.92252823459481,9.1468854610462,"UCHL1;PEBP1","GO_Biological_Process_2023","blue"
"Negative Regulation Of Interleukin-2 Production (GO:0032703)","1/21",0.0999597740324998,0.186439858747132,0,0,10.040404040404,23.1229243332888,"PRNP","GO_Biological_Process_2023","blue"
"Plasma Membrane Repair (GO:0001778)","1/21",0.0999597740324998,0.186439858747132,0,0,10.040404040404,23.1229243332888,"SYT11","GO_Biological_Process_2023","blue"
"Porphyrin-Containing Compound Biosynthetic Process (GO:0006779)","1/21",0.0999597740324998,0.186439858747132,0,0,10.040404040404,23.1229243332888,"PGRMC1","GO_Biological_Process_2023","blue"
"Cellular Response To Nerve Growth Factor Stimulus (GO:1990090)","1/21",0.0999597740324998,0.186439858747132,0,0,10.040404040404,23.1229243332888,"STMN2","GO_Biological_Process_2023","blue"
"Focal Adhesion Assembly (GO:0048041)","1/21",0.0999597740324998,0.186439858747132,0,0,10.040404040404,23.1229243332888,"THY1","GO_Biological_Process_2023","blue"
"Positive Regulation Of Signal Transduction By P53 Class Mediator (GO:1901798)","1/21",0.0999597740324998,0.186439858747132,0,0,10.040404040404,23.1229243332888,"UBB","GO_Biological_Process_2023","blue"
"Positive Regulation Of Vacuole Organization (GO:0044090)","1/21",0.0999597740324998,0.186439858747132,0,0,10.040404040404,23.1229243332888,"MOAP1","GO_Biological_Process_2023","blue"
"Mitochondrial Calcium Ion Homeostasis (GO:0051560)","1/21",0.0999597740324998,0.186439858747132,0,0,10.040404040404,23.1229243332888,"ANXA6","GO_Biological_Process_2023","blue"
"Positive Regulation Of Metabolic Process (GO:0009893)","2/108",0.101805071977306,0.189549653244459,0,0,3.81093569503273,8.70682707358352,"APLP2;GNAS","GO_Biological_Process_2023","blue"
"Negative Regulation Of Developmental Process (GO:0051093)","2/109",0.1033831480897,0.191488645744143,0,0,3.77512874308602,8.56694989627224,"PINK1;THY1","GO_Biological_Process_2023","blue"
"Regulation Of Dopamine Secretion (GO:0014059)","1/22",0.104464697819105,0.191488645744143,0,0,9.56180856180856,21.5992275397069,"SYT11","GO_Biological_Process_2023","blue"
"Negative Regulation Of Macroautophagy (GO:0016242)","1/22",0.104464697819105,0.191488645744143,0,0,9.56180856180856,21.5992275397069,"PINK1","GO_Biological_Process_2023","blue"
"NAD Metabolic Process (GO:0019674)","1/22",0.104464697819105,0.191488645744143,0,0,9.56180856180856,21.5992275397069,"MDH1","GO_Biological_Process_2023","blue"
"Placenta Development (GO:0001890)","1/22",0.104464697819105,0.191488645744143,0,0,9.56180856180856,21.5992275397069,"SOD1","GO_Biological_Process_2023","blue"
"Cellular Response To Interferon-Beta (GO:0035458)","1/22",0.104464697819105,0.191488645744143,0,0,9.56180856180856,21.5992275397069,"CALM1","GO_Biological_Process_2023","blue"
"Vesicle Transport Along Microtubule (GO:0047496)","1/22",0.104464697819105,0.191488645744143,0,0,9.56180856180856,21.5992275397069,"KIF3A","GO_Biological_Process_2023","blue"
"Negative Regulation Of G Protein-Coupled Receptor Signaling Pathway (GO:0045744)","1/22",0.104464697819105,0.191488645744143,0,0,9.56180856180856,21.5992275397069,"YWHAB","GO_Biological_Process_2023","blue"
"Negative Regulation Of Cell Communication (GO:0010648)","1/22",0.104464697819105,0.191488645744143,0,0,9.56180856180856,21.5992275397069,"HSP90AB1","GO_Biological_Process_2023","blue"
"Regulation Of JNK Cascade (GO:0046328)","2/110",0.10496798910782,0.192080598625135,0,0,3.73998488284203,8.4302993295524,"PINK1;PJA2","GO_Biological_Process_2023","blue"
"Apoptotic Process (GO:0006915)","3/228",0.106284222826077,0.194155569999609,0,0,2.70446735395189,6.06243794208399,"VDAC1;GAPDH;RTN4","GO_Biological_Process_2023","blue"
"Regulation Of Cellular Response To Transforming Growth Factor Beta Stimulus (GO:1903844)","1/23",0.108947297836033,0.195006507891387,0,0,9.1267217630854,20.2329475165344,"DKK3","GO_Biological_Process_2023","blue"
"Negative Regulation Of Extrinsic Apoptotic Signaling Pathway Via Death Domain Receptors (GO:1902042)","1/23",0.108947297836033,0.195006507891387,0,0,9.1267217630854,20.2329475165344,"FAIM2","GO_Biological_Process_2023","blue"
"Negative Regulation Of Oxidative Stress-Induced Cell Death (GO:1903202)","1/23",0.108947297836033,0.195006507891387,0,0,9.1267217630854,20.2329475165344,"PINK1","GO_Biological_Process_2023","blue"
"Negative Regulation Of Protein Depolymerization (GO:1901880)","1/23",0.108947297836033,0.195006507891387,0,0,9.1267217630854,20.2329475165344,"STMN2","GO_Biological_Process_2023","blue"
"Negative Regulation Of Protein Tyrosine Kinase Activity (GO:0061099)","1/23",0.108947297836033,0.195006507891387,0,0,9.1267217630854,20.2329475165344,"THY1","GO_Biological_Process_2023","blue"
"Regulation Of Toll-Like Receptor 4 Signaling Pathway (GO:0034143)","1/23",0.108947297836033,0.195006507891387,0,0,9.1267217630854,20.2329475165344,"APLP2","GO_Biological_Process_2023","blue"
"Positive Regulation Of Cell-Substrate Junction Organization (GO:0150117)","1/23",0.108947297836033,0.195006507891387,0,0,9.1267217630854,20.2329475165344,"THY1","GO_Biological_Process_2023","blue"
"Positive Regulation Of Neuron Apoptotic Process (GO:0043525)","1/23",0.108947297836033,0.195006507891387,0,0,9.1267217630854,20.2329475165344,"PRNP","GO_Biological_Process_2023","blue"
"Positive Regulation Of Protein Targeting To Membrane (GO:0090314)","1/23",0.108947297836033,0.195006507891387,0,0,9.1267217630854,20.2329475165344,"PRNP","GO_Biological_Process_2023","blue"
"Potassium Ion Homeostasis (GO:0055075)","1/23",0.108947297836033,0.195006507891387,0,0,9.1267217630854,20.2329475165344,"ATP1B1","GO_Biological_Process_2023","blue"
"Protein Localization To Cell Junction (GO:1902414)","1/23",0.108947297836033,0.195006507891387,0,0,9.1267217630854,20.2329475165344,"KIF3A","GO_Biological_Process_2023","blue"
"Protein Targeting To ER (GO:0045047)","1/23",0.108947297836033,0.195006507891387,0,0,9.1267217630854,20.2329475165344,"SRP14","GO_Biological_Process_2023","blue"
"Protein Modification By Small Protein Conjugation (GO:0032446)","4/364",0.109679484475647,0.195987669406986,0,0,2.26157407407407,4.9985150608465,"PINK1;UBB;FBXO2;PJA2","GO_Biological_Process_2023","blue"
"Regulation Of I-kappaB kinase/NF-kappaB Signaling (GO:0043122)","3/232",0.110465912159545,0.197062305611249,0,0,2.65668752532301,5.85281091732596,"PINK1;TERF2IP;GAPDH","GO_Biological_Process_2023","blue"
"Regulation Of Cytoplasmic Translation (GO:2000765)","1/24",0.113407683581024,0.199305582531008,0,0,8.72946859903382,19.0020116101552,"PKM","GO_Biological_Process_2023","blue"
"Regulation Of Heterotypic Cell-Cell Adhesion (GO:0034114)","1/24",0.113407683581024,0.199305582531008,0,0,8.72946859903382,19.0020116101552,"THY1","GO_Biological_Process_2023","blue"
"Positive Regulation Of ERBB Signaling Pathway (GO:1901186)","1/24",0.113407683581024,0.199305582531008,0,0,8.72946859903382,19.0020116101552,"RTN4","GO_Biological_Process_2023","blue"
"Response To Copper Ion (GO:0046688)","1/24",0.113407683581024,0.199305582531008,0,0,8.72946859903382,19.0020116101552,"PRNP","GO_Biological_Process_2023","blue"
"Positive Regulation Of Cellular Response To Transforming Growth Factor Beta Stimulus (GO:1903846)","1/24",0.113407683581024,0.199305582531008,0,0,8.72946859903382,19.0020116101552,"HSP90AB1","GO_Biological_Process_2023","blue"
"Positive Regulation Of Lipid Metabolic Process (GO:0045834)","1/24",0.113407683581024,0.199305582531008,0,0,8.72946859903382,19.0020116101552,"EEF1A2","GO_Biological_Process_2023","blue"
"Positive Regulation Of p38MAPK Cascade (GO:1900745)","1/24",0.113407683581024,0.199305582531008,0,0,8.72946859903382,19.0020116101552,"PJA2","GO_Biological_Process_2023","blue"
"Iron Ion Transport (GO:0006826)","1/24",0.113407683581024,0.199305582531008,0,0,8.72946859903382,19.0020116101552,"CLTC","GO_Biological_Process_2023","blue"
"Positive Regulation Of Transforming Growth Factor Beta Receptor Signaling Pathway (GO:0030511)","1/24",0.113407683581024,0.199305582531008,0,0,8.72946859903382,19.0020116101552,"HSP90AB1","GO_Biological_Process_2023","blue"
"Positive Regulation Of Protein Serine/Threonine Kinase Activity (GO:0071902)","2/117",0.11624255158408,0.203084064244416,0,0,3.51109139307897,7.55613660564706,"CALM3;CALM1","GO_Biological_Process_2023","blue"
"Negative Regulation Of Protein Localization To Membrane (GO:1905476)","1/25",0.117845964040422,0.203084064244416,0,0,8.36531986531987,17.8882067340701,"CLTC","GO_Biological_Process_2023","blue"
"Negative Regulation Of Proteolysis Involved In Protein Catabolic Process (GO:1903051)","1/25",0.117845964040422,0.203084064244416,0,0,8.36531986531987,17.8882067340701,"HSP90AB1","GO_Biological_Process_2023","blue"
"Activation Of Protein Kinase B Activity (GO:0032148)","1/25",0.117845964040422,0.203084064244416,0,0,8.36531986531987,17.8882067340701,"PINK1","GO_Biological_Process_2023","blue"
"Regulation Of Postsynapse Organization (GO:0099175)","1/25",0.117845964040422,0.203084064244416,0,0,8.36531986531987,17.8882067340701,"VPS35","GO_Biological_Process_2023","blue"
"Regulation Of Protein Processing (GO:0070613)","1/25",0.117845964040422,0.203084064244416,0,0,8.36531986531987,17.8882067340701,"PRNP","GO_Biological_Process_2023","blue"
"Cellular Response To Steroid Hormone Stimulus (GO:0071383)","1/25",0.117845964040422,0.203084064244416,0,0,8.36531986531987,17.8882067340701,"HSPA8","GO_Biological_Process_2023","blue"
"Ribonucleoside Bisphosphate Metabolic Process (GO:0033875)","1/25",0.117845964040422,0.203084064244416,0,0,8.36531986531987,17.8882067340701,"ACOT7","GO_Biological_Process_2023","blue"
"Sodium Ion Homeostasis (GO:0055078)","1/25",0.117845964040422,0.203084064244416,0,0,8.36531986531987,17.8882067340701,"ATP1B1","GO_Biological_Process_2023","blue"
"Positive Regulation Of Peptidase Activity (GO:0010952)","1/25",0.117845964040422,0.203084064244416,0,0,8.36531986531987,17.8882067340701,"PINK1","GO_Biological_Process_2023","blue"
"Purine Nucleoside Bisphosphate Metabolic Process (GO:0034032)","1/25",0.117845964040422,0.203084064244416,0,0,8.36531986531987,17.8882067340701,"ACOT7","GO_Biological_Process_2023","blue"
"Myotube Differentiation (GO:0014902)","1/25",0.117845964040422,0.203084064244416,0,0,8.36531986531987,17.8882067340701,"PLD3","GO_Biological_Process_2023","blue"
"Negative Regulation Of Protein Polymerization (GO:0032272)","1/26",0.122262247628669,0.20767032491951,0,0,8.03030303030303,16.8763802180029,"STMN2","GO_Biological_Process_2023","blue"
"Regulation Of Potassium Ion Transmembrane Transporter Activity (GO:1901016)","1/26",0.122262247628669,0.20767032491951,0,0,8.03030303030303,16.8763802180029,"ATP1B1","GO_Biological_Process_2023","blue"
"Calcium-Ion Regulated Exocytosis (GO:0017156)","1/26",0.122262247628669,0.20767032491951,0,0,8.03030303030303,16.8763802180029,"SYT11","GO_Biological_Process_2023","blue"
"Organelle Membrane Fusion (GO:0090174)","1/26",0.122262247628669,0.20767032491951,0,0,8.03030303030303,16.8763802180029,"SYT11","GO_Biological_Process_2023","blue"
"Regulation Of Reactive Oxygen Species Biosynthetic Process (GO:1903426)","1/26",0.122262247628669,0.20767032491951,0,0,8.03030303030303,16.8763802180029,"SLC18A2","GO_Biological_Process_2023","blue"
"Response To Glucocorticoid (GO:0051384)","1/26",0.122262247628669,0.20767032491951,0,0,8.03030303030303,16.8763802180029,"GOT1","GO_Biological_Process_2023","blue"
"Dendritic Spine Organization (GO:0097061)","1/26",0.122262247628669,0.20767032491951,0,0,8.03030303030303,16.8763802180029,"PRNP","GO_Biological_Process_2023","blue"
"Positive Regulation Of Microtubule Polymerization Or Depolymerization (GO:0031112)","1/26",0.122262247628669,0.20767032491951,0,0,8.03030303030303,16.8763802180029,"STMN2","GO_Biological_Process_2023","blue"
"Protein Targeting To Lysosome (GO:0006622)","1/26",0.122262247628669,0.20767032491951,0,0,8.03030303030303,16.8763802180029,"HSPA8","GO_Biological_Process_2023","blue"
"Receptor-Mediated Endocytosis (GO:0006898)","2/122",0.124476246905678,0.211094272220616,0,0,3.36394557823129,7.00925280654715,"CLTC;CANX","GO_Biological_Process_2023","blue"
"Negative Regulation Of Neurogenesis (GO:0050768)","1/27",0.126656642302827,0.212424132366158,0,0,7.72105672105672,15.9538300108164,"THY1","GO_Biological_Process_2023","blue"
"Regulation Of Peptidase Activity (GO:0052547)","1/27",0.126656642302827,0.212424132366158,0,0,7.72105672105672,15.9538300108164,"PINK1","GO_Biological_Process_2023","blue"
"Chaperone Cofactor-Dependent Protein Refolding (GO:0051085)","1/27",0.126656642302827,0.212424132366158,0,0,7.72105672105672,15.9538300108164,"HSPA8","GO_Biological_Process_2023","blue"
"Positive Regulation Of Ubiquitin-Protein Transferase Activity (GO:0051443)","1/27",0.126656642302827,0.212424132366158,0,0,7.72105672105672,15.9538300108164,"PINK1","GO_Biological_Process_2023","blue"
"Microtubule Polymerization Or Depolymerization (GO:0031109)","1/27",0.126656642302827,0.212424132366158,0,0,7.72105672105672,15.9538300108164,"STMN2","GO_Biological_Process_2023","blue"
"Regulation Of Catecholamine Secretion (GO:0050433)","1/27",0.126656642302827,0.212424132366158,0,0,7.72105672105672,15.9538300108164,"SYT11","GO_Biological_Process_2023","blue"
"Negative Regulation Of Cellular Response To Insulin Stimulus (GO:1900077)","1/27",0.126656642302827,0.212424132366158,0,0,7.72105672105672,15.9538300108164,"APLP2","GO_Biological_Process_2023","blue"
"Negative Regulation Of Growth (GO:0045926)","2/124",0.127808625420924,0.214019160492585,0,0,3.3084643693543,6.80624319809133,"ENO1;RTN4","GO_Biological_Process_2023","blue"
"Negative Regulation Of Cell Growth (GO:0030308)","2/125",0.129482770614753,0.215567332904951,0,0,3.28140036502406,6.70786307963644,"ENO1;RTN4","GO_Biological_Process_2023","blue"
"Negative Regulation Of Signaling (GO:0023057)","1/28",0.131029255394866,0.215567332904951,0,0,7.43471754582866,15.1098341340557,"HSP90AB1","GO_Biological_Process_2023","blue"
"Negative Regulation Of Type II Interferon Production (GO:0032689)","1/28",0.131029255394866,0.215567332904951,0,0,7.43471754582866,15.1098341340557,"PRNP","GO_Biological_Process_2023","blue"
"Regulation Of Plasma Membrane Bounded Cell Projection Organization (GO:0120035)","1/28",0.131029255394866,0.215567332904951,0,0,7.43471754582866,15.1098341340557,"VPS35","GO_Biological_Process_2023","blue"
"Regulation Of Protein Targeting To Membrane (GO:0090313)","1/28",0.131029255394866,0.215567332904951,0,0,7.43471754582866,15.1098341340557,"PRNP","GO_Biological_Process_2023","blue"
"Regulation Of Protein Transport (GO:0051223)","1/28",0.131029255394866,0.215567332904951,0,0,7.43471754582866,15.1098341340557,"HSPA8","GO_Biological_Process_2023","blue"
"Cell-Substrate Junction Assembly (GO:0007044)","1/28",0.131029255394866,0.215567332904951,0,0,7.43471754582866,15.1098341340557,"THY1","GO_Biological_Process_2023","blue"
"Diterpenoid Metabolic Process (GO:0016101)","1/28",0.131029255394866,0.215567332904951,0,0,7.43471754582866,15.1098341340557,"ALDH1A1","GO_Biological_Process_2023","blue"
"Positive Regulation Of Defense Response To Virus By Host (GO:0002230)","1/28",0.131029255394866,0.215567332904951,0,0,7.43471754582866,15.1098341340557,"HSP90AA1","GO_Biological_Process_2023","blue"
"Membrane Fusion (GO:0061025)","1/28",0.131029255394866,0.215567332904951,0,0,7.43471754582866,15.1098341340557,"NSF","GO_Biological_Process_2023","blue"
"Negative Regulation Of Cation Channel Activity (GO:2001258)","1/28",0.131029255394866,0.215567332904951,0,0,7.43471754582866,15.1098341340557,"CALM3","GO_Biological_Process_2023","blue"
"Positive Regulation Of Intracellular Protein Transport (GO:0090316)","2/126",0.131162095513998,0.215567332904951,0,0,3.25477287689269,6.61148963539459,"PRNP;PINK1","GO_Biological_Process_2023","blue"
"Negative Regulation Of Cellular Process (GO:0048523)","5/537",0.131704249576411,0.216124847147731,0,0,1.91610605461021,3.88432330293405,"APLP2;ANXA6;VPS35;ENO1;RTN4","GO_Biological_Process_2023","blue"
"Regulation Of Developmental Growth (GO:0048638)","1/29",0.13538019382269,0.21911839881636,0,0,7.16883116883117,14.3352837783296,"SOD1","GO_Biological_Process_2023","blue"
"TOR Signaling (GO:0031929)","1/29",0.13538019382269,0.21911839881636,0,0,7.16883116883117,14.3352837783296,"PINK1","GO_Biological_Process_2023","blue"
"Regulation Of Muscle Contraction (GO:0006937)","1/29",0.13538019382269,0.21911839881636,0,0,7.16883116883117,14.3352837783296,"ENO1","GO_Biological_Process_2023","blue"
"Cardiac Muscle Cell Action Potential (GO:0086001)","1/29",0.13538019382269,0.21911839881636,0,0,7.16883116883117,14.3352837783296,"ATP1B1","GO_Biological_Process_2023","blue"
"Response To Interferon-Beta (GO:0035456)","1/29",0.13538019382269,0.21911839881636,0,0,7.16883116883117,14.3352837783296,"CALM1","GO_Biological_Process_2023","blue"
"Defense Response To Fungus (GO:0050832)","1/29",0.13538019382269,0.21911839881636,0,0,7.16883116883117,14.3352837783296,"GAPDH","GO_Biological_Process_2023","blue"
"Response To Steroid Hormone (GO:0048545)","1/29",0.13538019382269,0.21911839881636,0,0,7.16883116883117,14.3352837783296,"HSPA8","GO_Biological_Process_2023","blue"
"Maintenance Of Blood-Brain Barrier (GO:0035633)","1/29",0.13538019382269,0.21911839881636,0,0,7.16883116883117,14.3352837783296,"ACTG1","GO_Biological_Process_2023","blue"
"Morphogenesis Of An Epithelium (GO:0002009)","1/29",0.13538019382269,0.21911839881636,0,0,7.16883116883117,14.3352837783296,"ACTG1","GO_Biological_Process_2023","blue"
"Protein Homooligomerization (GO:0051260)","2/129",0.136230230372323,0.220159628750415,0,0,3.17740639562912,6.33387036002479,"PEG10;APLP2","GO_Biological_Process_2023","blue"
"Regulation Of Cell Cycle Process (GO:0010564)","2/130",0.137929359831855,0.222567830637766,0,0,3.15242346938776,6.24499379784287,"CALM3;CALM1","GO_Biological_Process_2023","blue"
"Negative Regulation Of Peptidyl-Tyrosine Phosphorylation (GO:0050732)","1/30",0.139709563918842,0.223074491114792,0,0,6.92128178335075,13.6223945108193,"THY1","GO_Biological_Process_2023","blue"
"Nucleic Acid Metabolic Process (GO:0090304)","1/30",0.139709563918842,0.223074491114792,0,0,6.92128178335075,13.6223945108193,"DDX24","GO_Biological_Process_2023","blue"
"Extrinsic Apoptotic Signaling Pathway Via Death Domain Receptors (GO:0008625)","1/30",0.139709563918842,0.223074491114792,0,0,6.92128178335075,13.6223945108193,"MOAP1","GO_Biological_Process_2023","blue"
"Positive Regulation Of Lipid Kinase Activity (GO:0090218)","1/30",0.139709563918842,0.223074491114792,0,0,6.92128178335075,13.6223945108193,"EEF1A2","GO_Biological_Process_2023","blue"
"Positive Regulation Of Protein Targeting To Mitochondrion (GO:1903955)","1/30",0.139709563918842,0.223074491114792,0,0,6.92128178335075,13.6223945108193,"PINK1","GO_Biological_Process_2023","blue"
"Negative Regulation Of Axon Extension (GO:0030517)","1/30",0.139709563918842,0.223074491114792,0,0,6.92128178335075,13.6223945108193,"RTN4","GO_Biological_Process_2023","blue"
"Negative Regulation Of Carbohydrate Metabolic Process (GO:0045912)","1/30",0.139709563918842,0.223074491114792,0,0,6.92128178335075,13.6223945108193,"CLTC","GO_Biological_Process_2023","blue"
"Plasma Membrane Bounded Cell Projection Organization (GO:0120036)","2/132",0.141341709574619,0.22478110648377,0,0,3.10361067503925,6.07244658574773,"MAP1B;STMN2","GO_Biological_Process_2023","blue"
"Epithelial Cell Differentiation (GO:0030855)","2/132",0.141341709574619,0.22478110648377,0,0,3.10361067503925,6.07244658574773,"PGK1;VDAC1","GO_Biological_Process_2023","blue"
"Cellular Component Assembly (GO:0022607)","3/260",0.14141158811655,0.22478110648377,0,0,2.3638734004573,4.62392684309769,"RTN3;NEFH;RTN4","GO_Biological_Process_2023","blue"
"Negative Regulation Of Developmental Growth (GO:0048640)","1/31",0.144017471501311,0.224895318400141,0,0,6.69023569023569,12.9644769200402,"RTN4","GO_Biological_Process_2023","blue"
"Regulation Of Extrinsic Apoptotic Signaling Pathway Via Death Domain Receptors (GO:1902041)","1/31",0.144017471501311,0.224895318400141,0,0,6.69023569023569,12.9644769200402,"FAIM2","GO_Biological_Process_2023","blue"
"Negative Regulation Of Microtubule Polymerization Or Depolymerization (GO:0031111)","1/31",0.144017471501311,0.224895318400141,0,0,6.69023569023569,12.9644769200402,"STMN2","GO_Biological_Process_2023","blue"
"acyl-CoA Metabolic Process (GO:0006637)","1/31",0.144017471501311,0.224895318400141,0,0,6.69023569023569,12.9644769200402,"ACOT7","GO_Biological_Process_2023","blue"
"Regulation Of Macrophage Activation (GO:0043030)","1/31",0.144017471501311,0.224895318400141,0,0,6.69023569023569,12.9644769200402,"PJA2","GO_Biological_Process_2023","blue"
"Organic Cation Transport (GO:0015695)","1/31",0.144017471501311,0.224895318400141,0,0,6.69023569023569,12.9644769200402,"SLC6A3","GO_Biological_Process_2023","blue"
"Regulation Of Protein Localization To Cell Surface (GO:2000008)","1/31",0.144017471501311,0.224895318400141,0,0,6.69023569023569,12.9644769200402,"HSP90AB1","GO_Biological_Process_2023","blue"
"Regulation Of Transmembrane Receptor Protein Serine/Threonine Kinase Signaling Pathway (GO:0090092)","1/31",0.144017471501311,0.224895318400141,0,0,6.69023569023569,12.9644769200402,"DKK3","GO_Biological_Process_2023","blue"
"Central Nervous System Neuron Differentiation (GO:0021953)","1/31",0.144017471501311,0.224895318400141,0,0,6.69023569023569,12.9644769200402,"FAIM2","GO_Biological_Process_2023","blue"
"Positive Regulation Of Leukocyte Migration (GO:0002687)","1/31",0.144017471501311,0.224895318400141,0,0,6.69023569023569,12.9644769200402,"THY1","GO_Biological_Process_2023","blue"
"Glutamine Family Amino Acid Metabolic Process (GO:0009064)","1/31",0.144017471501311,0.224895318400141,0,0,6.69023569023569,12.9644769200402,"GOT1","GO_Biological_Process_2023","blue"
"Presynaptic Endocytosis (GO:0140238)","1/31",0.144017471501311,0.224895318400141,0,0,6.69023569023569,12.9644769200402,"CANX","GO_Biological_Process_2023","blue"
"Cellular Response To Metal Ion (GO:0071248)","2/135",0.146494146719129,0.228427915455157,0,0,3.03314408470155,5.82597157350083,"PRNP;SYT11","GO_Biological_Process_2023","blue"
"'De Novo' Post-Translational Protein Folding (GO:0051084)","1/32",0.148304021933978,0.229569452557684,0,0,6.47409579667644,12.3557529781019,"HSPA8","GO_Biological_Process_2023","blue"
"Negative Regulation Of Proteasomal Ubiquitin-Dependent Protein Catabolic Process (GO:0032435)","1/32",0.148304021933978,0.229569452557684,0,0,6.47409579667644,12.3557529781019,"HSP90AB1","GO_Biological_Process_2023","blue"
"Regulation Of Ubiquitin-Protein Transferase Activity (GO:0051438)","1/32",0.148304021933978,0.229569452557684,0,0,6.47409579667644,12.3557529781019,"PINK1","GO_Biological_Process_2023","blue"
"Mitochondrial Membrane Organization (GO:0007006)","1/32",0.148304021933978,0.229569452557684,0,0,6.47409579667644,12.3557529781019,"GHITM","GO_Biological_Process_2023","blue"
"Regulation Of Calcium Ion Transmembrane Transporter Activity (GO:1901019)","1/32",0.148304021933978,0.229569452557684,0,0,6.47409579667644,12.3557529781019,"CALM1","GO_Biological_Process_2023","blue"
"Potassium Ion Transmembrane Transport (GO:0071805)","2/137",0.149950708084332,0.231445658130164,0,0,2.98790627362056,5.66939873017379,"GHITM;ATP1B1","GO_Biological_Process_2023","blue"
"Protein Localization To Plasma Membrane (GO:0072659)","2/137",0.149950708084332,0.231445658130164,0,0,2.98790627362056,5.66939873017379,"STXBP1;ATP1B1","GO_Biological_Process_2023","blue"
"Negative Regulation Of Endocytosis (GO:0045806)","1/33",0.152569319997184,0.232123322567144,0,0,6.27146464646465,11.7912078898077,"SYT11","GO_Biological_Process_2023","blue"
"Cardiac Muscle Contraction (GO:0060048)","1/33",0.152569319997184,0.232123322567144,0,0,6.27146464646465,11.7912078898077,"ATP1B1","GO_Biological_Process_2023","blue"
"Regulation Of Protein Polymerization (GO:0032271)","1/33",0.152569319997184,0.232123322567144,0,0,6.27146464646465,11.7912078898077,"HSP90AA1","GO_Biological_Process_2023","blue"
"Regulation Of Sprouting Angiogenesis (GO:1903670)","1/33",0.152569319997184,0.232123322567144,0,0,6.27146464646465,11.7912078898077,"PKM","GO_Biological_Process_2023","blue"
"Positive Regulation Of Chromosome Organization (GO:2001252)","1/33",0.152569319997184,0.232123322567144,0,0,6.27146464646465,11.7912078898077,"TERF2IP","GO_Biological_Process_2023","blue"
"Positive Regulation Of Establishment Of Protein Localization To Mitochondrion (GO:1903749)","1/33",0.152569319997184,0.232123322567144,0,0,6.27146464646465,11.7912078898077,"PINK1","GO_Biological_Process_2023","blue"
"Positive Regulation Of Ion Transmembrane Transporter Activity (GO:0032414)","1/33",0.152569319997184,0.232123322567144,0,0,6.27146464646465,11.7912078898077,"ATP1B1","GO_Biological_Process_2023","blue"
"intra-Golgi Vesicle-Mediated Transport (GO:0006891)","1/33",0.152569319997184,0.232123322567144,0,0,6.27146464646465,11.7912078898077,"NSF","GO_Biological_Process_2023","blue"
"Regulation Of NLRP3 Inflammasome Complex Assembly (GO:1900225)","1/33",0.152569319997184,0.232123322567144,0,0,6.27146464646465,11.7912078898077,"HSPA8","GO_Biological_Process_2023","blue"
"Regulation Of Activated T Cell Proliferation (GO:0046006)","1/33",0.152569319997184,0.232123322567144,0,0,6.27146464646465,11.7912078898077,"PRNP","GO_Biological_Process_2023","blue"
"Positive Regulation Of Apoptotic Process (GO:0043065)","3/270",0.153105703772365,0.232607096316075,0,0,2.27418047028843,4.26778784074879,"PRNP;MOAP1;SOD1","GO_Biological_Process_2023","blue"
"Intracellular Calcium Ion Homeostasis (GO:0006874)","2/139",0.1534237633251,0.232758273420558,0,0,2.94398927454193,5.51865948464525,"ANXA6;ATP1B1","GO_Biological_Process_2023","blue"
"Negative Regulation Of Interleukin-6 Production (GO:0032715)","1/34",0.156813470025957,0.234230498706373,0,0,6.08111417202326,11.2664696999635,"SYT11","GO_Biological_Process_2023","blue"
"Regulation Of Interleukin-17 Production (GO:0032660)","1/34",0.156813470025957,0.234230498706373,0,0,6.08111417202326,11.2664696999635,"PRNP","GO_Biological_Process_2023","blue"
"Apoptotic Mitochondrial Changes (GO:0008637)","1/34",0.156813470025957,0.234230498706373,0,0,6.08111417202326,11.2664696999635,"VPS35","GO_Biological_Process_2023","blue"
"Cellular Response To Amyloid-Beta (GO:1904646)","1/34",0.156813470025957,0.234230498706373,0,0,6.08111417202326,11.2664696999635,"PRNP","GO_Biological_Process_2023","blue"
"Superoxide Metabolic Process (GO:0006801)","1/34",0.156813470025957,0.234230498706373,0,0,6.08111417202326,11.2664696999635,"SOD1","GO_Biological_Process_2023","blue"
"Positive Regulation Of Neuron Death (GO:1901216)","1/34",0.156813470025957,0.234230498706373,0,0,6.08111417202326,11.2664696999635,"PRNP","GO_Biological_Process_2023","blue"
"Inner Mitochondrial Membrane Organization (GO:0007007)","1/34",0.156813470025957,0.234230498706373,0,0,6.08111417202326,11.2664696999635,"GHITM","GO_Biological_Process_2023","blue"
"Purine Nucleotide Metabolic Process (GO:0006163)","1/34",0.156813470025957,0.234230498706373,0,0,6.08111417202326,11.2664696999635,"MDH1","GO_Biological_Process_2023","blue"
"Negative Regulation Of JNK Cascade (GO:0046329)","1/34",0.156813470025957,0.234230498706373,0,0,6.08111417202326,11.2664696999635,"PINK1","GO_Biological_Process_2023","blue"
"Regulation Of Blood Circulation (GO:1903522)","1/34",0.156813470025957,0.234230498706373,0,0,6.08111417202326,11.2664696999635,"TH","GO_Biological_Process_2023","blue"
"Regulation Of calcineurin-NFAT Signaling Cascade (GO:0070884)","1/34",0.156813470025957,0.234230498706373,0,0,6.08111417202326,11.2664696999635,"PRNP","GO_Biological_Process_2023","blue"
"Protein Localization To Cell Periphery (GO:1990778)","2/142",0.158662824856746,0.236660936235903,0,0,2.88046647230321,5.30286367253092,"STXBP1;ATP1B1","GO_Biological_Process_2023","blue"
"Regulation Of Axon Extension (GO:0030516)","1/35",0.161036575774195,0.239865668810514,0,0,5.90196078431373,10.7777108251808,"RTN4","GO_Biological_Process_2023","blue"
"Regulation Of Glucose Import (GO:0046324)","1/36",0.165238740567014,0.244415637088708,0,0,5.73304473304473,10.3215669941692,"APLP2","GO_Biological_Process_2023","blue"
"Negative Regulation Of Organelle Assembly (GO:1902116)","1/36",0.165238740567014,0.244415637088708,0,0,5.73304473304473,10.3215669941692,"PINK1","GO_Biological_Process_2023","blue"
"Positive Regulation Of Interferon-Beta Production (GO:0032728)","1/36",0.165238740567014,0.244415637088708,0,0,5.73304473304473,10.3215669941692,"HSP90AA1","GO_Biological_Process_2023","blue"
"Protein Destabilization (GO:0031648)","1/36",0.165238740567014,0.244415637088708,0,0,5.73304473304473,10.3215669941692,"PRNP","GO_Biological_Process_2023","blue"
"Negative Regulation Of T Cell Proliferation (GO:0042130)","1/36",0.165238740567014,0.244415637088708,0,0,5.73304473304473,10.3215669941692,"PRNP","GO_Biological_Process_2023","blue"
"Negative Regulation Of Endothelial Cell Proliferation (GO:0001937)","1/37",0.169420067180126,0.247846664212684,0,0,5.57351290684624,9.89507014564132,"ATP5F1A","GO_Biological_Process_2023","blue"
"Regulation Of Defense Response To Virus By Host (GO:0050691)","1/37",0.169420067180126,0.247846664212684,0,0,5.57351290684624,9.89507014564132,"HSP90AA1","GO_Biological_Process_2023","blue"
"Negative Regulation Of Smooth Muscle Cell Proliferation (GO:0048662)","1/37",0.169420067180126,0.247846664212684,0,0,5.57351290684624,9.89507014564132,"NDRG4","GO_Biological_Process_2023","blue"
"Negative Regulation Of Stress-Activated MAPK Cascade (GO:0032873)","1/37",0.169420067180126,0.247846664212684,0,0,5.57351290684624,9.89507014564132,"PINK1","GO_Biological_Process_2023","blue"
"Regulation Of p38MAPK Cascade (GO:1900744)","1/37",0.169420067180126,0.247846664212684,0,0,5.57351290684624,9.89507014564132,"PJA2","GO_Biological_Process_2023","blue"
"Positive Regulation Of Immune Effector Process (GO:0002699)","1/37",0.169420067180126,0.247846664212684,0,0,5.57351290684624,9.89507014564132,"APLP2","GO_Biological_Process_2023","blue"
"Positive Regulation Of Signaling (GO:0023056)","1/37",0.169420067180126,0.247846664212684,0,0,5.57351290684624,9.89507014564132,"NSF","GO_Biological_Process_2023","blue"
"Mitochondrion Disassembly (GO:0061726)","1/37",0.169420067180126,0.247846664212684,0,0,5.57351290684624,9.89507014564132,"PINK1","GO_Biological_Process_2023","blue"
"Nervous System Development (GO:0007399)","4/433",0.171598017810261,0.250492412868809,0,0,1.89112276612277,3.33329420397076,"APLP2;DNER;SERPINI1;ITM2B","GO_Biological_Process_2023","blue"
"Protein Ubiquitination (GO:0016567)","4/434",0.172573934794097,0.250492412868809,0,0,1.88662790697674,3.31467227591773,"PINK1;UBB;FBXO2;PJA2","GO_Biological_Process_2023","blue"
"Neuron Development (GO:0048666)","2/150",0.172791328093857,0.250492412868809,0,0,2.72366243794815,4.7818540898178,"MAP1B;STMN2","GO_Biological_Process_2023","blue"
"protein-RNA Complex Assembly (GO:0022618)","2/150",0.172791328093857,0.250492412868809,0,0,2.72366243794815,4.7818540898178,"HSP90AA1;HSP90AB1","GO_Biological_Process_2023","blue"
"Regulation Of Intracellular Transport (GO:0032386)","1/38",0.173580657931626,0.250492412868809,0,0,5.42260442260442,9.49559255823113,"NEFH","GO_Biological_Process_2023","blue"
"Regulation Of Telomere Maintenance (GO:0032204)","1/38",0.173580657931626,0.250492412868809,0,0,5.42260442260442,9.49559255823113,"TERF2IP","GO_Biological_Process_2023","blue"
"Response To Peptide (GO:1901652)","1/38",0.173580657931626,0.250492412868809,0,0,5.42260442260442,9.49559255823113,"PRNP","GO_Biological_Process_2023","blue"
"Heart Looping (GO:0001947)","1/38",0.173580657931626,0.250492412868809,0,0,5.42260442260442,9.49559255823113,"NDRG4","GO_Biological_Process_2023","blue"
"Positive Regulation Of Protein Tyrosine Kinase Activity (GO:0061098)","1/38",0.173580657931626,0.250492412868809,0,0,5.42260442260442,9.49559255823113,"PRNP","GO_Biological_Process_2023","blue"
"Import Into Cell (GO:0098657)","1/38",0.173580657931626,0.250492412868809,0,0,5.42260442260442,9.49559255823113,"SNAP25","GO_Biological_Process_2023","blue"
"RNA Transport (GO:0050658)","1/39",0.17772061456847,0.253376779806454,0,0,5.27963849016481,9.12080010262218,"PEG10","GO_Biological_Process_2023","blue"
"Negative Regulation Of Proteasomal Protein Catabolic Process (GO:1901799)","1/39",0.17772061456847,0.253376779806454,0,0,5.27963849016481,9.12080010262218,"HSP90AB1","GO_Biological_Process_2023","blue"
"Negative Regulation Of Transport (GO:0051051)","1/39",0.17772061456847,0.253376779806454,0,0,5.27963849016481,9.12080010262218,"SYT11","GO_Biological_Process_2023","blue"
"Negative Regulation Of Ubiquitin-Dependent Protein Catabolic Process (GO:2000059)","1/39",0.17772061456847,0.253376779806454,0,0,5.27963849016481,9.12080010262218,"HSP90AB1","GO_Biological_Process_2023","blue"
"Regulation Of Mitotic Spindle Organization (GO:0060236)","1/39",0.17772061456847,0.253376779806454,0,0,5.27963849016481,9.12080010262218,"CLTC","GO_Biological_Process_2023","blue"
"Organelle Transport Along Microtubule (GO:0072384)","1/39",0.17772061456847,0.253376779806454,0,0,5.27963849016481,9.12080010262218,"UBB","GO_Biological_Process_2023","blue"
"Regulation Of Protein Targeting To Mitochondrion (GO:1903214)","1/39",0.17772061456847,0.253376779806454,0,0,5.27963849016481,9.12080010262218,"PINK1","GO_Biological_Process_2023","blue"
"Positive Regulation Of ATP-dependent Activity (GO:0032781)","1/39",0.17772061456847,0.253376779806454,0,0,5.27963849016481,9.12080010262218,"ATP1B1","GO_Biological_Process_2023","blue"
"Release Of Sequestered Calcium Ion Into Cytosol (GO:0051209)","1/39",0.17772061456847,0.253376779806454,0,0,5.27963849016481,9.12080010262218,"GHITM","GO_Biological_Process_2023","blue"
"Cellular Response To Growth Factor Stimulus (GO:0071363)","2/155",0.181724756491973,0.256163546223026,0,0,2.63398692810458,4.49163798449718,"APLP2;STMN2","GO_Biological_Process_2023","blue"
"Regulation Of Glycolytic Process (GO:0006110)","1/40",0.181840038445641,0.256163546223026,0,0,5.14400414400414,8.76861291991989,"PGAM1","GO_Biological_Process_2023","blue"
"Negative Regulation Of Secretion By Cell (GO:1903531)","1/40",0.181840038445641,0.256163546223026,0,0,5.14400414400414,8.76861291991989,"SYT11","GO_Biological_Process_2023","blue"
"Regulation Of Microtubule Cytoskeleton Organization (GO:0070507)","1/40",0.181840038445641,0.256163546223026,0,0,5.14400414400414,8.76861291991989,"STMN2","GO_Biological_Process_2023","blue"
"Regulation Of Microtubule Polymerization (GO:0031113)","1/40",0.181840038445641,0.256163546223026,0,0,5.14400414400414,8.76861291991989,"STMN2","GO_Biological_Process_2023","blue"
"Regulation Of Small Molecule Metabolic Process (GO:0062012)","1/40",0.181840038445641,0.256163546223026,0,0,5.14400414400414,8.76861291991989,"PGAM1","GO_Biological_Process_2023","blue"
"Retinoid Metabolic Process (GO:0001523)","1/40",0.181840038445641,0.256163546223026,0,0,5.14400414400414,8.76861291991989,"ALDH1A1","GO_Biological_Process_2023","blue"
"Synaptic Vesicle Endocytosis (GO:0048488)","1/40",0.181840038445641,0.256163546223026,0,0,5.14400414400414,8.76861291991989,"CANX","GO_Biological_Process_2023","blue"
"Protein Localization To Chromosome (GO:0034502)","1/40",0.181840038445641,0.256163546223026,0,0,5.14400414400414,8.76861291991989,"TERF2IP","GO_Biological_Process_2023","blue"
"Negative Regulation Of Proteolysis (GO:0045861)","1/41",0.185939030336605,0.260559299090111,0,0,5.01515151515152,8.43717221072756,"PRNP","GO_Biological_Process_2023","blue"
"Protein Localization To Lysosome (GO:0061462)","1/41",0.185939030336605,0.260559299090111,0,0,5.01515151515152,8.43717221072756,"RTN4","GO_Biological_Process_2023","blue"
"Negative Regulation Of DNA Recombination (GO:0045910)","1/41",0.185939030336605,0.260559299090111,0,0,5.01515151515152,8.43717221072756,"TERF2IP","GO_Biological_Process_2023","blue"
"Regulation Of Amide Metabolic Process (GO:0034248)","1/41",0.185939030336605,0.260559299090111,0,0,5.01515151515152,8.43717221072756,"PGAM1","GO_Biological_Process_2023","blue"
"Cardiac Ventricle Morphogenesis (GO:0003208)","1/42",0.190017690585897,0.263501094367163,0,0,4.89258438038926,8.12481204328322,"CPE","GO_Biological_Process_2023","blue"
"Positive Regulation Of Calcium Ion Transmembrane Transport (GO:1904427)","1/42",0.190017690585897,0.263501094367163,0,0,4.89258438038926,8.12481204328322,"THY1","GO_Biological_Process_2023","blue"
"Determination Of Heart Left/Right Asymmetry (GO:0061371)","1/42",0.190017690585897,0.263501094367163,0,0,4.89258438038926,8.12481204328322,"NDRG4","GO_Biological_Process_2023","blue"
"Embryonic Heart Tube Morphogenesis (GO:0003143)","1/42",0.190017690585897,0.263501094367163,0,0,4.89258438038926,8.12481204328322,"NDRG4","GO_Biological_Process_2023","blue"
"Translational Elongation (GO:0006414)","1/42",0.190017690585897,0.263501094367163,0,0,4.89258438038926,8.12481204328322,"EEF1A2","GO_Biological_Process_2023","blue"
"Potassium Ion Import Across Plasma Membrane (GO:1990573)","1/42",0.190017690585897,0.263501094367163,0,0,4.89258438038926,8.12481204328322,"ATP1B1","GO_Biological_Process_2023","blue"
"Monoatomic Cation Transport (GO:0006812)","1/42",0.190017690585897,0.263501094367163,0,0,4.89258438038926,8.12481204328322,"ATP1B1","GO_Biological_Process_2023","blue"
"Regulation Of Axonogenesis (GO:0050770)","1/42",0.190017690585897,0.263501094367163,0,0,4.89258438038926,8.12481204328322,"THY1","GO_Biological_Process_2023","blue"
"Regulation Of Chromosome Organization (GO:0033044)","1/43",0.19407611900782,0.267734542413637,0,0,4.77585377585378,7.83003533696715,"TERF2IP","GO_Biological_Process_2023","blue"
"SCF-dependent Proteasomal Ubiquitin-Dependent Protein Catabolic Process (GO:0031146)","1/43",0.19407611900782,0.267734542413637,0,0,4.77585377585378,7.83003533696715,"FBXO2","GO_Biological_Process_2023","blue"
"Response To Amyloid-Beta (GO:1904645)","1/43",0.19407611900782,0.267734542413637,0,0,4.77585377585378,7.83003533696715,"PRNP","GO_Biological_Process_2023","blue"
"Positive Regulation Of Cell-Matrix Adhesion (GO:0001954)","1/43",0.19407611900782,0.267734542413637,0,0,4.77585377585378,7.83003533696715,"THY1","GO_Biological_Process_2023","blue"
"Regulation Of Macromolecule Metabolic Process (GO:0060255)","2/162",0.194344307827666,0.267757681547819,0,0,2.51785714285714,4.12456198860435,"VPS35;ATP1B1","GO_Biological_Process_2023","blue"
"Adenylate Cyclase-Modulating G Protein-Coupled Receptor Signaling Pathway (GO:0007188)","2/163",0.196156627809209,0.269557172408784,0,0,2.50209151983775,4.07551129848272,"PSAP;GNAS","GO_Biological_Process_2023","blue"
"Negative Regulation Of Cell Migration (GO:0030336)","2/163",0.196156627809209,0.269557172408784,0,0,2.50209151983775,4.07551129848272,"NDRG4;THY1","GO_Biological_Process_2023","blue"
"Autophagosome Maturation (GO:0097352)","1/44",0.1981144149655,0.269810552350713,0,0,4.6645525017618,7.55149331126355,"CALM1","GO_Biological_Process_2023","blue"
"Bone Development (GO:0060348)","1/44",0.1981144149655,0.269810552350713,0,0,4.6645525017618,7.55149331126355,"GNAS","GO_Biological_Process_2023","blue"
"Establishment Of Protein Localization To Mitochondrion (GO:0072655)","1/44",0.1981144149655,0.269810552350713,0,0,4.6645525017618,7.55149331126355,"PINK1","GO_Biological_Process_2023","blue"
"Positive Regulation Of Leukocyte Cell-Cell Adhesion (GO:1903039)","1/44",0.1981144149655,0.269810552350713,0,0,4.6645525017618,7.55149331126355,"THY1","GO_Biological_Process_2023","blue"
"Synaptic Vesicle Recycling (GO:0036465)","1/44",0.1981144149655,0.269810552350713,0,0,4.6645525017618,7.55149331126355,"CANX","GO_Biological_Process_2023","blue"
"Regulation Of DNA Recombination (GO:0000018)","1/44",0.1981144149655,0.269810552350713,0,0,4.6645525017618,7.55149331126355,"TERF2IP","GO_Biological_Process_2023","blue"
"Regulation Of Cell-Substrate Adhesion (GO:0010810)","1/44",0.1981144149655,0.269810552350713,0,0,4.6645525017618,7.55149331126355,"THY1","GO_Biological_Process_2023","blue"
"Establishment Of Protein Localization To Extracellular Region (GO:0035592)","1/45",0.202132677279174,0.27423095707302,0,0,4.55831037649219,7.28796784173202,"CANX","GO_Biological_Process_2023","blue"
"Zymogen Activation (GO:0031638)","1/45",0.202132677279174,0.27423095707302,0,0,4.55831037649219,7.28796784173202,"PGK1","GO_Biological_Process_2023","blue"
"Regulation Of Apoptotic Signaling Pathway (GO:2001233)","1/45",0.202132677279174,0.27423095707302,0,0,4.55831037649219,7.28796784173202,"FAIM2","GO_Biological_Process_2023","blue"
"Response To Hydrogen Peroxide (GO:0042542)","1/46",0.206131004383124,0.277885467934211,0,0,4.45679012345679,7.03835624820852,"SOD1","GO_Biological_Process_2023","blue"
"Positive Regulation Of Cell-Cell Adhesion (GO:0022409)","1/46",0.206131004383124,0.277885467934211,0,0,4.45679012345679,7.03835624820852,"THY1","GO_Biological_Process_2023","blue"
"Vacuolar Transport (GO:0007034)","1/46",0.206131004383124,0.277885467934211,0,0,4.45679012345679,7.03835624820852,"PSAP","GO_Biological_Process_2023","blue"
"Negative Regulation Of Cellular Metabolic Process (GO:0031324)","1/46",0.206131004383124,0.277885467934211,0,0,4.45679012345679,7.03835624820852,"PINK1","GO_Biological_Process_2023","blue"
"Negative Regulation Of Cold-Induced Thermogenesis (GO:0120163)","1/46",0.206131004383124,0.277885467934211,0,0,4.45679012345679,7.03835624820852,"ALDH1A1","GO_Biological_Process_2023","blue"
"Regulation Of Interleukin-2 Production (GO:0032663)","1/47",0.210109494168341,0.281821928575924,0,0,4.3596837944664,6.80165814675797,"PRNP","GO_Biological_Process_2023","blue"
"Negative Regulation Of Tumor Necrosis Factor Production (GO:0032720)","1/47",0.210109494168341,0.281821928575924,0,0,4.3596837944664,6.80165814675797,"SYT11","GO_Biological_Process_2023","blue"
"Positive Regulation Of Lymphocyte Activation (GO:0051251)","1/47",0.210109494168341,0.281821928575924,0,0,4.3596837944664,6.80165814675797,"THY1","GO_Biological_Process_2023","blue"
"Regulation Of T Cell Differentiation (GO:0045580)","1/47",0.210109494168341,0.281821928575924,0,0,4.3596837944664,6.80165814675797,"SOD1","GO_Biological_Process_2023","blue"
"Heart Development (GO:0007507)","2/171",0.210728128748523,0.282296172474436,0,0,2.38268325081512,3.71028211013766,"NDRG4;TH","GO_Biological_Process_2023","blue"
"Regulation Of Intrinsic Apoptotic Signaling Pathway (GO:2001242)","1/48",0.214068244088033,0.286051041347246,0,0,4.26670964968837,6.57696403663591,"PINK1","GO_Biological_Process_2023","blue"
"Positive Regulation Of Reactive Oxygen Species Metabolic Process (GO:2000379)","1/48",0.214068244088033,0.286051041347246,0,0,4.26670964968837,6.57696403663591,"SOD1","GO_Biological_Process_2023","blue"
"Neuron Differentiation (GO:0030182)","2/173",0.21438891828933,0.286120548844782,0,0,2.35457691848669,3.6259626023678,"RTN3;RTN4","GO_Biological_Process_2023","blue"
"Positive Regulation Of Cellular Biosynthetic Process (GO:0031328)","2/174",0.216221657628596,0.288205338391057,0,0,2.34076886568581,3.58477329939303,"HSP90AA1;HSP90AB1","GO_Biological_Process_2023","blue"
"Negative Regulation Of Tumor Necrosis Factor Superfamily Cytokine Production (GO:1903556)","1/49",0.21800735103248,0.289138018492642,0,0,4.17760942760943,6.36344537186664,"SYT11","GO_Biological_Process_2023","blue"
"Autophagy Of Mitochondrion (GO:0000422)","1/49",0.21800735103248,0.289138018492642,0,0,4.17760942760943,6.36344537186664,"PINK1","GO_Biological_Process_2023","blue"
"Intrinsic Apoptotic Signaling Pathway In Response To DNA Damage (GO:0008630)","1/49",0.21800735103248,0.289138018492642,0,0,4.17760942760943,6.36344537186664,"MOAP1","GO_Biological_Process_2023","blue"
"Negative Regulation Of DNA Metabolic Process (GO:0051053)","1/49",0.21800735103248,0.289138018492642,0,0,4.17760942760943,6.36344537186664,"TERF2IP","GO_Biological_Process_2023","blue"
"Positive Regulation Of Gene Expression (GO:0010628)","4/480",0.219401380463062,0.290624962926817,0,0,1.70028011204482,2.57907403522525,"VPS35;GAPDH;ACTG1;SOD1","GO_Biological_Process_2023","blue"
"Negative Regulation Of Apoptotic Process (GO:0043066)","4/482",0.221513758688617,0.291432997301862,0,0,1.69299163179916,2.55179647109458,"PINK1;FAIM2;VDAC1;SOD1","GO_Biological_Process_2023","blue"
"Regulation Of Epithelial Cell Migration (GO:0010632)","1/50",0.221926911560385,0.291432997301862,0,0,4.09214594928881,6.16034588762116,"RTN4","GO_Biological_Process_2023","blue"
"Regulation Of Interferon-Beta Production (GO:0032648)","1/50",0.221926911560385,0.291432997301862,0,0,4.09214594928881,6.16034588762116,"HSP90AA1","GO_Biological_Process_2023","blue"
"Blood Circulation (GO:0008015)","1/50",0.221926911560385,0.291432997301862,0,0,4.09214594928881,6.16034588762116,"SOD1","GO_Biological_Process_2023","blue"
"Plasma Membrane Bounded Cell Projection Morphogenesis (GO:0120039)","1/50",0.221926911560385,0.291432997301862,0,0,4.09214594928881,6.16034588762116,"UBB","GO_Biological_Process_2023","blue"
"Positive Regulation Of Cell Death (GO:0010942)","1/50",0.221926911560385,0.291432997301862,0,0,4.09214594928881,6.16034588762116,"PRNP","GO_Biological_Process_2023","blue"
"Positive Regulation Of Transport (GO:0051050)","1/50",0.221926911560385,0.291432997301862,0,0,4.09214594928881,6.16034588762116,"CALY","GO_Biological_Process_2023","blue"
"Regulation Of Synapse Assembly (GO:0051963)","1/51",0.225827021656465,0.295099114189124,0,0,4.01010101010101,5.96697401593565,"VPS35","GO_Biological_Process_2023","blue"
"Sensory Perception (GO:0007600)","1/51",0.225827021656465,0.295099114189124,0,0,4.01010101010101,5.96697401593565,"GNAS","GO_Biological_Process_2023","blue"
"Receptor Internalization (GO:0031623)","1/51",0.225827021656465,0.295099114189124,0,0,4.01010101010101,5.96697401593565,"CLTC","GO_Biological_Process_2023","blue"
"Negative Regulation Of MAP Kinase Activity (GO:0043407)","1/51",0.225827021656465,0.295099114189124,0,0,4.01010101010101,5.96697401593565,"UCHL1","GO_Biological_Process_2023","blue"
"Adenylate Cyclase-Inhibiting G Protein-Coupled Receptor Signaling Pathway (GO:0007193)","1/52",0.229707776816989,0.299069416027009,0,0,3.93127351950881,5.78269622196604,"PSAP","GO_Biological_Process_2023","blue"
"Regulation Of Peptide Hormone Secretion (GO:0090276)","1/52",0.229707776816989,0.299069416027009,0,0,3.93127351950881,5.78269622196604,"SNAP25","GO_Biological_Process_2023","blue"
"Positive Regulation Of Telomere Maintenance (GO:0032206)","1/52",0.229707776816989,0.299069416027009,0,0,3.93127351950881,5.78269622196604,"TERF2IP","GO_Biological_Process_2023","blue"
"Regulation Of Cyclin-Dependent Protein Kinase Activity (GO:1904029)","1/53",0.233569272224541,0.300787515017093,0,0,3.85547785547786,5.60693113764998,"HSP90AB1","GO_Biological_Process_2023","blue"
"Negative Regulation Of Metabolic Process (GO:0009892)","1/53",0.233569272224541,0.300787515017093,0,0,3.85547785547786,5.60693113764998,"ALDH1A1","GO_Biological_Process_2023","blue"
"Actin Polymerization Or Depolymerization (GO:0008154)","1/53",0.233569272224541,0.300787515017093,0,0,3.85547785547786,5.60693113764998,"DSTN","GO_Biological_Process_2023","blue"
"Carboxylic Acid Transport (GO:0046942)","1/53",0.233569272224541,0.300787515017093,0,0,3.85547785547786,5.60693113764998,"PSAP","GO_Biological_Process_2023","blue"
"Regulation Of Receptor Signaling Pathway Via JAK-STAT (GO:0046425)","1/53",0.233569272224541,0.300787515017093,0,0,3.85547785547786,5.60693113764998,"CALM1","GO_Biological_Process_2023","blue"
"Positive Regulation Of NIK/NF-kappaB Signaling (GO:1901224)","1/53",0.233569272224541,0.300787515017093,0,0,3.85547785547786,5.60693113764998,"TERF2IP","GO_Biological_Process_2023","blue"
"Glycoprotein Metabolic Process (GO:0009100)","1/53",0.233569272224541,0.300787515017093,0,0,3.85547785547786,5.60693113764998,"FBXO2","GO_Biological_Process_2023","blue"
"Protein Homotetramerization (GO:0051289)","1/53",0.233569272224541,0.300787515017093,0,0,3.85547785547786,5.60693113764998,"APLP2","GO_Biological_Process_2023","blue"
"Proton Motive Force-Driven Mitochondrial ATP Synthesis (GO:0042776)","1/53",0.233569272224541,0.300787515017093,0,0,3.85547785547786,5.60693113764998,"ATP5F1B","GO_Biological_Process_2023","blue"
"Phosphate-Containing Compound Metabolic Process (GO:0006796)","2/184",0.234620873621518,0.301776848317532,0,0,2.21103386409509,3.20552234069518,"PPA1;PGK1","GO_Biological_Process_2023","blue"
"Negative Regulation Of Gene Expression (GO:0010629)","3/336",0.23655820974643,0.303169492333213,0,0,1.81731215751834,2.61976627900037,"PINK1;SYT11;GAPDH","GO_Biological_Process_2023","blue"
"Regulation Of Exocytosis (GO:0017157)","1/54",0.237411602446854,0.303169492333213,0,0,3.78254240518391,5.43914439332398,"NSF","GO_Biological_Process_2023","blue"
"Negative Regulation Of Protein Catabolic Process (GO:0042177)","1/54",0.237411602446854,0.303169492333213,0,0,3.78254240518391,5.43914439332398,"HSP90AB1","GO_Biological_Process_2023","blue"
"Regulation Of Lipid Metabolic Process (GO:0019216)","1/54",0.237411602446854,0.303169492333213,0,0,3.78254240518391,5.43914439332398,"PSAP","GO_Biological_Process_2023","blue"
"Organelle Disassembly (GO:1903008)","1/54",0.237411602446854,0.303169492333213,0,0,3.78254240518391,5.43914439332398,"KLC1","GO_Biological_Process_2023","blue"
"Regulation Of Smooth Muscle Cell Proliferation (GO:0048660)","1/54",0.237411602446854,0.303169492333213,0,0,3.78254240518391,5.43914439332398,"NDRG4","GO_Biological_Process_2023","blue"
"Negative Regulation Of Macromolecule Metabolic Process (GO:0010605)","2/186",0.238313406174166,0.303956619850883,0,0,2.18677905944987,3.13620994728774,"PINK1;HSP90AB1","GO_Biological_Process_2023","blue"
"Endocytosis (GO:0006897)","2/189",0.243858065056649,0.310305217479151,0,0,2.1513696387646,3.03594597725027,"CLTC;DNER","GO_Biological_Process_2023","blue"
"Peptide Metabolic Process (GO:0006518)","1/56",0.245039143568043,0.310305217479151,0,0,3.64462809917355,5.12557648253206,"CPE","GO_Biological_Process_2023","blue"
"Regulation Of Reactive Oxygen Species Metabolic Process (GO:2000377)","1/56",0.245039143568043,0.310305217479151,0,0,3.64462809917355,5.12557648253206,"PINK1","GO_Biological_Process_2023","blue"
"Cellular Response To Peptide (GO:1901653)","1/56",0.245039143568043,0.310305217479151,0,0,3.64462809917355,5.12557648253206,"PRNP","GO_Biological_Process_2023","blue"
"Positive Regulation Of Cellular Metabolic Process (GO:0031325)","1/56",0.245039143568043,0.310305217479151,0,0,3.64462809917355,5.12557648253206,"GHITM","GO_Biological_Process_2023","blue"
"Regulation Of Cation Channel Activity (GO:2001257)","1/56",0.245039143568043,0.310305217479151,0,0,3.64462809917355,5.12557648253206,"CALM1","GO_Biological_Process_2023","blue"
"Striated Muscle Contraction (GO:0006941)","1/57",0.248824541413001,0.313978834839864,0,0,3.57936507936508,4.97892289699759,"ATP1B1","GO_Biological_Process_2023","blue"
"Monoatomic Anion Transport (GO:0006820)","1/57",0.248824541413001,0.313978834839864,0,0,3.57936507936508,4.97892289699759,"VDAC1","GO_Biological_Process_2023","blue"
"Regulation Of Calcium Ion Transport (GO:0051924)","1/57",0.248824541413001,0.313978834839864,0,0,3.57936507936508,4.97892289699759,"SARAF","GO_Biological_Process_2023","blue"
"Modification-Dependent Protein Catabolic Process (GO:0019941)","2/192",0.249408486067724,0.314343239836836,0,0,2.11707841031149,2.93990892306422,"PINK1;UBB","GO_Biological_Process_2023","blue"
"Regulation Of Signal Transduction (GO:0009966)","2/193",0.251259665145857,0.315928622645027,0,0,2.10588738113046,2.90879559265599,"PRNP;YWHAG","GO_Biological_Process_2023","blue"
"Regulation Of Cell Differentiation (GO:0045595)","2/193",0.251259665145857,0.315928622645027,0,0,2.10588738113046,2.90879559265599,"HSP90AB1;YWHAG","GO_Biological_Process_2023","blue"
"Regulation Of Phagocytosis (GO:0050764)","1/58",0.252591147960672,0.3164818500919,0,0,3.5163919900762,4.83849599837867,"SYT11","GO_Biological_Process_2023","blue"
"Selective Autophagy (GO:0061912)","1/58",0.252591147960672,0.3164818500919,0,0,3.5163919900762,4.83849599837867,"PINK1","GO_Biological_Process_2023","blue"
"mRNA Transport (GO:0051028)","1/58",0.252591147960672,0.3164818500919,0,0,3.5163919900762,4.83849599837867,"PEG10","GO_Biological_Process_2023","blue"
"Negative Regulation Of Protein-Containing Complex Assembly (GO:0031333)","1/59",0.256339055642632,0.318926511985284,0,0,3.45559038662487,4.70393718537215,"HSPA8","GO_Biological_Process_2023","blue"
"Regulation Of Type I Interferon Production (GO:0032479)","1/59",0.256339055642632,0.318926511985284,0,0,3.45559038662487,4.70393718537215,"GAPDH","GO_Biological_Process_2023","blue"
"Heart Morphogenesis (GO:0003007)","1/59",0.256339055642632,0.318926511985284,0,0,3.45559038662487,4.70393718537215,"TH","GO_Biological_Process_2023","blue"
"Positive Regulation Of Proteolysis (GO:0045862)","1/59",0.256339055642632,0.318926511985284,0,0,3.45559038662487,4.70393718537215,"PINK1","GO_Biological_Process_2023","blue"
"Protein Targeting To Mitochondrion (GO:0006626)","1/59",0.256339055642632,0.318926511985284,0,0,3.45559038662487,4.70393718537215,"HSP90AA1","GO_Biological_Process_2023","blue"
"Regulation Of Cell Death (GO:0010941)","1/59",0.256339055642632,0.318926511985284,0,0,3.45559038662487,4.70393718537215,"VPS35","GO_Biological_Process_2023","blue"
"Positive Regulation Of Phagocytosis (GO:0050766)","1/60",0.260068356267662,0.322812120542028,0,0,3.39684985447697,4.57491398098809,"APLP2","GO_Biological_Process_2023","blue"
"Proton Motive Force-Driven ATP Synthesis (GO:0015986)","1/60",0.260068356267662,0.322812120542028,0,0,3.39684985447697,4.57491398098809,"ATP5F1B","GO_Biological_Process_2023","blue"
"Anterograde Trans-Synaptic Signaling (GO:0098916)","2/199",0.262374132122319,0.325295053213353,0,0,2.04112711074277,2.73099502551452,"SNAP25;SLC18A2","GO_Biological_Process_2023","blue"
"Positive Regulation Of Cell Junction Assembly (GO:1901890)","1/61",0.263779141308675,0.325898823078584,0,0,3.34006734006734,4.45111773409346,"THY1","GO_Biological_Process_2023","blue"
"Positive Regulation Of Organelle Assembly (GO:1902117)","1/61",0.263779141308675,0.325898823078584,0,0,3.34006734006734,4.45111773409346,"MOAP1","GO_Biological_Process_2023","blue"
"Negative Regulation Of Autophagy (GO:0010507)","1/61",0.263779141308675,0.325898823078584,0,0,3.34006734006734,4.45111773409346,"PINK1","GO_Biological_Process_2023","blue"
"Glycerophospholipid Metabolic Process (GO:0006650)","1/62",0.267471501800711,0.32969577478907,0,0,3.28514654744163,4.33226156152993,"SERINC1","GO_Biological_Process_2023","blue"
"Regulation Of T Cell Activation (GO:0050863)","1/62",0.267471501800711,0.32969577478907,0,0,3.28514654744163,4.33226156152993,"THY1","GO_Biological_Process_2023","blue"
"Oxidative Phosphorylation (GO:0006119)","1/63",0.271145528260931,0.333068036445088,0,0,3.23199739328772,4.21807849737542,"ATP5F1B","GO_Biological_Process_2023","blue"
"Telomere Organization (GO:0032200)","1/63",0.271145528260931,0.333068036445088,0,0,3.23199739328772,4.21807849737542,"TERF2IP","GO_Biological_Process_2023","blue"
"Regulation Of Cellular Catabolic Process (GO:0031329)","1/63",0.271145528260931,0.333068036445088,0,0,3.23199739328772,4.21807849737542,"PSAP","GO_Biological_Process_2023","blue"
"Regulation Of MAPK Cascade (GO:0043408)","2/204",0.271640541620382,0.33329167837063,0,0,1.99009900990099,2.59364753063841,"PEBP1;SOD1","GO_Biological_Process_2023","blue"
"Positive Regulation Of Macromolecule Metabolic Process (GO:0010604)","3/364",0.274150414132869,0.335984109380328,0,0,1.67395836308079,2.16623330412874,"NSF;VPS35;ACTG1","GO_Biological_Process_2023","blue"
"Cellular Response To Virus (GO:0098586)","1/64",0.274801310842782,0.336008491443815,0,0,3.18053551386885,4.10831982313615,"HSP90AA1","GO_Biological_Process_2023","blue"
"Endocytic Recycling (GO:0032456)","1/64",0.274801310842782,0.336008491443815,0,0,3.18053551386885,4.10831982313615,"VPS35","GO_Biological_Process_2023","blue"
"Ubiquitin-Dependent Protein Catabolic Process (GO:0006511)","3/367",0.278221456917218,0.339287723412683,0,0,1.65990710320607,2.12358202577951,"UCHL1;PINK1;PJA2","GO_Biological_Process_2023","blue"
"Antimicrobial Humoral Immune Response Mediated By Antimicrobial Peptide (GO:0061844)","1/65",0.278438939213788,0.339287723412683,0,0,3.13068181818182,4.00275356439037,"GAPDH","GO_Biological_Process_2023","blue"
"Fatty Acid Biosynthetic Process (GO:0006633)","1/65",0.278438939213788,0.339287723412683,0,0,3.13068181818182,4.00275356439037,"ACOT7","GO_Biological_Process_2023","blue"
"Response To Reactive Oxygen Species (GO:0000302)","1/66",0.282058502576368,0.343305491707237,0,0,3.08236208236208,3.90116313048372,"SOD1","GO_Biological_Process_2023","blue"
"Regulation Of Neurogenesis (GO:0050767)","1/67",0.285660089808726,0.3465011339935,0,0,3.03550658096113,3.80334608196671,"APLP2","GO_Biological_Process_2023","blue"
"Extrinsic Apoptotic Signaling Pathway (GO:0097191)","1/67",0.285660089808726,0.3465011339935,0,0,3.03550658096113,3.80334608196671,"MOAP1","GO_Biological_Process_2023","blue"
"Protein Secretion (GO:0009306)","1/67",0.285660089808726,0.3465011339935,0,0,3.03550658096113,3.80334608196671,"CANX","GO_Biological_Process_2023","blue"
"Neuropeptide Signaling Pathway (GO:0007218)","1/68",0.289243789255229,0.350050722223657,0,0,2.99004975124378,3.70911301693322,"CPE","GO_Biological_Process_2023","blue"
"Telomere Maintenance (GO:0000723)","1/68",0.289243789255229,0.350050722223657,0,0,2.99004975124378,3.70911301693322,"TERF2IP","GO_Biological_Process_2023","blue"
"Regulation Of GTPase Activity (GO:0043087)","2/214",0.290161134004554,0.350762324307435,0,0,1.89526376588371,2.34504563216826,"THY1;SOD1","GO_Biological_Process_2023","blue"
"Cellular Response To Calcium Ion (GO:0071277)","1/69",0.29280968888067,0.353562719566795,0,0,2.94592988710636,3.61828655610275,"SYT11","GO_Biological_Process_2023","blue"
"Negative Regulation Of Epithelial Cell Proliferation (GO:0050680)","1/70",0.296357876203525,0.356634054414411,0,0,2.9030888596106,3.53070042231205,"ATP5F1A","GO_Biological_Process_2023","blue"
"Negative Regulation Of Extrinsic Apoptotic Signaling Pathway (GO:2001237)","1/70",0.296357876203525,0.356634054414411,0,0,2.9030888596106,3.53070042231205,"FAIM2","GO_Biological_Process_2023","blue"
"Regulation Of G Protein-Coupled Receptor Signaling Pathway (GO:0008277)","1/70",0.296357876203525,0.356634054414411,0,0,2.9030888596106,3.53070042231205,"YWHAB","GO_Biological_Process_2023","blue"
"Regulation Of Double-Strand Break Repair Via Homologous Recombination (GO:0010569)","1/71",0.299888438313403,0.359258927788272,0,0,2.86147186147186,3.44619860155019,"TERF2IP","GO_Biological_Process_2023","blue"
"Regulation Of Hydrolase Activity (GO:0051336)","1/71",0.299888438313403,0.359258927788272,0,0,2.86147186147186,3.44619860155019,"SOD1","GO_Biological_Process_2023","blue"
"Cell-Cell Junction Assembly (GO:0007043)","1/71",0.299888438313403,0.359258927788272,0,0,2.86147186147186,3.44619860155019,"ACTG1","GO_Biological_Process_2023","blue"
"Synapse Assembly (GO:0007416)","1/71",0.299888438313403,0.359258927788272,0,0,2.86147186147186,3.44619860155019,"DNER","GO_Biological_Process_2023","blue"
"Proteasomal Protein Catabolic Process (GO:0010498)","2/220",0.301251238358975,0.360486032418324,0,0,1.84253885040255,2.21069779738564,"UCHL1;PJA2","GO_Biological_Process_2023","blue"
"Transforming Growth Factor Beta Receptor Signaling Pathway (GO:0007179)","1/72",0.303401461859655,0.362245018924364,0,0,2.82102717313985,3.36463457832852,"APLP2","GO_Biological_Process_2023","blue"
"Protein Targeting To Membrane (GO:0006612)","1/72",0.303401461859655,0.362245018924364,0,0,2.82102717313985,3.36463457832852,"SRP14","GO_Biological_Process_2023","blue"
"Protein Tetramerization (GO:0051262)","1/73",0.306897033111884,0.36600821978069,0,0,2.78170594837262,3.28587063696556,"APLP2","GO_Biological_Process_2023","blue"
"Import Into Nucleus (GO:0051170)","1/74",0.310375237892897,0.369329193693782,0,0,2.74346201743462,3.20977722405069,"APLP2","GO_Biological_Process_2023","blue"
"Regulation Of Cell Cycle G1/S Phase Transition (GO:1902806)","1/74",0.310375237892897,0.369329193693782,0,0,2.74346201743462,3.20977722405069,"APLP2","GO_Biological_Process_2023","blue"
"Regulation Of Stress Fiber Assembly (GO:0051492)","1/75",0.313836161648445,0.372992975016421,0,0,2.70625170625171,3.13623236372496,"ACTG1","GO_Biological_Process_2023","blue"
"Regulation Of Cell Growth (GO:0001558)","2/227",0.314154646563126,0.372992975016421,0,0,1.78458049886621,2.06631206042599,"ENO1;RTN4","GO_Biological_Process_2023","blue"
"Regulation Of Immune Response (GO:0050776)","1/77",0.320706505558706,0.377929738882121,0,0,2.6347687400319,2.99633512170869,"APLP2","GO_Biological_Process_2023","blue"
"Negative Regulation Of Transforming Growth Factor Beta Receptor Signaling Pathway (GO:0030512)","1/77",0.320706505558706,0.377929738882121,0,0,2.6347687400319,2.99633512170869,"PEG10","GO_Biological_Process_2023","blue"
"Positive Regulation Of JNK Cascade (GO:0046330)","1/77",0.320706505558706,0.377929738882121,0,0,2.6347687400319,2.99633512170869,"PJA2","GO_Biological_Process_2023","blue"
"Embryonic Organ Development (GO:0048568)","1/77",0.320706505558706,0.377929738882121,0,0,2.6347687400319,2.99633512170869,"NDRG4","GO_Biological_Process_2023","blue"
"Positive Regulation Of Response To Stimulus (GO:0048584)","1/77",0.320706505558706,0.377929738882121,0,0,2.6347687400319,2.99633512170869,"VDAC1","GO_Biological_Process_2023","blue"
"Negative Regulation Of Blood Vessel Morphogenesis (GO:2000181)","1/77",0.320706505558706,0.377929738882121,0,0,2.6347687400319,2.99633512170869,"PGK1","GO_Biological_Process_2023","blue"
"Negative Regulation Of Intracellular Signal Transduction (GO:1902532)","2/231",0.321506425753241,0.377929738882121,0,0,1.75305231262811,1.98925463460844,"PINK1;PEBP1","GO_Biological_Process_2023","blue"
"Negative Regulation Of Multicellular Organismal Process (GO:0051241)","2/231",0.321506425753241,0.377929738882121,0,0,1.75305231262811,1.98925463460844,"SYT11;ALDH1A1","GO_Biological_Process_2023","blue"
"Positive Regulation Of Phosphorylation (GO:0042327)","2/231",0.321506425753241,0.377929738882121,0,0,1.75305231262811,1.98925463460844,"HSP90AA1;PINK1","GO_Biological_Process_2023","blue"
"Regulation Of Innate Immune Response (GO:0045088)","1/78",0.324116094429913,0.379739978622505,0,0,2.60041978223796,2.92977207832515,"APLP2","GO_Biological_Process_2023","blue"
"Cellular Response To Nutrient Levels (GO:0031669)","1/78",0.324116094429913,0.379739978622505,0,0,2.60041978223796,2.92977207832515,"HSPA8","GO_Biological_Process_2023","blue"
"Proteolysis Involved In Protein Catabolic Process (GO:0051603)","1/78",0.324116094429913,0.379739978622505,0,0,2.60041978223796,2.92977207832515,"UBB","GO_Biological_Process_2023","blue"
"Regulation Of Neuron Differentiation (GO:0045664)","1/79",0.32750873980153,0.382033743580098,0,0,2.56695156695157,2.86533539771871,"YWHAG","GO_Biological_Process_2023","blue"
"Positive Regulation Of Endocytosis (GO:0045807)","1/79",0.32750873980153,0.382033743580098,0,0,2.56695156695157,2.86533539771871,"CALY","GO_Biological_Process_2023","blue"
"Positive Regulation Of Protein Localization To Membrane (GO:1905477)","1/79",0.32750873980153,0.382033743580098,0,0,2.56695156695157,2.86533539771871,"PRNP","GO_Biological_Process_2023","blue"
"Protein Import Into Nucleus (GO:0006606)","1/79",0.32750873980153,0.382033743580098,0,0,2.56695156695157,2.86533539771871,"APLP2","GO_Biological_Process_2023","blue"
"Negative Regulation Of Protein Serine/Threonine Kinase Activity (GO:0071901)","1/80",0.330884524972772,0.38470744442795,0,0,2.5343306482547,2.80293378962301,"UCHL1","GO_Biological_Process_2023","blue"
"Calcium Ion Transmembrane Transport (GO:0070588)","1/80",0.330884524972772,0.38470744442795,0,0,2.5343306482547,2.80293378962301,"GHITM","GO_Biological_Process_2023","blue"
"Regulation Of Protein Localization To Plasma Membrane (GO:1903076)","1/80",0.330884524972772,0.38470744442795,0,0,2.5343306482547,2.80293378962301,"CLTC","GO_Biological_Process_2023","blue"
"Activation Of Protein Kinase Activity (GO:0032147)","1/81",0.334243532854352,0.388189053969341,0,0,2.50252525252525,2.74248091594401,"PINK1","GO_Biological_Process_2023","blue"
"Vesicle-Mediated Transport To The Plasma Membrane (GO:0098876)","1/83",0.340911546721369,0.395071596581347,0,0,2.44124168514412,2.62709885646942,"VPS35","GO_Biological_Process_2023","blue"
"Regulation Of NIK/NF-kappaB Signaling (GO:1901222)","1/83",0.340911546721369,0.395071596581347,0,0,2.44124168514412,2.62709885646942,"TERF2IP","GO_Biological_Process_2023","blue"
"Positive Regulation Of Programmed Cell Death (GO:0043068)","2/245",0.347077845012811,0.401411941716233,0,0,1.65087763500462,1.74696892731275,"MOAP1;SOD1","GO_Biological_Process_2023","blue"
"Regulation Of Kinase Activity (GO:0043549)","1/85",0.347513436866072,0.401411941716233,0,0,2.38287638287638,2.51858583349566,"SOD1","GO_Biological_Process_2023","blue"
"Integrin-Mediated Signaling Pathway (GO:0007229)","1/85",0.347513436866072,0.401411941716233,0,0,2.38287638287638,2.51858583349566,"THY1","GO_Biological_Process_2023","blue"
"Organelle Organization (GO:0006996)","3/418",0.347962274944887,0.401494932628715,0,0,1.45211774934791,1.53294438094133,"PINK1;KIF3A;THY1","GO_Biological_Process_2023","blue"
"Positive Regulation Of DNA-binding Transcription Factor Activity (GO:0051091)","2/246",0.348893339322039,0.402133556686116,0,0,1.6440281030445,1.73114354350853,"BEX1;TERF2IP","GO_Biological_Process_2023","blue"
"Regulation Of Mitotic Cell Cycle Phase Transition (GO:1901990)","1/86",0.350789788685405,0.403446139254812,0,0,2.35472370766488,2.46673350535558,"APLP2","GO_Biological_Process_2023","blue"
"Negative Regulation Of Angiogenesis (GO:0016525)","1/86",0.350789788685405,0.403446139254812,0,0,2.35472370766488,2.46673350535558,"PGK1","GO_Biological_Process_2023","blue"
"Regulation Of Insulin Secretion (GO:0050796)","1/87",0.354049852499014,0.405880616696932,0,0,2.3272257458304,2.41639933353241,"SNAP25","GO_Biological_Process_2023","blue"
"Regulation Of Type II Interferon Production (GO:0032649)","1/87",0.354049852499014,0.405880616696932,0,0,2.3272257458304,2.41639933353241,"PRNP","GO_Biological_Process_2023","blue"
"Glucose Homeostasis (GO:0042593)","1/87",0.354049852499014,0.405880616696932,0,0,2.3272257458304,2.41639933353241,"APLP2","GO_Biological_Process_2023","blue"
"Regulation Of Double-Strand Break Repair (GO:2000779)","1/88",0.357293708483398,0.409158924230988,0,0,2.30035992104958,2.36752381170365,"TERF2IP","GO_Biological_Process_2023","blue"
"Cellular Response To Chemical Stress (GO:0062197)","1/89",0.360521436424534,0.411527684664662,0,0,2.27410468319559,2.32005037808893,"PINK1","GO_Biological_Process_2023","blue"
"Regulation Of Vesicle-Mediated Transport (GO:0060627)","1/89",0.360521436424534,0.411527684664662,0,0,2.27410468319559,2.32005037808893,"NSF","GO_Biological_Process_2023","blue"
"Sensory Perception Of Mechanical Stimulus (GO:0050954)","1/89",0.360521436424534,0.411527684664662,0,0,2.27410468319559,2.32005037808893,"SOD1","GO_Biological_Process_2023","blue"
"Regulation Of Peptidyl-Tyrosine Phosphorylation (GO:0050730)","1/90",0.363733115678147,0.414749216485254,0,0,2.24843945068664,2.27392523969427,"PRNP","GO_Biological_Process_2023","blue"
"Regulation Of Cell Migration (GO:0030334)","3/434",0.369825263536433,0.4211172068728,0,0,1.39706269285048,1.38969269203565,"APLP2;THY1;ACTG1","GO_Biological_Process_2023","blue"
"Sensory Perception Of Sound (GO:0007605)","1/92",0.370108643786799,0.4211172068728,0,0,2.1988011988012,2.18551754723327,"SOD1","GO_Biological_Process_2023","blue"
"Regulation Of Endothelial Cell Proliferation (GO:0001936)","1/93",0.373272649434986,0.424264003893554,0,0,2.1747913921827,2.14313983216348,"ATP5F1A","GO_Biological_Process_2023","blue"
"Cellular Response To Hormone Stimulus (GO:0032870)","1/94",0.376420920115876,0.426476893535541,0,0,2.15129792549147,2.10191981526176,"HSPA8","GO_Biological_Process_2023","blue"
"Sphingolipid Metabolic Process (GO:0006665)","1/94",0.376420920115876,0.426476893535541,0,0,2.15129792549147,2.10191981526176,"SERINC1","GO_Biological_Process_2023","blue"
"Vesicle Organization (GO:0016050)","1/94",0.376420920115876,0.426476893535541,0,0,2.15129792549147,2.10191981526176,"SYT11","GO_Biological_Process_2023","blue"
"T Cell Receptor Signaling Pathway (GO:0050852)","1/95",0.379553533216983,0.428203933131448,0,0,2.12830431979368,2.06181530451832,"THY1","GO_Biological_Process_2023","blue"
"Cell Junction Assembly (GO:0034329)","1/95",0.379553533216983,0.428203933131448,0,0,2.12830431979368,2.06181530451832,"DNER","GO_Biological_Process_2023","blue"
"Positive Regulation Of Epithelial Cell Migration (GO:0010634)","1/95",0.379553533216983,0.428203933131448,0,0,2.12830431979368,2.06181530451832,"RTN4","GO_Biological_Process_2023","blue"
"Positive Regulation Of Transmembrane Receptor Protein Serine/Threonine Kinase Signaling Pathway (GO:0090100)","1/95",0.379553533216983,0.428203933131448,0,0,2.12830431979368,2.06181530451832,"HSP90AB1","GO_Biological_Process_2023","blue"
"Cellular Response To Transforming Growth Factor Beta Stimulus (GO:0071560)","1/96",0.382670565880735,0.430807772371018,0,0,2.10579479000532,2.02278604662789,"APLP2","GO_Biological_Process_2023","blue"
"Positive Regulation Of Supramolecular Fiber Organization (GO:1902905)","1/96",0.382670565880735,0.430807772371018,0,0,2.10579479000532,2.02278604662789,"STMN2","GO_Biological_Process_2023","blue"
"Regulation Of Defense Response (GO:0031347)","1/97",0.385772094842852,0.433840845836998,0,0,2.08375420875421,1.98479362024731,"APLP2","GO_Biological_Process_2023","blue"
"Positive Regulation Of Protein-Containing Complex Assembly (GO:0031334)","1/98",0.388858196397513,0.436850188990877,0,0,2.06216807247735,1.94780133547852,"HSP90AA1","GO_Biological_Process_2023","blue"
"Antimicrobial Humoral Response (GO:0019730)","1/100",0.394984420817951,0.44279832439065,0,0,2.02030405060708,1.87667852610055,"GAPDH","GO_Biological_Process_2023","blue"
"Protein Complex Oligomerization (GO:0051259)","1/100",0.394984420817951,0.44279832439065,0,0,2.02030405060708,1.87667852610055,"PEG10","GO_Biological_Process_2023","blue"
"Hemopoiesis (GO:0030097)","1/101",0.398024694482133,0.445269222293563,0,0,2,1.84248245836996,"PINK1","GO_Biological_Process_2023","blue"
"Visual Perception (GO:0007601)","1/101",0.398024694482133,0.445269222293563,0,0,2,1.84248245836996,"TH","GO_Biological_Process_2023","blue"
"Negative Regulation Of Nucleic Acid-Templated Transcription (GO:1903507)","3/456",0.399675686196134,0.446647015528733,0,0,1.32771215948658,1.21764727142249,"HSPA8;ENO1;DKK3","GO_Biological_Process_2023","blue"
"Calcium Ion Homeostasis (GO:0055074)","1/102",0.401049842395342,0.446776236559665,0,0,1.98009800980098,1.80915528558786,"ATP1B1","GO_Biological_Process_2023","blue"
"Regulation Of Protein Secretion (GO:0050708)","1/102",0.401049842395342,0.446776236559665,0,0,1.98009800980098,1.80915528558786,"SNAP25","GO_Biological_Process_2023","blue"
"Sensory Perception Of Light Stimulus (GO:0050953)","1/102",0.401049842395342,0.446776236559665,0,0,1.98009800980098,1.80915528558786,"TH","GO_Biological_Process_2023","blue"
"Inorganic Cation Import Across Plasma Membrane (GO:0098659)","1/103",0.404059939073185,0.449659179846335,0,0,1.9605862547039,1.77666767339805,"ATP1B1","GO_Biological_Process_2023","blue"
"Positive Regulation Of Kinase Activity (GO:0033674)","1/104",0.407055058636552,0.452519454538547,0,0,1.94145336863783,1.74499153520703,"EEF1A2","GO_Biological_Process_2023","blue"
"Positive Regulation Of Stress-Activated MAPK Cascade (GO:0032874)","1/105",0.410035274847405,0.45488288303384,0,0,1.92268842268842,1.71409996792236,"PJA2","GO_Biological_Process_2023","blue"
"Intrinsic Apoptotic Signaling Pathway (GO:0097193)","1/105",0.410035274847405,0.45488288303384,0,0,1.92268842268842,1.71409996792236,"MOAP1","GO_Biological_Process_2023","blue"
"Regulation Of G1/S Transition Of Mitotic Cell Cycle (GO:2000045)","1/106",0.413000661133786,0.457695841943269,0,0,1.9042809042809,1.68396719161278,"APLP2","GO_Biological_Process_2023","blue"
"Regulation Of Cellular Response To Stress (GO:0080135)","1/107",0.41595129052059,0.45857983892798,0,0,1.88622069754145,1.65456849319568,"PINK1","GO_Biological_Process_2023","blue"
"Negative Regulation Of Translation (GO:0017148)","1/107",0.41595129052059,0.45857983892798,0,0,1.88622069754145,1.65456849319568,"GAPDH","GO_Biological_Process_2023","blue"
"Positive Regulation Of T Cell Activation (GO:0050870)","1/107",0.41595129052059,0.45857983892798,0,0,1.88622069754145,1.65456849319568,"THY1","GO_Biological_Process_2023","blue"
"Positive Regulation Of Autophagy (GO:0010508)","1/107",0.41595129052059,0.45857983892798,0,0,1.88622069754145,1.65456849319568,"PINK1","GO_Biological_Process_2023","blue"
"Monoatomic Ion Transport (GO:0006811)","1/107",0.41595129052059,0.45857983892798,0,0,1.88622069754145,1.65456849319568,"VDAC1","GO_Biological_Process_2023","blue"
"Positive Regulation Of DNA Metabolic Process (GO:0051054)","1/108",0.41888723576301,0.460862506288849,0,0,1.86849806475975,1.62588017253325,"TERF2IP","GO_Biological_Process_2023","blue"
"Positive Regulation Of Translation (GO:0045727)","1/108",0.41888723576301,0.460862506288849,0,0,1.86849806475975,1.62588017253325,"PKM","GO_Biological_Process_2023","blue"
"Regulation Of Proteasomal Ubiquitin-Dependent Protein Catabolic Process (GO:0032434)","1/109",0.421808569139365,0.4626427663578,0,0,1.85110362888141,1.59787949320038,"HSP90AB1","GO_Biological_Process_2023","blue"
"Cell-Matrix Adhesion (GO:0007160)","1/109",0.421808569139365,0.4626427663578,0,0,1.85110362888141,1.59787949320038,"THY1","GO_Biological_Process_2023","blue"
"Cellular Response To Salt (GO:1902075)","1/109",0.421808569139365,0.4626427663578,0,0,1.85110362888141,1.59787949320038,"SYT11","GO_Biological_Process_2023","blue"
"Adenylate Cyclase-Activating G Protein-Coupled Receptor Signaling Pathway (GO:0007189)","1/110",0.424715362613925,0.464873444176598,0,0,1.83402835696414,1.57054463447437,"GNAS","GO_Biological_Process_2023","blue"
"Sensory Perception Of Chemical Stimulus (GO:0007606)","1/110",0.424715362613925,0.464873444176598,0,0,1.83402835696414,1.57054463447437,"GNAS","GO_Biological_Process_2023","blue"
"Negative Regulation Of Inflammatory Response (GO:0050728)","1/111",0.427607687964041,0.466123017074415,0,0,1.81726354453627,1.54385464626272,"VPS35","GO_Biological_Process_2023","blue"
"RNA Metabolic Process (GO:0016070)","1/111",0.427607687964041,0.466123017074415,0,0,1.81726354453627,1.54385464626272,"DDX24","GO_Biological_Process_2023","blue"
"Negative Regulation Of Transmembrane Receptor Protein Serine/Threonine Kinase Signaling Pathway (GO:0090101)","1/111",0.427607687964041,0.466123017074415,0,0,1.81726354453627,1.54385464626272,"PEG10","GO_Biological_Process_2023","blue"
"Cytoskeleton Organization (GO:0007010)","1/111",0.427607687964041,0.466123017074415,0,0,1.81726354453627,1.54385464626272,"THY1","GO_Biological_Process_2023","blue"
"Protein Deubiquitination (GO:0016579)","1/112",0.43048561638067,0.468301513223099,0,0,1.8008008008008,1.51778940882089,"UCHL1","GO_Biological_Process_2023","blue"
"Negative Regulation Of Defense Response (GO:0031348)","1/112",0.43048561638067,0.468301513223099,0,0,1.8008008008008,1.51778940882089,"VPS35","GO_Biological_Process_2023","blue"
"Positive Regulation Of Cellular Component Organization (GO:0051130)","1/113",0.433349218837219,0.470935630675141,0,0,1.78463203463203,1.4923295915181,"CALY","GO_Biological_Process_2023","blue"
"Regulation Of Interleukin-6 Production (GO:0032675)","1/114",0.436198565833718,0.472105155094421,0,0,1.76874944131581,1.46745661650072,"SYT11","GO_Biological_Process_2023","blue"
"Protein Modification By Small Protein Removal (GO:0070646)","1/114",0.436198565833718,0.472105155094421,0,0,1.76874944131581,1.46745661650072,"UCHL1","GO_Biological_Process_2023","blue"
"Regulation Of MAP Kinase Activity (GO:0043405)","1/114",0.436198565833718,0.472105155094421,0,0,1.76874944131581,1.46745661650072,"UCHL1","GO_Biological_Process_2023","blue"
"Negative Regulation Of Canonical Wnt Signaling Pathway (GO:0090090)","1/114",0.436198565833718,0.472105155094421,0,0,1.76874944131581,1.46745661650072,"DKK3","GO_Biological_Process_2023","blue"
"Regulation Of Cell Cycle (GO:0051726)","2/298",0.440458727702992,0.476232025384454,0,0,1.35162713734142,1.10825117107316,"BEX1;HSP90AB1","GO_Biological_Process_2023","blue"
"Cellular Response To Oxidative Stress (GO:0034599)","1/117",0.444661775482094,0.479316589968047,0,0,1.72274468826193,1.39618351518444,"PINK1","GO_Biological_Process_2023","blue"
"Protein Maturation (GO:0051604)","1/117",0.444661775482094,0.479316589968047,0,0,1.72274468826193,1.39618351518444,"CPE","GO_Biological_Process_2023","blue"
"Protein Processing (GO:0016485)","1/117",0.444661775482094,0.479316589968047,0,0,1.72274468826193,1.39618351518444,"CPE","GO_Biological_Process_2023","blue"
"Positive Regulation Of Angiogenesis (GO:0045766)","1/119",0.450233917137087,0.484832276795751,0,0,1.69337442218798,1.35129249451638,"PKM","GO_Biological_Process_2023","blue"
"Cellular Response To Cytokine Stimulus (GO:0071345)","2/308",0.45729190962662,0.491935236113485,0,0,1.30678938241963,1.02247558127408,"CALM1;GAPDH","GO_Biological_Process_2023","blue"
"Protein Localization To Nucleus (GO:0034504)","1/122",0.458488507016457,0.492724783019704,0,0,1.6511394941147,1.28759168960267,"APLP2","GO_Biological_Process_2023","blue"
"Positive Regulation Of MAPK Cascade (GO:0043410)","2/310",0.460624189973071,0.494520929759396,0,0,1.29817121653856,1.00630698380262,"NDRG4;SOD1","GO_Biological_Process_2023","blue"
"Positive Regulation Of Epithelial Cell Proliferation (GO:0050679)","1/123",0.461212676190375,0.494654078693605,0,0,1.63752276867031,1.26727232996582,"RTN4","GO_Biological_Process_2023","blue"
"Regulation Of DNA Metabolic Process (GO:0051052)","1/124",0.463923277206856,0.497060654150203,0,0,1.62412745339575,1.2473885010387,"TERF2IP","GO_Biological_Process_2023","blue"
"Cellular Response To Starvation (GO:0009267)","1/126",0.469304042324134,0.502320407110757,0,0,1.5979797979798,1.20887881651748,"HSPA8","GO_Biological_Process_2023","blue"
"Regulation Of Response To External Stimulus (GO:0032101)","1/127",0.471974339207137,0.504165166755869,0,0,1.58521725188392,1.19022971699885,"APLP2","GO_Biological_Process_2023","blue"
"Regulation Of Tumor Necrosis Factor Production (GO:0032680)","1/127",0.471974339207137,0.504165166755869,0,0,1.58521725188392,1.19022971699885,"SYT11","GO_Biological_Process_2023","blue"
"Positive Regulation Of Cytokine Production (GO:0001819)","2/320",0.47710815744461,0.50880677890883,0,0,1.25670645616737,0.929977944288716,"GAPDH;SOD1","GO_Biological_Process_2023","blue"
"Protein Targeting (GO:0006605)","1/129",0.477275091201804,0.50880677890883,0,0,1.5602904040404,1.15408790031601,"SRP14","GO_Biological_Process_2023","blue"
"Transmembrane Receptor Protein Serine/Threonine Kinase Signaling Pathway (GO:0007178)","1/130",0.479905677193982,0.510588957254337,0,0,1.54811682718659,1.13657427447839,"APLP2","GO_Biological_Process_2023","blue"
"Positive Regulation Of Peptidyl-Tyrosine Phosphorylation (GO:0050731)","1/130",0.479905677193982,0.510588957254337,0,0,1.54811682718659,1.13657427447839,"PRNP","GO_Biological_Process_2023","blue"
"Synapse Organization (GO:0050808)","1/131",0.482523156606063,0.512861438907642,0,0,1.53613053613054,1.11941882389327,"DNER","GO_Biological_Process_2023","blue"
"Circulatory System Development (GO:0072359)","1/132",0.485127594032975,0.515115541022052,0,0,1.52432724188449,1.1026119616962,"TH","GO_Biological_Process_2023","blue"
"Negative Regulation Of Cell Motility (GO:2000146)","1/133",0.487719053875974,0.51735138683059,0,0,1.51270278543006,1.0861444222602,"THY1","GO_Biological_Process_2023","blue"
"Antigen Receptor-Mediated Signaling Pathway (GO:0050851)","1/134",0.490297600070642,0.519569098582323,0,0,1.50125313283208,1.07000724904239,"THY1","GO_Biological_Process_2023","blue"
"Proteolysis (GO:0006508)","2/330",0.493288103991879,0.52221851963355,0,0,1.21777003484321,0.860551669771124,"FBXO2;CPE","GO_Biological_Process_2023","blue"
"Protein Localization To Organelle (GO:0033365)","1/137",0.497956392525298,0.526114640912145,0,0,1.46791443850267,1.02349273069514,"VPS35","GO_Biological_Process_2023","blue"
"Negative Regulation Of Cellular Biosynthetic Process (GO:0031327)","1/137",0.497956392525298,0.526114640912145,0,0,1.46791443850267,1.02349273069514,"GAPDH","GO_Biological_Process_2023","blue"
"Negative Regulation Of Wnt Signaling Pathway (GO:0030178)","1/140",0.505501237241334,0.533556806404381,0,0,1.43601482450403,0.979656196045578,"DKK3","GO_Biological_Process_2023","blue"
"Actin Filament Organization (GO:0007015)","1/144",0.515386675547343,0.543452286592,0,0,1.39556403192767,0.925032639771104,"DSTN","GO_Biological_Process_2023","blue"
"Negative Regulation Of Response To External Stimulus (GO:0032102)","1/146",0.520255772624573,0.548043914782562,0,0,1.37617554858934,0.899240881378034,"VPS35","GO_Biological_Process_2023","blue"
"Defense Response To Symbiont (GO:0140546)","1/148",0.525076432202193,0.55257549436298,0,0,1.35731464302893,0.874397623216168,"SERINC3","GO_Biological_Process_2023","blue"
"Skeletal System Development (GO:0001501)","1/149",0.527468747150282,0.553998240350148,0,0,1.34807534807535,0.862317510620557,"GNAS","GO_Biological_Process_2023","blue"
"Negative Regulation Of DNA-binding Transcription Factor Activity (GO:0043433)","1/149",0.527468747150282,0.553998240350148,0,0,1.34807534807535,0.862317510620557,"PRNP","GO_Biological_Process_2023","blue"
"Cellular Response To Organic Cyclic Compound (GO:0071407)","1/152",0.534574342306715,0.560355978894342,0,0,1.32109171182019,0.827379223374853,"HSPA8","GO_Biological_Process_2023","blue"
"Positive Regulation Of NF-kappaB Transcription Factor Activity (GO:0051092)","1/152",0.534574342306715,0.560355978894342,0,0,1.32109171182019,0.827379223374853,"TERF2IP","GO_Biological_Process_2023","blue"
"Peptide Biosynthetic Process (GO:0043043)","1/158",0.548469701786421,0.573791976819783,0,0,1.27021810461301,0.762922512360618,"EEF1A2","GO_Biological_Process_2023","blue"
"Peptidyl-Serine Phosphorylation (GO:0018105)","1/158",0.548469701786421,0.573791976819783,0,0,1.27021810461301,0.762922512360618,"PINK1","GO_Biological_Process_2023","blue"
"Protein Autophosphorylation (GO:0046777)","1/162",0.557504289374834,0.582100066847253,0,0,1.23840893406111,0.723583865255002,"PINK1","GO_Biological_Process_2023","blue"
"Mitochondrion Organization (GO:0007005)","1/162",0.557504289374834,0.582100066847253,0,0,1.23840893406111,0.723583865255002,"PINK1","GO_Biological_Process_2023","blue"
"Peptidyl-Serine Modification (GO:0018209)","1/166",0.566359876814798,0.590767158479687,0,0,1.20814202632384,0.686859643904913,"PINK1","GO_Biological_Process_2023","blue"
"Negative Regulation Of Cell Population Proliferation (GO:0008285)","2/379",0.567898224526514,0.591792181135751,0,0,1.05683971201213,0.597973709784798,"NDRG4;APLP2","GO_Biological_Process_2023","blue"
"Membrane Organization (GO:0061024)","1/167",0.568546217907677,0.591888291370162,0,0,1.20080321285141,0.678060757672765,"HSPA8","GO_Biological_Process_2023","blue"
"Negative Regulation Of Programmed Cell Death (GO:0043069)","2/381",0.570772805092844,0.593626013109257,0,0,1.05115502665446,0.589449937321065,"FAIM2;VDAC1","GO_Biological_Process_2023","blue"
"Positive Regulation Of ERK1 And ERK2 Cascade (GO:0070374)","1/179",0.593946292416423,0.617124684315601,0,0,1.11916922029282,0.583049537879414,"NDRG4","GO_Biological_Process_2023","blue"
"RNA Splicing, Via Transesterification Reactions With Bulged Adenosine As Nucleophile (GO:0000377)","1/180",0.595994889569521,0.618649666073626,0,0,1.11286044805598,0.57593108520923,"HSPA8","GO_Biological_Process_2023","blue"
"Macromolecule Biosynthetic Process (GO:0009059)","1/183",0.6020794872594,0.624357014538716,0,0,1.09435009435009,0.555235815206858,"EEF1A2","GO_Biological_Process_2023","blue"
"Defense Response To Virus (GO:0051607)","1/189",0.613977814396427,0.636076237677233,0,0,1.05910165484634,0.516626063848475,"SERINC3","GO_Biological_Process_2023","blue"
"Golgi Vesicle Transport (GO:0048193)","1/197",0.62929598455177,0.651312170600228,0,0,1.01546072974644,0.470314261452597,"NSF","GO_Biological_Process_2023","blue"
"Phosphorylation (GO:0016310)","2/429",0.635650212203609,0.657249976695965,0,0,0.93069827462601,0.421705761421106,"PINK1;PGK1","GO_Biological_Process_2023","blue"
"Regulation Of Translation (GO:0006417)","1/202",0.638562619762378,0.659620940879663,0,0,0.989949243680587,0.44402741371685,"GAPDH","GO_Biological_Process_2023","blue"
"Regulation Of Angiogenesis (GO:0045765)","1/205",0.644012133765147,0.664605545019265,0,0,0.975242622301446,0.429143531972285,"PGK1","GO_Biological_Process_2023","blue"
"Regulation Of Canonical Wnt Signaling Pathway (GO:0060828)","1/207",0.647599871163211,0.667661048198277,0,0,0.965676179268412,0.419569165053442,"DKK3","GO_Biological_Process_2023","blue"
"mRNA Splicing, Via Spliceosome (GO:0000398)","1/211",0.654668298556741,0.674295684683684,0,0,0.947089947089947,0.401212480953937,"HSPA8","GO_Biological_Process_2023","blue"
"mRNA Processing (GO:0006397)","1/214",0.659877336669453,0.679004215993206,0,0,0.93360838431261,0.388102232835037,"HSPA8","GO_Biological_Process_2023","blue"
"Regulation Of Gene Expression (GO:0010468)","5/1127",0.6708596829864,0.689638573726367,0,0,0.880851862276011,0.351631905925746,"PINK1;TERF2IP;VPS35;ATP1B1;ACTG1","GO_Biological_Process_2023","blue"
"Cellular Response To Lipid (GO:0071396)","1/228",0.683175898430978,0.700946369777448,0,0,0.875406042806924,0.333532253769872,"HSPA8","GO_Biological_Process_2023","blue"
"Cilium Organization (GO:0044782)","1/228",0.683175898430978,0.700946369777448,0,0,0.875406042806924,0.333532253769872,"KIF3A","GO_Biological_Process_2023","blue"
"Positive Regulation Of GTPase Activity (GO:0043547)","1/234",0.692670620678898,0.70932135675291,0,0,0.852603286079681,0.313076512912352,"THY1","GO_Biological_Process_2023","blue"
"Translation (GO:0006412)","1/234",0.692670620678898,0.70932135675291,0,0,0.852603286079681,0.313076512912352,"EEF1A2","GO_Biological_Process_2023","blue"
"Protein Modification Process (GO:0036211)","3/711",0.694981085527683,0.711003704214201,0,0,0.838371483487681,0.305058775678831,"PINK1;FBXO2;CPE","GO_Biological_Process_2023","blue"
"Inflammatory Response (GO:0006954)","1/236",0.695772495721961,0.711130237949989,0,0,0.845261121856867,0.306603718804295,"PJA2","GO_Biological_Process_2023","blue"
"Regulation Of Inflammatory Response (GO:0050727)","1/240",0.701883560113874,0.716688390720303,0,0,0.830945437639998,0.294144512073152,"VPS35","GO_Biological_Process_2023","blue"
"Cilium Assembly (GO:0060271)","1/243",0.706386958483719,0.720595891556667,0,0,0.820519242006845,0.285205999695782,"KIF3A","GO_Biological_Process_2023","blue"
"Regulation Of ERK1 And ERK2 Cascade (GO:0070372)","1/244",0.707873072911603,0.721420882919481,0,0,0.817101051668953,0.282300632023774,"NDRG4","GO_Biological_Process_2023","blue"
"Cytokine-Mediated Signaling Pathway (GO:0019221)","1/257",0.726528139341902,0.739725113192281,0,0,0.775094696969697,0.247625753183798,"APLP2","GO_Biological_Process_2023","blue"
"Positive Regulation Of Signal Transduction (GO:0009967)","1/266",0.738747316125365,0.751447843050156,0,0,0.748427672955975,0.226623407850818,"VPS35","GO_Biological_Process_2023","blue"
"Positive Regulation Of Cell Migration (GO:0030335)","1/272",0.746591527340346,0.75870226776476,0,0,0.731633679973163,0.213810476284462,"RTN4","GO_Biological_Process_2023","blue"
"Plasma Membrane Bounded Cell Projection Assembly (GO:0120031)","1/275",0.750425733287746,0.761871692994708,0,0,0.723512497235125,0.207730993364859,"KIF3A","GO_Biological_Process_2023","blue"
"Positive Regulation Of Cell Differentiation (GO:0045597)","1/283",0.760371760220726,0.771234213938165,0,0,0.702700766530554,0.192503334049398,"HSP90AB1","GO_Biological_Process_2023","blue"
"DNA Metabolic Process (GO:0006259)","1/288",0.766387690368496,0.776596470259227,0,0,0.690282617111885,0.183661503836082,"TERF2IP","GO_Biological_Process_2023","blue"
"Gene Expression (GO:0010467)","1/296",0.775703629009535,0.785289320242543,0,0,0.671289162814587,0.170497212295587,"EEF1A2","GO_Biological_Process_2023","blue"
"Regulation Of Intracellular Signal Transduction (GO:1902531)","1/297",0.776841950372789,0.785694850092137,0,0,0.668987168987169,0.168931542358078,"PJA2","GO_Biological_Process_2023","blue"
"Organelle Assembly (GO:0070925)","1/322",0.803513022023935,0.8118988315517,0,0,0.616098681519242,0.13477891033833,"KIF3A","GO_Biological_Process_2023","blue"
"DNA Damage Response (GO:0006974)","1/384",0.856801543526548,0.864922885171349,0,0,0.514729540839201,0.0795509143679763,"MOAP1","GO_Biological_Process_2023","blue"
"Cellular Response To Oxygen-Containing Compound (GO:1901701)","1/406",0.872038126427246,0.879470269550205,0,0,0.486220226960968,0.0665743106133628,"SYT11","GO_Biological_Process_2023","blue"
"Negative Regulation Of DNA-templated Transcription (GO:0045892)","3/1025",0.892400455531302,0.899154669007414,0,0,0.571287348437468,0.0650355265414706,"HSPA8;ENO1;DKK3","GO_Biological_Process_2023","blue"
"Regulation Of Nucleic Acid-Templated Transcription (GO:1903506)","1/452",0.898901236208478,0.904848597884715,0,0,0.435597661761742,0.0464269179704126,"TERF2IP","GO_Biological_Process_2023","blue"
"Protein Phosphorylation (GO:0006468)","1/500",0.920985894125274,0.926203944516919,0,0,0.392724843626647,0.0323254012821092,"PINK1","GO_Biological_Process_2023","blue"
"Positive Regulation Of Cellular Process (GO:0048522)","1/594",0.951323714577086,0.955811090589242,0,0,0.328870492445535,0.0164109271371001,"HSP90AB1","GO_Biological_Process_2023","blue"
"Negative Regulation Of Transcription By RNA Polymerase II (GO:0000122)","1/763",0.979746442272667,0.983440114062573,0,0,0.253691773376813,0.00519090741423314,"ENO1","GO_Biological_Process_2023","blue"
"Regulation Of DNA-templated Transcription (GO:0006355)","4/1922",0.989415926386003,0.992210886630031,0,0,0.390641293013556,0.00415661215605782,"HSPA8;TERF2IP;ENO1;DKK3","GO_Biological_Process_2023","blue"
"Positive Regulation Of Transcription By RNA Polymerase II (GO:0045944)","1/938",0.991896648771657,0.993762870124002,0,0,0.204424177743281,0.00166326907709515,"BEX1","GO_Biological_Process_2023","blue"
"Positive Regulation Of DNA-templated Transcription (GO:0045893)","1/1243",0.998389665220904,0.999328001372427,0,0,0.151742871549635,0.000244553783157718,"BEX1","GO_Biological_Process_2023","blue"
"Regulation Of Transcription By RNA Polymerase II (GO:0006357)","2/2028",0.999723849145165,0.999723849145165,0,0,0.180047142252755,4.97270386419498e-05,"BEX1;ENO1","GO_Biological_Process_2023","blue"
"Parkinson disease","19/249",1.73897330598022e-17,2.95625462016637e-15,0,0,20.0606548577563,774.153744406477,"TUBB;KLC1;TUBB4B;TUBA4A;SLC6A3;UCHL1;TUBA1B;ATP5F1A;PINK1;TUBA1A;TUBB2A;ATP5F1B;UBB;TH;GNAS;VDAC1;CALM3;CALM1;SLC18A2","KEGG_2021_Human","blue"
"Pathways of neurodegeneration","21/475",1.80345101038697e-14,1.53293335882892e-12,0,0,11.3858807784531,360.323153595132,"PRNP;TUBB;KLC1;TUBB4B;TUBA4A;SLC6A3;SOD1;UCHL1;TUBA1B;ATP5F1A;PINK1;TUBA1A;TUBB2A;ATP5F1B;UBB;NEFL;VDAC1;CALM3;NEFM;CALM1;NEFH","KEGG_2021_Human","blue"
"Synaptic vesicle cycle","11/78",1.63617486778135e-13,9.27165758409431e-12,0,0,36.5861143719604,1077.14076008116,"NSF;ATP6V1A;SNAP25;ATP6V0B;STXBP1;CLTC;ATP6V1B2;ATP6V1E1;ATP6V0E2;SLC6A3;SLC18A2","KEGG_2021_Human","blue"
"Phagosome","13/152",6.75854152710735e-13,2.87238014902062e-11,0,0,21.2431158521459,595.291567624938,"ATP6V1A;ATP6V0B;TUBB;TUBB4B;TUBA4A;ACTG1;TUBA1B;TUBA1A;TUBB2A;CANX;ATP6V1B2;ATP6V1E1;ATP6V0E2","KEGG_2021_Human","blue"
"Amyotrophic lateral sclerosis","16/364",3.50640718253952e-11,1.19217844206344e-09,0,0,10.7016967706623,257.630979709545,"TUBB;KLC1;TUBB4B;TUBA4A;ACTG1;SOD1;TUBA1B;ATP5F1A;PINK1;TUBA1A;TUBB2A;ATP5F1B;NEFL;VDAC1;NEFM;NEFH","KEGG_2021_Human","blue"
"Alzheimer disease","15/369",4.49813427728724e-10,1.27447137856472e-08,0,0,9.74376869391824,209.707223843419,"RTN3;TUBB;KLC1;TUBB4B;TUBA4A;RTN4;TUBA1B;ATP5F1A;TUBA1A;TUBB2A;ATP5F1B;VDAC1;CALM3;CALM1;GAPDH","KEGG_2021_Human","blue"
"Prion disease","13/273",1.0602486501178e-09,2.57488957885751e-08,0,0,11.2873563218391,233.25053629764,"HSPA8;PRNP;TUBB;KLC1;TUBB4B;TUBA4A;SOD1;TUBA1B;ATP5F1A;TUBA1A;TUBB2A;ATP5F1B;VDAC1","KEGG_2021_Human","blue"
"Glycolysis / Gluconeogenesis","8/67",1.50286071696838e-09,3.19357902355782e-08,0,0,29.2424465733235,594.086485837885,"LDHB;LDHA;PKM;PGAM1;PGK1;ENO1;ENO2;GAPDH","KEGG_2021_Human","blue"
"Vibrio cholerae infection","7/50",5.28801869278834e-09,9.98847975304465e-08,0,0,34.7584396099025,662.420162016135,"ATP6V1A;ATP6V0B;ATP6V1B2;GNAS;ATP6V1E1;ATP6V0E2;ACTG1","KEGG_2021_Human","blue"
"Huntington disease","12/306",4.19401596829421e-08,7.12982714610017e-07,0,0,9.09369202226345,154.474746480388,"TUBA1B;ATP5F1A;TUBA1A;TUBB2A;ATP5F1B;TUBB;CLTC;VDAC1;KLC1;TUBB4B;TUBA4A;SOD1","KEGG_2021_Human","blue"
"Salmonella infection","11/249",4.76778376727125e-08,7.36839309487374e-07,0,0,10.2106505523558,172.139307016799,"TUBA1B;HSP90AA1;HSP90AB1;TUBA1A;TUBB2A;TUBB;KLC1;TUBB4B;GAPDH;TUBA4A;ACTG1","KEGG_2021_Human","blue"
"Gap junction","7/88",2.87917190849946e-07,4.07882687037424e-06,0,0,18.4166998539758,277.36641961337,"TUBA1B;TUBA1A;TUBB2A;TUBB;GNAS;TUBB4B;TUBA4A","KEGG_2021_Human","blue"
"Oxidative phosphorylation","8/133",3.44546778779631e-07,4.50561172250286e-06,0,0,13.7565217391304,204.71129479804,"ATP6V1A;ATP6V0B;ATP5F1A;ATP5F1B;PPA1;ATP6V1B2;ATP6V1E1;ATP6V0E2","KEGG_2021_Human","blue"
"Glucagon signaling pathway","7/107",1.09464168346166e-06,1.32920775848915e-05,0,0,14.9032258064516,204.548018284474,"LDHB;LDHA;PKM;PGAM1;GNAS;CALM3;CALM1","KEGG_2021_Human","blue"
"Amphetamine addiction","6/69",1.24777649953291e-06,1.41414669947063e-05,0,0,20.0982776089159,273.21894812019,"TH;GNAS;CALM3;CALM1;SLC6A3;SLC18A2","KEGG_2021_Human","blue"
"Dopaminergic synapse","7/132",4.46896894427512e-06,4.74827950329231e-05,0,0,11.9075268817204,146.681117547252,"CALY;TH;GNAS;CALM3;CALM1;SLC6A3;SLC18A2","KEGG_2021_Human","blue"
"Pathogenic Escherichia coli infection","8/197",6.59328045012068e-06,6.59328045012068e-05,0,0,9.06878306878307,108.185680706783,"TUBA1B;TUBA1A;TUBB2A;TUBB;TUBB4B;GAPDH;TUBA4A;ACTG1","KEGG_2021_Human","blue"
"Collecting duct acid secretion","4/27",9.45158425012631e-06,8.92649623623041e-05,0,0,36.0090579710145,416.600609299125,"ATP6V1A;ATP6V1B2;ATP6V0E2;ATP6V1E1","KEGG_2021_Human","blue"
"HIF-1 signaling pathway","6/109",1.79453290391035e-05,0.000160563470349873,0,0,12.2683329890518,134.070559762146,"LDHB;LDHA;PGK1;ENO1;ENO2;GAPDH","KEGG_2021_Human","blue"
"Epithelial cell signaling in Helicobacter pylori infection","5/70",2.64309844898493e-05,0.000224663368163719,0,0,16.0607287449393,169.295717393425,"ATP6V1A;ATP6V0B;ATP6V1B2;ATP6V1E1;ATP6V0E2","KEGG_2021_Human","blue"
"Gastric acid secretion","5/76",3.94018606293784e-05,0.000318967443190206,0,0,14.6990363232024,149.073180206001,"GNAS;CALM3;ATP1B1;CALM1;ACTG1","KEGG_2021_Human","blue"
"Estrogen signaling pathway","6/137",6.50841903218112e-05,0.000502923288850359,0,0,9.63245086892967,92.8551781720776,"HSPA8;HSP90AA1;HSP90AB1;GNAS;CALM3;CALM1","KEGG_2021_Human","blue"
"Pyruvate metabolism","4/47",8.8972206754983e-05,0.000657620658623787,0,0,19.2412790697674,179.46699877969,"LDHB;LDHA;PKM;MDH1","KEGG_2021_Human","blue"
"Rheumatoid arthritis","5/93",0.00010365445103106,0.000713200097914518,0,0,11.8492822966507,108.710621626851,"ATP6V1A;ATP6V0B;ATP6V1B2;ATP6V1E1;ATP6V0E2","KEGG_2021_Human","blue"
"Cocaine addiction","4/49",0.00010488236734037,0.000713200097914518,0,0,18.3842592592593,168.448921871362,"TH;GNAS;SLC6A3;SLC18A2","KEGG_2021_Human","blue"
"Cysteine and methionine metabolism","4/50",0.000113567209069975,0.000742554828534452,0,0,17.9836956521739,163.347989147706,"LDHB;LDHA;GOT1;MDH1","KEGG_2021_Human","blue"
"Alcoholism","6/186",0.000344953045240693,0.0021719265811451,0,0,6.99290780141844,55.7481760243533,"TH;GNAS;CALM3;CALM1;SLC6A3;SLC18A2","KEGG_2021_Human","blue"
"Central carbon metabolism in cancer","4/70",0.000418878457303702,0.00254319063362962,0,0,12.5214646464646,97.3910724894486,"LDHB;LDHA;PKM;PGAM1","KEGG_2021_Human","blue"
"Antigen processing and presentation","4/78",0.000632069499906534,0.00370523499945209,0,0,11.1632882882883,82.2344882230014,"HSPA8;HSP90AA1;HSP90AB1;CANX","KEGG_2021_Human","blue"
"Fluid shear stress and atherosclerosis","5/139",0.000669205118022749,0.00379216233546225,0,0,7.76355066771406,56.7470520628467,"HSP90AA1;HSP90AB1;CALM3;CALM1;ACTG1","KEGG_2021_Human","blue"
"Salivary secretion","4/93",0.00122193577671577,0.00670093813037681,0,0,9.2748127340824,62.2091274454542,"GNAS;CALM3;ATP1B1;CALM1","KEGG_2021_Human","blue"
"Human papillomavirus infection","7/331",0.00137165803971956,0.00728693333601016,0,0,4.54772335059073,29.9773872846916,"ATP6V1A;ATP6V0B;PKM;GNAS;ATP6V1B2;ATP6V1E1;ATP6V0E2","KEGG_2021_Human","blue"
"Aldosterone synthesis and secretion","4/98",0.00148329347522836,0.00764120881178244,0,0,8.77925531914894,57.1835947353171,"GNAS;CALM3;ATP1B1;CALM1","KEGG_2021_Human","blue"
"Protein processing in endoplasmic reticulum","5/171",0.00168637773102487,0.00843188865512434,0,0,6.2568167406468,39.9508535939048,"HSPA8;HSP90AA1;HSP90AB1;FBXO2;CANX","KEGG_2021_Human","blue"
"Endocrine and other factor-regulated calcium reabsorption","3/53",0.00237020480089914,0.011512423318653,0,0,12.2783505154639,74.219914290735,"CLTC;GNAS;ATP1B1","KEGG_2021_Human","blue"
"Oocyte meiosis","4/129",0.00401908740147501,0.0189790238402987,0,0,6.59166666666667,36.3642502466247,"YWHAB;CALM3;CALM1;YWHAG","KEGG_2021_Human","blue"
"Lipid and atherosclerosis","5/215",0.00451654780481118,0.0207517061302135,0,0,4.93483709273183,26.6481565073989,"HSPA8;HSP90AA1;HSP90AB1;CALM3;CALM1","KEGG_2021_Human","blue"
"Renin secretion","3/69",0.00500440096029744,0.0223881095592254,0,0,9.29428303655108,49.2358840662501,"GNAS;CALM3;CALM1","KEGG_2021_Human","blue"
"Apoptosis","4/142",0.0056422081079585,0.0245942404705883,0,0,5.96678743961353,30.8929213296343,"TUBA1B;TUBA1A;TUBA4A;ACTG1","KEGG_2021_Human","blue"
"Proximal tubule bicarbonate reclamation","2/23",0.00584761959206228,0.0248523832662647,0,0,19.3187560738581,99.3316462237063,"MDH1;ATP1B1","KEGG_2021_Human","blue"
"Thyroid hormone synthesis","3/75",0.00631213688567951,0.0261722748918419,0,0,8.51718213058419,43.1419208970586,"CANX;GNAS;ATP1B1","KEGG_2021_Human","blue"
"Adrenergic signaling in cardiomyocytes","4/150",0.00683178162196635,0.0276524494222448,0,0,5.63755707762557,28.1098167729707,"GNAS;CALM3;ATP1B1;CALM1","KEGG_2021_Human","blue"
"Oxytocin signaling pathway","4/154",0.00748436811896798,0.0295893623308036,0,0,5.48611111111111,26.8541775042426,"GNAS;CALM3;CALM1;ACTG1","KEGG_2021_Human","blue"
"Phototransduction","2/28",0.00859620747114401,0.0332126197748746,0,0,15.5996860282575,74.1988795836398,"CALM3;CALM1","KEGG_2021_Human","blue"
"Insulin secretion","3/86",0.00919670427931818,0.034743105055202,0,0,7.38430008694572,34.6243191824314,"SNAP25;GNAS;ATP1B1","KEGG_2021_Human","blue"
"cGMP-PKG signaling pathway","4/167",0.00988548635289574,0.0365333191302669,0,0,5.04524539877301,23.2923219848272,"VDAC1;CALM3;ATP1B1;CALM1","KEGG_2021_Human","blue"
"Tight junction","4/169",0.0102942937098222,0.0372346793759525,0,0,4.98358585858586,22.8057139016992,"TUBA1B;TUBA1A;TUBA4A;ACTG1","KEGG_2021_Human","blue"
"GnRH signaling pathway","3/93",0.0113729262286274,0.0402791137263888,0,0,6.80756013745704,30.4741766581,"GNAS;CALM3;CALM1","KEGG_2021_Human","blue"
"Propanoate metabolism","2/34",0.0125124802245356,0.0433110586566678,0,0,12.6709183673469,55.5116572102178,"LDHB;LDHA","KEGG_2021_Human","blue"
"Circadian entrainment","3/97",0.0127385466637258,0.0433110586566678,0,0,6.51656064926519,28.4325537727779,"GNAS;CALM3;CALM1","KEGG_2021_Human","blue"
"Inflammatory mediator regulation of TRP channels","3/98",0.0130939766052085,0.0436465886840284,0,0,6.44763971785133,27.954405817651,"GNAS;CALM3;CALM1","KEGG_2021_Human","blue"
"Tyrosine metabolism","2/36",0.0139609152364796,0.0455283502729759,0,0,11.9243697478992,50.9348693298221,"GOT1;TH","KEGG_2021_Human","blue"
"Melanogenesis","3/101",0.0141941327321631,0.0455283502729759,0,0,6.24931622133389,26.590381744701,"GNAS;CALM3;CALM1","KEGG_2021_Human","blue"
"Diabetic cardiomyopathy","4/203",0.0189765687901939,0.0597410498950549,0,0,4.125,16.3537699150151,"ATP5F1A;ATP5F1B;VDAC1;GAPDH","KEGG_2021_Human","blue"
"Vasopressin-regulated water reabsorption","2/44",0.0204294838615153,0.0631456773901383,0,0,9.6491739552964,37.5427757402553,"NSF;GNAS","KEGG_2021_Human","blue"
"Rap1 signaling pathway","4/210",0.0211917844453364,0.0643322027804854,0,0,3.9834142394822,15.3526429230866,"GNAS;CALM3;CALM1;ACTG1","KEGG_2021_Human","blue"
"cAMP signaling pathway","4/216",0.0232120303934508,0.0692288625769584,0,0,3.86949685534591,14.5612439613615,"GNAS;CALM3;ATP1B1;CALM1","KEGG_2021_Human","blue"
"Arginine and proline metabolism","2/50",0.0259489619459531,0.0760573022553798,0,0,8.44047619047619,30.8214426622313,"GOT1;CKB","KEGG_2021_Human","blue"
"Lysosome","3/128",0.0264138379001086,0.0761076685257367,0,0,4.89278350515464,17.7797257078047,"ATP6V0B;PSAP;CLTC","KEGG_2021_Human","blue"
"Vascular smooth muscle contraction","3/133",0.0291373737153464,0.0812461899524195,0,0,4.70340999206979,16.6300047845661,"GNAS;CALM3;CALM1","KEGG_2021_Human","blue"
"Thermogenesis","4/232",0.0291582650142166,0.0812461899524195,0,0,3.59502923976608,12.7084890194825,"ATP5F1A;ATP5F1B;GNAS;ACTG1","KEGG_2021_Human","blue"
"Phenylalanine, tyrosine and tryptophan biosynthesis","1/6",0.0296309633944118,0.0812461899524195,0,0,40.1919191919192,141.432767389918,"GOT1","KEGG_2021_Human","blue"
"Calcium signaling pathway","4/240",0.0324409620221396,0.0875391038692655,0,0,3.47175141242938,11.9023213054845,"GNAS;VDAC1;CALM3;CALM1","KEGG_2021_Human","blue"
"Legionellosis","2/57",0.0330569224942901,0.087807450375458,0,0,7.36363636363636,25.1064969666325,"HSPA8;EEF1A2","KEGG_2021_Human","blue"
"mTOR signaling pathway","3/154",0.0421306259009563,0.110187790817886,0,0,4.04499214856285,12.8104106369815,"ATP6V1A;ATP6V1B2;ATP6V1E1","KEGG_2021_Human","blue"
"Cellular senescence","3/156",0.0434970843589143,0.11203794456084,0,0,3.99171214877704,12.5142625552587,"VDAC1;CALM3;CALM1","KEGG_2021_Human","blue"
"Long-term potentiation","2/67",0.0443537761760119,0.112318456310682,0,0,6.2276295133438,19.4025373950964,"CALM3;CALM1","KEGG_2021_Human","blue"
"Mitophagy","2/68",0.0455522545652316,0.112318456310682,0,0,6.13296227581942,18.9440774902941,"PINK1;UBB","KEGG_2021_Human","blue"
"Necroptosis","3/159",0.0455880793261004,0.112318456310682,0,0,3.91435368754956,12.0879509101259,"HSP90AA1;HSP90AB1;VDAC1","KEGG_2021_Human","blue"
"Hippo signaling pathway","3/163",0.0484525934448119,0.117670584080257,0,0,3.81572164948454,11.5508358689141,"YWHAB;YWHAG;ACTG1","KEGG_2021_Human","blue"
"Glioma","2/75",0.0542668897312266,0.129934806398712,0,0,5.54291305563321,16.1511673406941,"CALM3;CALM1","KEGG_2021_Human","blue"
"Pertussis","2/76",0.0555565913641186,0.13117528516528,0,0,5.46773303916161,15.8036792136142,"CALM3;CALM1","KEGG_2021_Human","blue"
"Bacterial invasion of epithelial cells","2/77",0.0568570608364097,0.132406854002598,0,0,5.39455782312925,15.4673563823572,"CLTC;ACTG1","KEGG_2021_Human","blue"
"RNA degradation","2/79",0.0594897545967717,0.136665652452043,0,0,5.25390935595017,14.8262756693766,"ENO1;ENO2","KEGG_2021_Human","blue"
"Tuberculosis","3/180",0.0615800766393562,0.139577193991321,0,0,3.44626943910536,9.60618964872885,"ATP6V0B;CALM3;CALM1","KEGG_2021_Human","blue"
"NOD-like receptor signaling pathway","3/181",0.0623992161372964,0.139577193991321,0,0,3.42673462295842,9.50645598260032,"HSP90AA1;HSP90AB1;VDAC1","KEGG_2021_Human","blue"
"Kaposi sarcoma-associated herpesvirus infection","3/193",0.0726209025072876,0.160331862678427,0,0,3.20835594139989,8.41392142994221,"UBB;CALM3;CALM1","KEGG_2021_Human","blue"
"Bile secretion","2/90",0.0746819496854828,0.162768351878616,0,0,4.59461966604824,11.9208181587653,"GNAS;ATP1B1","KEGG_2021_Human","blue"
"IL-17 signaling pathway","2/94",0.0804834345723508,0.171499846347709,0,0,4.39396628216504,11.0714939664066,"HSP90AA1;HSP90AB1","KEGG_2021_Human","blue"
"Viral carcinogenesis","3/203",0.0816743571184012,0.171499846347709,0,0,3.04639175257732,7.63125762325125,"PKM;YWHAB;YWHAG","KEGG_2021_Human","blue"
"Phenylalanine metabolism","1/17",0.0817146326715557,0.171499846347709,0,0,12.5530303030303,31.4393429542943,"GOT1","KEGG_2021_Human","blue"
"Dilated cardiomyopathy","2/96",0.0834353800745876,0.17186946572348,0,0,4.30004342162397,10.6799440491835,"GNAS;ACTG1","KEGG_2021_Human","blue"
"Phosphatidylinositol signaling system","2/97",0.0849237360045433,0.17186946572348,0,0,4.25456498388829,10.491764264828,"CALM3;CALM1","KEGG_2021_Human","blue"
"Prostate cancer","2/97",0.0849237360045433,0.17186946572348,0,0,4.25456498388829,10.491764264828,"HSP90AA1;HSP90AB1","KEGG_2021_Human","blue"
"Progesterone-mediated oocyte maturation","2/100",0.0894369333512962,0.178873866702592,0,0,4.12369845897543,9.95552171579456,"HSP90AA1;HSP90AB1","KEGG_2021_Human","blue"
"Longevity regulating pathway","2/102",0.0924846891098034,0.180717208605363,0,0,4.04081632653061,9.62002061056518,"HSPA8;SOD1","KEGG_2021_Human","blue"
"Pancreatic secretion","2/102",0.0924846891098034,0.180717208605363,0,0,4.04081632653061,9.62002061056518,"GNAS;ATP1B1","KEGG_2021_Human","blue"
"C-type lectin receptor signaling pathway","2/104",0.0955625544444408,0.184609480176761,0,0,3.96118447378952,9.30075904717404,"CALM3;CALM1","KEGG_2021_Human","blue"
"Th17 cell differentiation","2/107",0.10023386700467,0.191457948211168,0,0,3.84742468415938,8.85003537243058,"HSP90AA1;HSP90AB1","KEGG_2021_Human","blue"
"PI3K-Akt signaling pathway","4/354",0.101706882987457,0.19211300119853,0,0,2.32738095238095,5.31960224325398,"HSP90AA1;HSP90AB1;YWHAB;YWHAG","KEGG_2021_Human","blue"
"Human cytomegalovirus infection","3/225",0.103190270060158,0.192773031980514,0,0,2.74143215380329,6.22628783300974,"GNAS;CALM3;CALM1","KEGG_2021_Human","blue"
"Arginine biosynthesis","1/22",0.104464697819105,0.193032593796172,0,0,9.56180856180856,21.5992275397069,"GOT1","KEGG_2021_Human","blue"
"Protein export","1/23",0.108947297836033,0.198505839319104,0,0,9.1267217630854,20.2329475165344,"SRP14","KEGG_2021_Human","blue"
"Serotonergic synapse","2/113",0.109762052329387,0.198505839319104,0,0,3.63835263835264,8.03872336990412,"GNAS;SLC18A2","KEGG_2021_Human","blue"
"Leukocyte transendothelial migration","2/114",0.111372908000063,0.199298888000112,0,0,3.60568513119534,7.91401436691998,"THY1;ACTG1","KEGG_2021_Human","blue"
"Chemical carcinogenesis","3/239",0.117934535861387,0.206928250681496,0,0,2.57697012056614,5.50859727258369,"HSP90AA1;HSP90AB1;GNAS","KEGG_2021_Human","blue"
"Neurotrophin signaling pathway","2/119",0.119518877292295,0.206928250681496,0,0,3.45072387929531,7.33030700433838,"CALM3;CALM1","KEGG_2021_Human","blue"
"Folate biosynthesis","1/26",0.122262247628669,0.206928250681496,0,0,8.03030303030303,16.8763802180029,"TH","KEGG_2021_Human","blue"
"Thyroid hormone signaling pathway","2/121",0.122818201919793,0.206928250681496,0,0,3.39238552563883,7.11400223667125,"ATP1B1;ACTG1","KEGG_2021_Human","blue"
"Shigellosis","3/246",0.125587509759596,0.206928250681496,0,0,2.50184548809978,5.19071011720712,"UBB;VDAC1;ACTG1","KEGG_2021_Human","blue"
"Biosynthesis of unsaturated fatty acids","1/27",0.126656642302827,0.206928250681496,0,0,7.72105672105672,15.9538300108164,"ACOT7","KEGG_2021_Human","blue"
"Fatty acid elongation","1/27",0.126656642302827,0.206928250681496,0,0,7.72105672105672,15.9538300108164,"ACOT7","KEGG_2021_Human","blue"
"Pathways in cancer","5/531",0.127312915849141,0.206928250681496,0,0,1.93856313788273,3.99558667112627,"HSP90AA1;HSP90AB1;GNAS;CALM3;CALM1","KEGG_2021_Human","blue"
"Cell cycle","2/124",0.127808625420924,0.206928250681496,0,0,3.3084643693543,6.80624319809133,"YWHAB;YWHAG","KEGG_2021_Human","blue"
"Platelet activation","2/124",0.127808625420924,0.206928250681496,0,0,3.3084643693543,6.80624319809133,"GNAS;ACTG1","KEGG_2021_Human","blue"
"Endocytosis","3/252",0.132287323844681,0.21215891559996,0,0,2.44081480561421,4.93722899556867,"HSPA8;CLTC;VPS35","KEGG_2021_Human","blue"
"Citrate cycle (TCA cycle)","1/30",0.139709563918842,0.219913202464844,0,0,6.92128178335075,13.6223945108193,"MDH1","KEGG_2021_Human","blue"
"Glyoxylate and dicarboxylate metabolism","1/30",0.139709563918842,0.219913202464844,0,0,6.92128178335075,13.6223945108193,"MDH1","KEGG_2021_Human","blue"
"Apelin signaling pathway","2/137",0.149950708084332,0.231742003403058,0,0,2.98790627362056,5.66939873017379,"CALM3;CALM1","KEGG_2021_Human","blue"
"Insulin signaling pathway","2/137",0.149950708084332,0.231742003403058,0,0,2.98790627362056,5.66939873017379,"CALM3;CALM1","KEGG_2021_Human","blue"
"Ubiquitin mediated proteolysis","2/140",0.155166268510966,0.237642032854632,0,0,2.92250813368826,5.44538676806967,"UBB;FBXO2","KEGG_2021_Human","blue"
"Starch and sucrose metabolism","1/36",0.165238740567014,0.250808802646361,0,0,5.73304473304473,10.3215669941692,"PGM2L1","KEGG_2021_Human","blue"
"Alanine, aspartate and glutamate metabolism","1/37",0.169420067180126,0.252643959830012,0,0,5.57351290684624,9.89507014564132,"GOT1","KEGG_2021_Human","blue"
"Aldosterone-regulated sodium reabsorption","1/37",0.169420067180126,0.252643959830012,0,0,5.57351290684624,9.89507014564132,"ATP1B1","KEGG_2021_Human","blue"
"Glycine, serine and threonine metabolism","1/40",0.181840038445641,0.268807013354425,0,0,5.14400414400414,8.76861291991989,"PGAM1","KEGG_2021_Human","blue"
"Hepatitis C","2/157",0.185317746011351,0.270167821856605,0,0,2.59973666886109,4.38233289817439,"YWHAB;YWHAG","KEGG_2021_Human","blue"
"Ferroptosis","1/41",0.185939030336605,0.270167821856605,0,0,5.01515151515152,8.43717221072756,"PRNP","KEGG_2021_Human","blue"
"Type I diabetes mellitus","1/43",0.19407611900782,0.279601188401096,0,0,4.77585377585378,7.83003533696715,"CPE","KEGG_2021_Human","blue"
"Type II diabetes mellitus","1/46",0.206131004383124,0.294472863404462,0,0,4.45679012345679,7.03835624820852,"PKM","KEGG_2021_Human","blue"
"Carbohydrate digestion and absorption","1/47",0.210109494168341,0.297655116738483,0,0,4.3596837944664,6.80165814675797,"ATP1B1","KEGG_2021_Human","blue"
"Influenza A","2/172",0.212557721644281,0.298634815533287,0,0,2.36854741896759,3.66779443778241,"VDAC1;ACTG1","KEGG_2021_Human","blue"
"Sphingolipid metabolism","1/49",0.21800735103248,0.30131097297172,0,0,4.17760942760943,6.36344537186664,"PSAP","KEGG_2021_Human","blue"
"Ether lipid metabolism","1/49",0.21800735103248,0.30131097297172,0,0,4.17760942760943,6.36344537186664,"PLD3","KEGG_2021_Human","blue"
"Cholesterol metabolism","1/50",0.221926911560385,0.304254636816657,0,0,4.09214594928881,6.16034588762116,"VDAC1","KEGG_2021_Human","blue"
"Ovarian steroidogenesis","1/51",0.225827021656465,0.307124749452793,0,0,4.01010101010101,5.96697401593565,"GNAS","KEGG_2021_Human","blue"
"Regulation of lipolysis in adipocytes","1/55",0.241234861655302,0.325442612551307,0,0,3.71230826786382,5.27884403782842,"GNAS","KEGG_2021_Human","blue"
"Neutrophil extracellular trap formation","2/189",0.243858065056649,0.325442612551307,0,0,2.1513696387646,3.03594597725027,"VDAC1;ACTG1","KEGG_2021_Human","blue"
"Hedgehog signaling pathway","1/56",0.245039143568043,0.325442612551307,0,0,3.64462809917355,5.12557648253206,"KIF3A","KEGG_2021_Human","blue"
"Viral myocarditis","1/60",0.260068356267662,0.337493286759561,0,0,3.39684985447697,4.57491398098809,"ACTG1","KEGG_2021_Human","blue"
"Long-term depression","1/60",0.260068356267662,0.337493286759561,0,0,3.39684985447697,4.57491398098809,"GNAS","KEGG_2021_Human","blue"
"Mineral absorption","1/60",0.260068356267662,0.337493286759561,0,0,3.39684985447697,4.57491398098809,"ATP1B1","KEGG_2021_Human","blue"
"Cortisol synthesis and secretion","1/65",0.278438939213788,0.358595603532909,0,0,3.13068181818182,4.00275356439037,"GNAS","KEGG_2021_Human","blue"
"Human immunodeficiency virus 1 infection","2/212",0.286459837788357,0.366151672361057,0,0,1.91350826044704,2.39218562177364,"CALM3;CALM1","KEGG_2021_Human","blue"
"Retinol metabolism","1/68",0.289243789255229,0.366951075920812,0,0,2.99004975124378,3.70911301693322,"ALDH1A1","KEGG_2021_Human","blue"
"Prolactin signaling pathway","1/70",0.296357876203525,0.372124339512981,0,0,2.9030888596106,3.53070042231205,"TH","KEGG_2021_Human","blue"
"Human T-cell leukemia virus 1 infection","2/219",0.299404556751811,0.372124339512981,0,0,1.85112385968212,2.23238056623459,"CANX;VDAC1","KEGG_2021_Human","blue"
"Adherens junction","1/71",0.299888438313403,0.372124339512981,0,0,2.86147186147186,3.44619860155019,"ACTG1","KEGG_2021_Human","blue"
"Arrhythmogenic right ventricular cardiomyopathy","1/77",0.320706505558706,0.392230978021439,0,0,2.6347687400319,2.99633512170869,"ACTG1","KEGG_2021_Human","blue"
"Leishmaniasis","1/77",0.320706505558706,0.392230978021439,0,0,2.6347687400319,2.99633512170869,"EEF1A2","KEGG_2021_Human","blue"
"Ras signaling pathway","2/232",0.323341560498189,0.3926290377478,0,0,1.74534161490683,1.97057105906791,"CALM3;CALM1","KEGG_2021_Human","blue"
"Peroxisome","1/82",0.337585846063778,0.407018395963421,0,0,2.47150517520888,2.68389506560141,"SOD1","KEGG_2021_Human","blue"
"Cardiac muscle contraction","1/87",0.354049852499014,0.42386249947065,0,0,2.3272257458304,2.41639933353241,"ATP1B1","KEGG_2021_Human","blue"
"ECM-receptor interaction","1/88",0.357293708483398,0.424754758336907,0,0,2.30035992104958,2.36752381170365,"SV2A","KEGG_2021_Human","blue"
"GABAergic synapse","1/89",0.360521436424534,0.425615584667853,0,0,2.27410468319559,2.32005037808893,"NSF","KEGG_2021_Human","blue"
"Hypertrophic cardiomyopathy","1/90",0.363733115678147,0.426445721829552,0,0,2.24843945068664,2.27392523969427,"ACTG1","KEGG_2021_Human","blue"
"Morphine addiction","1/91",0.366928825262423,0.427245892428849,0,0,2.22334455667789,2.22909720803597,"GNAS","KEGG_2021_Human","blue"
"Glycerophospholipid metabolism","1/98",0.388858196397513,0.449699955017532,0,0,2.06216807247735,1.94780133547852,"PLD3","KEGG_2021_Human","blue"
"Amoebiasis","1/102",0.401049842395342,0.457573645685961,0,0,1.98009800980098,1.80915528558786,"GNAS","KEGG_2021_Human","blue"
"Chagas disease","1/102",0.401049842395342,0.457573645685961,0,0,1.98009800980098,1.80915528558786,"GNAS","KEGG_2021_Human","blue"
"Protein digestion and absorption","1/103",0.404059939073185,0.457934597616277,0,0,1.9605862547039,1.77666767339805,"ATP1B1","KEGG_2021_Human","blue"
"Parathyroid hormone synthesis, secretion and action","1/106",0.413000661133786,0.464967631740024,0,0,1.9042809042809,1.68396719161278,"GNAS","KEGG_2021_Human","blue"
"Toxoplasmosis","1/112",0.43048561638067,0.481464176215223,0,0,1.8008008008008,1.51778940882089,"HSPA8","KEGG_2021_Human","blue"
"Glutamatergic synapse","1/114",0.436198565833718,0.484665073148576,0,0,1.76874944131581,1.46745661650072,"GNAS","KEGG_2021_Human","blue"
"Growth hormone synthesis, secretion and action","1/119",0.450233917137087,0.497011466969512,0,0,1.69337442218798,1.35129249451638,"GNAS","KEGG_2021_Human","blue"
"Purine metabolism","1/129",0.477275091201804,0.520107471181453,0,0,1.5602904040404,1.15408790031601,"PKM","KEGG_2021_Human","blue"
"Relaxin signaling pathway","1/129",0.477275091201804,0.520107471181453,0,0,1.5602904040404,1.15408790031601,"GNAS","KEGG_2021_Human","blue"
"Yersinia infection","1/137",0.497956392525298,0.5391884505051,0,0,1.46791443850267,1.02349273069514,"ACTG1","KEGG_2021_Human","blue"
"Measles","1/139",0.502998845735877,0.541201289715817,0,0,1.44649392475479,0.993983474661611,"HSPA8","KEGG_2021_Human","blue"
"Spinocerebellar ataxia","1/143",0.512933812590885,0.548419799625475,0,0,1.40546308151942,0.938299046849509,"VDAC1","KEGG_2021_Human","blue"
"Phospholipase D signaling pathway","1/148",0.525076432202193,0.55789370921483,0,0,1.35731464302893,0.874397623216168,"GNAS","KEGG_2021_Human","blue"
"Spliceosome","1/150",0.529849131261317,0.559468026797664,0,0,1.33896007050369,0.850457856372934,"HSPA8","KEGG_2021_Human","blue"
"Cushing syndrome","1/155",0.54157414062889,0.568318542635255,0,0,1.29515938606848,0.794289267227046,"GNAS","KEGG_2021_Human","blue"
"Hepatitis B","1/162",0.557504289374834,0.581446191372526,0,0,1.23840893406111,0.723583865255002,"YWHAB","KEGG_2021_Human","blue"
"Hepatocellular carcinoma","1/168",0.570721645453221,0.591601705652729,0,0,1.19355228936067,0.669408186906394,"ACTG1","KEGG_2021_Human","blue"
"RNA transport","1/186",0.60807334897308,0.626499814093476,0,0,1.07644007644008,0.535485626960847,"EEF1A2","KEGG_2021_Human","blue"
"Focal adhesion","1/201",0.636727825797518,0.652070664973362,0,0,0.994949494949495,0.449133126176455,"ACTG1","KEGG_2021_Human","blue"
"Proteoglycans in cancer","1/205",0.644012133765147,0.655581214012425,0,0,0.975242622301446,0.429143531972285,"ACTG1","KEGG_2021_Human","blue"
"Olfactory transduction","2/440",0.649407501670515,0.657138543357069,0,0,0.906812039884447,0.391466103573486,"CALM3;CALM1","KEGG_2021_Human","blue"
"Regulation of actin cytoskeleton","1/218",0.666701897316833,0.670646878957761,0,0,0.916212819438626,0.371443913003097,"ACTG1","KEGG_2021_Human","blue"
"MAPK signaling pathway","1/294",0.773409712864383,0.773409712864383,0,0,0.675940290274761,0.173680384477407,"HSPA8","KEGG_2021_Human","blue"
"Peptide Biosynthetic Process (GO:0043043)","11/158",2.40381367615786e-13,9.3027589267309e-11,0,0,36.1392069022731,1050.08066151103,"MRPL41;RPL41;RPL32;RPL10;RPLP2;MRPS21;RPL13A;RPL35A;RPS2;RPL29;RPL19","GO_Biological_Process_2023","yellow"
"Macromolecule Biosynthetic Process (GO:0009059)","11/183",1.21244114461004e-12,2.34607361482043e-10,0,0,30.8474191718661,846.403373174118,"MRPL41;RPL41;RPL32;RPL10;RPLP2;MRPS21;RPL13A;RPL35A;RPS2;RPL29;RPL19","GO_Biological_Process_2023","yellow"
"Cytoplasmic Translation (GO:0002181)","9/93",2.13401761812075e-12,2.75288272737576e-10,0,0,49.4950166112957,1330.08030932692,"RPL41;RPL32;RPL10;RPLP2;RPL13A;RPL35A;RPS2;RPL29;RPL19","GO_Biological_Process_2023","yellow"
"Translation (GO:0006412)","11/234",1.76037505259613e-11,1.70316286338675e-09,0,0,23.731269823909,587.655278391175,"MRPL41;RPL41;RPL32;RPL10;RPLP2;MRPS21;RPL13A;RPL35A;RPS2;RPL29;RPL19","GO_Biological_Process_2023","yellow"
"Gene Expression (GO:0010467)","11/296",2.18444455752998e-10,1.6907600875282e-08,0,0,18.5103123662816,411.752446126427,"MRPL41;RPL41;RPL32;RPL10;RPLP2;MRPS21;RPL13A;RPL35A;RPS2;RPL29;RPL19","GO_Biological_Process_2023","yellow"
"Response To Type I Interferon (GO:0034340)","2/9",0.000235914290066267,0.0152164717092742,0,0,113.948571428571,951.703254022745,"ISG15;IFIT1","GO_Biological_Process_2023","yellow"
"Proton Motive Force-Driven ATP Synthesis (GO:0015986)","3/60",0.000510925891061306,0.0282469028343894,0,0,21.3651987110634,161.932951596671,"NDUFB11;ATP5MC2;ATP5ME","GO_Biological_Process_2023","yellow"
"Protein N-linked Glycosylation Via Asparagine (GO:0018279)","2/23",0.00161978949586945,0.0783573168626845,0,0,37.9561904761905,243.885948699575,"OST4;NUDT14","GO_Biological_Process_2023","yellow"
"ATP Biosynthetic Process (GO:0006754)","2/25",0.00191432692187302,0.0801249455367609,0,0,34.6521739130435,216.86679079929,"ATP5MC2;ATP5ME","GO_Biological_Process_2023","yellow"
"Negative Regulation Of Catalytic Activity (GO:0043086)","2/26",0.00207041202937367,0.0801249455367609,0,0,33.2066666666667,205.217453815345,"IFIT1;MT3","GO_Biological_Process_2023","yellow"
"Energy Derivation By Oxidation Of Organic Compounds (GO:0015980)","2/43",0.00559261727244929,0.137906150316462,0,0,19.4214634146341,100.725689044175,"UQCRQ;MT3","GO_Biological_Process_2023","yellow"
"Defense Response To Symbiont (GO:0140546)","3/148",0.00673250641986066,0.137906150316462,0,0,8.3615763546798,41.8146360851747,"IFI6;ISG15;IFIT1","GO_Biological_Process_2023","yellow"
"NADH Dehydrogenase Complex Assembly (GO:0010257)","2/53",0.00839439914432737,0.137906150316462,0,0,15.6054901960784,74.5972169827364,"NDUFB11;NDUFAF3","GO_Biological_Process_2023","yellow"
"Negative Regulation Of Viral Genome Replication (GO:0045071)","2/53",0.00839439914432737,0.137906150316462,0,0,15.6054901960784,74.5972169827364,"ISG15;IFIT1","GO_Biological_Process_2023","yellow"
"Proton Motive Force-Driven Mitochondrial ATP Synthesis (GO:0042776)","2/53",0.00839439914432737,0.137906150316462,0,0,15.6054901960784,74.5972169827364,"NDUFB11;ATP5ME","GO_Biological_Process_2023","yellow"
"Mitochondrial Respiratory Chain Complex I Assembly (GO:0032981)","2/53",0.00839439914432737,0.137906150316462,0,0,15.6054901960784,74.5972169827364,"NDUFB11;NDUFAF3","GO_Biological_Process_2023","yellow"
"Negative Regulation Of Cysteine-Type Endopeptidase Activity (GO:2000117)","2/53",0.00839439914432737,0.137906150316462,0,0,15.6054901960784,74.5972169827364,"IFI6;MT3","GO_Biological_Process_2023","yellow"
"Negative Regulation Of Protein Modification By Small Protein Conjugation Or Removal (GO:1903321)","2/54",0.00870286059200118,0.137906150316462,0,0,15.3046153846154,72.6066794687417,"ISG15;COPS9","GO_Biological_Process_2023","yellow"
"Ribosomal Large Subunit Biogenesis (GO:0042273)","2/54",0.00870286059200118,0.137906150316462,0,0,15.3046153846154,72.6066794687417,"RPL10;RPL35A","GO_Biological_Process_2023","yellow"
"Negative Regulation Of Protein-Containing Complex Assembly (GO:0031333)","2/59",0.0103201087179194,0.137906150316462,0,0,13.9585964912281,63.8418881675459,"RPL13A;SVIP","GO_Biological_Process_2023","yellow"
"Negative Regulation Of Viral Process (GO:0048525)","2/61",0.0110014768114953,0.137906150316462,0,0,13.4840677966102,60.8094478866299,"ISG15;IFIT1","GO_Biological_Process_2023","yellow"
"Oxidative Phosphorylation (GO:0006119)","2/63",0.0117022207105142,0.137906150316462,0,0,13.0406557377049,58.0045322333654,"NDUFB11;ATP5ME","GO_Biological_Process_2023","yellow"
"Protein N-linked Glycosylation (GO:0006487)","2/64",0.0120597924097585,0.137906150316462,0,0,12.8296774193548,56.6799534791871,"OST4;NUDT14","GO_Biological_Process_2023","yellow"
"Cellular Response To Light Stimulus (GO:0071482)","2/65",0.0124221288506946,0.137906150316462,0,0,12.6253968253968,55.4037235072689,"RBX1;COPS9","GO_Biological_Process_2023","yellow"
"ISG15-protein Conjugation (GO:0032020)","1/5",0.0129337430598205,0.137906150316462,0,0,97.7647058823529,425.072693906196,"ISG15","GO_Biological_Process_2023","yellow"
"PERK-mediated Unfolded Protein Response (GO:0036499)","1/5",0.0129337430598205,0.137906150316462,0,0,97.7647058823529,425.072693906196,"DDIT3","GO_Biological_Process_2023","yellow"
"Regulation Of Protein Autoubiquitination (GO:1902498)","1/5",0.0129337430598205,0.137906150316462,0,0,97.7647058823529,425.072693906196,"RBX1","GO_Biological_Process_2023","yellow"
"Regulation Of DNA Damage Response, Signal Transduction By P53 Class Mediator Resulting In Transcription Of P21 Class Mediator (GO:1902162)","1/5",0.0129337430598205,0.137906150316462,0,0,97.7647058823529,425.072693906196,"ZNHIT1","GO_Biological_Process_2023","yellow"
"Positive Regulation Of Autophagy Of Mitochondrion In Response To Mitochondrial Depolarization (GO:1904925)","1/5",0.0129337430598205,0.137906150316462,0,0,97.7647058823529,425.072693906196,"TOMM7","GO_Biological_Process_2023","yellow"
"Negative Regulation Of ERAD Pathway (GO:1904293)","1/5",0.0129337430598205,0.137906150316462,0,0,97.7647058823529,425.072693906196,"SVIP","GO_Biological_Process_2023","yellow"
"Embryonic Brain Development (GO:1990403)","1/5",0.0129337430598205,0.137906150316462,0,0,97.7647058823529,425.072693906196,"RPL10","GO_Biological_Process_2023","yellow"
"Defense Response To Virus (GO:0051607)","3/189",0.0130747599005708,0.137906150316462,0,0,6.50493745885451,28.2123797236256,"IFI6;ISG15;IFIT1","GO_Biological_Process_2023","yellow"
"Regulation Of Viral Genome Replication (GO:0045069)","2/67",0.0131609912663894,0.137906150316462,0,0,12.2356923076923,52.9866414552906,"ISG15;IFIT1","GO_Biological_Process_2023","yellow"
"Modification-Dependent Protein Catabolic Process (GO:0019941)","3/192",0.0136365427654697,0.137906150316462,0,0,6.40071266601879,27.4910744805336,"ISG15;RBX1;ANAPC11","GO_Biological_Process_2023","yellow"
"ATF6-mediated Unfolded Protein Response (GO:0036500)","1/6",0.0155007440273006,0.137906150316462,0,0,78.2078431372549,325.881700609606,"DDIT3","GO_Biological_Process_2023","yellow"
"Positive Regulation Of Mitophagy In Response To Mitochondrial Depolarization (GO:0098779)","1/6",0.0155007440273006,0.137906150316462,0,0,78.2078431372549,325.881700609606,"TOMM7","GO_Biological_Process_2023","yellow"
"Positive Regulation Of Necrotic Cell Death (GO:0010940)","1/6",0.0155007440273006,0.137906150316462,0,0,78.2078431372549,325.881700609606,"MT3","GO_Biological_Process_2023","yellow"
"Positive Regulation Of Phospholipid Biosynthetic Process (GO:0071073)","1/6",0.0155007440273006,0.137906150316462,0,0,78.2078431372549,325.881700609606,"FABP3","GO_Biological_Process_2023","yellow"
"Positive Regulation Of Endoplasmic Reticulum Stress-Induced Intrinsic Apoptotic Signaling Pathway (GO:1902237)","1/6",0.0155007440273006,0.137906150316462,0,0,78.2078431372549,325.881700609606,"DDIT3","GO_Biological_Process_2023","yellow"
"Cell Morphogenesis Involved In Neuron Differentiation (GO:0048667)","2/77",0.0171323795475225,0.137906150316462,0,0,10.5989333333333,43.1035837867453,"SSNA1;S100A6","GO_Biological_Process_2023","yellow"
"Monoatomic Cation Homeostasis (GO:0055080)","2/77",0.0171323795475225,0.137906150316462,0,0,10.5989333333333,43.1035837867453,"ZNHIT1;MT3","GO_Biological_Process_2023","yellow"
"Cellular Response To UV (GO:0034644)","2/79",0.0179806467398737,0.137906150316462,0,0,10.3225974025974,41.480937332633,"RBX1;COPS9","GO_Biological_Process_2023","yellow"
"ER Overload Response (GO:0006983)","1/7",0.0180611983617245,0.137906150316462,0,0,65.1699346405229,261.591425459252,"DDIT3","GO_Biological_Process_2023","yellow"
"tRNA Transcription By RNA Polymerase III (GO:0042797)","1/7",0.0180611983617245,0.137906150316462,0,0,65.1699346405229,261.591425459252,"POLR2L","GO_Biological_Process_2023","yellow"
"Neuron Projection Arborization (GO:0140058)","1/7",0.0180611983617245,0.137906150316462,0,0,65.1699346405229,261.591425459252,"SSNA1","GO_Biological_Process_2023","yellow"
"Cellular Response To Leptin Stimulus (GO:0044320)","1/7",0.0180611983617245,0.137906150316462,0,0,65.1699346405229,261.591425459252,"MT3","GO_Biological_Process_2023","yellow"
"Regulation Of DNA-templated Transcription In Response To Stress (GO:0043620)","1/7",0.0180611983617245,0.137906150316462,0,0,65.1699346405229,261.591425459252,"DDIT3","GO_Biological_Process_2023","yellow"
"Positive Regulation Of Protein Ubiquitination (GO:0031398)","2/84",0.0201775701907262,0.137906150316462,0,0,9.69073170731707,37.8247058289297,"RPS2;RBX1","GO_Biological_Process_2023","yellow"
"tRNA Transcription (GO:0009304)","1/8",0.0206151221986895,0.137906150316462,0,0,55.8571428571429,216.822368658017,"POLR2L","GO_Biological_Process_2023","yellow"
"Regulation Of Helicase Activity (GO:0051095)","1/8",0.0206151221986895,0.137906150316462,0,0,55.8571428571429,216.822368658017,"IFIT1","GO_Biological_Process_2023","yellow"
"Negative Regulation Of Retrograde Protein Transport, ER To Cytosol (GO:1904153)","1/8",0.0206151221986895,0.137906150316462,0,0,55.8571428571429,216.822368658017,"SVIP","GO_Biological_Process_2023","yellow"
"Regulation Of Necrotic Cell Death (GO:0010939)","1/8",0.0206151221986895,0.137906150316462,0,0,55.8571428571429,216.822368658017,"MT3","GO_Biological_Process_2023","yellow"
"Leptin-Mediated Signaling Pathway (GO:0033210)","1/8",0.0206151221986895,0.137906150316462,0,0,55.8571428571429,216.822368658017,"MT3","GO_Biological_Process_2023","yellow"
"Modification-Dependent Macromolecule Catabolic Process (GO:0043632)","1/8",0.0206151221986895,0.137906150316462,0,0,55.8571428571429,216.822368658017,"ISG15","GO_Biological_Process_2023","yellow"
"Regulation Of ER-associated Ubiquitin-Dependent Protein Catabolic Process (GO:1903069)","1/8",0.0206151221986895,0.137906150316462,0,0,55.8571428571429,216.822368658017,"SVIP","GO_Biological_Process_2023","yellow"
"Cellular Respiration (GO:0045333)","2/85",0.0206298306650227,0.137906150316462,0,0,9.57349397590361,37.154894402821,"NDUFB11;UQCRQ","GO_Biological_Process_2023","yellow"
"Regulation Of Type II Interferon Production (GO:0032649)","2/87",0.0215470326897224,0.137906150316462,0,0,9.34729411764706,35.8704016332947,"DDIT3;ISG15","GO_Biological_Process_2023","yellow"
"Cellular Response To Chemical Stress (GO:0062197)","2/89",0.0224809821143166,0.137906150316462,0,0,9.13149425287356,34.65480204013,"MT3;RBX1","GO_Biological_Process_2023","yellow"
"Mitochondrial Respiratory Chain Complex Assembly (GO:0033108)","2/90",0.0229541771879189,0.137906150316462,0,0,9.02727272727273,34.0712323551538,"NDUFB11;NDUFAF3","GO_Biological_Process_2023","yellow"
"Negative Regulation Of Protein Exit From Endoplasmic Reticulum (GO:0070862)","1/9",0.0231625317068994,0.137906150316462,0,0,48.8725490196078,184.015865712098,"SVIP","GO_Biological_Process_2023","yellow"
"Positive Regulation Of rRNA Processing (GO:2000234)","1/9",0.0231625317068994,0.137906150316462,0,0,48.8725490196078,184.015865712098,"TRMT112","GO_Biological_Process_2023","yellow"
"Positive Regulation Of Vascular Endothelial Growth Factor Receptor Signaling Pathway (GO:0030949)","1/9",0.0231625317068994,0.137906150316462,0,0,48.8725490196078,184.015865712098,"MT3","GO_Biological_Process_2023","yellow"
"Calcium Import Into The Mitochondrion (GO:0036444)","1/9",0.0231625317068994,0.137906150316462,0,0,48.8725490196078,184.015865712098,"SMDT1","GO_Biological_Process_2023","yellow"
"Regulation Of Protein Lipidation (GO:1903059)","1/9",0.0231625317068994,0.137906150316462,0,0,48.8725490196078,184.015865712098,"SVIP","GO_Biological_Process_2023","yellow"
"Regulation Of RNA Polymerase II Regulatory Region Sequence-Specific DNA Binding (GO:1903025)","1/9",0.0231625317068994,0.137906150316462,0,0,48.8725490196078,184.015865712098,"DDIT3","GO_Biological_Process_2023","yellow"
"tRNA Threonylcarbamoyladenosine Metabolic Process (GO:0070525)","1/10",0.0257034430516593,0.138156006402669,0,0,43.4400871459695,159.039820378248,"LAGE3","GO_Biological_Process_2023","yellow"
"Negative Regulation Of Oxidoreductase Activity (GO:0051354)","1/10",0.0257034430516593,0.138156006402669,0,0,43.4400871459695,159.039820378248,"MT3","GO_Biological_Process_2023","yellow"
"TORC1 Signaling (GO:0038202)","1/10",0.0257034430516593,0.138156006402669,0,0,43.4400871459695,159.039820378248,"LAMTOR4","GO_Biological_Process_2023","yellow"
"Regulation Of Mitochondrial Depolarization (GO:0051900)","1/10",0.0257034430516593,0.138156006402669,0,0,43.4400871459695,159.039820378248,"IFI6","GO_Biological_Process_2023","yellow"
"Positive Regulation Of Transcription From RNA Polymerase II Promoter In Response To Endoplasmic Reticulum Stress (GO:1990440)","1/10",0.0257034430516593,0.138156006402669,0,0,43.4400871459695,159.039820378248,"DDIT3","GO_Biological_Process_2023","yellow"
"rRNA Base Methylation (GO:0070475)","1/10",0.0257034430516593,0.138156006402669,0,0,43.4400871459695,159.039820378248,"TRMT112","GO_Biological_Process_2023","yellow"
"Removal Of Superoxide Radicals (GO:0019430)","1/10",0.0257034430516593,0.138156006402669,0,0,43.4400871459695,159.039820378248,"MT3","GO_Biological_Process_2023","yellow"
"MAPK Cascade (GO:0000165)","2/98",0.0268859021542303,0.140075040996813,0,0,8.27166666666667,29.9116139955165,"MT3;RBX1","GO_Biological_Process_2023","yellow"
"Mitochondrial Translation (GO:0032543)","2/98",0.0268859021542303,0.140075040996813,0,0,8.27166666666667,29.9116139955165,"MRPL41;MRPS21","GO_Biological_Process_2023","yellow"
"Axon Development (GO:0061564)","2/99",0.0273952873805882,0.140075040996813,0,0,8.1859793814433,29.4481134923722,"SSNA1;S100A6","GO_Biological_Process_2023","yellow"
"Response To UV (GO:0009411)","2/100",0.0279085775805054,0.140075040996813,0,0,8.10204081632653,28.9957554144004,"RBX1;COPS9","GO_Biological_Process_2023","yellow"
"Regulation Of Fatty Acid Metabolic Process (GO:0019217)","1/11",0.0282378723956639,0.140075040996813,0,0,39.0941176470588,139.452283393858,"FABP3","GO_Biological_Process_2023","yellow"
"Cellular Response To Superoxide (GO:0071451)","1/11",0.0282378723956639,0.140075040996813,0,0,39.0941176470588,139.452283393858,"MT3","GO_Biological_Process_2023","yellow"
"Mitochondrial Gene Expression (GO:0140053)","2/103",0.0294716494372318,0.140075040996813,0,0,7.86019801980198,27.7019042845417,"MRPL41;MRPS21","GO_Biological_Process_2023","yellow"
"Intrinsic Apoptotic Signaling Pathway (GO:0097193)","2/105",0.0305328046751451,0.140075040996813,0,0,7.70679611650485,26.8886541341623,"DDIT3;IFI6","GO_Biological_Process_2023","yellow"
"Regulation Of Neuron Apoptotic Process (GO:0043523)","2/105",0.0305328046751451,0.140075040996813,0,0,7.70679611650485,26.8886541341623,"DDIT3;MT3","GO_Biological_Process_2023","yellow"
"Regulation Of Retrograde Protein Transport, ER To Cytosol (GO:1904152)","1/12",0.0307658358778531,0.140075040996813,0,0,35.5383244206774,123.721360981822,"SVIP","GO_Biological_Process_2023","yellow"
"Phospholipid Homeostasis (GO:0055091)","1/12",0.0307658358778531,0.140075040996813,0,0,35.5383244206774,123.721360981822,"FABP3","GO_Biological_Process_2023","yellow"
"Mitochondrial Electron Transport, Ubiquinol To Cytochrome C (GO:0006122)","1/12",0.0307658358778531,0.140075040996813,0,0,35.5383244206774,123.721360981822,"UQCRQ","GO_Biological_Process_2023","yellow"
"Regulation Of Transcription From RNA Polymerase II Promoter In Response To Stress (GO:0043618)","1/12",0.0307658358778531,0.140075040996813,0,0,35.5383244206774,123.721360981822,"DDIT3","GO_Biological_Process_2023","yellow"
"Regulation Of Oxidoreductase Activity (GO:0051341)","1/13",0.0332873496068506,0.144743868515182,0,0,32.5751633986928,110.83952930563,"MT3","GO_Biological_Process_2023","yellow"
"Outer Mitochondrial Membrane Organization (GO:0007008)","1/13",0.0332873496068506,0.144743868515182,0,0,32.5751633986928,110.83952930563,"TOMM7","GO_Biological_Process_2023","yellow"
"Protein Insertion Into Mitochondrial Outer Membrane (GO:0045040)","1/13",0.0332873496068506,0.144743868515182,0,0,32.5751633986928,110.83952930563,"TOMM7","GO_Biological_Process_2023","yellow"
"Regulation Of ERBB Signaling Pathway (GO:1901184)","1/13",0.0332873496068506,0.144743868515182,0,0,32.5751633986928,110.83952930563,"IFI6","GO_Biological_Process_2023","yellow"
"Negative Regulation Of Canonical Wnt Signaling Pathway (GO:0090090)","2/114",0.0354919970221017,0.14898430410834,0,0,7.08428571428571,23.6505197853738,"DDIT3;RBX1","GO_Biological_Process_2023","yellow"
"Protein Localization To Vacuole (GO:0072665)","1/14",0.035802429669446,0.14898430410834,0,0,30.0678733031674,100.118186020414,"LAMTOR4","GO_Biological_Process_2023","yellow"
"Cellular Response To Exogenous dsRNA (GO:0071360)","1/14",0.035802429669446,0.14898430410834,0,0,30.0678733031674,100.118186020414,"IFIT1","GO_Biological_Process_2023","yellow"
"Mitochondrial Calcium Ion Transmembrane Transport (GO:0006851)","1/14",0.035802429669446,0.14898430410834,0,0,30.0678733031674,100.118186020414,"SMDT1","GO_Biological_Process_2023","yellow"
"Negative Regulation Of Type I Interferon-Mediated Signaling Pathway (GO:0060339)","1/15",0.0383110921224364,0.154441590118572,0,0,27.9187675070028,91.0714610921437,"ISG15","GO_Biological_Process_2023","yellow"
"Regulation Of rRNA Processing (GO:2000232)","1/15",0.0383110921224364,0.154441590118572,0,0,27.9187675070028,91.0714610921437,"TRMT112","GO_Biological_Process_2023","yellow"
"Positive Regulation Of DNA Damage Response, Signal Transduction By P53 Class Mediator (GO:0043517)","1/15",0.0383110921224364,0.154441590118572,0,0,27.9187675070028,91.0714610921437,"ZNHIT1","GO_Biological_Process_2023","yellow"
"Regulation Of Fatty Acid Oxidation (GO:0046320)","1/16",0.0408133529856871,0.157947676054609,0,0,26.0562091503268,83.347194066635,"FABP3","GO_Biological_Process_2023","yellow"
"Heart Process (GO:0003015)","1/16",0.0408133529856871,0.157947676054609,0,0,26.0562091503268,83.347194066635,"ZNHIT1","GO_Biological_Process_2023","yellow"
"Protein Localization To Mitochondrion (GO:0070585)","1/16",0.0408133529856871,0.157947676054609,0,0,26.0562091503268,83.347194066635,"ISG15","GO_Biological_Process_2023","yellow"
"Negative Regulation Of ATP-dependent Activity (GO:0032780)","1/16",0.0408133529856871,0.157947676054609,0,0,26.0562091503268,83.347194066635,"IFIT1","GO_Biological_Process_2023","yellow"
"Transcription By RNA Polymerase I (GO:0006360)","1/17",0.0433092282440391,0.158119540853237,0,0,24.4264705882353,76.6842063435111,"POLR2L","GO_Biological_Process_2023","yellow"
"Intracellular Zinc Ion Homeostasis (GO:0006882)","1/17",0.0433092282440391,0.158119540853237,0,0,24.4264705882353,76.6842063435111,"MT3","GO_Biological_Process_2023","yellow"
"Positive Regulation Of Transcription From RNA Polymerase II Promoter In Response To Stress (GO:0036003)","1/17",0.0433092282440391,0.158119540853237,0,0,24.4264705882353,76.6842063435111,"DDIT3","GO_Biological_Process_2023","yellow"
"Carboxylic Acid Biosynthetic Process (GO:0046394)","1/17",0.0433092282440391,0.158119540853237,0,0,24.4264705882353,76.6842063435111,"UROS","GO_Biological_Process_2023","yellow"
"Cellular Response To dsRNA (GO:0071359)","1/17",0.0433092282440391,0.158119540853237,0,0,24.4264705882353,76.6842063435111,"IFIT1","GO_Biological_Process_2023","yellow"
"rRNA Modification (GO:0000154)","1/17",0.0433092282440391,0.158119540853237,0,0,24.4264705882353,76.6842063435111,"TRMT112","GO_Biological_Process_2023","yellow"
"Positive Regulation Of Response To Endoplasmic Reticulum Stress (GO:1905898)","1/18",0.0457987338494677,0.161128272724946,0,0,22.9884659746251,70.8849080156136,"DDIT3","GO_Biological_Process_2023","yellow"
"Intracellular Lipid Transport (GO:0032365)","1/18",0.0457987338494677,0.161128272724946,0,0,22.9884659746251,70.8849080156136,"FABP3","GO_Biological_Process_2023","yellow"
"Regulation Of Protein Neddylation (GO:2000434)","1/18",0.0457987338494677,0.161128272724946,0,0,22.9884659746251,70.8849080156136,"COPS9","GO_Biological_Process_2023","yellow"
"Energy Reserve Metabolic Process (GO:0006112)","1/18",0.0457987338494677,0.161128272724946,0,0,22.9884659746251,70.8849080156136,"MT3","GO_Biological_Process_2023","yellow"
"Heme Biosynthetic Process (GO:0006783)","1/19",0.0482818857194644,0.16547457806599,0,0,21.7102396514161,65.7971978135567,"UROS","GO_Biological_Process_2023","yellow"
"Release Of Cytochrome C From Mitochondria (GO:0001836)","1/19",0.0482818857194644,0.16547457806599,0,0,21.7102396514161,65.7971978135567,"IFI6","GO_Biological_Process_2023","yellow"
"Proteasome-Mediated Ubiquitin-Dependent Protein Catabolic Process (GO:0043161)","3/319",0.0500952315807012,0.16547457806599,0,0,3.80366830276414,11.3875341959731,"DDIT3;RBX1;ANAPC11","GO_Biological_Process_2023","yellow"
"Regulation Of Meiotic Cell Cycle (GO:0051445)","1/20",0.0507586997365512,0.16547457806599,0,0,20.5665634674923,61.302185054186,"ANAPC11","GO_Biological_Process_2023","yellow"
"Anterior/Posterior Axis Specification (GO:0009948)","1/20",0.0507586997365512,0.16547457806599,0,0,20.5665634674923,61.302185054186,"DDIT3","GO_Biological_Process_2023","yellow"
"Intracellular Monoatomic Ion Homeostasis (GO:0006873)","1/20",0.0507586997365512,0.16547457806599,0,0,20.5665634674923,61.302185054186,"MT3","GO_Biological_Process_2023","yellow"
"Cellular Response To Copper Ion (GO:0071280)","1/20",0.0507586997365512,0.16547457806599,0,0,20.5665634674923,61.302185054186,"MT3","GO_Biological_Process_2023","yellow"
"Negative Regulation Of Wnt Signaling Pathway (GO:0030178)","2/140",0.0513890161823796,0.16547457806599,0,0,5.74202898550725,17.044241620258,"DDIT3;RBX1","GO_Biological_Process_2023","yellow"
"Negative Regulation Of Reactive Oxygen Species Metabolic Process (GO:2000378)","1/21",0.0532291917431675,0.16547457806599,0,0,19.5372549019608,57.305666317837,"MT3","GO_Biological_Process_2023","yellow"
"Anaphase-Promoting Complex-Dependent Catabolic Process (GO:0031145)","1/21",0.0532291917431675,0.16547457806599,0,0,19.5372549019608,57.305666317837,"ANAPC11","GO_Biological_Process_2023","yellow"
"Mitochondrial Calcium Ion Homeostasis (GO:0051560)","1/21",0.0532291917431675,0.16547457806599,0,0,19.5372549019608,57.305666317837,"SMDT1","GO_Biological_Process_2023","yellow"
"Porphyrin-Containing Compound Biosynthetic Process (GO:0006779)","1/21",0.0532291917431675,0.16547457806599,0,0,19.5372549019608,57.305666317837,"UROS","GO_Biological_Process_2023","yellow"
"Neuron Projection Morphogenesis (GO:0048812)","2/146",0.0553618327712728,0.16547457806599,0,0,5.50111111111111,15.9194721453198,"SSNA1;S100A6","GO_Biological_Process_2023","yellow"
"Negative Regulation Of Extrinsic Apoptotic Signaling Pathway In Absence Of Ligand (GO:2001240)","1/22",0.0556933775463979,0.16547457806599,0,0,18.6059757236228,53.732086291887,"IFI6","GO_Biological_Process_2023","yellow"
"Negative Regulation Of Signal Transduction In Absence Of Ligand (GO:1901099)","1/22",0.0556933775463979,0.16547457806599,0,0,18.6059757236228,53.732086291887,"IFI6","GO_Biological_Process_2023","yellow"
"Protein Neddylation (GO:0045116)","1/22",0.0556933775463979,0.16547457806599,0,0,18.6059757236228,53.732086291887,"RBX1","GO_Biological_Process_2023","yellow"
"rRNA Methylation (GO:0031167)","1/22",0.0556933775463979,0.16547457806599,0,0,18.6059757236228,53.732086291887,"TRMT112","GO_Biological_Process_2023","yellow"
"Regulation Of Vascular Endothelial Growth Factor Receptor Signaling Pathway (GO:0030947)","1/22",0.0556933775463979,0.16547457806599,0,0,18.6059757236228,53.732086291887,"MT3","GO_Biological_Process_2023","yellow"
"Negative Regulation Of Axonogenesis (GO:0050771)","1/22",0.0556933775463979,0.16547457806599,0,0,18.6059757236228,53.732086291887,"MT3","GO_Biological_Process_2023","yellow"
"Ribosomal Large Subunit Assembly (GO:0000027)","1/22",0.0556933775463979,0.16547457806599,0,0,18.6059757236228,53.732086291887,"RPL10","GO_Biological_Process_2023","yellow"
"Positive Regulation Of Neuron Apoptotic Process (GO:0043525)","1/23",0.0581512729120792,0.16547457806599,0,0,17.7593582887701,50.5201798987898,"DDIT3","GO_Biological_Process_2023","yellow"
"Regulation Of Interleukin-4 Production (GO:0032673)","1/23",0.0581512729120792,0.16547457806599,0,0,17.7593582887701,50.5201798987898,"DDIT3","GO_Biological_Process_2023","yellow"
"Zinc Ion Transport (GO:0006829)","1/23",0.0581512729120792,0.16547457806599,0,0,17.7593582887701,50.5201798987898,"MT3","GO_Biological_Process_2023","yellow"
"Axon Extension (GO:0048675)","1/23",0.0581512729120792,0.16547457806599,0,0,17.7593582887701,50.5201798987898,"SSNA1","GO_Biological_Process_2023","yellow"
"Long-Chain Fatty Acid Transport (GO:0015909)","1/23",0.0581512729120792,0.16547457806599,0,0,17.7593582887701,50.5201798987898,"FABP3","GO_Biological_Process_2023","yellow"
"Microtubule Nucleation (GO:0007020)","1/23",0.0581512729120792,0.16547457806599,0,0,17.7593582887701,50.5201798987898,"SSNA1","GO_Biological_Process_2023","yellow"
"Regulation Of Cysteine-Type Endopeptidase Activity (GO:2000116)","1/24",0.0606028935764472,0.166335601518334,0,0,16.9863597612958,47.6197756328571,"MT3","GO_Biological_Process_2023","yellow"
"ERK1 And ERK2 Cascade (GO:0070371)","1/24",0.0606028935764472,0.166335601518334,0,0,16.9863597612958,47.6197756328571,"MT3","GO_Biological_Process_2023","yellow"
"Regulation Of Endoplasmic Reticulum Stress-Induced Intrinsic Apoptotic Signaling Pathway (GO:1902235)","1/24",0.0606028935764472,0.166335601518334,0,0,16.9863597612958,47.6197756328571,"DDIT3","GO_Biological_Process_2023","yellow"
"Protein Kinase B Signaling (GO:0043491)","1/24",0.0606028935764472,0.166335601518334,0,0,16.9863597612958,47.6197756328571,"MT3","GO_Biological_Process_2023","yellow"
"Response To Copper Ion (GO:0046688)","1/24",0.0606028935764472,0.166335601518334,0,0,16.9863597612958,47.6197756328571,"MT3","GO_Biological_Process_2023","yellow"
"Activation Of Protein Kinase B Activity (GO:0032148)","1/25",0.0630482552333339,0.170627096330771,0,0,16.2777777777778,44.9894157045708,"MT3","GO_Biological_Process_2023","yellow"
"Regulation Of Cell Size (GO:0008361)","1/25",0.0630482552333339,0.170627096330771,0,0,16.2777777777778,44.9894157045708,"LAMTOR4","GO_Biological_Process_2023","yellow"
"Regulation Of Extrinsic Apoptotic Signaling Pathway In Absence Of Ligand (GO:2001239)","1/27",0.067920264117738,0.177936384081955,0,0,15.0241327300151,40.4062157921396,"IFI6","GO_Biological_Process_2023","yellow"
"Positive Regulation Of Ubiquitin-Protein Transferase Activity (GO:0051443)","1/27",0.067920264117738,0.177936384081955,0,0,15.0241327300151,40.4062157921396,"RPS2","GO_Biological_Process_2023","yellow"
"Cellular Response To Acid Chemical (GO:0071229)","1/27",0.067920264117738,0.177936384081955,0,0,15.0241327300151,40.4062157921396,"LAMTOR4","GO_Biological_Process_2023","yellow"
"Protein Modification By Small Protein Conjugation (GO:0032446)","3/364",0.0687772308250414,0.177936384081955,0,0,3.32189496297134,8.89232261323097,"ISG15;RBX1;ANAPC11","GO_Biological_Process_2023","yellow"
"Ubiquitin-Dependent Protein Catabolic Process (GO:0006511)","3/367",0.0701221062584726,0.177936384081955,0,0,3.29401211033864,8.75389377918546,"DDIT3;RBX1;ANAPC11","GO_Biological_Process_2023","yellow"
"Transcription By RNA Polymerase III (GO:0006383)","1/28",0.0703469425440286,0.177936384081955,0,0,14.4669571532317,38.3998752211367,"POLR2L","GO_Biological_Process_2023","yellow"
"Negative Regulation Of Type II Interferon Production (GO:0032689)","1/28",0.0703469425440286,0.177936384081955,0,0,14.4669571532317,38.3998752211367,"DDIT3","GO_Biological_Process_2023","yellow"
"Protein Insertion Into Mitochondrial Membrane (GO:0051204)","1/28",0.0703469425440286,0.177936384081955,0,0,14.4669571532317,38.3998752211367,"TOMM7","GO_Biological_Process_2023","yellow"
"Regulation Of Sodium Ion Transmembrane Transport (GO:1902305)","1/28",0.0703469425440286,0.177936384081955,0,0,14.4669571532317,38.3998752211367,"FXYD7","GO_Biological_Process_2023","yellow"
"Positive Regulation Of Fibroblast Proliferation (GO:0048146)","1/28",0.0703469425440286,0.177936384081955,0,0,14.4669571532317,38.3998752211367,"S100A6","GO_Biological_Process_2023","yellow"
"TOR Signaling (GO:0031929)","1/29",0.0727674243643111,0.17936938362413,0,0,13.9495798319328,36.5546910907616,"LAMTOR4","GO_Biological_Process_2023","yellow"
"Integrated Stress Response Signaling (GO:0140467)","1/29",0.0727674243643111,0.17936938362413,0,0,13.9495798319328,36.5546910907616,"DDIT3","GO_Biological_Process_2023","yellow"
"Positive Regulation Of Viral Genome Replication (GO:0045070)","1/29",0.0727674243643111,0.17936938362413,0,0,13.9495798319328,36.5546910907616,"IFIT1","GO_Biological_Process_2023","yellow"
"Protein K11-linked Ubiquitination (GO:0070979)","1/29",0.0727674243643111,0.17936938362413,0,0,13.9495798319328,36.5546910907616,"ANAPC11","GO_Biological_Process_2023","yellow"
"Positive Regulation Of Interleukin-10 Production (GO:0032733)","1/30",0.0751817250984591,0.179600787735208,0,0,13.4678837052062,34.852823720532,"ISG15","GO_Biological_Process_2023","yellow"
"Positive Regulation Of Protein Targeting To Mitochondrion (GO:1903955)","1/30",0.0751817250984591,0.179600787735208,0,0,13.4678837052062,34.852823720532,"TOMM7","GO_Biological_Process_2023","yellow"
"Intrinsic Apoptotic Signaling Pathway In Response To Endoplasmic Reticulum Stress (GO:0070059)","1/30",0.0751817250984591,0.179600787735208,0,0,13.4678837052062,34.852823720532,"DDIT3","GO_Biological_Process_2023","yellow"
"Response To Amino Acid (GO:0043200)","1/30",0.0751817250984591,0.179600787735208,0,0,13.4678837052062,34.852823720532,"LAMTOR4","GO_Biological_Process_2023","yellow"
"Negative Regulation Of Axon Extension (GO:0030517)","1/30",0.0751817250984591,0.179600787735208,0,0,13.4678837052062,34.852823720532,"MT3","GO_Biological_Process_2023","yellow"
"Negative Regulation Of Programmed Cell Death (GO:0043069)","3/381",0.0765558550272975,0.18176144721205,0,0,3.16974408811144,8.14540128930953,"RPL10;IFI6;MT3","GO_Biological_Process_2023","yellow"
"Negative Regulation Of Developmental Growth (GO:0048640)","1/31",0.0775898601982381,0.183093145711696,0,0,13.0183006535948,33.2789231622861,"MT3","GO_Biological_Process_2023","yellow"
"Negative Regulation Of Cytokine Production (GO:0001818)","2/178",0.0782281635165434,0.183176592072063,0,0,4.49363636363636,11.4503496260881,"DDIT3;RBX1","GO_Biological_Process_2023","yellow"
"Transition Metal Ion Transport (GO:0000041)","1/32",0.0799918451167407,0.183176592072063,0,0,12.5977229601518,31.8197139609718,"MT3","GO_Biological_Process_2023","yellow"
"Negative Regulation Of Proteasomal Ubiquitin-Dependent Protein Catabolic Process (GO:0032435)","1/32",0.0799918451167407,0.183176592072063,0,0,12.5977229601518,31.8197139609718,"SVIP","GO_Biological_Process_2023","yellow"
"Regulation Of Transcription By RNA Polymerase I (GO:0006356)","1/32",0.0799918451167407,0.183176592072063,0,0,12.5977229601518,31.8197139609718,"POLR2L","GO_Biological_Process_2023","yellow"
"Regulation Of Ubiquitin-Protein Transferase Activity (GO:0051438)","1/32",0.0799918451167407,0.183176592072063,0,0,12.5977229601518,31.8197139609718,"RPS2","GO_Biological_Process_2023","yellow"
"Regulation Of Type I Interferon-Mediated Signaling Pathway (GO:0060338)","1/33",0.0823876952401629,0.184319459722572,0,0,12.203431372549,30.4636598316089,"ISG15","GO_Biological_Process_2023","yellow"
"Positive Regulation Of RNA Metabolic Process (GO:0051254)","1/33",0.0823876952401629,0.184319459722572,0,0,12.203431372549,30.4636598316089,"TRMT112","GO_Biological_Process_2023","yellow"
"Positive Regulation Of Establishment Of Protein Localization To Mitochondrion (GO:1903749)","1/33",0.0823876952401629,0.184319459722572,0,0,12.203431372549,30.4636598316089,"TOMM7","GO_Biological_Process_2023","yellow"
"Superoxide Metabolic Process (GO:0006801)","1/34",0.0847774259189093,0.184319459722572,0,0,11.833036244801,29.2006909092544,"MT3","GO_Biological_Process_2023","yellow"
"Transcription Initiation-Coupled Chromatin Remodeling (GO:0045815)","1/34",0.0847774259189093,0.184319459722572,0,0,11.833036244801,29.2006909092544,"TRMT112","GO_Biological_Process_2023","yellow"
"Positive Regulation Of Neuron Death (GO:1901216)","1/34",0.0847774259189093,0.184319459722572,0,0,11.833036244801,29.2006909092544,"DDIT3","GO_Biological_Process_2023","yellow"
"Regulation Of Interleukin-17 Production (GO:0032660)","1/34",0.0847774259189093,0.184319459722572,0,0,11.833036244801,29.2006909092544,"DDIT3","GO_Biological_Process_2023","yellow"
"Apoptotic Mitochondrial Changes (GO:0008637)","1/34",0.0847774259189093,0.184319459722572,0,0,11.833036244801,29.2006909092544,"IFI6","GO_Biological_Process_2023","yellow"
"Microtubule Polymerization (GO:0046785)","1/34",0.0847774259189093,0.184319459722572,0,0,11.833036244801,29.2006909092544,"SSNA1","GO_Biological_Process_2023","yellow"
"Axonogenesis (GO:0007409)","2/188",0.0858935495453029,0.184324192930025,0,0,4.24989247311828,10.4319838775279,"SSNA1;S100A6","GO_Biological_Process_2023","yellow"
"Protein Methylation (GO:0006479)","1/35",0.0871610524707871,0.184324192930025,0,0,11.4844290657439,28.0219804352597,"TRMT112","GO_Biological_Process_2023","yellow"
"Cellular Response To Amino Acid Stimulus (GO:0071230)","1/35",0.0871610524707871,0.184324192930025,0,0,11.4844290657439,28.0219804352597,"LAMTOR4","GO_Biological_Process_2023","yellow"
"Response To Exogenous dsRNA (GO:0043330)","1/35",0.0871610524707871,0.184324192930025,0,0,11.4844290657439,28.0219804352597,"IFIT1","GO_Biological_Process_2023","yellow"
"Regulation Of Axon Extension (GO:0030516)","1/35",0.0871610524707871,0.184324192930025,0,0,11.4844290657439,28.0219804352597,"MT3","GO_Biological_Process_2023","yellow"
"Positive Regulation Of Interferon-Beta Production (GO:0032728)","1/36",0.0895385901937681,0.186298034435421,0,0,11.1557422969188,26.9197607736277,"ISG15","GO_Biological_Process_2023","yellow"
"tRNA Methylation (GO:0030488)","1/36",0.0895385901937681,0.186298034435421,0,0,11.1557422969188,26.9197607736277,"TRMT112","GO_Biological_Process_2023","yellow"
"Negative Regulation Of Protein Kinase B Signaling (GO:0051898)","1/36",0.0895385901937681,0.186298034435421,0,0,11.1557422969188,26.9197607736277,"DDIT3","GO_Biological_Process_2023","yellow"
"Regulation Of Sodium Ion Transmembrane Transporter Activity (GO:2000649)","1/37",0.0919100543240615,0.189197824592616,0,0,10.8453159041394,25.8871709500296,"FXYD7","GO_Biological_Process_2023","yellow"
"Muscle Cell Differentiation (GO:0042692)","1/37",0.0919100543240615,0.189197824592616,0,0,10.8453159041394,25.8871709500296,"ZNHIT1","GO_Biological_Process_2023","yellow"
"Fatty Acid Transport (GO:0015908)","1/38",0.0942754600676398,0.190023974198836,0,0,10.5516693163752,24.9181296015531,"FABP3","GO_Biological_Process_2023","yellow"
"Negative Regulation Of Type I Interferon Production (GO:0032480)","1/38",0.0942754600676398,0.190023974198836,0,0,10.5516693163752,24.9181296015531,"RBX1","GO_Biological_Process_2023","yellow"
"Cellular Response To Type I Interferon (GO:0071357)","1/38",0.0942754600676398,0.190023974198836,0,0,10.5516693163752,24.9181296015531,"IFIT1","GO_Biological_Process_2023","yellow"
"Positive Regulation Of Bone Mineralization (GO:0030501)","1/38",0.0942754600676398,0.190023974198836,0,0,10.5516693163752,24.9181296015531,"ISG15","GO_Biological_Process_2023","yellow"
"Positive Regulation Of Intrinsic Apoptotic Signaling Pathway (GO:2001244)","1/39",0.0966348226059749,0.190530331893952,0,0,10.2734778121775,24.0072285626129,"DDIT3","GO_Biological_Process_2023","yellow"
"Positive Regulation Of Lipid Biosynthetic Process (GO:0046889)","1/39",0.0966348226059749,0.190530331893952,0,0,10.2734778121775,24.0072285626129,"FABP3","GO_Biological_Process_2023","yellow"
"Neuron Projection Extension (GO:1990138)","1/39",0.0966348226059749,0.190530331893952,0,0,10.2734778121775,24.0072285626129,"SSNA1","GO_Biological_Process_2023","yellow"
"Regulation Of Protein Targeting To Mitochondrion (GO:1903214)","1/39",0.0966348226059749,0.190530331893952,0,0,10.2734778121775,24.0072285626129,"TOMM7","GO_Biological_Process_2023","yellow"
"Regulation Of Translation (GO:0006417)","2/202",0.0969883084834844,0.190530331893952,0,0,3.9496,9.21506784748764,"RPL10;RPL13A","GO_Biological_Process_2023","yellow"
"Regulation Of Canonical Wnt Signaling Pathway (GO:0060828)","2/207",0.101046198784935,0.194142723795256,0,0,3.85229268292683,8.83013843020186,"DDIT3;RBX1","GO_Biological_Process_2023","yellow"
"Positive Regulation Of Ossification (GO:0045778)","1/41",0.101335478570133,0.194142723795256,0,0,9.75882352941177,22.3410571604394,"ISG15","GO_Biological_Process_2023","yellow"
"Positive Regulation Of Viral Process (GO:0048524)","1/41",0.101335478570133,0.194142723795256,0,0,9.75882352941177,22.3410571604394,"IFIT1","GO_Biological_Process_2023","yellow"
"Protein Localization To Lysosome (GO:0061462)","1/41",0.101335478570133,0.194142723795256,0,0,9.75882352941177,22.3410571604394,"LAMTOR4","GO_Biological_Process_2023","yellow"
"Regulation Of Amide Metabolic Process (GO:0034248)","1/41",0.101335478570133,0.194142723795256,0,0,9.75882352941177,22.3410571604394,"RPL10","GO_Biological_Process_2023","yellow"
"Protein Ubiquitination (GO:0016567)","3/434",0.103139386487619,0.196625332860633,0,0,2.77243240683744,6.29806244548307,"ISG15;RBX1;ANAPC11","GO_Biological_Process_2023","yellow"
"SCF-dependent Proteasomal Ubiquitin-Dependent Protein Catabolic Process (GO:0031146)","1/43",0.106012142819282,0.199158734325544,0,0,9.29318394024276,20.8557786072866,"RBX1","GO_Biological_Process_2023","yellow"
"Positive Regulation Of Biomineral Tissue Development (GO:0070169)","1/43",0.106012142819282,0.199158734325544,0,0,9.29318394024276,20.8557786072866,"ISG15","GO_Biological_Process_2023","yellow"
"Regulation Of Cellular Component Size (GO:0032535)","1/43",0.106012142819282,0.199158734325544,0,0,9.29318394024276,20.8557786072866,"LAMTOR4","GO_Biological_Process_2023","yellow"
"Establishment Of Protein Localization To Mitochondrion (GO:0072655)","1/44",0.108341515583515,0.201577723705867,0,0,9.0766073871409,20.1724591165144,"TOMM7","GO_Biological_Process_2023","yellow"
"Response To Unfolded Protein (GO:0006986)","1/44",0.108341515583515,0.201577723705867,0,0,9.0766073871409,20.1724591165144,"DDIT3","GO_Biological_Process_2023","yellow"
"Proteasomal Protein Catabolic Process (GO:0010498)","2/220",0.111813099305521,0.203368350925047,0,0,3.62018348623853,7.93155614415366,"DDIT3;RBX1","GO_Biological_Process_2023","yellow"
"Regulation Of Epidermal Growth Factor Receptor Signaling Pathway (GO:0042058)","1/46",0.112982417180582,0.203368350925047,0,0,8.6723311546841,18.9102181755707,"IFI6","GO_Biological_Process_2023","yellow"
"Regulation Of Fibroblast Proliferation (GO:0048145)","1/46",0.112982417180582,0.203368350925047,0,0,8.6723311546841,18.9102181755707,"S100A6","GO_Biological_Process_2023","yellow"
"Regulation Of Interleukin-10 Production (GO:0032653)","1/46",0.112982417180582,0.203368350925047,0,0,8.6723311546841,18.9102181755707,"ISG15","GO_Biological_Process_2023","yellow"
"Antiviral Innate Immune Response (GO:0140374)","1/46",0.112982417180582,0.203368350925047,0,0,8.6723311546841,18.9102181755707,"IFIT1","GO_Biological_Process_2023","yellow"
"Negative Regulation Of Cellular Metabolic Process (GO:0031324)","1/46",0.112982417180582,0.203368350925047,0,0,8.6723311546841,18.9102181755707,"MT3","GO_Biological_Process_2023","yellow"
"Negative Regulation Of Cold-Induced Thermogenesis (GO:0120163)","1/46",0.112982417180582,0.203368350925047,0,0,8.6723311546841,18.9102181755707,"DDIT3","GO_Biological_Process_2023","yellow"
"Protein Monoubiquitination (GO:0006513)","1/47",0.115293975792214,0.205616445306851,0,0,8.48337595907928,18.3263834415378,"RBX1","GO_Biological_Process_2023","yellow"
"Positive Regulation Of TOR Signaling (GO:0032008)","1/47",0.115293975792214,0.205616445306851,0,0,8.48337595907928,18.3263834415378,"LAMTOR4","GO_Biological_Process_2023","yellow"
"Positive Regulation Of Protein Modification Process (GO:0031401)","2/225",0.116032443165123,0.205932376868547,0,0,3.53811659192825,7.62069782837484,"SVIP;MT3","GO_Biological_Process_2023","yellow"
"Protein Polyubiquitination (GO:0000209)","2/226",0.116881258798295,0.205932376868547,0,0,3.52214285714286,7.5606203805635,"RBX1;ANAPC11","GO_Biological_Process_2023","yellow"
"Regulation Of Intrinsic Apoptotic Signaling Pathway (GO:2001242)","1/48",0.117599626067051,0.205932376868547,0,0,8.30246141009595,17.7711647858127,"DDIT3","GO_Biological_Process_2023","yellow"
"Post-Translational Protein Modification (GO:0043687)","1/48",0.117599626067051,0.205932376868547,0,0,8.30246141009595,17.7711647858127,"RBX1","GO_Biological_Process_2023","yellow"
"Regulation Of Mitotic Metaphase/Anaphase Transition (GO:0030071)","1/49",0.119899382845844,0.208076507449963,0,0,8.12908496732026,17.2426213429867,"ANAPC11","GO_Biological_Process_2023","yellow"
"Negative Regulation Of Cysteine-Type Endopeptidase Activity Involved In Apoptotic Process (GO:0043154)","1/49",0.119899382845844,0.208076507449963,0,0,8.12908496732026,17.2426213429867,"IFI6","GO_Biological_Process_2023","yellow"
"Regulation Of Interferon-Beta Production (GO:0032648)","1/50",0.122193260870786,0.208320669414072,0,0,7.96278511404562,16.7389797330337,"ISG15","GO_Biological_Process_2023","yellow"
"Positive Regulation Of Cell Death (GO:0010942)","1/50",0.122193260870786,0.208320669414072,0,0,7.96278511404562,16.7389797330337,"MT3","GO_Biological_Process_2023","yellow"
"Ribosome Assembly (GO:0042255)","1/50",0.122193260870786,0.208320669414072,0,0,7.96278511404562,16.7389797330337,"RPL10","GO_Biological_Process_2023","yellow"
"Negative Regulation Of Cell Projection Organization (GO:0031345)","1/50",0.122193260870786,0.208320669414072,0,0,7.96278511404562,16.7389797330337,"MT3","GO_Biological_Process_2023","yellow"
"Negative Regulation Of Innate Immune Response (GO:0045824)","1/52",0.126763439552913,0.214224677323045,0,0,7.64975009611688,15.8000433080653,"ISG15","GO_Biological_Process_2023","yellow"
"Positive Regulation Of Transcription Initiation By RNA Polymerase II (GO:0060261)","1/52",0.126763439552913,0.214224677323045,0,0,7.64975009611688,15.8000433080653,"ZNHIT1","GO_Biological_Process_2023","yellow"
"Negative Regulation Of Metabolic Process (GO:0009892)","1/53",0.12903976956627,0.214923223229077,0,0,7.50226244343891,15.3618923894438,"DDIT3","GO_Biological_Process_2023","yellow"
"Regulation Of Macromolecule Biosynthetic Process (GO:0010556)","1/53",0.12903976956627,0.214923223229077,0,0,7.50226244343891,15.3618923894438,"RPL10","GO_Biological_Process_2023","yellow"
"Mitochondrial Transport (GO:0006839)","1/53",0.12903976956627,0.214923223229077,0,0,7.50226244343891,15.3618923894438,"TOMM7","GO_Biological_Process_2023","yellow"
"Regulation Of Autophagy (GO:0010506)","2/241",0.129799921711329,0.214923223229077,0,0,3.29857740585774,6.73490695959137,"DDIT3;SVIP","GO_Biological_Process_2023","yellow"
"Negative Regulation Of Apoptotic Process (GO:0043066)","3/482",0.129953576836186,0.214923223229077,0,0,2.48847513953389,5.07792760726023,"RPL10;IFI6;MT3","GO_Biological_Process_2023","yellow"
"Negative Regulation Of Neuron Projection Development (GO:0010977)","1/54",0.131310279560036,0.215326602498872,0,0,7.36034036256012,14.9429056677948,"MT3","GO_Biological_Process_2023","yellow"
"Negative Regulation Of Protein Ubiquitination (GO:0031397)","1/54",0.131310279560036,0.215326602498872,0,0,7.36034036256012,14.9429056677948,"ISG15","GO_Biological_Process_2023","yellow"
"Regulation Of Reactive Oxygen Species Metabolic Process (GO:2000377)","1/56",0.135833897724339,0.219948612633135,0,0,7.09197860962567,14.1578763257355,"MT3","GO_Biological_Process_2023","yellow"
"Positive Regulation Of DNA-templated Transcription Initiation (GO:2000144)","1/56",0.135833897724339,0.219948612633135,0,0,7.09197860962567,14.1578763257355,"ZNHIT1","GO_Biological_Process_2023","yellow"
"Positive Regulation Of Cellular Metabolic Process (GO:0031325)","1/56",0.135833897724339,0.219948612633135,0,0,7.09197860962567,14.1578763257355,"MT3","GO_Biological_Process_2023","yellow"
"Post-Transcriptional Regulation Of Gene Expression (GO:0010608)","1/57",0.138087034982285,0.221741421320101,0,0,6.96498599439776,13.7897745124951,"RPL10","GO_Biological_Process_2023","yellow"
"Regulation Of Transcription Initiation By RNA Polymerase II (GO:0060260)","1/57",0.138087034982285,0.221741421320101,0,0,6.96498599439776,13.7897745124951,"ZNHIT1","GO_Biological_Process_2023","yellow"
"Positive Regulation Of Type II Interferon Production (GO:0032729)","1/58",0.140334410350324,0.222487608081607,0,0,6.84244926040592,13.4367027644911,"ISG15","GO_Biological_Process_2023","yellow"
"Regulation Of Bone Mineralization (GO:0030500)","1/58",0.140334410350324,0.222487608081607,0,0,6.84244926040592,13.4367027644911,"ISG15","GO_Biological_Process_2023","yellow"
"Aerobic Respiration (GO:0009060)","1/59",0.142576038253846,0.222487608081607,0,0,6.72413793103448,13.0978125814599,"NDUFB11","GO_Biological_Process_2023","yellow"
"Anterior/Posterior Pattern Specification (GO:0009952)","1/59",0.142576038253846,0.222487608081607,0,0,6.72413793103448,13.0978125814599,"DDIT3","GO_Biological_Process_2023","yellow"
"Protein Targeting To Mitochondrion (GO:0006626)","1/59",0.142576038253846,0.222487608081607,0,0,6.72413793103448,13.0978125814599,"TOMM7","GO_Biological_Process_2023","yellow"
"Regulation Of Type I Interferon Production (GO:0032479)","1/59",0.142576038253846,0.222487608081607,0,0,6.72413793103448,13.0978125814599,"RBX1","GO_Biological_Process_2023","yellow"
"Negative Regulation Of Cytokine-Mediated Signaling Pathway (GO:0001960)","1/59",0.142576038253846,0.222487608081607,0,0,6.72413793103448,13.0978125814599,"ISG15","GO_Biological_Process_2023","yellow"
"Positive Regulation Of Interleukin-8 Production (GO:0032757)","1/61",0.147042109328163,0.228535326546181,0,0,6.49934640522876,12.4594828239789,"DDIT3","GO_Biological_Process_2023","yellow"
"RNA Methylation (GO:0001510)","1/62",0.14926658118842,0.230144091314416,0,0,6.39247830279653,12.1586307619813,"TRMT112","GO_Biological_Process_2023","yellow"
"Positive Regulation Of Apoptotic Signaling Pathway (GO:2001235)","1/62",0.14926658118842,0.230144091314416,0,0,6.39247830279653,12.1586307619813,"DDIT3","GO_Biological_Process_2023","yellow"
"Positive Regulation Of Mitotic Cell Cycle Phase Transition (GO:1901992)","1/63",0.151485363035306,0.231718717370211,0,0,6.28905755850727,11.8691262149031,"ANAPC11","GO_Biological_Process_2023","yellow"
"Regulation Of Cellular Catabolic Process (GO:0031329)","1/63",0.151485363035306,0.231718717370211,0,0,6.28905755850727,11.8691262149031,"DDIT3","GO_Biological_Process_2023","yellow"
"Positive Regulation Of Type I Interferon Production (GO:0032481)","1/64",0.153698469136194,0.232348857639481,0,0,6.18892001244942,11.5903778629303,"ISG15","GO_Biological_Process_2023","yellow"
"Cellular Response To Virus (GO:0098586)","1/64",0.153698469136194,0.232348857639481,0,0,6.18892001244942,11.5903778629303,"IFI6","GO_Biological_Process_2023","yellow"
"Negative Regulation Of Cell Death (GO:0060548)","1/64",0.153698469136194,0.232348857639481,0,0,6.18892001244942,11.5903778629303,"MT3","GO_Biological_Process_2023","yellow"
"Negative Regulation Of Endopeptidase Activity (GO:0010951)","1/66",0.158107710968041,0.236245884728308,0,0,5.99788838612368,11.0629777524271,"MT3","GO_Biological_Process_2023","yellow"
"Cellular Response To Type II Interferon (GO:0071346)","1/66",0.158107710968041,0.236245884728308,0,0,5.99788838612368,11.0629777524271,"RPL13A","GO_Biological_Process_2023","yellow"
"Response To Reactive Oxygen Species (GO:0000302)","1/66",0.158107710968041,0.236245884728308,0,0,5.99788838612368,11.0629777524271,"MT3","GO_Biological_Process_2023","yellow"
"tRNA Modification (GO:0006400)","1/67",0.160303875050152,0.238606152478496,0,0,5.90671420083185,10.8133274512786,"TRMT112","GO_Biological_Process_2023","yellow"
"Aerobic Electron Transport Chain (GO:0019646)","1/68",0.162494420118042,0.240940002243994,0,0,5.81826163301141,10.5724307955784,"UQCRQ","GO_Biological_Process_2023","yellow"
"Regulation Of Monoatomic Ion Transmembrane Transporter Activity (GO:0032412)","1/69",0.164679360266312,0.242760603694584,0,0,5.73241061130334,10.3398641118515,"FXYD7","GO_Biological_Process_2023","yellow"
"Negative Regulation Of Extrinsic Apoptotic Signaling Pathway (GO:2001237)","1/70",0.166858709516174,0.242760603694584,0,0,5.6490480250071,10.1152298824843,"IFI6","GO_Biological_Process_2023","yellow"
"Protein K48-linked Ubiquitination (GO:0070936)","1/70",0.166858709516174,0.242760603694584,0,0,5.6490480250071,10.1152298824843,"RBX1","GO_Biological_Process_2023","yellow"
"Mitochondrial ATP Synthesis Coupled Electron Transport (GO:0042775)","1/70",0.166858709516174,0.242760603694584,0,0,5.6490480250071,10.1152298824843,"UQCRQ","GO_Biological_Process_2023","yellow"
"Regulation Of Cellular Biosynthetic Process (GO:0031326)","1/70",0.166858709516174,0.242760603694584,0,0,5.6490480250071,10.1152298824843,"RPL10","GO_Biological_Process_2023","yellow"
"Negative Regulation Of Protein Binding (GO:0032091)","1/71",0.169032481941365,0.245002136746473,0,0,5.56806722689076,9.89815478410355,"IFIT1","GO_Biological_Process_2023","yellow"
"Cellular Response To Hypoxia (GO:0071456)","1/72",0.171200691509214,0.246299879606192,0,0,5.48936757801712,9.68828790732034,"MT3","GO_Biological_Process_2023","yellow"
"Cholesterol Homeostasis (GO:0042632)","1/72",0.171200691509214,0.246299879606192,0,0,5.48936757801712,9.68828790732034,"FABP3","GO_Biological_Process_2023","yellow"
"Sterol Homeostasis (GO:0055092)","1/73",0.173363352164754,0.246660357675588,0,0,5.41285403050109,9.4852991224055,"FABP3","GO_Biological_Process_2023","yellow"
"Cellular Response To Decreased Oxygen Levels (GO:0036294)","1/73",0.173363352164754,0.246660357675588,0,0,5.41285403050109,9.4852991224055,"MT3","GO_Biological_Process_2023","yellow"
"Cellular Response To Reactive Oxygen Species (GO:0034614)","1/73",0.173363352164754,0.246660357675588,0,0,5.41285403050109,9.4852991224055,"MT3","GO_Biological_Process_2023","yellow"
"Negative Regulation Of Neuron Apoptotic Process (GO:0043524)","1/74",0.175520477877201,0.248814743364383,0,0,5.33843674456084,9.28887758567443,"MT3","GO_Biological_Process_2023","yellow"
"Embryonic Organ Development (GO:0048568)","1/77",0.18195878380661,0.257000180048023,0,0,5.12693498452012,8.73616945118644,"RPL10","GO_Biological_Process_2023","yellow"
"Proteolysis Involved In Protein Catabolic Process (GO:0051603)","1/78",0.18409390813024,0.258131675530445,0,0,5.06009676597912,8.56324872131585,"ISG15","GO_Biological_Process_2023","yellow"
"Regulation Of TOR Signaling (GO:0032006)","1/78",0.18409390813024,0.258131675530445,0,0,5.06009676597912,8.56324872131585,"LAMTOR4","GO_Biological_Process_2023","yellow"
"Positive Regulation Of Catabolic Process (GO:0009896)","1/79",0.186223566584316,0.259239281540037,0,0,4.99497234791352,8.39558626625975,"RBX1","GO_Biological_Process_2023","yellow"
"Negative Regulation Of Cellular Component Organization (GO:0051129)","1/79",0.186223566584316,0.259239281540037,0,0,4.99497234791352,8.39558626625975,"SVIP","GO_Biological_Process_2023","yellow"
"Calcium Ion Transmembrane Transport (GO:0070588)","1/80",0.188347772887413,0.260034825242827,0,0,4.93149664929263,8.23296188823832,"SMDT1","GO_Biological_Process_2023","yellow"
"Response To Type II Interferon (GO:0034341)","1/80",0.188347772887413,0.260034825242827,0,0,4.93149664929263,8.23296188823832,"RPL13A","GO_Biological_Process_2023","yellow"
"Regulation Of Interleukin-8 Production (GO:0032677)","1/81",0.19046654074737,0.260034825242827,0,0,4.86960784313725,8.07516715336275,"DDIT3","GO_Biological_Process_2023","yellow"
"Activation Of Protein Kinase Activity (GO:0032147)","1/81",0.19046654074737,0.260034825242827,0,0,4.86960784313725,8.07516715336275,"MT3","GO_Biological_Process_2023","yellow"
"Negative Regulation Of NF-kappaB Transcription Factor Activity (GO:0032088)","1/81",0.19046654074737,0.260034825242827,0,0,4.86960784313725,8.07516715336275,"DDIT3","GO_Biological_Process_2023","yellow"
"Cellular Response To Cytokine Stimulus (GO:0071345)","2/308",0.190826590100679,0.260034825242827,0,0,2.56758169934641,4.25291708378002,"RPL13A;IFIT1","GO_Biological_Process_2023","yellow"
"Epigenetic Regulation Of Gene Expression (GO:0040029)","1/83",0.194687815550376,0.262523291351901,0,0,4.75035868005739,7.77328718764973,"TRMT112","GO_Biological_Process_2023","yellow"
"Positive Regulation Of Proteasomal Ubiquitin-Dependent Protein Catabolic Process (GO:0032436)","1/83",0.194687815550376,0.262523291351901,0,0,4.75035868005739,7.77328718764973,"RBX1","GO_Biological_Process_2023","yellow"
"Positive Regulation Of Ubiquitin-Dependent Protein Catabolic Process (GO:2000060)","1/83",0.194687815550376,0.262523291351901,0,0,4.75035868005739,7.77328718764973,"RBX1","GO_Biological_Process_2023","yellow"
"Regulation Of Cysteine-Type Endopeptidase Activity Involved In Apoptotic Process (GO:0043281)","1/84",0.196790349750066,0.264437032476651,0,0,4.69288920387432,7.62883733121777,"IFI6","GO_Biological_Process_2023","yellow"
"Integrin-Mediated Signaling Pathway (GO:0007229)","1/85",0.198887499873793,0.2663303199002,0,0,4.63678804855275,7.48848661522561,"ISG15","GO_Biological_Process_2023","yellow"
"Negative Regulation Of Binding (GO:0051100)","1/86",0.200979279467384,0.268203383289233,0,0,4.58200692041522,7.35207507376762,"IFIT1","GO_Biological_Process_2023","yellow"
"Positive Regulation Of Cytokine Production (GO:0001819)","2/320",0.202163615448093,0.268856766936123,0,0,2.46918238993711,3.94742739680103,"DDIT3;ISG15","GO_Biological_Process_2023","yellow"
"Negative Regulation Of Neuron Death (GO:1901215)","1/88",0.205146780865698,0.271889740393921,0,0,4.47622267297724,7.09046899456539,"MT3","GO_Biological_Process_2023","yellow"
"Positive Regulation Of Proteasomal Protein Catabolic Process (GO:1901800)","1/90",0.209292961439276,0.276438143607508,0,0,4.37519277373871,6.84289022331054,"RBX1","GO_Biological_Process_2023","yellow"
"rRNA Metabolic Process (GO:0016072)","1/91",0.211358089878674,0.278216261166826,0,0,4.32636165577342,6.72403766911232,"RPL35A","GO_Biological_Process_2023","yellow"
"Positive Regulation Of Protein Catabolic Process (GO:0045732)","1/92",0.213417928157496,0.279975383718478,0,0,4.27860374919198,6.60831603403324,"RBX1","GO_Biological_Process_2023","yellow"
"Negative Regulation Of Amide Metabolic Process (GO:0034249)","1/93",0.215472489576703,0.281715721169541,0,0,4.23188405797101,6.49561209507155,"RPL13A","GO_Biological_Process_2023","yellow"
"Regulation Of Protein Metabolic Process (GO:0051246)","1/96",0.221604645104967,0.288757567864048,0,0,4.09762641898865,6.17455083177755,"RPL10","GO_Biological_Process_2023","yellow"
"Negative Regulation Of Macromolecule Biosynthetic Process (GO:0010558)","1/98",0.225666606631046,0.292083534335167,0,0,4.01273499090358,5.97374478025857,"RPL13A","GO_Biological_Process_2023","yellow"
"Positive Regulation Of Protein-Containing Complex Assembly (GO:0031334)","1/98",0.225666606631046,0.292083534335167,0,0,4.01273499090358,5.97374478025857,"ISG15","GO_Biological_Process_2023","yellow"
"ncRNA Processing (GO:0034470)","1/100",0.229707776816989,0.296323032093916,0,0,3.93127351950881,5.78269622196604,"RPL35A","GO_Biological_Process_2023","yellow"
"rRNA Processing (GO:0006364)","1/101",0.231720597823481,0.297926482915904,0,0,3.89176470588235,5.69062767990807,"RPL35A","GO_Biological_Process_2023","yellow"
"Calcium Ion Homeostasis (GO:0055074)","1/102",0.233728260068555,0.299512704127585,0,0,3.85303824500097,5.60076144388823,"ZNHIT1","GO_Biological_Process_2023","yellow"
"Cellular Response To Organonitrogen Compound (GO:0071417)","1/105",0.239720423806496,0.306177571000376,0,0,3.74132730015083,5.34367019748894,"LAMTOR4","GO_Biological_Process_2023","yellow"
"Negative Regulation Of Translation (GO:0017148)","1/107",0.243689642734291,0.309206202420232,0,0,3.67036625971143,5.18204264426923,"RPL13A","GO_Biological_Process_2023","yellow"
"Positive Regulation Of Autophagy (GO:0010508)","1/107",0.243689642734291,0.309206202420232,0,0,3.67036625971143,5.18204264426923,"SVIP","GO_Biological_Process_2023","yellow"
"Lipid Transport (GO:0006869)","1/108",0.245666623643169,0.310696024019302,0,0,3.63588052043247,5.10397581373759,"FABP3","GO_Biological_Process_2023","yellow"
"Regulation Of Proteasomal Ubiquitin-Dependent Protein Catabolic Process (GO:0032434)","1/109",0.247638535865649,0.312169750423472,0,0,3.60203340595497,5.02766460347489,"RBX1","GO_Biological_Process_2023","yellow"
"RNA Metabolic Process (GO:0016070)","1/111",0.251567205244026,0.316092559835838,0,0,3.53618538324421,4.88009533724794,"LAGE3","GO_Biological_Process_2023","yellow"
"Regulation Of Protein Ubiquitination (GO:0031396)","1/113",0.255475752456584,0.319964777348537,0,0,3.47268907563025,4.73892797058791,"ISG15","GO_Biological_Process_2023","yellow"
"Response To Endoplasmic Reticulum Stress (GO:0034976)","1/114",0.257422511857409,0.321362942221991,0,0,3.44178379316328,4.67062633221145,"DDIT3","GO_Biological_Process_2023","yellow"
"Cellular Response To Oxidative Stress (GO:0034599)","1/117",0.263232883968376,0.326805166831729,0,0,3.35226504394861,4.47432228735759,"MT3","GO_Biological_Process_2023","yellow"
"DNA Damage Response (GO:0006974)","2/384",0.263624310625731,0.326805166831729,0,0,2.04879581151832,2.73151656257617,"DDIT3;RBX1","GO_Biological_Process_2023","yellow"
"Regulation Of Protein Binding (GO:0043393)","1/118",0.265159747765279,0.326805166831729,0,0,3.32344561756326,4.41161753006701,"IFIT1","GO_Biological_Process_2023","yellow"
"Ribonucleoprotein Complex Biogenesis (GO:0022613)","1/118",0.265159747765279,0.326805166831729,0,0,3.32344561756326,4.41161753006701,"RPL35A","GO_Biological_Process_2023","yellow"
"Regulation Of Protein-Containing Complex Assembly (GO:0043254)","1/119",0.267081668936257,0.328128907550259,0,0,3.2951146560319,4.35021297594424,"SVIP","GO_Biological_Process_2023","yellow"
"Regulation Of Protein Catabolic Process (GO:0042176)","1/122",0.272817900529904,0.334115593370484,0,0,3.21293145357317,4.17343968079385,"RBX1","GO_Biological_Process_2023","yellow"
"Negative Regulation Of Growth (GO:0045926)","1/124",0.276617568679293,0.335773851461014,0,0,3.16036983899251,4.06145241811671,"MT3","GO_Biological_Process_2023","yellow"
"Regulation Of Apoptotic Process (GO:0042981)","3/705",0.277314180474718,0.335773851461014,0,0,1.67852782138496,2.15288681674348,"RPL10;IFI6;MT3","GO_Biological_Process_2023","yellow"
"Regulation Of Mitotic Cell Cycle (GO:0007346)","1/125",0.278510093847508,0.335773851461014,0,0,3.13472485768501,4.00712184712019,"ANAPC11","GO_Biological_Process_2023","yellow"
"Response To Cytokine (GO:0034097)","1/125",0.278510093847508,0.335773851461014,0,0,3.13472485768501,4.00712184712019,"ISG15","GO_Biological_Process_2023","yellow"
"Negative Regulation Of Cell Growth (GO:0030308)","1/125",0.278510093847508,0.335773851461014,0,0,3.13472485768501,4.00712184712019,"MT3","GO_Biological_Process_2023","yellow"
"Positive Regulation Of Intracellular Protein Transport (GO:0090316)","1/126",0.2803977626712,0.336999795508554,0,0,3.10949019607843,3.95386014087554,"TOMM7","GO_Biological_Process_2023","yellow"
"Cellular Response To Oxygen-Containing Compound (GO:1901701)","2/406",0.284899455857716,0.341350122033858,0,0,1.93504950495049,2.42968482261429,"LAMTOR4;MT3","GO_Biological_Process_2023","yellow"
"Protein Targeting (GO:0006605)","1/129",0.286031753495121,0.34164903889695,0,0,3.03615196078431,3.80020703457554,"TOMM7","GO_Biological_Process_2023","yellow"
"Cellular Response To Metal Ion (GO:0071248)","1/135",0.297170255214473,0.353861196209234,0,0,2.89932689493708,3.5181883788023,"MT3","GO_Biological_Process_2023","yellow"
"Regulation Of Protein Kinase B Signaling (GO:0051896)","1/136",0.299010028204698,0.354959757408645,0,0,2.87770515613653,3.47419060608919,"DDIT3","GO_Biological_Process_2023","yellow"
"Protein Localization To Organelle (GO:0033365)","1/137",0.300845077626674,0.354960503175375,0,0,2.85640138408304,3.43099462663308,"ISG15","GO_Biological_Process_2023","yellow"
"Negative Regulation Of Cellular Biosynthetic Process (GO:0031327)","1/137",0.300845077626674,0.354960503175375,0,0,2.85640138408304,3.43099462663308,"RPL13A","GO_Biological_Process_2023","yellow"
"Intracellular Calcium Ion Homeostasis (GO:0006874)","1/139",0.304501053411608,0.35818209018326,0,0,2.81472009093492,3.34692942711263,"SMDT1","GO_Biological_Process_2023","yellow"
"Positive Regulation Of Transferase Activity (GO:0051347)","1/143",0.311756843674703,0.365605753036697,0,0,2.73487986743993,3.18758929665427,"RPS2","GO_Biological_Process_2023","yellow"
"Regulation Of Cold-Induced Thermogenesis (GO:0120161)","1/146",0.317149915398092,0.369548360814262,0,0,2.67789046653144,3.07523772220984,"DDIT3","GO_Biological_Process_2023","yellow"
"Positive Regulation Of Cellular Catabolic Process (GO:0031331)","1/146",0.317149915398092,0.369548360814262,0,0,2.67789046653144,3.07523772220984,"SVIP","GO_Biological_Process_2023","yellow"
"Negative Regulation Of Protein Metabolic Process (GO:0051248)","1/147",0.318938378583885,0.369548360814262,0,0,2.65941445071179,3.03906545130997,"RPL13A","GO_Biological_Process_2023","yellow"
"Protein Glycosylation (GO:0006486)","1/147",0.318938378583885,0.369548360814262,0,0,2.65941445071179,3.03906545130997,"OST4","GO_Biological_Process_2023","yellow"
"Negative Regulation Of DNA-binding Transcription Factor Activity (GO:0043433)","1/149",0.322501533414214,0.372561472929257,0,0,2.62321144674086,2.96855038183627,"DDIT3","GO_Biological_Process_2023","yellow"
"protein-RNA Complex Assembly (GO:0022618)","1/150",0.3242762482675,0.373496750236674,0,0,2.60547440452691,2.93417977442728,"RPL10","GO_Biological_Process_2023","yellow"
"Regulation Of Nucleic Acid-Templated Transcription (GO:1903506)","2/452",0.329180460660069,0.378020291618536,0,0,1.73315555555556,1.9257943500176,"ZNHIT1;DDIT3","GO_Biological_Process_2023","yellow"
"Ribosome Biogenesis (GO:0042254)","1/155",0.333081655717353,0.381368641309514,0,0,2.52024446142093,2.77067512184347,"RPL35A","GO_Biological_Process_2023","yellow"
"Mitochondrion Organization (GO:0007005)","1/162",0.34522043246983,0.394101201669098,0,0,2.40981610035318,2.56301324586353,"TOMM7","GO_Biological_Process_2023","yellow"
"Regulation Of Cytokine Production (GO:0001817)","1/167",0.353758048990202,0.402659896938847,0,0,2.33664068036853,2.42810164969419,"ISG15","GO_Biological_Process_2023","yellow"
"Positive Regulation Of Gene Expression (GO:0010628)","2/480",0.355823826055768,0.403823521066224,0,0,1.62928870292887,1.6835758550724,"TRMT112;MT3","GO_Biological_Process_2023","yellow"
"Positive Regulation Of Cell Population Proliferation (GO:0008284)","2/483",0.358659018818832,0.405850994979205,0,0,1.61887733887734,1.65996954544721,"S100A6;COPS9","GO_Biological_Process_2023","yellow"
"Regulation Of Neuron Projection Development (GO:0010975)","1/174",0.365527549889792,0.412417381362535,0,0,2.24130114473535,2.25567601368393,"MT3","GO_Biological_Process_2023","yellow"
"Positive Regulation Of ERK1 And ERK2 Cascade (GO:0070374)","1/179",0.373805364613464,0.420531035190147,0,0,2.17779246530073,2.14299141248948,"MT3","GO_Biological_Process_2023","yellow"
"RNA Splicing, Via Transesterification Reactions With Bulged Adenosine As Nucleophile (GO:0000377)","1/180",0.375448170886902,0.421154904734003,0,0,2.16551648592398,2.12141540538056,"LSM7","GO_Biological_Process_2023","yellow"
"Phosphate-Containing Compound Metabolic Process (GO:0006796)","1/184",0.381977230622638,0.427240428470985,0,0,2.11775420550734,2.03811452927717,"NUDT14","GO_Biological_Process_2023","yellow"
"Intracellular Monoatomic Cation Homeostasis (GO:0030003)","1/190",0.391645488792153,0.436791942831594,0,0,2.0499014420583,1.92157395005237,"MT3","GO_Biological_Process_2023","yellow"
"Transcription By RNA Polymerase II (GO:0006366)","1/192",0.394835156058043,0.439083923547306,0,0,2.02823118776306,1.88480872898196,"POLR2L","GO_Biological_Process_2023","yellow"
"Positive Regulation Of Intracellular Signal Transduction (GO:1902533)","2/525",0.397866416297053,0.441187114919655,0,0,1.48565965583174,1.36924183122916,"DDIT3;LAMTOR4","GO_Biological_Process_2023","yellow"
"Positive Regulation Of Protein Metabolic Process (GO:0051247)","1/196",0.401165361796443,0.443574271472067,0,0,1.98622423328306,1.81418059490481,"RBX1","GO_Biological_Process_2023","yellow"
"DNA-templated Transcription (GO:0006351)","1/199",0.405870353025739,0.4474980815412,0,0,1.95583283818578,1.76361651648914,"POLR2L","GO_Biological_Process_2023","yellow"
"Negative Regulation Of Cellular Process (GO:0048523)","2/537",0.40888091302081,0.449536685622311,0,0,1.45143925233645,1.29806759919835,"FABP3;MT3","GO_Biological_Process_2023","yellow"
"Defense Response To Bacterium (GO:0042742)","1/204",0.413631559730596,0.453471426673486,0,0,1.90717666376896,1.68361675486501,"ISG15","GO_Biological_Process_2023","yellow"
"Protein Stabilization (GO:0050821)","1/208",0.419768852659318,0.458899847398746,0,0,1.86994411291086,1.62320698807953,"MT3","GO_Biological_Process_2023","yellow"
"mRNA Splicing, Via Spliceosome (GO:0000398)","1/211",0.424330434496288,0.462579938450883,0,0,1.84295051353875,1.57985605963982,"LSM7","GO_Biological_Process_2023","yellow"
"Positive Regulation Of Nucleic Acid-Templated Transcription (GO:1903508)","2/557",0.427028942245819,0.464214046767224,0,0,1.39769369369369,1.18930243858192,"DDIT3;MT3","GO_Biological_Process_2023","yellow"
"mRNA Processing (GO:0006397)","1/214",0.428856838968096,0.464895228797348,0,0,1.81671729724754,1.53809122488709,"LSM7","GO_Biological_Process_2023","yellow"
"Regulation Of Cell Growth (GO:0001558)","1/227",0.448071213080975,0.483236901859671,0,0,1.71108797501301,1.37366673315928,"MT3","GO_Biological_Process_2023","yellow"
"Apoptotic Process (GO:0006915)","1/228",0.449522699404346,0.483236901859671,0,0,1.70346376436037,1.36203669444802,"IFI6","GO_Biological_Process_2023","yellow"
"Chromatin Remodeling (GO:0006338)","1/228",0.449522699404346,0.483236901859671,0,0,1.70346376436037,1.36203669444802,"ZNHIT1","GO_Biological_Process_2023","yellow"
"Negative Regulation Of Intracellular Signal Transduction (GO:1902532)","1/231",0.453854732169421,0.483861656610374,0,0,1.68098891730605,1.32794443998802,"DDIT3","GO_Biological_Process_2023","yellow"
"Negative Regulation Of Multicellular Organismal Process (GO:0051241)","1/231",0.453854732169421,0.483861656610374,0,0,1.68098891730605,1.32794443998802,"DDIT3","GO_Biological_Process_2023","yellow"
"Positive Regulation Of Phosphorylation (GO:0042327)","1/231",0.453854732169421,0.483861656610374,0,0,1.68098891730605,1.32794443998802,"MT3","GO_Biological_Process_2023","yellow"
"Regulation Of ERK1 And ERK2 Cascade (GO:0070372)","1/244",0.472243682203259,0.502083255529289,0,0,1.59001048979262,1.19292150979252,"MT3","GO_Biological_Process_2023","yellow"
"Positive Regulation Of DNA-binding Transcription Factor Activity (GO:0051091)","1/246",0.475018317226657,0.503649558264976,0,0,1.57687074829932,1.17382560175897,"DDIT3","GO_Biological_Process_2023","yellow"
"Cytokine-Mediated Signaling Pathway (GO:0019221)","1/257",0.490024979023158,0.518141166344159,0,0,1.50827205882353,1.07584881792308,"MT3","GO_Biological_Process_2023","yellow"
"Regulation Of Protein Phosphorylation (GO:0001932)","1/265",0.500673848772622,0.527907463958087,0,0,1.46197266785502,1.01139326229425,"MT3","GO_Biological_Process_2023","yellow"
"Positive Regulation Of Signal Transduction (GO:0009967)","1/266",0.5019895264511,0.527907463958087,0,0,1.45638179800222,1.00370341573708,"MT3","GO_Biological_Process_2023","yellow"
"Chromatin Organization (GO:0006325)","1/268",0.504610689821788,0.529225845422851,0,0,1.4453256958214,0.988556609717947,"ZNHIT1","GO_Biological_Process_2023","yellow"
"Positive Regulation Of Apoptotic Process (GO:0043065)","1/270",0.507218321208584,0.530522946777627,0,0,1.43443399664699,0.973713526494719,"DDIT3","GO_Biological_Process_2023","yellow"
"Regulation Of Cell Cycle (GO:0051726)","1/298",0.542342048044008,0.565731462514909,0,0,1.2973526110781,0.793796082005258,"ANAPC11","GO_Biological_Process_2023","yellow"
"Positive Regulation Of MAPK Cascade (GO:0043410)","1/310",0.556632272451014,0.57907712214662,0,0,1.24620851576877,0.730091819961869,"MT3","GO_Biological_Process_2023","yellow"
"Regulation Of Gene Expression (GO:0010468)","3/1127",0.567451488154166,0.58874993543073,0,0,1.02534679352168,0.580961510342188,"ZNHIT1;DDIT3;MT3","GO_Biological_Process_2023","yellow"
"Negative Regulation Of Gene Expression (GO:0010629)","1/336",0.586109751677373,0.606482550532469,0,0,1.14796605209248,0.613298816954404,"RPL13A","GO_Biological_Process_2023","yellow"
"Negative Regulation Of Transcription By RNA Polymerase II (GO:0000122)","2/763",0.595154015006471,0.614198943486678,0,0,1.00851511169514,0.523353848164634,"RPL10;DDIT3","GO_Biological_Process_2023","yellow"
"Regulation Of Cell Population Proliferation (GO:0042127)","2/766",0.597321586748711,0.614796420403594,0,0,1.00439790575916,0.517565878601542,"FABP3;COPS9","GO_Biological_Process_2023","yellow"
"Positive Regulation Of Macromolecule Metabolic Process (GO:0010604)","1/364",0.615705939342621,0.632037661871603,0,0,1.05790525576622,0.513069027451658,"MT3","GO_Biological_Process_2023","yellow"
"Positive Regulation Of Protein Phosphorylation (GO:0001934)","1/377",0.628731552522397,0.643701351391978,0,0,1.0206508135169,0.47363392647859,"MT3","GO_Biological_Process_2023","yellow"
"Negative Regulation Of Cell Population Proliferation (GO:0008285)","1/379",0.630696675394138,0.644009533977655,0,0,1.01514679946052,0.467911854480992,"FABP3","GO_Biological_Process_2023","yellow"
"Negative Regulation Of Nucleic Acid-Templated Transcription (GO:1903507)","1/456",0.699068133533569,0.71194570441445,0,0,0.840034475328593,0.300738280062346,"DDIT3","GO_Biological_Process_2023","yellow"
"Positive Regulation Of Transcription By RNA Polymerase II (GO:0045944)","2/938",0.707635689800157,0.718779558930868,0,0,0.812478632478633,0.280976138180197,"ZNHIT1;DDIT3","GO_Biological_Process_2023","yellow"
"Regulation Of DNA-templated Transcription (GO:0006355)","4/1922",0.749063723685258,0.758868222686374,0,0,0.783368091762252,0.226339499035675,"ZNHIT1;DDIT3;MT3;POLR2L","GO_Biological_Process_2023","yellow"
"Negative Regulation Of DNA-templated Transcription (GO:0045892)","2/1025",0.753392746509283,0.761261078065515,0,0,0.739980449657869,0.209539236426833,"RPL10;DDIT3","GO_Biological_Process_2023","yellow"
"Positive Regulation Of Cellular Process (GO:0048522)","1/594",0.791918717726393,0.79810558270863,0,0,0.639982805938564,0.149305762488657,"COPS9","GO_Biological_Process_2023","yellow"
"Positive Regulation Of DNA-templated Transcription (GO:0045893)","2/1243",0.842270946660165,0.846646380149309,0,0,0.602965350523771,0.103501129148728,"DDIT3;MT3","GO_Biological_Process_2023","yellow"
"Protein Modification Process (GO:0036211)","1/711",0.848125236034849,0.850322451672245,0,0,0.531289698978183,0.0875177423532797,"RBX1","GO_Biological_Process_2023","yellow"
"Regulation Of Transcription By RNA Polymerase II (GO:0006357)","2/2028",0.973690767519593,0.973690767519593,0,0,0.353840078973347,0.00943391182850131,"RPL10;DDIT3","GO_Biological_Process_2023","yellow"
"Ribosome","10/158",8.4511621629105e-12,4.14106945982615e-10,0,0,31.8532818532819,812.154117710577,"RPL41;RPL32;RPL10;RPLP2;MRPS21;RPL13A;RPL35A;RPS2;RPL29;RPL19","KEGG_2021_Human","yellow"
"Coronavirus disease","10/232",3.7524911827175e-10,9.19360339765787e-09,0,0,21.1561561561562,459.161175257258,"RPL41;RPL32;RPL10;RPLP2;RPL13A;RPL35A;ISG15;RPS2;RPL29;RPL19","KEGG_2021_Human","yellow"
"Thermogenesis","5/232",0.000335345315375994,0.00484049615792003,0,0,9.24219701940201,73.9408087510874,"NDUFB11;UQCRQ;ATP5MC2;NDUFAF3;ATP5ME","KEGG_2021_Human","yellow"
"Oxidative phosphorylation","4/133",0.000395142543503676,0.00484049615792003,0,0,12.8029715762274,100.327465108981,"NDUFB11;UQCRQ;ATP5MC2;ATP5ME","KEGG_2021_Human","yellow"
"Parkinson disease","4/249",0.00397506382733573,0.0389556255078901,0,0,6.70170068027211,37.0450878495051,"NDUFB11;UQCRQ;DDIT3;ATP5MC2","KEGG_2021_Human","yellow"
"Prion disease","4/273",0.00549947076810761,0.0449123446062121,0,0,6.09634448574969,31.7199108149786,"NDUFB11;UQCRQ;DDIT3;ATP5MC2","KEGG_2021_Human","yellow"
"Non-alcoholic fatty liver disease","3/155",0.00764310539329767,0.0500621013936051,0,0,7.97368421052632,38.8633484702362,"NDUFB11;UQCRQ;DDIT3","KEGG_2021_Human","yellow"
"Huntington disease","4/306",0.00817340430916002,0.0500621013936051,0,0,5.42108167770419,26.0584336523886,"NDUFB11;UQCRQ;ATP5MC2;POLR2L","KEGG_2021_Human","yellow"
"Protein processing in endoplasmic reticulum","3/171",0.00998750330206232,0.0543764068667837,0,0,7.20845481049563,33.2051750018974,"DDIT3;SVIP;RBX1","KEGG_2021_Human","yellow"
"Amyotrophic lateral sclerosis","4/364",0.0147101903600548,0.0645714084089361,0,0,4.53425925925926,19.1310137899918,"NDUFB11;UQCRQ;DDIT3;ATP5MC2","KEGG_2021_Human","yellow"
"Alzheimer disease","4/369",0.0153926574511817,0.0645714084089361,0,0,4.47100456621005,18.6613680079112,"NDUFB11;UQCRQ;DDIT3;ATP5MC2","KEGG_2021_Human","yellow"
"Diabetic cardiomyopathy","3/203",0.015813406140964,0.0645714084089361,0,0,6.04530612244898,25.0692630853976,"NDUFB11;UQCRQ;ATP5MC2","KEGG_2021_Human","yellow"
"Pathways of neurodegeneration","4/475",0.0347447310377318,0.130960909296066,0,0,3.44603680113234,11.577744066717,"NDUFB11;UQCRQ;DDIT3;ATP5MC2","KEGG_2021_Human","yellow"
"Cell cycle","2/124",0.0413407930441399,0.14469277565449,0,0,6.50032786885246,20.7094305786504,"RBX1;ANAPC11","KEGG_2021_Human","yellow"
"Oocyte meiosis","2/129",0.0443924483952727,0.145015331424557,0,0,6.24283464566929,19.4444690793414,"RBX1;ANAPC11","KEGG_2021_Human","yellow"
"Ubiquitin mediated proteolysis","2/140",0.0513890161823796,0.157378862058538,0,0,5.74202898550725,17.044241620258,"RBX1;ANAPC11","KEGG_2021_Human","yellow"
"Circadian rhythm","1/31",0.0775898601982381,0.211216841650759,0,0,13.0183006535948,33.2789231622861,"RBX1","KEGG_2021_Human","yellow"
"RNA polymerase","1/31",0.0775898601982381,0.211216841650759,0,0,13.0183006535948,33.2789231622861,"POLR2L","KEGG_2021_Human","yellow"
"Porphyrin and chlorophyll metabolism","1/43",0.106012142819282,0.273399736744464,0,0,9.29318394024276,20.8557786072866,"UROS","KEGG_2021_Human","yellow"
"Nucleotide excision repair","1/47",0.115293975792214,0.282470240690924,0,0,8.48337595907928,18.3263834415378,"RBX1","KEGG_2021_Human","yellow"
"Pyrimidine metabolism","1/56",0.135833897724339,0.314464491011251,0,0,7.09197860962567,14.1578763257355,"NME3","KEGG_2021_Human","yellow"
"Mineral absorption","1/60",0.144811933118962,0.314464491011251,0,0,6.60983715520106,12.7723165088826,"ATOX1","KEGG_2021_Human","yellow"
"Cytosolic DNA-sensing pathway","1/63",0.151485363035306,0.314464491011251,0,0,6.28905755850727,11.8691262149031,"POLR2L","KEGG_2021_Human","yellow"
"Mitophagy","1/68",0.162494420118042,0.314464491011251,0,0,5.81826163301141,10.5724307955784,"TOMM7","KEGG_2021_Human","yellow"
"Renal cell carcinoma","1/69",0.164679360266312,0.314464491011251,0,0,5.73241061130334,10.3398641118515,"RBX1","KEGG_2021_Human","yellow"
"RIG-I-like receptor signaling pathway","1/70",0.166858709516174,0.314464491011251,0,0,5.6490480250071,10.1152298824843,"ISG15","KEGG_2021_Human","yellow"
"PPAR signaling pathway","1/74",0.175520477877201,0.31853716355492,0,0,5.33843674456084,9.28887758567443,"FABP3","KEGG_2021_Human","yellow"
"RNA degradation","1/79",0.186223566584316,0.325891241522553,0,0,4.99497234791352,8.39558626625975,"LSM7","KEGG_2021_Human","yellow"
"Cardiac muscle contraction","1/87",0.203065701955422,0.343111013648816,0,0,4.52849977200182,7.21945070698025,"UQCRQ","KEGG_2021_Human","yellow"
"TGF-beta signaling pathway","1/94",0.217521787430049,0.355285586135747,0,0,4.18616909129243,6.38581785149954,"RBX1","KEGG_2021_Human","yellow"
"Progesterone-mediated oocyte maturation","1/100",0.229707776816989,0.363086485936531,0,0,3.93127351950881,5.78269622196604,"ANAPC11","KEGG_2021_Human","yellow"
"Drug metabolism","1/108",0.245666623643169,0.367705704770206,0,0,3.63588052043247,5.10397581373759,"NME3","KEGG_2021_Human","yellow"
"HIF-1 signaling pathway","1/109",0.247638535865649,0.367705704770206,0,0,3.60203340595497,5.02766460347489,"RBX1","KEGG_2021_Human","yellow"
"Purine metabolism","1/129",0.286031753495121,0.412222232978262,0,0,3.03615196078431,3.80020703457554,"NME3","KEGG_2021_Human","yellow"
"Apoptosis","1/142",0.309949886807672,0.422872790358401,0,0,2.75441524127381,3.2263695568264,"DDIT3","KEGG_2021_Human","yellow"
"Retrograde endocannabinoid signaling","1/148",0.320722247410546,0.422872790358401,0,0,2.64118980925704,3.00350770771899,"NDUFB11","KEGG_2021_Human","yellow"
"Spliceosome","1/150",0.3242762482675,0.422872790358401,0,0,2.60547440452691,2.93417977442728,"LSM7","KEGG_2021_Human","yellow"
"mTOR signaling pathway","1/154",0.331329624960446,0.422872790358401,0,0,2.53684480328079,2.80230418404968,"LAMTOR4","KEGG_2021_Human","yellow"
"Hepatitis C","1/157",0.336572220897502,0.422872790358401,0,0,2.48768225238813,2.70894300365953,"IFIT1","KEGG_2021_Human","yellow"
"Wnt signaling pathway","1/166",0.352059306466133,0.431272650421013,0,0,2.35092097445039,2.45425719471387,"RBX1","KEGG_2021_Human","yellow"
"Transcriptional misregulation in cancer","1/192",0.394835156058043,0.471876162118149,0,0,2.02823118776306,1.88480872898196,"DDIT3","KEGG_2021_Human","yellow"
"Epstein-Barr virus infection","1/202",0.410539082948772,0.475107697878776,0,0,1.9263486489123,1.71499766268873,"ISG15","KEGG_2021_Human","yellow"
"Human immunodeficiency virus 1 infection","1/212",0.425843131405464,0.475107697878776,0,0,1.83412322274882,1.56576208336325,"RBX1","KEGG_2021_Human","yellow"
"Lipid and atherosclerosis","1/215",0.430357869259717,0.475107697878776,0,0,1.80813633864761,1.52450874981589,"DDIT3","KEGG_2021_Human","yellow"
"Human T-cell leukemia virus 1 infection","1/219",0.436323396011121,0.475107697878776,0,0,1.77459974815614,1.47180259098233,"ANAPC11","KEGG_2021_Human","yellow"
"Shigellosis","1/246",0.475018317226657,0.505997772697961,0,0,1.57687074829932,1.17382560175897,"RBX1","KEGG_2021_Human","yellow"
"MAPK signaling pathway","1/294",0.537478998183643,0.560350444914862,0,0,1.31533159338821,0.816644129576451,"DDIT3","KEGG_2021_Human","yellow"
"Human papillomavirus infection","1/331",0.580594420621069,0.592690137717342,0,0,1.16565656565657,0.633770781849879,"ISG15","KEGG_2021_Human","yellow"
"Pathways in cancer","1/531",0.753665713567353,0.753665713567353,0,0,0.718386977432482,0.203164406151605,"RBX1","KEGG_2021_Human","yellow"
"Negative Regulation Of Microtubule Depolymerization (GO:0007026)","3/20",0.00012997496316054,0.0388916257378448,0,0,36.1728320194057,323.680603886026,"APC2;TAOK1;TTBK2","GO_Biological_Process_2023","brown"
"Negative Regulation Of Protein Depolymerization (GO:1901880)","3/23",0.000199730291389037,0.0388916257378448,0,0,30.7422680412371,261.879321300189,"APC2;TAOK1;TTBK2","GO_Biological_Process_2023","brown"
"Regulation Of Microtubule Depolymerization (GO:0031114)","3/24",0.000227436407823654,0.0388916257378448,0,0,29.2768777614138,245.593184488819,"APC2;TAOK1;TTBK2","GO_Biological_Process_2023","brown"
"Negative Regulation Of Microtubule Polymerization Or Depolymerization (GO:0031111)","3/31",0.000492443679830411,0.0631559019382502,0,0,21.9499263622975,167.173502753114,"APC2;TAOK1;TTBK2","GO_Biological_Process_2023","brown"
"Protein Ubiquitination (GO:0016567)","8/434",0.00150510824278451,0.154424105709691,0,0,3.97509695856297,25.8337197065552,"RNF157;TRIM2;MYCBP2;TRIM37;UBE2K;RNF141;TRIM44;ASB1","GO_Biological_Process_2023","brown"
"Regulation Of Stress-Activated MAPK Cascade (GO:0032872)","3/51",0.00212229630435684,0.155534000590723,0,0,12.7912371134021,78.733346844315,"RAP2A;TAOK1;KLHDC10","GO_Biological_Process_2023","brown"
"Regulation Of Synapse Assembly (GO:0051963)","3/51",0.00212229630435684,0.155534000590723,0,0,12.7912371134021,78.733346844315,"RAP2A;MYCBP2;LRRC4B","GO_Biological_Process_2023","brown"
"Positive Regulation Of Stress-Activated Protein Kinase Signaling Cascade (GO:0070304)","2/18",0.00359423711737408,0.213883765199346,0,0,25.3622448979592,142.749455625051,"TAOK1;KLHDC10","GO_Biological_Process_2023","brown"
"Negative Regulation Of Execution Phase Of Apoptosis (GO:1900118)","2/19",0.00400404563880334,0.213883765199346,0,0,23.8691476590636,131.768436654952,"MTRNR2L12;MTRNR2L8","GO_Biological_Process_2023","brown"
"Protein K48-linked Ubiquitination (GO:0070936)","3/70",0.00520972357949959,0.213883765199346,0,0,9.15510078473611,48.1304565862878,"MYCBP2;TTC3;UBE2K","GO_Biological_Process_2023","brown"
"Proteasome-Mediated Ubiquitin-Dependent Protein Catabolic Process (GO:0043161)","6/319",0.00534543447176053,0.213883765199346,0,0,3.99435796342873,20.8965334240853,"APC2;TRIM2;PCBP2;FBXL16;UBE2K;KLHDC10","GO_Biological_Process_2023","brown"
"Negative Regulation Of Supramolecular Fiber Organization (GO:1902904)","3/71",0.00542005642805361,0.213883765199346,0,0,9.02001212856277,47.0632577361771,"APC2;TAOK1;TTBK2","GO_Biological_Process_2023","brown"
"Protein Autoubiquitination (GO:0051865)","3/71",0.00542005642805361,0.213883765199346,0,0,9.02001212856277,47.0632577361771,"RNF157;TRIM37;RNF141","GO_Biological_Process_2023","brown"
"Regulation Of Execution Phase Of Apoptosis (GO:1900117)","2/24",0.00635854736076345,0.232995342576546,0,0,18.4397031539889,93.2671948534304,"MTRNR2L12;MTRNR2L8","GO_Biological_Process_2023","brown"
"Negative Regulation Of Gene Expression (GO:0010629)","6/336",0.00683960577811895,0.233914517611668,0,0,3.7852998065764,18.8698148639657,"DHFR;MECP2;DDX6;TRIM2;TRIM37;ASB1","GO_Biological_Process_2023","brown"
"Vesicle-Mediated Transport To The Plasma Membrane (GO:0098876)","3/83",0.00834600734283341,0.250242597392665,0,0,7.66237113402062,36.6718938313713,"RABEP1;SNX27;EXOC5","GO_Biological_Process_2023","brown"
"Regulation Of Arp2/3 Complex-Mediated Actin Nucleation (GO:0034315)","2/30",0.00982857782071015,0.250242597392665,0,0,14.4839650145773,66.9515638793864,"GMFB;WASF3","GO_Biological_Process_2023","brown"
"Negative Regulation Of Amide Metabolic Process (GO:0034249)","3/93",0.0113729262286274,0.250242597392665,0,0,6.80756013745704,30.4741766581,"DHFR;DDX6;TRIM2","GO_Biological_Process_2023","brown"
"Protein Phosphorylation (GO:0006468)","7/500",0.0127489253451454,0.250242597392665,0,0,2.96296538637702,12.9253684904505,"GRK3;NUAK1;GMFB;RB1CC1;TAOK1;FAM20B;TTBK2","GO_Biological_Process_2023","brown"
"Negative Regulation Of Macromolecule Biosynthetic Process (GO:0010558)","3/98",0.0130939766052085,0.250242597392665,0,0,6.44763971785133,27.954405817651,"DHFR;DDX6;TRIM2","GO_Biological_Process_2023","brown"
"Positive Regulation Of Stress-Activated MAPK Cascade (GO:0032874)","3/105",0.0157404409875109,0.250242597392665,0,0,6.00303214069133,24.9217201151844,"TAOK1;XIAP;KLHDC10","GO_Biological_Process_2023","brown"
"Protein Localization To Membrane (GO:0072657)","4/192",0.0157977826439019,0.250242597392665,0,0,4.36879432624113,18.121259458719,"RAP2A;RABEP1;KCNB1;ABHD17A","GO_Biological_Process_2023","brown"
"Negative Regulation Of Translation (GO:0017148)","3/107",0.0165478094013242,0.250242597392665,0,0,5.88699444885012,24.1455168472485,"DHFR;DDX6;TRIM2","GO_Biological_Process_2023","brown"
"Water-Soluble Vitamin Metabolic Process (GO:0006767)","2/40",0.0170631829128301,0.250242597392665,0,0,10.6670247046187,43.4236674606069,"DHFR;MTHFD2","GO_Biological_Process_2023","brown"
"Vesicle-Mediated Transport (GO:0016192)","6/411",0.0171730601944928,0.250242597392665,0,0,3.07249802994484,12.487902136128,"AP5M1;RABEP1;SNX27;STX7;REPS2;EXOC5","GO_Biological_Process_2023","brown"
"Regulation Of JNK Cascade (GO:0046328)","3/110",0.0178018044903922,0.250242597392665,0,0,5.72107139416129,23.0470812431264,"RAP2A;TAOK1;XIAP","GO_Biological_Process_2023","brown"
"Positive Regulation Of Cytokine-Mediated Signaling Pathway (GO:0001961)","2/44",0.0204294838615153,0.250242597392665,0,0,9.6491739552964,37.5427757402553,"UBE2K;TRIM44","GO_Biological_Process_2023","brown"
"Phosphorylation (GO:0016310)","6/429",0.0207214037532723,0.250242597392665,0,0,2.93903727176701,11.3934369577902,"GRK3;NUAK1;GMFB;RB1CC1;TAOK1;FAM20B","GO_Biological_Process_2023","brown"
"Golgi To Plasma Membrane Transport (GO:0006893)","2/47",0.0231205576171507,0.250242597392665,0,0,9.00453514739229,33.920382104137,"RABEP1;EXOC5","GO_Biological_Process_2023","brown"
"Regulation Of Tumor Necrosis Factor-Mediated Signaling Pathway (GO:0010803)","2/48",0.0240483300532172,0.250242597392665,0,0,8.80834072759539,32.8347611919466,"XIAP;UBE2K","GO_Biological_Process_2023","brown"
"Proteasomal Protein Catabolic Process (GO:0010498)","4/220",0.0246219228011415,0.250242597392665,0,0,3.79706790123457,14.064787796069,"APC2;TRIM2;PCBP2;UBE2K","GO_Biological_Process_2023","brown"
"Establishment Of Lymphocyte Polarity (GO:0001767)","1/5",0.0247535287182936,0.250242597392665,0,0,50.2424242424242,185.836036973753,"SNX27","GO_Biological_Process_2023","brown"
"Regulation Of Excitatory Synapse Assembly (GO:1904889)","1/5",0.0247535287182936,0.250242597392665,0,0,50.2424242424242,185.836036973753,"LRRC4B","GO_Biological_Process_2023","brown"
"Regulation Of Glutamate Receptor Signaling Pathway (GO:1900449)","1/5",0.0247535287182936,0.250242597392665,0,0,50.2424242424242,185.836036973753,"FRRS1L","GO_Biological_Process_2023","brown"
"Negative Regulation Of Protein Polyubiquitination (GO:1902915)","1/5",0.0247535287182936,0.250242597392665,0,0,50.2424242424242,185.836036973753,"TRIM44","GO_Biological_Process_2023","brown"
"Zymogen Inhibition (GO:0097341)","1/5",0.0247535287182936,0.250242597392665,0,0,50.2424242424242,185.836036973753,"XIAP","GO_Biological_Process_2023","brown"
"Inclusion Body Assembly (GO:0070841)","1/5",0.0247535287182936,0.250242597392665,0,0,50.2424242424242,185.836036973753,"TRIM37","GO_Biological_Process_2023","brown"
"Nucleoside Triphosphate Biosynthetic Process (GO:0009142)","1/5",0.0247535287182936,0.250242597392665,0,0,50.2424242424242,185.836036973753,"AK4","GO_Biological_Process_2023","brown"
"Regulation Of Superoxide Metabolic Process (GO:0090322)","1/5",0.0247535287182936,0.250242597392665,0,0,50.2424242424242,185.836036973753,"DHFR","GO_Biological_Process_2023","brown"
"Negative Regulation Of Arp2/3 Complex-Mediated Actin Nucleation (GO:0034316)","1/5",0.0247535287182936,0.250242597392665,0,0,50.2424242424242,185.836036973753,"GMFB","GO_Biological_Process_2023","brown"
"Dicarboxylic Acid Metabolic Process (GO:0043648)","2/50",0.0259489619459531,0.250242597392665,0,0,8.44047619047619,30.8214426622313,"DHFR;MTHFD2","GO_Biological_Process_2023","brown"
"Protein Polyubiquitination (GO:0000209)","4/226",0.026832290884603,0.250242597392665,0,0,3.69331831831832,13.3629768406534,"TRIM2;MYCBP2;TTC3;UBE2K","GO_Biological_Process_2023","brown"
"Free Ubiquitin Chain Polymerization (GO:0010994)","1/6",0.0296309633944118,0.250242597392665,0,0,40.1919191919192,141.432767389918,"UBE2K","GO_Biological_Process_2023","brown"
"Glycogen Catabolic Process (GO:0005980)","1/6",0.0296309633944118,0.250242597392665,0,0,40.1919191919192,141.432767389918,"RB1CC1","GO_Biological_Process_2023","brown"
"Histone H2A-K119 Monoubiquitination (GO:0036353)","1/6",0.0296309633944118,0.250242597392665,0,0,40.1919191919192,141.432767389918,"TRIM37","GO_Biological_Process_2023","brown"
"Regulation Of Microtubule Binding (GO:1904526)","1/6",0.0296309633944118,0.250242597392665,0,0,40.1919191919192,141.432767389918,"TTBK2","GO_Biological_Process_2023","brown"
"Anterograde Dendritic Transport (GO:0098937)","1/6",0.0296309633944118,0.250242597392665,0,0,40.1919191919192,141.432767389918,"KIF5C","GO_Biological_Process_2023","brown"
"Regulation Of Myosin-Light-Chain-Phosphatase Activity (GO:0035507)","1/6",0.0296309633944118,0.250242597392665,0,0,40.1919191919192,141.432767389918,"NUAK1","GO_Biological_Process_2023","brown"
"Regulation Of Norepinephrine Secretion (GO:0014061)","1/6",0.0296309633944118,0.250242597392665,0,0,40.1919191919192,141.432767389918,"KCNB1","GO_Biological_Process_2023","brown"
"Protein Localization To Ciliary Membrane (GO:1903441)","1/6",0.0296309633944118,0.250242597392665,0,0,40.1919191919192,141.432767389918,"RABEP1","GO_Biological_Process_2023","brown"
"Positive Regulation Of T-helper 17 Cell Differentiation (GO:2000321)","1/6",0.0296309633944118,0.250242597392665,0,0,40.1919191919192,141.432767389918,"NFKBIZ","GO_Biological_Process_2023","brown"
"Positive Regulation Of Catecholamine Secretion (GO:0033605)","1/6",0.0296309633944118,0.250242597392665,0,0,40.1919191919192,141.432767389918,"KCNB1","GO_Biological_Process_2023","brown"
"Negative Regulation Of Centriole Replication (GO:0046600)","1/6",0.0296309633944118,0.250242597392665,0,0,40.1919191919192,141.432767389918,"TRIM37","GO_Biological_Process_2023","brown"
"Negative Regulation Of Cellular Biosynthetic Process (GO:0031327)","3/137",0.0314194441411022,0.250242597392665,0,0,4.56208647484228,15.7863171072755,"DHFR;DDX6;TRIM2","GO_Biological_Process_2023","brown"
"post-Golgi Vesicle-Mediated Transport (GO:0006892)","2/56",0.0319994177727202,0.250242597392665,0,0,7.50037792894936,25.8165826277711,"RABEP1;EXOC5","GO_Biological_Process_2023","brown"
"Protein Localization To Cell Periphery (GO:1990778)","3/142",0.0344004256970443,0.250242597392665,0,0,4.39687013275977,14.8160732240825,"RAP2A;RABEP1;KCNB1","GO_Biological_Process_2023","brown"
"Positive Regulation Of Microtubule Nucleation (GO:0090063)","1/7",0.0344842492004147,0.250242597392665,0,0,33.4915824915825,112.774618360503,"MECP2","GO_Biological_Process_2023","brown"
"Regulation Of Lipoprotein Metabolic Process (GO:0050746)","1/7",0.0344842492004147,0.250242597392665,0,0,33.4915824915825,112.774618360503,"RB1CC1","GO_Biological_Process_2023","brown"
"Inhibition Of Cysteine-Type Endopeptidase Activity (GO:0097340)","1/7",0.0344842492004147,0.250242597392665,0,0,33.4915824915825,112.774618360503,"XIAP","GO_Biological_Process_2023","brown"
"Anterograde Axonal Protein Transport (GO:0099641)","1/7",0.0344842492004147,0.250242597392665,0,0,33.4915824915825,112.774618360503,"KIF5C","GO_Biological_Process_2023","brown"
"Axo-Dendritic Protein Transport (GO:0099640)","1/7",0.0344842492004147,0.250242597392665,0,0,33.4915824915825,112.774618360503,"KIF5C","GO_Biological_Process_2023","brown"
"Nucleobase-Containing Small Molecule Interconversion (GO:0015949)","1/7",0.0344842492004147,0.250242597392665,0,0,33.4915824915825,112.774618360503,"AK4","GO_Biological_Process_2023","brown"
"Macromolecule Depalmitoylation (GO:0098734)","1/7",0.0344842492004147,0.250242597392665,0,0,33.4915824915825,112.774618360503,"ABHD17A","GO_Biological_Process_2023","brown"
"Protein Depalmitoylation (GO:0002084)","1/7",0.0344842492004147,0.250242597392665,0,0,33.4915824915825,112.774618360503,"ABHD17A","GO_Biological_Process_2023","brown"
"Protein Localization To Presynapse (GO:1905383)","1/7",0.0344842492004147,0.250242597392665,0,0,33.4915824915825,112.774618360503,"KIF5C","GO_Biological_Process_2023","brown"
"Positive Regulation Of Arp2/3 Complex-Mediated Actin Nucleation (GO:2000601)","1/7",0.0344842492004147,0.250242597392665,0,0,33.4915824915825,112.774618360503,"WASF3","GO_Biological_Process_2023","brown"
"Negative Regulation Of Actin Nucleation (GO:0051126)","1/7",0.0344842492004147,0.250242597392665,0,0,33.4915824915825,112.774618360503,"GMFB","GO_Biological_Process_2023","brown"
"Negative Regulation Of cAMP-dependent Protein Kinase Activity (GO:2000480)","1/7",0.0344842492004147,0.250242597392665,0,0,33.4915824915825,112.774618360503,"PRKAR2A","GO_Biological_Process_2023","brown"
"Ubiquitin-Dependent Protein Catabolic Process (GO:0006511)","5/367",0.0370812861586764,0.250242597392665,0,0,2.84065135213725,9.35893167472241,"APC2;TRIM2;PCBP2;TTC3;UBE2K","GO_Biological_Process_2023","brown"
"Negative Regulation Of Protein Metabolic Process (GO:0051248)","3/147",0.0375231245710671,0.250242597392665,0,0,4.24312714776632,13.9293288087839,"DHFR;DDX6;TRIM2","GO_Biological_Process_2023","brown"
"Tetrahydrofolate Interconversion (GO:0035999)","1/8",0.0393135041520565,0.250242597392665,0,0,28.7056277056277,92.8967850071638,"MTHFD2","GO_Biological_Process_2023","brown"
"Ubiquitin-Dependent Protein Catabolic Process Via The C-end Degron Rule Pathway (GO:0140627)","1/8",0.0393135041520565,0.250242597392665,0,0,28.7056277056277,92.8967850071638,"KLHDC10","GO_Biological_Process_2023","brown"
"Positive Regulation Of Tumor Necrosis Factor-Mediated Signaling Pathway (GO:1903265)","1/8",0.0393135041520565,0.250242597392665,0,0,28.7056277056277,92.8967850071638,"UBE2K","GO_Biological_Process_2023","brown"
"Regulation Of DNA Methylation (GO:0044030)","1/8",0.0393135041520565,0.250242597392665,0,0,28.7056277056277,92.8967850071638,"MECP2","GO_Biological_Process_2023","brown"
"Positive Regulation Of Calcium Ion-Dependent Exocytosis (GO:0045956)","1/8",0.0393135041520565,0.250242597392665,0,0,28.7056277056277,92.8967850071638,"KCNB1","GO_Biological_Process_2023","brown"
"Positive Regulation Of Chromatin Binding (GO:0035563)","1/8",0.0393135041520565,0.250242597392665,0,0,28.7056277056277,92.8967850071638,"HMBOX1","GO_Biological_Process_2023","brown"
"Protein Polymerization (GO:0051258)","2/63",0.0396819029137974,0.250242597392665,0,0,6.6373369019739,21.4177572290841,"UBE2K;WASF3","GO_Biological_Process_2023","brown"
"Regulation Of Cellular Response To Oxidative Stress (GO:1900407)","1/9",0.0441188457824273,0.250242597392665,0,0,25.1161616161616,78.3842312444799,"DHFR","GO_Biological_Process_2023","brown"
"Positive Regulation Of Protein Acetylation (GO:1901985)","1/9",0.0441188457824273,0.250242597392665,0,0,25.1161616161616,78.3842312444799,"TAOK1","GO_Biological_Process_2023","brown"
"Regulation Of Long-Term Synaptic Depression (GO:1900452)","1/9",0.0441188457824273,0.250242597392665,0,0,25.1161616161616,78.3842312444799,"KCNB1","GO_Biological_Process_2023","brown"
"Autophagy Of Peroxisome (GO:0030242)","1/9",0.0441188457824273,0.250242597392665,0,0,25.1161616161616,78.3842312444799,"RB1CC1","GO_Biological_Process_2023","brown"
"Axon Regeneration (GO:0031103)","1/9",0.0441188457824273,0.250242597392665,0,0,25.1161616161616,78.3842312444799,"DHFR","GO_Biological_Process_2023","brown"
"Regulation Of Protein Acetylation (GO:1901983)","1/9",0.0441188457824273,0.250242597392665,0,0,25.1161616161616,78.3842312444799,"TAOK1","GO_Biological_Process_2023","brown"
"Regulation Of Protein Lipidation (GO:1903059)","1/9",0.0441188457824273,0.250242597392665,0,0,25.1161616161616,78.3842312444799,"RB1CC1","GO_Biological_Process_2023","brown"
"Piecemeal Microautophagy Of The Nucleus (GO:0034727)","1/9",0.0441188457824273,0.250242597392665,0,0,25.1161616161616,78.3842312444799,"RB1CC1","GO_Biological_Process_2023","brown"
"Regulation Of Viral-Induced Cytoplasmic Pattern Recognition Receptor Signaling Pathway (GO:0039531)","1/9",0.0441188457824273,0.250242597392665,0,0,25.1161616161616,78.3842312444799,"XIAP","GO_Biological_Process_2023","brown"
"Regulation Of Macromolecule Metabolic Process (GO:0060255)","3/162",0.0477283097674536,0.250242597392665,0,0,3.83991441353822,11.6819049803522,"PCBP2;NFKBIZ;TRIM44","GO_Biological_Process_2023","brown"
"Regulation Of Chromatin Binding (GO:0035561)","1/10",0.0489003911418305,0.250242597392665,0,0,22.324354657688,67.3742300304506,"HMBOX1","GO_Biological_Process_2023","brown"
"Establishment Of Epithelial Cell Apical/Basal Polarity (GO:0045198)","1/10",0.0489003911418305,0.250242597392665,0,0,22.324354657688,67.3742300304506,"RAP2A","GO_Biological_Process_2023","brown"
"Negative Regulation Of Inclusion Body Assembly (GO:0090084)","1/10",0.0489003911418305,0.250242597392665,0,0,22.324354657688,67.3742300304506,"SACS","GO_Biological_Process_2023","brown"
"Synaptic Vesicle Transport (GO:0048489)","1/10",0.0489003911418305,0.250242597392665,0,0,22.324354657688,67.3742300304506,"KIF5C","GO_Biological_Process_2023","brown"
"Regulation Of Gene Expression By Genomic Imprinting (GO:0006349)","1/10",0.0489003911418305,0.250242597392665,0,0,22.324354657688,67.3742300304506,"MECP2","GO_Biological_Process_2023","brown"
"Rap Protein Signal Transduction (GO:0032486)","1/10",0.0489003911418305,0.250242597392665,0,0,22.324354657688,67.3742300304506,"RAP2A","GO_Biological_Process_2023","brown"
"Regulation Of Inclusion Body Assembly (GO:0090083)","1/10",0.0489003911418305,0.250242597392665,0,0,22.324354657688,67.3742300304506,"SACS","GO_Biological_Process_2023","brown"
"Regulation Of Microtubule Nucleation (GO:0010968)","1/10",0.0489003911418305,0.250242597392665,0,0,22.324354657688,67.3742300304506,"MECP2","GO_Biological_Process_2023","brown"
"Lipoprotein Catabolic Process (GO:0042159)","1/10",0.0489003911418305,0.250242597392665,0,0,22.324354657688,67.3742300304506,"ABHD17A","GO_Biological_Process_2023","brown"
"Nucleoside Triphosphate Metabolic Process (GO:0009141)","1/10",0.0489003911418305,0.250242597392665,0,0,22.324354657688,67.3742300304506,"AK4","GO_Biological_Process_2023","brown"
"Positive Regulation Of Actin Nucleation (GO:0051127)","1/10",0.0489003911418305,0.250242597392665,0,0,22.324354657688,67.3742300304506,"WASF3","GO_Biological_Process_2023","brown"
"Negative Regulation Of Centrosome Duplication (GO:0010826)","1/10",0.0489003911418305,0.250242597392665,0,0,22.324354657688,67.3742300304506,"TRIM37","GO_Biological_Process_2023","brown"
"AMP Metabolic Process (GO:0046033)","1/11",0.0536582567508638,0.250242597392665,0,0,20.0909090909091,58.7683184218827,"AK4","GO_Biological_Process_2023","brown"
"Tetrahydrofolate Metabolic Process (GO:0046653)","1/11",0.0536582567508638,0.250242597392665,0,0,20.0909090909091,58.7683184218827,"MTHFD2","GO_Biological_Process_2023","brown"
"P-body Assembly (GO:0033962)","1/11",0.0536582567508638,0.250242597392665,0,0,20.0909090909091,58.7683184218827,"DDX6","GO_Biological_Process_2023","brown"
"Positive Regulation Of Protein Polyubiquitination (GO:1902916)","1/11",0.0536582567508638,0.250242597392665,0,0,20.0909090909091,58.7683184218827,"XIAP","GO_Biological_Process_2023","brown"
"Nucleoside Phosphate Biosynthetic Process (GO:1901293)","1/11",0.0536582567508638,0.250242597392665,0,0,20.0909090909091,58.7683184218827,"AK4","GO_Biological_Process_2023","brown"
"Lysosomal Microautophagy (GO:0016237)","1/11",0.0536582567508638,0.250242597392665,0,0,20.0909090909091,58.7683184218827,"RB1CC1","GO_Biological_Process_2023","brown"
"Purine Ribonucleoside Monophosphate Metabolic Process (GO:0009167)","1/11",0.0536582567508638,0.250242597392665,0,0,20.0909090909091,58.7683184218827,"AK4","GO_Biological_Process_2023","brown"
"Central Nervous System Neuron Axonogenesis (GO:0021955)","1/11",0.0536582567508638,0.250242597392665,0,0,20.0909090909091,58.7683184218827,"MYCBP2","GO_Biological_Process_2023","brown"
"Central Nervous System Projection Neuron Axonogenesis (GO:0021952)","1/11",0.0536582567508638,0.250242597392665,0,0,20.0909090909091,58.7683184218827,"MYCBP2","GO_Biological_Process_2023","brown"
"Regulation Of T-helper 17 Cell Differentiation (GO:2000319)","1/11",0.0536582567508638,0.250242597392665,0,0,20.0909090909091,58.7683184218827,"NFKBIZ","GO_Biological_Process_2023","brown"
"Desensitization Of G Protein-Coupled Receptor Signaling Pathway (GO:0002029)","1/11",0.0536582567508638,0.250242597392665,0,0,20.0909090909091,58.7683184218827,"GRK3","GO_Biological_Process_2023","brown"
"Actomyosin Structure Organization (GO:0031032)","2/77",0.0568570608364097,0.253844877389822,0,0,5.39455782312925,15.4673563823572,"EPB41L1;TMOD2","GO_Biological_Process_2023","brown"
"Positive Regulation Of JNK Cascade (GO:0046330)","2/77",0.0568570608364097,0.253844877389822,0,0,5.39455782312925,15.4673563823572,"TAOK1;XIAP","GO_Biological_Process_2023","brown"
"Regulation Of Innate Immune Response (GO:0045088)","2/78",0.058168160710821,0.253844877389822,0,0,5.32330827067669,15.1417092906877,"PCBP2;XIAP","GO_Biological_Process_2023","brown"
"Synaptic Membrane Adhesion (GO:0099560)","1/12",0.0583925585800791,0.253844877389822,0,0,18.2635445362718,51.8788186041542,"LRRC4B","GO_Biological_Process_2023","brown"
"Folic Acid Metabolic Process (GO:0046655)","1/12",0.0583925585800791,0.253844877389822,0,0,18.2635445362718,51.8788186041542,"MTHFD2","GO_Biological_Process_2023","brown"
"Positive Regulation Of Regulated Secretory Pathway (GO:1903307)","1/12",0.0583925585800791,0.253844877389822,0,0,18.2635445362718,51.8788186041542,"KCNB1","GO_Biological_Process_2023","brown"
"Positive Regulation Of T-helper Cell Differentiation (GO:0045624)","1/12",0.0583925585800791,0.253844877389822,0,0,18.2635445362718,51.8788186041542,"NFKBIZ","GO_Biological_Process_2023","brown"
"Positive Regulation Of Protein Modification By Small Protein Conjugation Or Removal (GO:1903322)","2/79",0.0594897545967717,0.253844877389822,0,0,5.25390935595017,14.8262756693766,"MYCBP2;XIAP","GO_Biological_Process_2023","brown"
"Endosomal Transport (GO:0016197)","3/180",0.0615800766393562,0.253844877389822,0,0,3.44626943910536,9.60618964872885,"AP5M1;SNX27;REPS2","GO_Biological_Process_2023","brown"
"Synaptic Vesicle Localization (GO:0097479)","1/13",0.0631034120924419,0.253844877389822,0,0,16.7407407407407,46.2543391597171,"KIF5C","GO_Biological_Process_2023","brown"
"Positive Regulation Of Potassium Ion Transmembrane Transporter Activity (GO:1901018)","1/13",0.0631034120924419,0.253844877389822,0,0,16.7407407407407,46.2543391597171,"AKAP9","GO_Biological_Process_2023","brown"
"Protein Import Into Peroxisome Matrix (GO:0016558)","1/13",0.0631034120924419,0.253844877389822,0,0,16.7407407407407,46.2543391597171,"TRIM37","GO_Biological_Process_2023","brown"
"Microvillus Organization (GO:0032528)","1/13",0.0631034120924419,0.253844877389822,0,0,16.7407407407407,46.2543391597171,"RAP2A","GO_Biological_Process_2023","brown"
"Positive Regulation Of T-helper 17 Type Immune Response (GO:2000318)","1/13",0.0631034120924419,0.253844877389822,0,0,16.7407407407407,46.2543391597171,"NFKBIZ","GO_Biological_Process_2023","brown"
"Regulation Of cAMP-dependent Protein Kinase Activity (GO:2000479)","1/13",0.0631034120924419,0.253844877389822,0,0,16.7407407407407,46.2543391597171,"PRKAR2A","GO_Biological_Process_2023","brown"
"Epigenetic Regulation Of Gene Expression (GO:0040029)","2/83",0.0648783802345316,0.253844877389822,0,0,4.99344923154447,13.6582862458477,"MECP2;TRIM37","GO_Biological_Process_2023","brown"
"Positive Regulation Of Protein Ubiquitination (GO:0031398)","2/84",0.0662504359060044,0.253844877389822,0,0,4.93230462916874,13.3878197311643,"MYCBP2;XIAP","GO_Biological_Process_2023","brown"
"Establishment Of Apical/Basal Cell Polarity (GO:0035089)","1/14",0.0677909321684321,0.253844877389822,0,0,15.4522144522145,41.5869594433684,"RAP2A","GO_Biological_Process_2023","brown"
"Striated Muscle Cell Development (GO:0055002)","1/14",0.0677909321684321,0.253844877389822,0,0,15.4522144522145,41.5869594433684,"TMOD2","GO_Biological_Process_2023","brown"
"Histone H2A Monoubiquitination (GO:0035518)","1/14",0.0677909321684321,0.253844877389822,0,0,15.4522144522145,41.5869594433684,"TRIM37","GO_Biological_Process_2023","brown"
"Positive Regulation Of Response To Cytokine Stimulus (GO:0060760)","1/14",0.0677909321684321,0.253844877389822,0,0,15.4522144522145,41.5869594433684,"TRIM44","GO_Biological_Process_2023","brown"
"Positive Regulation Of Type I Interferon-Mediated Signaling Pathway (GO:0060340)","1/14",0.0677909321684321,0.253844877389822,0,0,15.4522144522145,41.5869594433684,"UBE2K","GO_Biological_Process_2023","brown"
"miRNA-mediated Gene Silencing By Inhibition Of Translation (GO:0035278)","1/14",0.0677909321684321,0.253844877389822,0,0,15.4522144522145,41.5869594433684,"DDX6","GO_Biological_Process_2023","brown"
"Microvillus Assembly (GO:0030033)","1/14",0.0677909321684321,0.253844877389822,0,0,15.4522144522145,41.5869594433684,"RAP2A","GO_Biological_Process_2023","brown"
"Polarized Epithelial Cell Differentiation (GO:0030859)","1/14",0.0677909321684321,0.253844877389822,0,0,15.4522144522145,41.5869594433684,"RAP2A","GO_Biological_Process_2023","brown"
"Copper Ion Homeostasis (GO:0055070)","1/14",0.0677909321684321,0.253844877389822,0,0,15.4522144522145,41.5869594433684,"XIAP","GO_Biological_Process_2023","brown"
"Negative Regulation Of Defense Response To Virus (GO:0050687)","1/14",0.0677909321684321,0.253844877389822,0,0,15.4522144522145,41.5869594433684,"PCBP2","GO_Biological_Process_2023","brown"
"Folic Acid-Containing Compound Metabolic Process (GO:0006760)","1/15",0.0724552331756038,0.265313965572836,0,0,14.3477633477633,37.6598138369901,"MTHFD2","GO_Biological_Process_2023","brown"
"Regulation Of Intrinsic Apoptotic Signaling Pathway In Response To DNA Damage (GO:1902229)","1/15",0.0724552331756038,0.265313965572836,0,0,14.3477633477633,37.6598138369901,"NACC2","GO_Biological_Process_2023","brown"
"Regulation Of Presynapse Assembly (GO:1905606)","1/16",0.0770964289305897,0.265313965572836,0,0,13.3905723905724,34.3159973270839,"LRRC4B","GO_Biological_Process_2023","brown"
"Regulation Of Presynapse Organization (GO:0099174)","1/16",0.0770964289305897,0.265313965572836,0,0,13.3905723905724,34.3159973270839,"LRRC4B","GO_Biological_Process_2023","brown"
"Protein Targeting To Peroxisome (GO:0006625)","1/16",0.0770964289305897,0.265313965572836,0,0,13.3905723905724,34.3159973270839,"TRIM37","GO_Biological_Process_2023","brown"
"Regulation Of Synaptic Transmission, GABAergic (GO:0032228)","1/16",0.0770964289305897,0.265313965572836,0,0,13.3905723905724,34.3159973270839,"USP46","GO_Biological_Process_2023","brown"
"Reticulophagy (GO:0061709)","1/16",0.0770964289305897,0.265313965572836,0,0,13.3905723905724,34.3159973270839,"RB1CC1","GO_Biological_Process_2023","brown"
"Negative Regulation Of Nucleic Acid-Templated Transcription (GO:1903507)","5/456",0.0786398922599749,0.265313965572836,0,0,2.26969307970592,5.77154845282746,"MECP2;HMBOX1;CBX5;ZNF706;NACC2","GO_Biological_Process_2023","brown"
"Regulation Of Translation (GO:0006417)","3/202",0.0807477880229416,0.265313965572836,0,0,3.06185567010309,7.70492926718882,"DHFR;DDX6;TRIM2","GO_Biological_Process_2023","brown"
"Negative Regulation Of Insulin Secretion (GO:0046676)","1/17",0.0817146326715557,0.265313965572836,0,0,12.5530303030303,31.4393429542943,"KCNB1","GO_Biological_Process_2023","brown"
"Positive Regulation Of Nitric-Oxide Synthase Activity (GO:0051000)","1/17",0.0817146326715557,0.265313965572836,0,0,12.5530303030303,31.4393429542943,"DHFR","GO_Biological_Process_2023","brown"
"Positive Regulation Of Potassium Ion Transmembrane Transport (GO:1901381)","1/17",0.0817146326715557,0.265313965572836,0,0,12.5530303030303,31.4393429542943,"AKAP9","GO_Biological_Process_2023","brown"
"Regulation Of Oxidative Phosphorylation (GO:0002082)","1/17",0.0817146326715557,0.265313965572836,0,0,12.5530303030303,31.4393429542943,"AK4","GO_Biological_Process_2023","brown"
"Protein Localization To Centrosome (GO:0071539)","1/17",0.0817146326715557,0.265313965572836,0,0,12.5530303030303,31.4393429542943,"GOLGB1","GO_Biological_Process_2023","brown"
"Peroxisomal Membrane Transport (GO:0015919)","1/17",0.0817146326715557,0.265313965572836,0,0,12.5530303030303,31.4393429542943,"TRIM37","GO_Biological_Process_2023","brown"
"Regulation Of Tubulin Deacetylation (GO:0090043)","1/17",0.0817146326715557,0.265313965572836,0,0,12.5530303030303,31.4393429542943,"DR1","GO_Biological_Process_2023","brown"
"Central Nervous System Neuron Development (GO:0021954)","1/17",0.0817146326715557,0.265313965572836,0,0,12.5530303030303,31.4393429542943,"TAOK1","GO_Biological_Process_2023","brown"
"Regulation Of Aerobic Respiration (GO:1903715)","1/17",0.0817146326715557,0.265313965572836,0,0,12.5530303030303,31.4393429542943,"AK4","GO_Biological_Process_2023","brown"
"Diol Biosynthetic Process (GO:0034312)","1/17",0.0817146326715557,0.265313965572836,0,0,12.5530303030303,31.4393429542943,"DHFR","GO_Biological_Process_2023","brown"
"Embryonic Axis Specification (GO:0000578)","1/17",0.0817146326715557,0.265313965572836,0,0,12.5530303030303,31.4393429542943,"CXXC4","GO_Biological_Process_2023","brown"
"Positive Regulation Of Dendrite Extension (GO:1903861)","1/17",0.0817146326715557,0.265313965572836,0,0,12.5530303030303,31.4393429542943,"RNF157","GO_Biological_Process_2023","brown"
"Establishment Of Vesicle Localization (GO:0051650)","1/18",0.0863099571505928,0.266728963965386,0,0,11.8140225787285,28.9421143066093,"KIF5C","GO_Biological_Process_2023","brown"
"Regulation Of Defense Response To Virus (GO:0050688)","1/18",0.0863099571505928,0.266728963965386,0,0,11.8140225787285,28.9421143066093,"PCBP2","GO_Biological_Process_2023","brown"
"Regulation Of Dendrite Extension (GO:1903859)","1/18",0.0863099571505928,0.266728963965386,0,0,11.8140225787285,28.9421143066093,"RNF157","GO_Biological_Process_2023","brown"
"Negative Regulation Of Peptide Hormone Secretion (GO:0090278)","1/18",0.0863099571505928,0.266728963965386,0,0,11.8140225787285,28.9421143066093,"KCNB1","GO_Biological_Process_2023","brown"
"Neuromuscular Process (GO:0050905)","1/18",0.0863099571505928,0.266728963965386,0,0,11.8140225787285,28.9421143066093,"MYCBP2","GO_Biological_Process_2023","brown"
"Autophagy Of Nucleus (GO:0044804)","1/18",0.0863099571505928,0.266728963965386,0,0,11.8140225787285,28.9421143066093,"RB1CC1","GO_Biological_Process_2023","brown"
"Regulation Of Protein Deacetylation (GO:0090311)","1/18",0.0863099571505928,0.266728963965386,0,0,11.8140225787285,28.9421143066093,"DR1","GO_Biological_Process_2023","brown"
"Response To Axon Injury (GO:0048678)","1/18",0.0863099571505928,0.266728963965386,0,0,11.8140225787285,28.9421143066093,"DHFR","GO_Biological_Process_2023","brown"
"Regulation Of Organelle Organization (GO:0033043)","2/100",0.0894369333512962,0.271062383471281,0,0,4.12369845897543,9.95552171579456,"TAOK1;AKAP9","GO_Biological_Process_2023","brown"
"Regulation Of Cellular Response To Growth Factor Stimulus (GO:0090287)","1/19",0.0908825145361798,0.271062383471281,0,0,11.1571268237935,26.7568838212325,"XIAP","GO_Biological_Process_2023","brown"
"Regulation Of Centriole Replication (GO:0046599)","1/19",0.0908825145361798,0.271062383471281,0,0,11.1571268237935,26.7568838212325,"TRIM37","GO_Biological_Process_2023","brown"
"Establishment Of Epithelial Cell Polarity (GO:0090162)","1/19",0.0908825145361798,0.271062383471281,0,0,11.1571268237935,26.7568838212325,"RAP2A","GO_Biological_Process_2023","brown"
"Vesicle Docking (GO:0048278)","1/19",0.0908825145361798,0.271062383471281,0,0,11.1571268237935,26.7568838212325,"STX7","GO_Biological_Process_2023","brown"
"Mesoderm Development (GO:0007498)","1/19",0.0908825145361798,0.271062383471281,0,0,11.1571268237935,26.7568838212325,"MEST","GO_Biological_Process_2023","brown"
"Negative Regulation Of Stem Cell Population Maintenance (GO:1902455)","1/20",0.0954324164624815,0.279753312258589,0,0,10.5693779904306,24.8310303892707,"ZNF706","GO_Biological_Process_2023","brown"
"Regulation Of Protein Localization To Cell Periphery (GO:1904375)","1/20",0.0954324164624815,0.279753312258589,0,0,10.5693779904306,24.8310303892707,"STX7","GO_Biological_Process_2023","brown"
"Protein Deacylation (GO:0035601)","1/20",0.0954324164624815,0.279753312258589,0,0,10.5693779904306,24.8310303892707,"ABHD17A","GO_Biological_Process_2023","brown"
"Regulation Of Neuron Apoptotic Process (GO:0043523)","2/105",0.0971124998083677,0.283060865918708,0,0,3.92252823459481,9.1468854610462,"KCNB1;TRIM2","GO_Biological_Process_2023","brown"
"Protein Localization (GO:0008104)","4/351",0.0993698622031554,0.283311403749571,0,0,2.34786263208453,5.42099507736738,"RAP2A;SNX27;ABHD17A;STX7","GO_Biological_Process_2023","brown"
"Regulation Of Histone Deacetylation (GO:0031063)","1/21",0.0999597740324998,0.283311403749571,0,0,10.040404040404,23.1229243332888,"DR1","GO_Biological_Process_2023","brown"
"Negative Regulation Of Tumor Necrosis Factor-Mediated Signaling Pathway (GO:0010804)","1/21",0.0999597740324998,0.283311403749571,0,0,10.040404040404,23.1229243332888,"XIAP","GO_Biological_Process_2023","brown"
"Regulation Of Transferase Activity (GO:0051338)","1/21",0.0999597740324998,0.283311403749571,0,0,10.040404040404,23.1229243332888,"HMBOX1","GO_Biological_Process_2023","brown"
"Positive Regulation Of G2/M Transition Of Mitotic Cell Cycle (GO:0010971)","1/21",0.0999597740324998,0.283311403749571,0,0,10.040404040404,23.1229243332888,"MECP2","GO_Biological_Process_2023","brown"
"Positive Regulation Of Protein Modification Process (GO:0031401)","3/225",0.103190270060158,0.289677783682167,0,0,2.74143215380329,6.22628783300974,"RAP2A;RB1CC1;TAOK1","GO_Biological_Process_2023","brown"
"Positive Regulation Of Protein Autophosphorylation (GO:0031954)","1/22",0.104464697819105,0.289677783682167,0,0,9.56180856180856,21.5992275397069,"RAP2A","GO_Biological_Process_2023","brown"
"Cellular Response To Interferon-Beta (GO:0035458)","1/22",0.104464697819105,0.289677783682167,0,0,9.56180856180856,21.5992275397069,"UBE2K","GO_Biological_Process_2023","brown"
"Negative Regulation Of G Protein-Coupled Receptor Signaling Pathway (GO:0045744)","1/22",0.104464697819105,0.289677783682167,0,0,9.56180856180856,21.5992275397069,"GRK3","GO_Biological_Process_2023","brown"
"Positive Regulation Of Protein Targeting To Membrane (GO:0090314)","1/23",0.108947297836033,0.296357541289345,0,0,9.1267217630854,20.2329475165344,"KCNB1","GO_Biological_Process_2023","brown"
"Rescue Of Stalled Ribosome (GO:0072344)","1/23",0.108947297836033,0.296357541289345,0,0,9.1267217630854,20.2329475165344,"KLHDC10","GO_Biological_Process_2023","brown"
"Regulation Of Cell Junction Assembly (GO:1901888)","1/23",0.108947297836033,0.296357541289345,0,0,9.1267217630854,20.2329475165344,"RAP2A","GO_Biological_Process_2023","brown"
"Protein Modification By Small Protein Conjugation (GO:0032446)","4/364",0.109679484475647,0.296357541289345,0,0,2.26157407407407,4.9985150608465,"RNF157;MYCBP2;TRIM44;ASB1","GO_Biological_Process_2023","brown"
"Regulation Of Protein Ubiquitination (GO:0031396)","2/113",0.109762052329387,0.296357541289345,0,0,3.63835263835264,8.03872336990412,"MYCBP2;XIAP","GO_Biological_Process_2023","brown"
"Stress Granule Assembly (GO:0034063)","1/24",0.113407683581024,0.301441148585831,0,0,8.72946859903382,19.0020116101552,"DDX6","GO_Biological_Process_2023","brown"
"Positive Regulation Of Peptidyl-Threonine Phosphorylation (GO:0010800)","1/24",0.113407683581024,0.301441148585831,0,0,8.72946859903382,19.0020116101552,"UBE2K","GO_Biological_Process_2023","brown"
"Positive Regulation Of Cell Cycle G2/M Phase Transition (GO:1902751)","1/24",0.113407683581024,0.301441148585831,0,0,8.72946859903382,19.0020116101552,"MECP2","GO_Biological_Process_2023","brown"
"Regulation Of Synapse Organization (GO:0050807)","1/25",0.117845964040422,0.306878068795616,0,0,8.36531986531987,17.8882067340701,"RAP2A","GO_Biological_Process_2023","brown"
"Cellular Response To Hexose Stimulus (GO:0071331)","1/25",0.117845964040422,0.306878068795616,0,0,8.36531986531987,17.8882067340701,"KCNB1","GO_Biological_Process_2023","brown"
"Proteoglycan Metabolic Process (GO:0006029)","1/25",0.117845964040422,0.306878068795616,0,0,8.36531986531987,17.8882067340701,"FAM20B","GO_Biological_Process_2023","brown"
"Regulation Of Cell Size (GO:0008361)","1/25",0.117845964040422,0.306878068795616,0,0,8.36531986531987,17.8882067340701,"ARHGAP5","GO_Biological_Process_2023","brown"
"Positive Regulation Of Protein Phosphorylation (GO:0001934)","4/377",0.120451598387611,0.308968143022203,0,0,2.18130026809651,4.61673789702076,"RAP2A;RB1CC1;AKAP9;UBE2K","GO_Biological_Process_2023","brown"
"Positive Regulation Of Monooxygenase Activity (GO:0032770)","1/26",0.122262247628669,0.308968143022203,0,0,8.03030303030303,16.8763802180029,"DHFR","GO_Biological_Process_2023","brown"
"Regulation Of Potassium Ion Transmembrane Transporter Activity (GO:1901016)","1/26",0.122262247628669,0.308968143022203,0,0,8.03030303030303,16.8763802180029,"AKAP9","GO_Biological_Process_2023","brown"
"Organelle Membrane Fusion (GO:0090174)","1/26",0.122262247628669,0.308968143022203,0,0,8.03030303030303,16.8763802180029,"STX7","GO_Biological_Process_2023","brown"
"miRNA-mediated Gene Silencing (GO:0035195)","1/26",0.122262247628669,0.308968143022203,0,0,8.03030303030303,16.8763802180029,"DDX6","GO_Biological_Process_2023","brown"
"Cellular Response To Xenobiotic Stimulus (GO:0071466)","1/26",0.122262247628669,0.308968143022203,0,0,8.03030303030303,16.8763802180029,"RAP2A","GO_Biological_Process_2023","brown"
"Potassium Ion Transport (GO:0006813)","2/122",0.124476246905678,0.311509976845746,0,0,3.36394557823129,7.00925280654715,"KCNJ6;KCNB1","GO_Biological_Process_2023","brown"
"Modulation Of Chemical Synaptic Transmission (GO:0050804)","2/123",0.126139752927233,0.311509976845746,0,0,3.33597571259909,6.90668681067367,"USP46;AKAP9","GO_Biological_Process_2023","brown"
"Regulation Of Catecholamine Secretion (GO:0050433)","1/27",0.126656642302827,0.311509976845746,0,0,7.72105672105672,15.9538300108164,"KCNB1","GO_Biological_Process_2023","brown"
"Neuron Projection Guidance (GO:0097485)","2/124",0.127808625420924,0.311509976845746,0,0,3.3084643693543,6.80624319809133,"KIF5C;MYCBP2","GO_Biological_Process_2023","brown"
"Regulation Of Chemotaxis (GO:0050920)","1/28",0.131029255394866,0.311509976845746,0,0,7.43471754582866,15.1098341340557,"MYCBP2","GO_Biological_Process_2023","brown"
"Regulation Of Monoatomic Ion Transport (GO:0043269)","1/28",0.131029255394866,0.311509976845746,0,0,7.43471754582866,15.1098341340557,"KCNJ6","GO_Biological_Process_2023","brown"
"Regulation Of Nitric-Oxide Synthase Activity (GO:0050999)","1/28",0.131029255394866,0.311509976845746,0,0,7.43471754582866,15.1098341340557,"DHFR","GO_Biological_Process_2023","brown"
"Regulation Of Protein Localization To Membrane (GO:1905475)","1/28",0.131029255394866,0.311509976845746,0,0,7.43471754582866,15.1098341340557,"STX7","GO_Biological_Process_2023","brown"
"Regulation Of Protein Targeting To Membrane (GO:0090313)","1/28",0.131029255394866,0.311509976845746,0,0,7.43471754582866,15.1098341340557,"KCNB1","GO_Biological_Process_2023","brown"
"Membrane Fusion (GO:0061025)","1/28",0.131029255394866,0.311509976845746,0,0,7.43471754582866,15.1098341340557,"RABEP1","GO_Biological_Process_2023","brown"
"Regulation Of Calcium Ion-Dependent Exocytosis (GO:0017158)","1/28",0.131029255394866,0.311509976845746,0,0,7.43471754582866,15.1098341340557,"KCNB1","GO_Biological_Process_2023","brown"
"Positive Regulation Of Defense Response To Virus By Host (GO:0002230)","1/28",0.131029255394866,0.311509976845746,0,0,7.43471754582866,15.1098341340557,"TRIM44","GO_Biological_Process_2023","brown"
"Protein-Containing Complex Organization (GO:0043933)","2/126",0.131162095513998,0.311509976845746,0,0,3.25477287689269,6.61148963539459,"REPS2;WASF3","GO_Biological_Process_2023","brown"
"Regulation Of Developmental Growth (GO:0048638)","1/29",0.13538019382269,0.314253572086154,0,0,7.16883116883117,14.3352837783296,"MYCBP2","GO_Biological_Process_2023","brown"
"Positive Regulation Of Microtubule Polymerization (GO:0031116)","1/29",0.13538019382269,0.314253572086154,0,0,7.16883116883117,14.3352837783296,"MECP2","GO_Biological_Process_2023","brown"
"Vacuolar Acidification (GO:0007035)","1/29",0.13538019382269,0.314253572086154,0,0,7.16883116883117,14.3352837783296,"DMXL2","GO_Biological_Process_2023","brown"
"Regulation Of Monoatomic Ion Transmembrane Transport (GO:0034765)","1/29",0.13538019382269,0.314253572086154,0,0,7.16883116883117,14.3352837783296,"KCNJ6","GO_Biological_Process_2023","brown"
"Response To Interferon-Beta (GO:0035456)","1/29",0.13538019382269,0.314253572086154,0,0,7.16883116883117,14.3352837783296,"UBE2K","GO_Biological_Process_2023","brown"
"Mitotic G2 DNA Damage Checkpoint Signaling (GO:0007095)","1/30",0.139709563918842,0.316874741532613,0,0,6.92128178335075,13.6223945108193,"TAOK1","GO_Biological_Process_2023","brown"
"Cellular Component Assembly (GO:0022607)","3/260",0.14141158811655,0.316874741532613,0,0,2.3638734004573,4.62392684309769,"STX7;REPS2;WASF3","GO_Biological_Process_2023","brown"
"Regulation Of Dendrite Morphogenesis (GO:0048814)","1/31",0.144017471501311,0.316874741532613,0,0,6.69023569023569,12.9644769200402,"RAP2A","GO_Biological_Process_2023","brown"
"Actin Filament Polymerization (GO:0030041)","1/31",0.144017471501311,0.316874741532613,0,0,6.69023569023569,12.9644769200402,"WASF3","GO_Biological_Process_2023","brown"
"Regulation Of Protein Autophosphorylation (GO:0031952)","1/31",0.144017471501311,0.316874741532613,0,0,6.69023569023569,12.9644769200402,"RAP2A","GO_Biological_Process_2023","brown"
"Regulation Of Response To Biotic Stimulus (GO:0002831)","1/31",0.144017471501311,0.316874741532613,0,0,6.69023569023569,12.9644769200402,"XIAP","GO_Biological_Process_2023","brown"
"Cellular Response To cAMP (GO:0071320)","1/31",0.144017471501311,0.316874741532613,0,0,6.69023569023569,12.9644769200402,"AKAP9","GO_Biological_Process_2023","brown"
"Regulation Of Transmembrane Receptor Protein Serine/Threonine Kinase Signaling Pathway (GO:0090092)","1/31",0.144017471501311,0.316874741532613,0,0,6.69023569023569,12.9644769200402,"XIAP","GO_Biological_Process_2023","brown"
"Central Nervous System Neuron Differentiation (GO:0021953)","1/31",0.144017471501311,0.316874741532613,0,0,6.69023569023569,12.9644769200402,"TAOK1","GO_Biological_Process_2023","brown"
"Protein Modification Process (GO:0036211)","6/711",0.145662570142567,0.316874741532613,0,0,1.73789044816659,3.34798076975219,"GRK3;NUAK1;GMFB;RB1CC1;TAOK1;FAM20B","GO_Biological_Process_2023","brown"
"Non-Membrane-Bounded Organelle Assembly (GO:0140694)","2/135",0.146494146719129,0.316874741532613,0,0,3.03314408470155,5.82597157350083,"DDX6;TMOD2","GO_Biological_Process_2023","brown"
"Positive Regulation Of Synapse Assembly (GO:0051965)","1/32",0.148304021933978,0.316874741532613,0,0,6.47409579667644,12.3557529781019,"LRRC4B","GO_Biological_Process_2023","brown"
"Intracellular pH Reduction (GO:0051452)","1/32",0.148304021933978,0.316874741532613,0,0,6.47409579667644,12.3557529781019,"DMXL2","GO_Biological_Process_2023","brown"
"Positive Regulation Of Telomere Maintenance Via Telomerase (GO:0032212)","1/32",0.148304021933978,0.316874741532613,0,0,6.47409579667644,12.3557529781019,"HMBOX1","GO_Biological_Process_2023","brown"
"Protein Transmembrane Import Into Intracellular Organelle (GO:0044743)","1/32",0.148304021933978,0.316874741532613,0,0,6.47409579667644,12.3557529781019,"TRIM37","GO_Biological_Process_2023","brown"
"Proteoglycan Biosynthetic Process (GO:0030166)","1/32",0.148304021933978,0.316874741532613,0,0,6.47409579667644,12.3557529781019,"FAM20B","GO_Biological_Process_2023","brown"
"Purine Ribonucleoside Triphosphate Metabolic Process (GO:0009205)","1/32",0.148304021933978,0.316874741532613,0,0,6.47409579667644,12.3557529781019,"AK4","GO_Biological_Process_2023","brown"
"Regulation Of Transmembrane Transport (GO:0034762)","1/32",0.148304021933978,0.316874741532613,0,0,6.47409579667644,12.3557529781019,"KCNJ6","GO_Biological_Process_2023","brown"
"Negative Regulation Of G1/S Transition Of Mitotic Cell Cycle (GO:2000134)","1/32",0.148304021933978,0.316874741532613,0,0,6.47409579667644,12.3557529781019,"NACC2","GO_Biological_Process_2023","brown"
"Potassium Ion Transmembrane Transport (GO:0071805)","2/137",0.149950708084332,0.316874741532613,0,0,2.98790627362056,5.66939873017379,"KCNJ6;KCNB1","GO_Biological_Process_2023","brown"
"Protein Localization To Plasma Membrane (GO:0072659)","2/137",0.149950708084332,0.316874741532613,0,0,2.98790627362056,5.66939873017379,"RAP2A;KCNB1","GO_Biological_Process_2023","brown"
"Positive Regulation Of Ion Transmembrane Transporter Activity (GO:0032414)","1/33",0.152569319997184,0.316874741532613,0,0,6.27146464646465,11.7912078898077,"AKAP9","GO_Biological_Process_2023","brown"
"Positive Regulation Of Telomerase Activity (GO:0051973)","1/33",0.152569319997184,0.316874741532613,0,0,6.27146464646465,11.7912078898077,"HMBOX1","GO_Biological_Process_2023","brown"
"Regulation Of Type I Interferon-Mediated Signaling Pathway (GO:0060338)","1/33",0.152569319997184,0.316874741532613,0,0,6.27146464646465,11.7912078898077,"UBE2K","GO_Biological_Process_2023","brown"
"Positive Regulation Of T Cell Mediated Cytotoxicity (GO:0001916)","1/33",0.152569319997184,0.316874741532613,0,0,6.27146464646465,11.7912078898077,"STX7","GO_Biological_Process_2023","brown"
"Negative Regulation Of Blood Vessel Endothelial Cell Migration (GO:0043537)","1/33",0.152569319997184,0.316874741532613,0,0,6.27146464646465,11.7912078898077,"MECP2","GO_Biological_Process_2023","brown"
"Negative Regulation Of Wnt Signaling Pathway (GO:0030178)","2/140",0.155166268510966,0.318757289279737,0,0,2.92250813368826,5.44538676806967,"APC2;CXXC4","GO_Biological_Process_2023","brown"
"ATP Metabolic Process (GO:0046034)","1/34",0.156813470025957,0.318757289279737,0,0,6.08111417202326,11.2664696999635,"AK4","GO_Biological_Process_2023","brown"
"Cellular Response To Glucose Stimulus (GO:0071333)","1/34",0.156813470025957,0.318757289279737,0,0,6.08111417202326,11.2664696999635,"KCNB1","GO_Biological_Process_2023","brown"
"Regulation Of DNA Biosynthetic Process (GO:2000278)","1/34",0.156813470025957,0.318757289279737,0,0,6.08111417202326,11.2664696999635,"HMBOX1","GO_Biological_Process_2023","brown"
"Smoothened Signaling Pathway (GO:0007224)","1/34",0.156813470025957,0.318757289279737,0,0,6.08111417202326,11.2664696999635,"TTBK2","GO_Biological_Process_2023","brown"
"Organelle Organization (GO:0006996)","4/418",0.157203887305601,0.318757289279737,0,0,1.96115136876006,3.62854515085322,"KIF5C;GOLGB1;STX7;WASF3","GO_Biological_Process_2023","brown"
"Regulation Of Cellular Senescence (GO:2000772)","1/35",0.161036575774195,0.318964337344255,0,0,5.90196078431373,10.7777108251808,"NUAK1","GO_Biological_Process_2023","brown"
"Glutamate Receptor Signaling Pathway (GO:0007215)","1/35",0.161036575774195,0.318964337344255,0,0,5.90196078431373,10.7777108251808,"KCNB1","GO_Biological_Process_2023","brown"
"Action Potential (GO:0001508)","1/35",0.161036575774195,0.318964337344255,0,0,5.90196078431373,10.7777108251808,"KCNB1","GO_Biological_Process_2023","brown"
"Positive Regulation Of Telomere Maintenance Via Telomere Lengthening (GO:1904358)","1/35",0.161036575774195,0.318964337344255,0,0,5.90196078431373,10.7777108251808,"HMBOX1","GO_Biological_Process_2023","brown"
"Regulation Of G2/M Transition Of Mitotic Cell Cycle (GO:0010389)","1/35",0.161036575774195,0.318964337344255,0,0,5.90196078431373,10.7777108251808,"MECP2","GO_Biological_Process_2023","brown"
"Response To Nutrient Levels (GO:0031667)","1/35",0.161036575774195,0.318964337344255,0,0,5.90196078431373,10.7777108251808,"KCNB1","GO_Biological_Process_2023","brown"
"Ras Protein Signal Transduction (GO:0007265)","2/144",0.162174238541576,0.319982247583956,0,0,2.83960908306985,5.16548737879535,"RAP2A;ARHGAP5","GO_Biological_Process_2023","brown"
"Negative Regulation Of Organelle Assembly (GO:1902116)","1/36",0.165238740567014,0.321088916329084,0,0,5.73304473304473,10.3215669941692,"TRIM37","GO_Biological_Process_2023","brown"
"Histone H3 Acetylation (GO:0043966)","1/36",0.165238740567014,0.321088916329084,0,0,5.73304473304473,10.3215669941692,"DR1","GO_Biological_Process_2023","brown"
"Regulation Of Peptidyl-Threonine Phosphorylation (GO:0010799)","1/36",0.165238740567014,0.321088916329084,0,0,5.73304473304473,10.3215669941692,"UBE2K","GO_Biological_Process_2023","brown"
"Regulation Of T Cell Mediated Cytotoxicity (GO:0001914)","1/36",0.165238740567014,0.321088916329084,0,0,5.73304473304473,10.3215669941692,"STX7","GO_Biological_Process_2023","brown"
"Negative Regulation Of Endothelial Cell Migration (GO:0010596)","1/37",0.169420067180126,0.32430035247539,0,0,5.57351290684624,9.89507014564132,"MECP2","GO_Biological_Process_2023","brown"
"Regulation Of Defense Response To Virus By Host (GO:0050691)","1/37",0.169420067180126,0.32430035247539,0,0,5.57351290684624,9.89507014564132,"TRIM44","GO_Biological_Process_2023","brown"
"Regulation Of Phosphoprotein Phosphatase Activity (GO:0043666)","1/37",0.169420067180126,0.32430035247539,0,0,5.57351290684624,9.89507014564132,"NUAK1","GO_Biological_Process_2023","brown"
"Mitochondrion Disassembly (GO:0061726)","1/37",0.169420067180126,0.32430035247539,0,0,5.57351290684624,9.89507014564132,"RB1CC1","GO_Biological_Process_2023","brown"
"Axon Guidance (GO:0007411)","2/149",0.171013633267106,0.326133806193403,0,0,2.74232958489518,4.84298695199844,"KIF5C;MYCBP2","GO_Biological_Process_2023","brown"
"Membrane Fission (GO:0090148)","1/38",0.173580657931626,0.328586263907468,0,0,5.42260442260442,9.49559255823113,"EXOC5","GO_Biological_Process_2023","brown"
"Response To cAMP (GO:0051591)","1/38",0.173580657931626,0.328586263907468,0,0,5.42260442260442,9.49559255823113,"AKAP9","GO_Biological_Process_2023","brown"
"Positive Regulation Of Intrinsic Apoptotic Signaling Pathway (GO:2001244)","1/39",0.17772061456847,0.331529728267728,0,0,5.27963849016481,9.12080010262218,"NACC2","GO_Biological_Process_2023","brown"
"RNA Transport (GO:0050658)","1/39",0.17772061456847,0.331529728267728,0,0,5.27963849016481,9.12080010262218,"KIF5C","GO_Biological_Process_2023","brown"
"Negative Regulation Of Protein Secretion (GO:0050709)","1/39",0.17772061456847,0.331529728267728,0,0,5.27963849016481,9.12080010262218,"KCNB1","GO_Biological_Process_2023","brown"
"Anterograde Axonal Transport (GO:0008089)","1/39",0.17772061456847,0.331529728267728,0,0,5.27963849016481,9.12080010262218,"KIF5C","GO_Biological_Process_2023","brown"
"Establishment Or Maintenance Of Epithelial Cell Apical/Basal Polarity (GO:0045197)","1/40",0.181840038445641,0.331971315738839,0,0,5.14400414400414,8.76861291991989,"RAP2A","GO_Biological_Process_2023","brown"
"Regulation Of Cytokine-Mediated Signaling Pathway (GO:0001959)","1/40",0.181840038445641,0.331971315738839,0,0,5.14400414400414,8.76861291991989,"TRIM44","GO_Biological_Process_2023","brown"
"Negative Regulation Of Protein Localization (GO:1903828)","1/40",0.181840038445641,0.331971315738839,0,0,5.14400414400414,8.76861291991989,"TTBK2","GO_Biological_Process_2023","brown"
"Regulation Of Microtubule Cytoskeleton Organization (GO:0070507)","1/40",0.181840038445641,0.331971315738839,0,0,5.14400414400414,8.76861291991989,"TAOK1","GO_Biological_Process_2023","brown"
"Regulation Of Microtubule Polymerization (GO:0031113)","1/40",0.181840038445641,0.331971315738839,0,0,5.14400414400414,8.76861291991989,"AKAP9","GO_Biological_Process_2023","brown"
"Protein Localization To Cilium (GO:0061512)","1/40",0.181840038445641,0.331971315738839,0,0,5.14400414400414,8.76861291991989,"RABEP1","GO_Biological_Process_2023","brown"
"Negative Regulation Of Transcription By RNA Polymerase II (GO:0000122)","6/763",0.182736196279215,0.332424357061125,0,0,1.61412631046404,2.74354940190495,"MECP2;HMBOX1;DR1;CBX5;NACC2;TRIM37","GO_Biological_Process_2023","brown"
"Regulation Of Dendrite Development (GO:0050773)","1/41",0.185939030336605,0.335868741417881,0,0,5.01515151515152,8.43717221072756,"RAP2A","GO_Biological_Process_2023","brown"
"Regulation Of Microtubule-Based Process (GO:0032886)","1/41",0.185939030336605,0.335868741417881,0,0,5.01515151515152,8.43717221072756,"TAOK1","GO_Biological_Process_2023","brown"
"Translational Elongation (GO:0006414)","1/42",0.190017690585897,0.339648345890472,0,0,4.89258438038926,8.12481204328322,"KLHDC10","GO_Biological_Process_2023","brown"
"Potassium Ion Import Across Plasma Membrane (GO:1990573)","1/42",0.190017690585897,0.339648345890472,0,0,4.89258438038926,8.12481204328322,"KCNJ6","GO_Biological_Process_2023","brown"
"Cellular Response To Glucose Starvation (GO:0042149)","1/42",0.190017690585897,0.339648345890472,0,0,4.89258438038926,8.12481204328322,"NUAK1","GO_Biological_Process_2023","brown"
"SCF-dependent Proteasomal Ubiquitin-Dependent Protein Catabolic Process (GO:0031146)","1/43",0.19407611900782,0.341433664094495,0,0,4.77585377585378,7.83003533696715,"FBXL16","GO_Biological_Process_2023","brown"
"Intracellular Glucose Homeostasis (GO:0001678)","1/43",0.19407611900782,0.341433664094495,0,0,4.77585377585378,7.83003533696715,"KCNB1","GO_Biological_Process_2023","brown"
"Positive Regulation Of T Cell Mediated Immunity (GO:0002711)","1/43",0.19407611900782,0.341433664094495,0,0,4.77585377585378,7.83003533696715,"STX7","GO_Biological_Process_2023","brown"
"Regulation Of Cellular Component Size (GO:0032535)","1/43",0.19407611900782,0.341433664094495,0,0,4.77585377585378,7.83003533696715,"ARHGAP5","GO_Biological_Process_2023","brown"
"Protein Autophosphorylation (GO:0046777)","2/162",0.194344307827666,0.341433664094495,0,0,2.51785714285714,4.12456198860435,"RB1CC1;TAOK1","GO_Biological_Process_2023","brown"
"Regulation Of Cellular Metabolic Process (GO:0031323)","1/45",0.202132677279174,0.346705590978828,0,0,4.55831037649219,7.28796784173202,"NUAK1","GO_Biological_Process_2023","brown"
"Epidermal Growth Factor Receptor Signaling Pathway (GO:0007173)","1/45",0.202132677279174,0.346705590978828,0,0,4.55831037649219,7.28796784173202,"REPS2","GO_Biological_Process_2023","brown"
"Positive Regulation Of Innate Immune Response (GO:0045089)","1/45",0.202132677279174,0.346705590978828,0,0,4.55831037649219,7.28796784173202,"UBE2K","GO_Biological_Process_2023","brown"
"Negative Regulation Of Response To Biotic Stimulus (GO:0002832)","1/45",0.202132677279174,0.346705590978828,0,0,4.55831037649219,7.28796784173202,"PCBP2","GO_Biological_Process_2023","brown"
"Regulation Of Protein Modification Process (GO:0031399)","1/45",0.202132677279174,0.346705590978828,0,0,4.55831037649219,7.28796784173202,"RB1CC1","GO_Biological_Process_2023","brown"
"Regulation Of Telomerase Activity (GO:0051972)","1/45",0.202132677279174,0.346705590978828,0,0,4.55831037649219,7.28796784173202,"HMBOX1","GO_Biological_Process_2023","brown"
"Natural Killer Cell Activation (GO:0030101)","1/45",0.202132677279174,0.346705590978828,0,0,4.55831037649219,7.28796784173202,"SNX27","GO_Biological_Process_2023","brown"
"Membrane Organization (GO:0061024)","2/167",0.203427034299401,0.346705590978828,0,0,2.44094001236858,3.88706977769903,"RABEP1;EXOC5","GO_Biological_Process_2023","brown"
"Intracellular Protein Transmembrane Transport (GO:0065002)","1/46",0.206131004383124,0.346705590978828,0,0,4.45679012345679,7.03835624820852,"TRIM37","GO_Biological_Process_2023","brown"
"Cardiac Conduction (GO:0061337)","1/46",0.206131004383124,0.346705590978828,0,0,4.45679012345679,7.03835624820852,"AKAP9","GO_Biological_Process_2023","brown"
"Mitotic G2/M Transition Checkpoint (GO:0044818)","1/46",0.206131004383124,0.346705590978828,0,0,4.45679012345679,7.03835624820852,"TAOK1","GO_Biological_Process_2023","brown"
"Myofibril Assembly (GO:0030239)","1/46",0.206131004383124,0.346705590978828,0,0,4.45679012345679,7.03835624820852,"TMOD2","GO_Biological_Process_2023","brown"
"Response To Glucose (GO:0009749)","1/46",0.206131004383124,0.346705590978828,0,0,4.45679012345679,7.03835624820852,"KCNB1","GO_Biological_Process_2023","brown"
"Insulin Receptor Signaling Pathway (GO:0008286)","1/47",0.210109494168341,0.349955099053114,0,0,4.3596837944664,6.80165814675797,"ZNF106","GO_Biological_Process_2023","brown"
"Regulation Of Signal Transduction By P53 Class Mediator (GO:1901796)","1/47",0.210109494168341,0.349955099053114,0,0,4.3596837944664,6.80165814675797,"NUAK1","GO_Biological_Process_2023","brown"
"Protein Monoubiquitination (GO:0006513)","1/47",0.210109494168341,0.349955099053114,0,0,4.3596837944664,6.80165814675797,"TRIM37","GO_Biological_Process_2023","brown"
"Positive Regulation Of Nervous System Development (GO:0051962)","1/49",0.21800735103248,0.358659181487106,0,0,4.17760942760943,6.36344537186664,"LRRC4B","GO_Biological_Process_2023","brown"
"Autophagy Of Mitochondrion (GO:0000422)","1/49",0.21800735103248,0.358659181487106,0,0,4.17760942760943,6.36344537186664,"RB1CC1","GO_Biological_Process_2023","brown"
"Negative Regulation Of Cysteine-Type Endopeptidase Activity Involved In Apoptotic Process (GO:0043154)","1/49",0.21800735103248,0.358659181487106,0,0,4.17760942760943,6.36344537186664,"XIAP","GO_Biological_Process_2023","brown"
"Organelle Assembly (GO:0070925)","3/322",0.218131899851807,0.358659181487106,0,0,1.89842613838348,2.8906487237211,"RB1CC1;STX7;TTBK2","GO_Biological_Process_2023","brown"
"Negative Regulation Of Apoptotic Process (GO:0043066)","4/482",0.221513758688617,0.362574858695788,0,0,1.69299163179916,2.55179647109458,"RNF157;MTRNR2L12;XIAP;MTRNR2L8","GO_Biological_Process_2023","brown"
"Positive Regulation Of Developmental Growth (GO:0048639)","1/50",0.221926911560385,0.362574858695788,0,0,4.09214594928881,6.16034588762116,"RNF157","GO_Biological_Process_2023","brown"
"Negative Regulation Of Gene Expression, Epigenetic (GO:0045814)","1/51",0.225827021656465,0.36430585569109,0,0,4.01010101010101,5.96697401593565,"TRIM37","GO_Biological_Process_2023","brown"
"Positive Regulation Of Leukocyte Mediated Cytotoxicity (GO:0001912)","1/51",0.225827021656465,0.36430585569109,0,0,4.01010101010101,5.96697401593565,"STX7","GO_Biological_Process_2023","brown"
"Regulation Of Telomere Maintenance Via Telomerase (GO:0032210)","1/51",0.225827021656465,0.36430585569109,0,0,4.01010101010101,5.96697401593565,"HMBOX1","GO_Biological_Process_2023","brown"
"Receptor Internalization (GO:0031623)","1/51",0.225827021656465,0.36430585569109,0,0,4.01010101010101,5.96697401593565,"GRK3","GO_Biological_Process_2023","brown"
"Negative Regulation Of Innate Immune Response (GO:0045824)","1/52",0.229707776816989,0.368250279709735,0,0,3.93127351950881,5.78269622196604,"PCBP2","GO_Biological_Process_2023","brown"
"Rho Protein Signal Transduction (GO:0007266)","1/52",0.229707776816989,0.368250279709735,0,0,3.93127351950881,5.78269622196604,"ARHGAP5","GO_Biological_Process_2023","brown"
"Actin Cytoskeleton Reorganization (GO:0031532)","1/53",0.233569272224541,0.368680112772891,0,0,3.85547785547786,5.60693113764998,"RAP2A","GO_Biological_Process_2023","brown"
"Actin Polymerization Or Depolymerization (GO:0008154)","1/53",0.233569272224541,0.368680112772891,0,0,3.85547785547786,5.60693113764998,"WASF3","GO_Biological_Process_2023","brown"
"Regulation Of Macromolecule Biosynthetic Process (GO:0010556)","1/53",0.233569272224541,0.368680112772891,0,0,3.85547785547786,5.60693113764998,"RB1CC1","GO_Biological_Process_2023","brown"
"Positive Regulation Of NIK/NF-kappaB Signaling (GO:1901224)","1/53",0.233569272224541,0.368680112772891,0,0,3.85547785547786,5.60693113764998,"TRIM44","GO_Biological_Process_2023","brown"
"Negative Regulation Of Cysteine-Type Endopeptidase Activity (GO:2000117)","1/53",0.233569272224541,0.368680112772891,0,0,3.85547785547786,5.60693113764998,"XIAP","GO_Biological_Process_2023","brown"
"ERBB Signaling Pathway (GO:0038127)","1/54",0.237411602446854,0.369067127440109,0,0,3.78254240518391,5.43914439332398,"REPS2","GO_Biological_Process_2023","brown"
"Organelle Disassembly (GO:1903008)","1/54",0.237411602446854,0.369067127440109,0,0,3.78254240518391,5.43914439332398,"RB1CC1","GO_Biological_Process_2023","brown"
"Negative Regulation Of TOR Signaling (GO:0032007)","1/54",0.237411602446854,0.369067127440109,0,0,3.78254240518391,5.43914439332398,"NUAK1","GO_Biological_Process_2023","brown"
"Ribosomal Large Subunit Biogenesis (GO:0042273)","1/54",0.237411602446854,0.369067127440109,0,0,3.78254240518391,5.43914439332398,"CINP","GO_Biological_Process_2023","brown"
"Regulation Of Blood Vessel Endothelial Cell Migration (GO:0043535)","1/54",0.237411602446854,0.369067127440109,0,0,3.78254240518391,5.43914439332398,"MECP2","GO_Biological_Process_2023","brown"
"Axonogenesis (GO:0007409)","2/188",0.242009135316354,0.375077602469153,0,0,2.16304586350669,3.06888578691104,"KIF5C;MYCBP2","GO_Biological_Process_2023","brown"
"Regulation Of Stem Cell Population Maintenance (GO:2000036)","1/56",0.245039143568043,0.377492734685904,0,0,3.64462809917355,5.12557648253206,"ZNF706","GO_Biological_Process_2023","brown"
"Mitotic DNA Damage Checkpoint Signaling (GO:0044773)","1/56",0.245039143568043,0.377492734685904,0,0,3.64462809917355,5.12557648253206,"TAOK1","GO_Biological_Process_2023","brown"
"Modification-Dependent Protein Catabolic Process (GO:0019941)","2/192",0.249408486067724,0.383073513032163,0,0,2.11707841031149,2.93990892306422,"TTC3;UBE2K","GO_Biological_Process_2023","brown"
"Negative Regulation Of DNA-templated Transcription (GO:0045892)","7/1025",0.252431721424316,0.383370588472854,0,0,1.39609607706445,1.92188607101853,"MECP2;HMBOX1;DR1;CBX5;ZNF706;NACC2;TRIM37","GO_Biological_Process_2023","brown"
"Regulation Of Neuron Death (GO:1901214)","1/58",0.252591147960672,0.383370588472854,0,0,3.5163919900762,4.83849599837867,"TRIM2","GO_Biological_Process_2023","brown"
"mRNA Transport (GO:0051028)","1/58",0.252591147960672,0.383370588472854,0,0,3.5163919900762,4.83849599837867,"KIF5C","GO_Biological_Process_2023","brown"
"Selective Autophagy (GO:0061912)","1/58",0.252591147960672,0.383370588472854,0,0,3.5163919900762,4.83849599837867,"RB1CC1","GO_Biological_Process_2023","brown"
"Regulation Of Multicellular Organismal Development (GO:2000026)","1/59",0.256339055642632,0.383387567185628,0,0,3.45559038662487,4.70393718537215,"DR1","GO_Biological_Process_2023","brown"
"Microtubule Cytoskeleton Organization Involved In Mitosis (GO:1902850)","1/59",0.256339055642632,0.383387567185628,0,0,3.45559038662487,4.70393718537215,"MECP2","GO_Biological_Process_2023","brown"
"Mitotic Cytokinesis (GO:0000281)","1/59",0.256339055642632,0.383387567185628,0,0,3.45559038662487,4.70393718537215,"EXOC5","GO_Biological_Process_2023","brown"
"Regulation Of Type I Interferon Production (GO:0032479)","1/59",0.256339055642632,0.383387567185628,0,0,3.45559038662487,4.70393718537215,"XIAP","GO_Biological_Process_2023","brown"
"Negative Regulation Of Cytokine-Mediated Signaling Pathway (GO:0001960)","1/59",0.256339055642632,0.383387567185628,0,0,3.45559038662487,4.70393718537215,"XIAP","GO_Biological_Process_2023","brown"
"Histone Acetylation (GO:0016573)","1/60",0.260068356267662,0.386710338450175,0,0,3.39684985447697,4.57491398098809,"DR1","GO_Biological_Process_2023","brown"
"protein-DNA Complex Organization (GO:0071824)","1/60",0.260068356267662,0.386710338450175,0,0,3.39684985447697,4.57491398098809,"CBX5","GO_Biological_Process_2023","brown"
"Autophagosome Organization (GO:1905037)","1/61",0.263779141308675,0.389967433692652,0,0,3.34006734006734,4.45111773409346,"RB1CC1","GO_Biological_Process_2023","brown"
"Positive Regulation Of Cell Junction Assembly (GO:1901890)","1/61",0.263779141308675,0.389967433692652,0,0,3.34006734006734,4.45111773409346,"LRRC4B","GO_Biological_Process_2023","brown"
"Regulation Of Embryonic Development (GO:0045995)","1/62",0.267471501800711,0.394289886275186,0,0,3.28514654744163,4.33226156152993,"DR1","GO_Biological_Process_2023","brown"
"Positive Regulation Of Mitotic Cell Cycle Phase Transition (GO:1901992)","1/63",0.271145528260931,0.398560618905036,0,0,3.23199739328772,4.21807849737542,"MECP2","GO_Biological_Process_2023","brown"
"Positive Regulation Of Type I Interferon Production (GO:0032481)","1/64",0.274801310842782,0.401632685077912,0,0,3.18053551386885,4.10831982313615,"XIAP","GO_Biological_Process_2023","brown"
"Endocytic Recycling (GO:0032456)","1/64",0.274801310842782,0.401632685077912,0,0,3.18053551386885,4.10831982313615,"SNX27","GO_Biological_Process_2023","brown"
"Regulation Of Canonical Wnt Signaling Pathway (GO:0060828)","2/207",0.277199672471101,0.40325026407246,0,0,1.96067695370831,2.51558224197517,"APC2;XIAP","GO_Biological_Process_2023","brown"
"Autophagosome Assembly (GO:0000045)","1/65",0.278438939213788,0.40325026407246,0,0,3.13068181818182,4.00275356439037,"RB1CC1","GO_Biological_Process_2023","brown"
"Positive Regulation Of DNA Biosynthetic Process (GO:2000573)","1/65",0.278438939213788,0.40325026407246,0,0,3.13068181818182,4.00275356439037,"HMBOX1","GO_Biological_Process_2023","brown"
"Protein Stabilization (GO:0050821)","2/208",0.279052326989714,0.40325026407246,0,0,1.95106003566475,2.49024711032486,"TRIM37;TRIM44","GO_Biological_Process_2023","brown"
"Negative Regulation Of Immune Response (GO:0050777)","1/66",0.282058502576368,0.406449471409205,0,0,3.08236208236208,3.90116313048372,"PCBP2","GO_Biological_Process_2023","brown"
"Regulation Of Actin Filament-Based Process (GO:0032970)","1/70",0.296357876203525,0.425858796897502,0,0,2.9030888596106,3.53070042231205,"TAOK1","GO_Biological_Process_2023","brown"
"Negative Regulation Of Protein Binding (GO:0032091)","1/71",0.299888438313403,0.429728404622278,0,0,2.86147186147186,3.44619860155019,"TTBK2","GO_Biological_Process_2023","brown"
"DNA Damage Response (GO:0006974)","3/384",0.30139301447476,0.43068138280098,0,0,1.58446302459615,1.90031015325169,"CBX5;TAOK1;XIAP","GO_Biological_Process_2023","brown"
"Cellular Response To Hypoxia (GO:0071456)","1/72",0.303401461859655,0.432347083150008,0,0,2.82102717313985,3.36463457832852,"AK4","GO_Biological_Process_2023","brown"
"Positive Regulation Of Secretion By Cell (GO:1903532)","1/73",0.306897033111884,0.434912093885073,0,0,2.78170594837262,3.28587063696556,"KCNB1","GO_Biological_Process_2023","brown"
"Cellular Response To Decreased Oxygen Levels (GO:0036294)","1/73",0.306897033111884,0.434912093885073,0,0,2.78170594837262,3.28587063696556,"AK4","GO_Biological_Process_2023","brown"
"Regulation Of BMP Signaling Pathway (GO:0030510)","1/75",0.313836161648445,0.443520525965985,0,0,2.70625170625171,3.13623236372496,"XIAP","GO_Biological_Process_2023","brown"
"Transcription Initiation At RNA Polymerase II Promoter (GO:0006367)","1/76",0.317279889350664,0.446972347998408,0,0,2.67003367003367,3.0651211233087,"DR1","GO_Biological_Process_2023","brown"
"Regulation Of Immune Response (GO:0050776)","1/77",0.320706505558706,0.446972347998408,0,0,2.6347687400319,2.99633512170869,"XIAP","GO_Biological_Process_2023","brown"
"Monoatomic Cation Homeostasis (GO:0055080)","1/77",0.320706505558706,0.446972347998408,0,0,2.6347687400319,2.99633512170869,"XIAP","GO_Biological_Process_2023","brown"
"Negative Regulation Of Blood Vessel Morphogenesis (GO:2000181)","1/77",0.320706505558706,0.446972347998408,0,0,2.6347687400319,2.99633512170869,"MECP2","GO_Biological_Process_2023","brown"
"Negative Regulation Of Multicellular Organismal Process (GO:0051241)","2/231",0.321506425753241,0.446972347998408,0,0,1.75305231262811,1.98925463460844,"ZNF706;ASB1","GO_Biological_Process_2023","brown"
"Positive Regulation Of Phosphorylation (GO:0042327)","2/231",0.321506425753241,0.446972347998408,0,0,1.75305231262811,1.98925463460844,"RAP2A;RB1CC1","GO_Biological_Process_2023","brown"
"Cellular Response To Nutrient Levels (GO:0031669)","1/78",0.324116094429913,0.448031956048493,0,0,2.60041978223796,2.92977207832515,"KCNB1","GO_Biological_Process_2023","brown"
"Regulation Of TOR Signaling (GO:0032006)","1/78",0.324116094429913,0.448031956048493,0,0,2.60041978223796,2.92977207832515,"NUAK1","GO_Biological_Process_2023","brown"
"Vesicle Fusion (GO:0006906)","1/79",0.32750873980153,0.448031956048493,0,0,2.56695156695157,2.86533539771871,"STX7","GO_Biological_Process_2023","brown"
"Positive Regulation Of Protein Localization To Membrane (GO:1905477)","1/79",0.32750873980153,0.448031956048493,0,0,2.56695156695157,2.86533539771871,"KCNB1","GO_Biological_Process_2023","brown"
"Positive Regulation Of Catabolic Process (GO:0009896)","1/79",0.32750873980153,0.448031956048493,0,0,2.56695156695157,2.86533539771871,"APC2","GO_Biological_Process_2023","brown"
"Negative Regulation Of Cellular Component Organization (GO:0051129)","1/79",0.32750873980153,0.448031956048493,0,0,2.56695156695157,2.86533539771871,"SACS","GO_Biological_Process_2023","brown"
"Glycoprotein Biosynthetic Process (GO:0009101)","1/80",0.330884524972772,0.449057569605905,0,0,2.5343306482547,2.80293378962301,"FAM20B","GO_Biological_Process_2023","brown"
"Negative Regulation Of Protein Serine/Threonine Kinase Activity (GO:0071901)","1/80",0.330884524972772,0.449057569605905,0,0,2.5343306482547,2.80293378962301,"PRKAR2A","GO_Biological_Process_2023","brown"
"Regulation Of Protein Localization To Plasma Membrane (GO:1903076)","1/80",0.330884524972772,0.449057569605905,0,0,2.5343306482547,2.80293378962301,"STX7","GO_Biological_Process_2023","brown"
"Cytoskeleton-Dependent Cytokinesis (GO:0061640)","1/81",0.334243532854352,0.451228769353376,0,0,2.50252525252525,2.74248091594401,"EXOC5","GO_Biological_Process_2023","brown"
"Negative Regulation Of NF-kappaB Transcription Factor Activity (GO:0032088)","1/81",0.334243532854352,0.451228769353376,0,0,2.50252525252525,2.74248091594401,"TRIM37","GO_Biological_Process_2023","brown"
"Regulation Of Cell Population Proliferation (GO:0042127)","5/766",0.337208055516819,0.453879986406026,0,0,1.32367383636489,1.43890647888398,"MECP2;NUAK1;NACC2;RB1CC1;XIAP","GO_Biological_Process_2023","brown"
"Regulation Of Inflammatory Response (GO:0050727)","2/240",0.337976909955364,0.453879986406026,0,0,1.68598868118676,1.8289229230858,"NFKBIZ;XIAP","GO_Biological_Process_2023","brown"
"Regulation Of NIK/NF-kappaB Signaling (GO:1901222)","1/83",0.340911546721369,0.455436519448078,0,0,2.44124168514412,2.62709885646942,"TRIM44","GO_Biological_Process_2023","brown"
"Regulation Of Cell Division (GO:0051302)","1/83",0.340911546721369,0.455436519448078,0,0,2.44124168514412,2.62709885646942,"DR1","GO_Biological_Process_2023","brown"
"Regulation Of Cysteine-Type Endopeptidase Activity Involved In Apoptotic Process (GO:0043281)","1/84",0.344220716526821,0.45747468284523,0,0,2.41170743580382,2.57201895784243,"XIAP","GO_Biological_Process_2023","brown"
"Purine Ribonucleotide Metabolic Process (GO:0009150)","1/84",0.344220716526821,0.45747468284523,0,0,2.41170743580382,2.57201895784243,"AK4","GO_Biological_Process_2023","brown"
"mRNA Metabolic Process (GO:0016071)","1/85",0.347513436866072,0.458288928309242,0,0,2.38287638287638,2.51858583349566,"PCBP2","GO_Biological_Process_2023","brown"
"Mitotic Spindle Organization (GO:0007052)","1/85",0.347513436866072,0.458288928309242,0,0,2.38287638287638,2.51858583349566,"MECP2","GO_Biological_Process_2023","brown"
"Positive Regulation Of Canonical Wnt Signaling Pathway (GO:0090263)","1/85",0.347513436866072,0.458288928309242,0,0,2.38287638287638,2.51858583349566,"XIAP","GO_Biological_Process_2023","brown"
"Exocytosis (GO:0006887)","1/86",0.350789788685405,0.46024338003993,0,0,2.35472370766488,2.46673350535558,"EXOC5","GO_Biological_Process_2023","brown"
"Negative Regulation Of Angiogenesis (GO:0016525)","1/86",0.350789788685405,0.46024338003993,0,0,2.35472370766488,2.46673350535558,"MECP2","GO_Biological_Process_2023","brown"
"Glucose Homeostasis (GO:0042593)","1/87",0.354049852499014,0.462156677689552,0,0,2.3272257458304,2.41639933353241,"KCNB1","GO_Biological_Process_2023","brown"
"Regulation Of Insulin Secretion (GO:0050796)","1/87",0.354049852499014,0.462156677689552,0,0,2.3272257458304,2.41639933353241,"KCNB1","GO_Biological_Process_2023","brown"
"Regulation Of RNA Metabolic Process (GO:0051252)","1/91",0.366928825262423,0.475339614544503,0,0,2.22334455667789,2.22909720803597,"PCBP2","GO_Biological_Process_2023","brown"
"Positive Regulation Of Binding (GO:0051099)","1/91",0.366928825262423,0.475339614544503,0,0,2.22334455667789,2.22909720803597,"HMBOX1","GO_Biological_Process_2023","brown"
"Regulation Of Actin Cytoskeleton Organization (GO:0032956)","1/91",0.366928825262423,0.475339614544503,0,0,2.22334455667789,2.22909720803597,"TAOK1","GO_Biological_Process_2023","brown"
"Nervous System Development (GO:0007399)","3/433",0.368461775376536,0.476123150549529,0,0,1.4003836010549,1.3981686185907,"APC2;GMFB;TMOD2","GO_Biological_Process_2023","brown"
"Positive Regulation Of Protein Catabolic Process (GO:0045732)","1/92",0.370108643786799,0.477049583574442,0,0,2.1988011988012,2.18551754723327,"APC2","GO_Biological_Process_2023","brown"
"Vesicle Organization (GO:0016050)","1/94",0.376420920115876,0.482759830048611,0,0,2.15129792549147,2.10191981526176,"STX7","GO_Biological_Process_2023","brown"
"Muscle Contraction (GO:0006936)","1/94",0.376420920115876,0.482759830048611,0,0,2.15129792549147,2.10191981526176,"TMOD2","GO_Biological_Process_2023","brown"
"T Cell Receptor Signaling Pathway (GO:0050852)","1/95",0.379553533216983,0.485563497606763,0,0,2.12830431979368,2.06181530451832,"NFKBIZ","GO_Biological_Process_2023","brown"
"Regulation Of Protein Phosphorylation (GO:0001932)","2/265",0.38304595383803,0.488812373927635,0,0,1.52378365794987,1.46222327524659,"RAP2A;RB1CC1","GO_Biological_Process_2023","brown"
"Regulation Of Defense Response (GO:0031347)","1/97",0.385772094842852,0.491069688968693,0,0,2.08375420875421,1.98479362024731,"XIAP","GO_Biological_Process_2023","brown"
"Chromatin Organization (GO:0006325)","2/268",0.388372537677836,0.49255371543685,0,0,1.50636796071812,1.42470813219699,"DR1;CBX5","GO_Biological_Process_2023","brown"
"Mitochondrial Translation (GO:0032543)","1/98",0.388858196397513,0.49255371543685,0,0,2.06216807247735,1.94780133547852,"MRPL42","GO_Biological_Process_2023","brown"
"Axon Development (GO:0061564)","1/99",0.391928946523868,0.494003807289299,0,0,2.0410224695939,1.91177413897195,"DHFR","GO_Biological_Process_2023","brown"
"Cellular Response To Insulin Stimulus (GO:0032869)","1/99",0.391928946523868,0.494003807289299,0,0,2.0410224695939,1.91177413897195,"ZNF106","GO_Biological_Process_2023","brown"
"Protein Complex Oligomerization (GO:0051259)","1/100",0.394984420817951,0.496634823234335,0,0,2.02030405060708,1.87667852610055,"NACC2","GO_Biological_Process_2023","brown"
"Plasma Membrane Bounded Cell Projection Assembly (GO:0120031)","2/275",0.400723259090598,0.501801388167831,0,0,1.46721985497496,1.34174940006596,"RAP2A;TTBK2","GO_Biological_Process_2023","brown"
"Activation Of GTPase Activity (GO:0090630)","1/102",0.401049842395342,0.501801388167831,0,0,1.98009800980098,1.80915528558786,"APC2","GO_Biological_Process_2023","brown"
"Inorganic Cation Import Across Plasma Membrane (GO:0098659)","1/103",0.404059939073185,0.503113467826563,0,0,1.9605862547039,1.77666767339805,"KCNJ6","GO_Biological_Process_2023","brown"
"Mitochondrial Gene Expression (GO:0140053)","1/103",0.404059939073185,0.503113467826563,0,0,1.9605862547039,1.77666767339805,"MRPL42","GO_Biological_Process_2023","brown"
"Positive Regulation Of Inflammatory Response (GO:0050729)","1/104",0.407055058636552,0.505615605521915,0,0,1.94145336863783,1.74499153520703,"NFKBIZ","GO_Biological_Process_2023","brown"
"Cellular Response To Organonitrogen Compound (GO:0071417)","1/105",0.410035274847405,0.508087188397872,0,0,1.92268842268842,1.71409996792236,"AKAP9","GO_Biological_Process_2023","brown"
"Positive Regulation Of Cell Growth (GO:0030307)","1/106",0.413000661133786,0.510528528100318,0,0,1.9042809042809,1.68396719161278,"RNF157","GO_Biological_Process_2023","brown"
"Positive Regulation Of Autophagy (GO:0010508)","1/107",0.41595129052059,0.512939932781401,0,0,1.88622069754145,1.65456849319568,"RB1CC1","GO_Biological_Process_2023","brown"
"Positive Regulation Of DNA Metabolic Process (GO:0051054)","1/108",0.41888723576301,0.515209038020224,0,0,1.86849806475975,1.62588017253325,"MECP2","GO_Biological_Process_2023","brown"
"Negative Regulation Of Developmental Process (GO:0051093)","1/109",0.421808569139365,0.515209038020224,0,0,1.85110362888141,1.59787949320038,"ZNF706","GO_Biological_Process_2023","brown"
"Positive Regulation Of Wnt Signaling Pathway (GO:0030177)","1/109",0.421808569139365,0.515209038020224,0,0,1.85110362888141,1.59787949320038,"XIAP","GO_Biological_Process_2023","brown"
"Regulation Of Wnt Signaling Pathway (GO:0030111)","1/109",0.421808569139365,0.515209038020224,0,0,1.85110362888141,1.59787949320038,"CXXC4","GO_Biological_Process_2023","brown"
"RNA Metabolic Process (GO:0016070)","1/111",0.427607687964041,0.519816928733537,0,0,1.81726354453627,1.54385464626272,"PCBP2","GO_Biological_Process_2023","brown"
"Cytoskeleton Organization (GO:0007010)","1/111",0.427607687964041,0.519816928733537,0,0,1.81726354453627,1.54385464626272,"WASF3","GO_Biological_Process_2023","brown"
"Protein Deubiquitination (GO:0016579)","1/112",0.43048561638067,0.520846983970009,0,0,1.8008008008008,1.51778940882089,"USP46","GO_Biological_Process_2023","brown"
"Negative Regulation Of Defense Response (GO:0031348)","1/112",0.43048561638067,0.520846983970009,0,0,1.8008008008008,1.51778940882089,"PCBP2","GO_Biological_Process_2023","brown"
"Regulation Of Cytoskeleton Organization (GO:0051493)","1/114",0.436198565833718,0.524051204385708,0,0,1.76874944131581,1.46745661650072,"TAOK1","GO_Biological_Process_2023","brown"
"Protein Modification By Small Protein Removal (GO:0070646)","1/114",0.436198565833718,0.524051204385708,0,0,1.76874944131581,1.46745661650072,"USP46","GO_Biological_Process_2023","brown"
"Negative Regulation Of Canonical Wnt Signaling Pathway (GO:0090090)","1/114",0.436198565833718,0.524051204385708,0,0,1.76874944131581,1.46745661650072,"APC2","GO_Biological_Process_2023","brown"
"Regulation Of Intracellular Signal Transduction (GO:1902531)","2/297",0.438759996999523,0.525896912291484,0,0,1.35627810446212,1.11730559055249,"NUAK1;ARHGAP5","GO_Biological_Process_2023","brown"
"Regulation Of Cell Cycle (GO:0051726)","2/298",0.440458727702992,0.526702394665816,0,0,1.35162713734142,1.10825117107316,"DR1;XIAP","GO_Biological_Process_2023","brown"
"Regulation Of Small GTPase Mediated Signal Transduction (GO:0051056)","1/118",0.447454800068397,0.532585411682338,0,0,1.70793404126737,1.37348597340122,"ARHGAP5","GO_Biological_Process_2023","brown"
"Ribonucleoprotein Complex Biogenesis (GO:0022613)","1/118",0.447454800068397,0.532585411682338,0,0,1.70793404126737,1.37348597340122,"CINP","GO_Biological_Process_2023","brown"
"Regulation Of Protein Catabolic Process (GO:0042176)","1/122",0.458488507016457,0.543197699998712,0,0,1.6511394941147,1.28759168960267,"APC2","GO_Biological_Process_2023","brown"
"Receptor-Mediated Endocytosis (GO:0006898)","1/122",0.458488507016457,0.543197699998712,0,0,1.6511394941147,1.28759168960267,"GRK3","GO_Biological_Process_2023","brown"
"Positive Regulation Of MAPK Cascade (GO:0043410)","2/310",0.460624189973071,0.543912880196925,0,0,1.29817121653856,1.00630698380262,"TAOK1;KLHDC10","GO_Biological_Process_2023","brown"
"Regulation Of Cell Motility (GO:2000145)","1/123",0.461212676190375,0.543912880196925,0,0,1.63752276867031,1.26727232996582,"TTBK2","GO_Biological_Process_2023","brown"
"Positive Regulation Of Defense Response (GO:0031349)","1/124",0.463923277206856,0.5458546816677,0,0,1.62412745339575,1.2473885010387,"NFKBIZ","GO_Biological_Process_2023","brown"
"Protein Transport (GO:0015031)","2/313",0.465600643115683,0.546574668005367,0,0,1.2854518012993,0.982634065787606,"SNX27;STX7","GO_Biological_Process_2023","brown"
"Positive Regulation Of Intracellular Protein Transport (GO:0090316)","1/126",0.469304042324134,0.548412240802462,0,0,1.5979797979798,1.20887881651748,"KCNB1","GO_Biological_Process_2023","brown"
"Cellular Response To Starvation (GO:0009267)","1/126",0.469304042324134,0.548412240802462,0,0,1.5979797979798,1.20887881651748,"NUAK1","GO_Biological_Process_2023","brown"
"Regulation Of Response To External Stimulus (GO:0032101)","1/127",0.471974339207137,0.549031374179731,0,0,1.58521725188392,1.19022971699885,"XIAP","GO_Biological_Process_2023","brown"
"Regulation Of Anatomical Structure Morphogenesis (GO:0022603)","1/127",0.471974339207137,0.549031374179731,0,0,1.58521725188392,1.19022971699885,"RAP2A","GO_Biological_Process_2023","brown"
"Protein Homooligomerization (GO:0051260)","1/129",0.477275091201804,0.553941452005713,0,0,1.5602904040404,1.15408790031601,"NACC2","GO_Biological_Process_2023","brown"
"Golgi Organization (GO:0007030)","1/130",0.479905677193982,0.55573727404179,0,0,1.54811682718659,1.13657427447839,"GOLGB1","GO_Biological_Process_2023","brown"
"Synapse Organization (GO:0050808)","1/131",0.482523156606063,0.557509863375925,0,0,1.53613053613054,1.11941882389327,"LRRC4B","GO_Biological_Process_2023","brown"
"Intracellular Protein Transport (GO:0006886)","2/325",0.485236791756135,0.5593853352155,0,0,1.23693688001516,0.894451665144046,"SNX27;STX7","GO_Biological_Process_2023","brown"
"Negative Regulation Of Cell Motility (GO:2000146)","1/133",0.487719053875974,0.560986266005324,0,0,1.51270278543006,1.0861444222602,"RAP2A","GO_Biological_Process_2023","brown"
"Protein-Containing Complex Assembly (GO:0065003)","2/328",0.490076935611151,0.561434528652321,0,0,1.22536622010767,0.873922474296664,"REPS2;WASF3","GO_Biological_Process_2023","brown"
"Antigen Receptor-Mediated Signaling Pathway (GO:0050851)","1/134",0.490297600070642,0.561434528652321,0,0,1.50125313283208,1.07000724904239,"NFKBIZ","GO_Biological_Process_2023","brown"
"Positive Regulation Of Transferase Activity (GO:0051347)","1/143",0.512933812590885,0.58604687273747,0,0,1.40546308151942,0.938299046849509,"HMBOX1","GO_Biological_Process_2023","brown"
"Regulation Of Cell Adhesion (GO:0030155)","1/144",0.515386675547343,0.587540810123971,0,0,1.39556403192767,0.925032639771104,"NUAK1","GO_Biological_Process_2023","brown"
"Negative Regulation Of Response To External Stimulus (GO:0032102)","1/146",0.520255772624573,0.590467281761961,0,0,1.37617554858934,0.899240881378034,"PCBP2","GO_Biological_Process_2023","brown"
"Positive Regulation Of Cellular Catabolic Process (GO:0031331)","1/146",0.520255772624573,0.590467281761961,0,0,1.37617554858934,0.899240881378034,"RB1CC1","GO_Biological_Process_2023","brown"
"Negative Regulation Of DNA-binding Transcription Factor Activity (GO:0043433)","1/149",0.527468747150282,0.597332157368862,0,0,1.34807534807535,0.862317510620557,"TRIM37","GO_Biological_Process_2023","brown"
"Neuron Development (GO:0048666)","1/150",0.529849131261317,0.598706176953867,0,0,1.33896007050369,0.850457856372934,"TAOK1","GO_Biological_Process_2023","brown"
"Cellular Response To Organic Cyclic Compound (GO:0071407)","1/152",0.534574342306715,0.601396135095055,0,0,1.32109171182019,0.827379223374853,"AKAP9","GO_Biological_Process_2023","brown"
"Positive Regulation Of NF-kappaB Transcription Factor Activity (GO:0051092)","1/152",0.534574342306715,0.601396135095055,0,0,1.32109171182019,0.827379223374853,"TRIM37","GO_Biological_Process_2023","brown"
"Positive Regulation Of Response To External Stimulus (GO:0032103)","1/155",0.54157414062889,0.60661033655594,0,0,1.29515938606848,0.794289267227046,"NFKBIZ","GO_Biological_Process_2023","brown"
"Ribosome Biogenesis (GO:0042254)","1/155",0.54157414062889,0.60661033655594,0,0,1.29515938606848,0.794289267227046,"CINP","GO_Biological_Process_2023","brown"
"Peptide Biosynthetic Process (GO:0043043)","1/158",0.548469701786421,0.611662950035726,0,0,1.27021810461301,0.762922512360618,"MRPL42","GO_Biological_Process_2023","brown"
"Peptidyl-Serine Phosphorylation (GO:0018105)","1/158",0.548469701786421,0.611662950035726,0,0,1.27021810461301,0.762922512360618,"TTBK2","GO_Biological_Process_2023","brown"
"Negative Regulation Of Cell Migration (GO:0030336)","1/163",0.559734829149778,0.622871946537605,0,0,1.23070208255393,0.714166728910465,"RAP2A","GO_Biological_Process_2023","brown"
"Peptidyl-Serine Modification (GO:0018209)","1/166",0.566359876814798,0.628586659022927,0,0,1.20814202632384,0.686859643904913,"TTBK2","GO_Biological_Process_2023","brown"
"Negative Regulation Of Cell Population Proliferation (GO:0008285)","2/379",0.567898224526514,0.628586659022927,0,0,1.05683971201213,0.597973709784798,"NACC2;RB1CC1","GO_Biological_Process_2023","brown"
"Regulation Of Cytokine Production (GO:0001817)","1/167",0.568546217907677,0.628586659022927,0,0,1.20080321285141,0.678060757672765,"ASB1","GO_Biological_Process_2023","brown"
"Negative Regulation Of Programmed Cell Death (GO:0043069)","2/381",0.570772805092844,0.629691288199203,0,0,1.05115502665446,0.589449937321065,"RNF157;XIAP","GO_Biological_Process_2023","brown"
"Metal Ion Transport (GO:0030001)","1/171",0.577182984911913,0.635396719441656,0,0,1.17231134878194,0.644297547374328,"KCNJ6","GO_Biological_Process_2023","brown"
"Cell-Cell Adhesion Via Plasma-Membrane Adhesion Molecules (GO:0098742)","1/172",0.579315294925896,0.636378471728018,0,0,1.16539665662473,0.636199822786287,"LRRC4B","GO_Biological_Process_2023","brown"
"Regulation Of Neuron Projection Development (GO:0010975)","1/174",0.58354802824362,0.639658415574737,0,0,1.15180708822327,0.620396147287758,"MYCBP2","GO_Biological_Process_2023","brown"
"Negative Regulation Of Cytokine Production (GO:0001818)","1/178",0.591887411720754,0.647416294696689,0,0,1.12554927809165,0.590281763493508,"ASB1","GO_Biological_Process_2023","brown"
"Macromolecule Biosynthetic Process (GO:0009059)","1/183",0.6020794872594,0.657163355242707,0,0,1.09435009435009,0.555235815206858,"MRPL42","GO_Biological_Process_2023","brown"
"Phosphate-Containing Compound Metabolic Process (GO:0006796)","1/184",0.604087456347206,0.657955127613835,0,0,1.0883148424132,0.548550182326374,"TAOK1","GO_Biological_Process_2023","brown"
"Negative Regulation Of Macromolecule Metabolic Process (GO:0010605)","1/186",0.60807334897308,0.660893279710148,0,0,1.07644007644008,0.535485626960847,"MECP2","GO_Biological_Process_2023","brown"
"Endocytosis (GO:0006897)","1/189",0.613977814396427,0.665899828298874,0,0,1.05910165484634,0.516626063848475,"REPS2","GO_Biological_Process_2023","brown"
"Regulation Of Signal Transduction (GO:0009966)","1/193",0.621713652685644,0.671450744900495,0,0,1.0368265993266,0.492778443916668,"FRRS1L","GO_Biological_Process_2023","brown"
"Regulation Of Cell Differentiation (GO:0045595)","1/193",0.621713652685644,0.671450744900495,0,0,1.0368265993266,0.492778443916668,"APC2","GO_Biological_Process_2023","brown"
"Regulation Of Programmed Cell Death (GO:0043067)","1/195",0.625523817045148,0.673355028446895,0,0,1.02603353118817,0.481379917376179,"XIAP","GO_Biological_Process_2023","brown"
"Positive Regulation Of Protein Metabolic Process (GO:0051247)","1/196",0.627414626895937,0.673355028446895,0,0,1.02072002072002,0.475806259368427,"APC2","GO_Biological_Process_2023","brown"
"Endomembrane System Organization (GO:0010256)","1/196",0.627414626895937,0.673355028446895,0,0,1.02072002072002,0.475806259368427,"GOLGB1","GO_Biological_Process_2023","brown"
"Golgi Vesicle Transport (GO:0048193)","1/197",0.62929598455177,0.673964175522041,0,0,1.01546072974644,0.470314261452597,"EXOC5","GO_Biological_Process_2023","brown"
"Anterograde Trans-Synaptic Signaling (GO:0098916)","1/199",0.633030530285215,0.676551379242323,0,0,1.00510152025304,0.459569228815331,"AKAP9","GO_Biological_Process_2023","brown"
"Regulation Of Cell Migration (GO:0030334)","2/434",0.641954504111114,0.68466249606861,0,0,0.919690098261527,0.407641456001602,"RAP2A;TTBK2","GO_Biological_Process_2023","brown"
"Regulation Of Angiogenesis (GO:0045765)","1/205",0.644012133765147,0.685432001289461,0,0,0.975242622301446,0.429143531972285,"MECP2","GO_Biological_Process_2023","brown"
"Regulation Of Gene Expression (GO:0010468)","5/1127",0.6708596829864,0.712527986277481,0,0,0.880851862276011,0.351631905925746,"MECP2;DR1;PCBP2;NFKBIZ;TRIM44","GO_Biological_Process_2023","brown"
"Chromatin Remodeling (GO:0006338)","1/228",0.683175898430978,0.722616981226993,0,0,0.875406042806924,0.333532253769872,"DR1","GO_Biological_Process_2023","brown"
"Cilium Organization (GO:0044782)","1/228",0.683175898430978,0.722616981226993,0,0,0.875406042806924,0.333532253769872,"TTBK2","GO_Biological_Process_2023","brown"
"Negative Regulation Of Intracellular Signal Transduction (GO:1902532)","1/231",0.687959009576293,0.726178954552753,0,0,0.863855950812473,0.323104604801154,"NUAK1","GO_Biological_Process_2023","brown"
"Regulation Of Apoptotic Process (GO:0042981)","3/705",0.689447618803743,0.726255910567392,0,0,0.845801392193145,0.314523557871597,"RNF157;TRIM2;XIAP","GO_Biological_Process_2023","brown"
"Translation (GO:0006412)","1/234",0.692670620678898,0.726666724761298,0,0,0.852603286079681,0.313076512912352,"MRPL42","GO_Biological_Process_2023","brown"
"Positive Regulation Of GTPase Activity (GO:0043547)","1/234",0.692670620678898,0.726666724761298,0,0,0.852603286079681,0.313076512912352,"APC2","GO_Biological_Process_2023","brown"
"Regulation Of Autophagy (GO:0010506)","1/241",0.703392239478639,0.736408609903146,0,0,0.827441077441077,0.291127358427709,"RB1CC1","GO_Biological_Process_2023","brown"
"Cilium Assembly (GO:0060271)","1/243",0.706386958483719,0.738037697967714,0,0,0.820519242006845,0.285205999695782,"TTBK2","GO_Biological_Process_2023","brown"
"Positive Regulation Of DNA-binding Transcription Factor Activity (GO:0051091)","1/246",0.710822997359591,0.741163003344451,0,0,0.810348381776953,0.276597695305975,"TRIM37","GO_Biological_Process_2023","brown"
"Positive Regulation Of Signal Transduction (GO:0009967)","1/266",0.738747316125365,0.768535455744807,0,0,0.748427672955975,0.226623407850818,"TRIM44","GO_Biological_Process_2023","brown"
"Negative Regulation Of Signal Transduction (GO:0009968)","1/267",0.74007117960611,0.768535455744807,0,0,0.745576061365535,0.224425036623886,"CXXC4","GO_Biological_Process_2023","brown"
"Chemical Synaptic Transmission (GO:0007268)","1/273",0.747876031643983,0.775071523703764,0,0,0.728906714200832,0.211760555666502,"AKAP9","GO_Biological_Process_2023","brown"
"Negative Regulation Of Cellular Process (GO:0048523)","2/537",0.753558530795961,0.7793861417305,0,0,0.738699218004959,0.209013898749227,"NACC2;RB1CC1","GO_Biological_Process_2023","brown"
"Regulation Of DNA-templated Transcription (GO:0006355)","8/1922",0.756508387621509,0.780751665276122,0,0,0.817136886102403,0.228015231846558,"MECP2;HMBOX1;DR1;CBX5;ZNF706;NACC2;ZBTB41;TRIM44","GO_Biological_Process_2023","brown"
"Monoatomic Cation Transmembrane Transport (GO:0098655)","1/281",0.757922669215417,0.780751665276122,0,0,0.707792207792208,0.196181539398202,"KCNB1","GO_Biological_Process_2023","brown"
"Transmembrane Receptor Protein Tyrosine Kinase Signaling Pathway (GO:0007169)","1/284",0.761587090848477,0.781388355210538,0,0,0.700182032337509,0.190695098625878,"ZNF106","GO_Biological_Process_2023","brown"
"Inorganic Cation Transmembrane Transport (GO:0098662)","1/284",0.761587090848477,0.781388355210538,0,0,0.700182032337509,0.190695098625878,"KCNB1","GO_Biological_Process_2023","brown"
"Gene Expression (GO:0010467)","1/296",0.775703629009535,0.794283356650482,0,0,0.671289162814587,0.170497212295587,"MRPL42","GO_Biological_Process_2023","brown"
"Cellular Response To Cytokine Stimulus (GO:0071345)","1/308",0.788992179375311,0.806280852628554,0,0,0.644655019247853,0.152782511267399,"UBE2K","GO_Biological_Process_2023","brown"
"Supramolecular Fiber Organization (GO:0097435)","1/316",0.797415089775066,0.813268272474371,0,0,0.628026294692961,0.142172542660111,"TMOD2","GO_Biological_Process_2023","brown"
"Positive Regulation Of Cytokine Production (GO:0001819)","1/320",0.801500844431429,0.815813359510562,0,0,0.620024698394604,0.137192402084256,"XIAP","GO_Biological_Process_2023","brown"
"Cellular Response To Oxygen-Containing Compound (GO:1901701)","1/406",0.872038126427246,0.88585259179639,0,0,0.486220226960968,0.0665743106133628,"AKAP9","GO_Biological_Process_2023","brown"
"Regulation Of Transcription By RNA Polymerase II (GO:0006357)","7/2028",0.891884191722776,0.904222510580601,0,0,0.665873915287332,0.0761886173506679,"MECP2;HMBOX1;DR1;CBX5;NACC2;TRIM37;ZBTB41","GO_Biological_Process_2023","brown"
"Regulation Of Nucleic Acid-Templated Transcription (GO:1903506)","1/452",0.898901236208478,0.909539120660649,0,0,0.435597661761742,0.0464269179704126,"DR1","GO_Biological_Process_2023","brown"
"Positive Regulation Of Cell Population Proliferation (GO:0008284)","1/483",0.913772625636864,0.922766450692345,0,0,0.406932394484262,0.0366945210923637,"MECP2","GO_Biological_Process_2023","brown"
"Positive Regulation Of Intracellular Signal Transduction (GO:1902533)","1/525",0.930521628884651,0.937834176066456,0,0,0.373506052895366,0.0268961554811933,"TRIM44","GO_Biological_Process_2023","brown"
"Positive Regulation Of Nucleic Acid-Templated Transcription (GO:1903508)","1/557",0.941081646089334,0.946617420478095,0,0,0.351427948550251,0.0213405949881525,"TRIM44","GO_Biological_Process_2023","brown"
"Positive Regulation Of Cellular Process (GO:0048522)","1/594",0.951323714577086,0.955047095064667,0,0,0.328870492445535,0.0164109271371001,"MECP2","GO_Biological_Process_2023","brown"
"Positive Regulation Of DNA-templated Transcription (GO:0045893)","2/1243",0.987679591019632,0.989608652720842,0,0,0.306846026081666,0.0038039500619099,"DR1;TRIM44","GO_Biological_Process_2023","brown"
"Positive Regulation Of Transcription By RNA Polymerase II (GO:0045944)","1/938",0.991896648771657,0.991896648771657,0,0,0.204424177743281,0.00166326907709515,"DR1","GO_Biological_Process_2023","brown"
"One carbon pool by folate","2/20",0.00443449984753605,0.33702198841274,0,0,22.5419501133787,122.139959975335,"DHFR;MTHFD2","KEGG_2021_Human","brown"
"Ubiquitin mediated proteolysis","3/140",0.0331909659721763,0.697374541235789,0,0,4.46150951915118,15.193570503725,"XIAP;TRIM37;UBE2K","KEGG_2021_Human","brown"
"Thiamine metabolism","1/15",0.0724552331756038,0.697374541235789,0,0,14.3477633477633,37.6598138369901,"AK4","KEGG_2021_Human","brown"
"Morphine addiction","2/91",0.0761192182371278,0.697374541235789,0,0,4.54276542077505,11.6996856760182,"GRK3;KCNJ6","KEGG_2021_Human","brown"
"Mannose type O-glycan biosynthesis","1/23",0.108947297836033,0.697374541235789,0,0,9.1267217630854,20.2329475165344,"B4GALT2","KEGG_2021_Human","brown"
"Folate biosynthesis","1/26",0.122262247628669,0.697374541235789,0,0,8.03030303030303,16.8763802180029,"DHFR","KEGG_2021_Human","brown"
"Salmonella infection","3/249",0.128921631654778,0.697374541235789,0,0,2.47095800854916,5.06188242643064,"KIF5C;EXOC5;WASF3","KEGG_2021_Human","brown"
"Endocytosis","3/252",0.132287323844681,0.697374541235789,0,0,2.44081480561421,4.93722899556867,"GRK3;RABEP1;KIF5C","KEGG_2021_Human","brown"
"Dopaminergic synapse","2/132",0.141341709574619,0.697374541235789,0,0,3.10361067503925,6.07244658574773,"KCNJ6;KIF5C","KEGG_2021_Human","brown"
"Galactose metabolism","1/31",0.144017471501311,0.697374541235789,0,0,6.69023569023569,12.9644769200402,"B4GALT2","KEGG_2021_Human","brown"
"SNARE interactions in vesicular transport","1/33",0.152569319997184,0.697374541235789,0,0,6.27146464646465,11.7912078898077,"STX7","KEGG_2021_Human","brown"
"Various types of N-glycan biosynthesis","1/39",0.17772061456847,0.697374541235789,0,0,5.27963849016481,9.12080010262218,"B4GALT2","KEGG_2021_Human","brown"
"Ferroptosis","1/41",0.185939030336605,0.697374541235789,0,0,5.01515151515152,8.43717221072756,"PCBP2","KEGG_2021_Human","brown"
"Wnt signaling pathway","2/166",0.201606394935679,0.697374541235789,0,0,2.45594823295172,3.93304888123828,"APC2;CXXC4","KEGG_2021_Human","brown"
"Glycosphingolipid biosynthesis","1/45",0.202132677279174,0.697374541235789,0,0,4.55831037649219,7.28796784173202,"B4GALT2","KEGG_2021_Human","brown"
"Other types of O-glycan biosynthesis","1/47",0.210109494168341,0.697374541235789,0,0,4.3596837944664,6.80165814675797,"B4GALT2","KEGG_2021_Human","brown"
"N-Glycan biosynthesis","1/50",0.221926911560385,0.697374541235789,0,0,4.09214594928881,6.16034588762116,"B4GALT2","KEGG_2021_Human","brown"
"Glycosaminoglycan biosynthesis","1/53",0.233569272224541,0.697374541235789,0,0,3.85547785547786,5.60693113764998,"B4GALT2","KEGG_2021_Human","brown"
"Hedgehog signaling pathway","1/56",0.245039143568043,0.697374541235789,0,0,3.64462809917355,5.12557648253206,"GRK3","KEGG_2021_Human","brown"
"Endometrial cancer","1/58",0.252591147960672,0.697374541235789,0,0,3.5163919900762,4.83849599837867,"APC2","KEGG_2021_Human","brown"
"Focal adhesion","2/201",0.266080599970853,0.697374541235789,0,0,2.02040816326531,2.67493152775878,"XIAP;ARHGAP5","KEGG_2021_Human","brown"
"Basal cell carcinoma","1/63",0.271145528260931,0.697374541235789,0,0,3.23199739328772,4.21807849737542,"APC2","KEGG_2021_Human","brown"
"GnRH secretion","1/64",0.274801310842782,0.697374541235789,0,0,3.18053551386885,4.10831982313615,"KCNJ6","KEGG_2021_Human","brown"
"Alzheimer disease","3/369",0.280938993341445,0.697374541235789,0,0,1.65066756802434,2.09571682516889,"APC2;KIF5C;RB1CC1","KEGG_2021_Human","brown"
"RIG-I-like receptor signaling pathway","1/70",0.296357876203525,0.697374541235789,0,0,2.9030888596106,3.53070042231205,"SIKE1","KEGG_2021_Human","brown"
"Adherens junction","1/71",0.299888438313403,0.697374541235789,0,0,2.86147186147186,3.44619860155019,"WASF3","KEGG_2021_Human","brown"
"Non-small cell lung cancer","1/72",0.303401461859655,0.697374541235789,0,0,2.82102717313985,3.36463457832852,"KIF5C","KEGG_2021_Human","brown"
"RNA degradation","1/79",0.32750873980153,0.697374541235789,0,0,2.56695156695157,2.86533539771871,"DDX6","KEGG_2021_Human","brown"
"Colorectal cancer","1/86",0.350789788685405,0.697374541235789,0,0,2.35472370766488,2.46673350535558,"APC2","KEGG_2021_Human","brown"
"GABAergic synapse","1/89",0.360521436424534,0.697374541235789,0,0,2.27410468319559,2.32005037808893,"KCNJ6","KEGG_2021_Human","brown"
"Small cell lung cancer","1/92",0.370108643786799,0.697374541235789,0,0,2.1988011988012,2.18551754723327,"XIAP","KEGG_2021_Human","brown"
"Circadian entrainment","1/97",0.385772094842852,0.697374541235789,0,0,2.08375420875421,1.98479362024731,"KCNJ6","KEGG_2021_Human","brown"
"Fc gamma R-mediated phagocytosis","1/97",0.385772094842852,0.697374541235789,0,0,2.08375420875421,1.98479362024731,"WASF3","KEGG_2021_Human","brown"
"Choline metabolism in cancer","1/98",0.388858196397513,0.697374541235789,0,0,2.06216807247735,1.94780133547852,"WASF3","KEGG_2021_Human","brown"
"Longevity regulating pathway","1/102",0.401049842395342,0.697374541235789,0,0,1.98009800980098,1.80915528558786,"RB1CC1","KEGG_2021_Human","brown"
"NF-kappa B signaling pathway","1/104",0.407055058636552,0.697374541235789,0,0,1.94145336863783,1.74499153520703,"XIAP","KEGG_2021_Human","brown"
"Pathways of neurodegeneration","3/475",0.425156970698431,0.697374541235789,0,0,1.2730211427573,1.08881095483344,"APC2;KIF5C;RB1CC1","KEGG_2021_Human","brown"
"Toxoplasmosis","1/112",0.43048561638067,0.697374541235789,0,0,1.8008008008008,1.51778940882089,"XIAP","KEGG_2021_Human","brown"
"Serotonergic synapse","1/113",0.433349218837219,0.697374541235789,0,0,1.78463203463203,1.4923295915181,"KCNJ6","KEGG_2021_Human","brown"
"Cholinergic synapse","1/113",0.433349218837219,0.697374541235789,0,0,1.78463203463203,1.4923295915181,"KCNJ6","KEGG_2021_Human","brown"
"Leukocyte transendothelial migration","1/114",0.436198565833718,0.697374541235789,0,0,1.76874944131581,1.46745661650072,"ARHGAP5","KEGG_2021_Human","brown"
"Glutamatergic synapse","1/114",0.436198565833718,0.697374541235789,0,0,1.76874944131581,1.46745661650072,"GRK3","KEGG_2021_Human","brown"
"Huntington disease","2/306",0.453948032742103,0.697374541235789,0,0,1.31552094522019,1.03896233519237,"KIF5C;RB1CC1","KEGG_2021_Human","brown"
"Oocyte meiosis","1/129",0.477275091201804,0.697374541235789,0,0,1.5602904040404,1.15408790031601,"SLK","KEGG_2021_Human","brown"
"Purine metabolism","1/129",0.477275091201804,0.697374541235789,0,0,1.5602904040404,1.15408790031601,"AK4","KEGG_2021_Human","brown"
"Insulin signaling pathway","1/137",0.497956392525298,0.697374541235789,0,0,1.46791443850267,1.02349273069514,"PRKAR2A","KEGG_2021_Human","brown"
"Autophagy","1/137",0.497956392525298,0.697374541235789,0,0,1.46791443850267,1.02349273069514,"RB1CC1","KEGG_2021_Human","brown"
"Estrogen signaling pathway","1/137",0.497956392525298,0.697374541235789,0,0,1.46791443850267,1.02349273069514,"KCNJ6","KEGG_2021_Human","brown"
"Apoptosis","1/142",0.510468659235617,0.697374541235789,0,0,1.41550254316212,0.951820763413215,"XIAP","KEGG_2021_Human","brown"
"Signaling pathways regulating pluripotency of stem cells","1/143",0.512933812590885,0.697374541235789,0,0,1.40546308151942,0.938299046849509,"APC2","KEGG_2021_Human","brown"
"Spinocerebellar ataxia","1/143",0.512933812590885,0.697374541235789,0,0,1.40546308151942,0.938299046849509,"RB1CC1","KEGG_2021_Human","brown"
"Breast cancer","1/147",0.522672127159014,0.697374541235789,0,0,1.36668050366681,0.886703567337748,"APC2","KEGG_2021_Human","brown"
"Cell adhesion molecules","1/148",0.525076432202193,0.697374541235789,0,0,1.35731464302893,0.874397623216168,"LRRC4B","KEGG_2021_Human","brown"
"Retrograde endocannabinoid signaling","1/148",0.525076432202193,0.697374541235789,0,0,1.35731464302893,0.874397623216168,"KCNJ6","KEGG_2021_Human","brown"
"Gastric cancer","1/149",0.527468747150282,0.697374541235789,0,0,1.34807534807535,0.862317510620557,"APC2","KEGG_2021_Human","brown"
"Phagosome","1/152",0.534574342306715,0.697374541235789,0,0,1.32109171182019,0.827379223374853,"STX7","KEGG_2021_Human","brown"
"Oxytocin signaling pathway","1/154",0.539252532966754,0.697374541235789,0,0,1.30369049976893,0.805121832204194,"KCNJ6","KEGG_2021_Human","brown"
"Cushing syndrome","1/155",0.54157414062889,0.697374541235789,0,0,1.29515938606848,0.794289267227046,"APC2","KEGG_2021_Human","brown"
"Amyotrophic lateral sclerosis","2/364",0.545905957552914,0.697374541235789,0,0,1.10147705491036,0.666733486661128,"KIF5C;RB1CC1","KEGG_2021_Human","brown"
"Necroptosis","1/159",0.550745324592532,0.697374541235789,0,0,1.26211481907684,0.75282975911799,"XIAP","KEGG_2021_Human","brown"
"Hippo signaling pathway","1/163",0.559734829149778,0.697374541235789,0,0,1.23070208255393,0.714166728910465,"APC2","KEGG_2021_Human","brown"
"Hepatocellular carcinoma","1/168",0.570721645453221,0.699594275071691,0,0,1.19355228936067,0.669408186906394,"APC2","KEGG_2021_Human","brown"
"NOD-like receptor signaling pathway","1/181",0.598033254092167,0.721436941444519,0,0,1.10662177328844,0.568924122199385,"XIAP","KEGG_2021_Human","brown"
"Transcriptional misregulation in cancer","1/192",0.619794203522166,0.724643860999007,0,0,1.04230789571104,0.498606520241977,"NFKBIZ","KEGG_2021_Human","brown"
"Chemokine signaling pathway","1/192",0.619794203522166,0.724643860999007,0,0,1.04230789571104,0.498606520241977,"GRK3","KEGG_2021_Human","brown"
"Pathogenic Escherichia coli infection","1/197",0.62929598455177,0.724643860999007,0,0,1.01546072974644,0.470314261452597,"WASF3","KEGG_2021_Human","brown"
"Regulation of actin cytoskeleton","1/218",0.666701897316833,0.747020480785969,0,0,0.916212819438626,0.371443913003097,"APC2","KEGG_2021_Human","brown"
"Human T-cell leukemia virus 1 infection","1/219",0.668386745966393,0.747020480785969,0,0,0.911963673431563,0.367419504949688,"XIAP","KEGG_2021_Human","brown"
"Chemical carcinogenesis","1/239",0.700367283968666,0.771419037414762,0,0,0.834479246243952,0.297200109127968,"XIAP","KEGG_2021_Human","brown"
"Parkinson disease","1/249",0.715192674376682,0.776494903608969,0,0,0.800423590746171,0.268304627364853,"KIF5C","KEGG_2021_Human","brown"
"Prion disease","1/273",0.747876031643983,0.789522572397733,0,0,0.728906714200832,0.211760555666502,"KIF5C","KEGG_2021_Human","brown"
"Pathways in cancer","2/531",0.747968752797853,0.789522572397733,0,0,0.747309131592145,0.217014144915476,"APC2;XIAP","KEGG_2021_Human","brown"
"MAPK signaling pathway","1/294",0.773409712864383,0.805193673667028,0,0,0.675940290274761,0.173680384477407,"TAOK1","KEGG_2021_Human","brown"
"MicroRNAs in cancer","1/310",0.791129857891819,0.812511745942949,0,0,0.640417116145272,0.150045346926481,"APC2","KEGG_2021_Human","brown"
"Human papillomavirus infection","1/331",0.812320779437656,0.823151723163492,0,0,0.599020508111417,0.12451238380496,"APC2","KEGG_2021_Human","brown"
"Olfactory transduction","1/440",0.892485986178482,0.892485986178482,0,0,0.447780768965279,0.0509325849939241,"GRK3","KEGG_2021_Human","brown"
